data,estudio,email,assunto,status
2026-07-11,Pipeline Studios (pré),production@pipelinestudios.com,Vini Cavalcanti - Senior 3D Artist (pré-campanha),enviado (pré-campanha; sem resposta)
2026-07-11,Jam Filled (pré),contact@jamfilled.com,Vini Cavalcanti - Senior 3D Artist (pré-campanha),enviado (pré-campanha; sem resposta)
2026-07-11,The Wingfeather Saga,keith@wingfeathersaga.com,Vini Cavalcanti - Senior 3D Artist (pré-campanha),recusado (Keith Lango: time de asset completo; avisam se abrir necessidade)
2026-07-12,Sony Pictures Imageworks,recruiting@imageworks.com,Vini Cavalcanti - Senior 3D Artist (pré-campanha),respondeu (Margot Ingrassia encaminhou ao recrutamento de modelagem; Vini decidiu não insistir)
2026-07-14,Artists Animation,info@artistsanimation.com,Vini Cavalcanti - Senior 3D Artist (pré-campanha),enviado (pré-campanha; sem resposta)
2026-07-14,Tonic DNA,hr@tonicdna.com,Vini Cavalcanti - Senior 3D Artist (pré-campanha),enviado (pré-campanha; sem resposta; 2ª via preparada em 30/08)
2026-07-14,Theory Studios,hi@theorystudios.com,Vini Cavalcanti - Senior 3D Artist (pré-campanha),recusado (só contratam cidadãos americanos por causa de trabalho para o governo; não reenviar)
2026-07-14,Savian,hello@savian.ca,Vini Cavalcanti - Senior 3D Artist (pré-campanha),enviado (pré-campanha; sem resposta)
2026-07-14,Digital Dimension (pré),info@digitaldimension.com,Vini Cavalcanti - Senior 3D Artist (pré-campanha),enviado (pré-campanha; sem resposta)
2026-07-14,Squeeze Studio,svigne@squeezestudio.com,Vini Cavalcanti - Senior 3D Artist (pré-campanha),recusado (Sophie Vigne; motivo real na versão em francês: prazo de permissão de trabalho longo demais; guardam o perfil)
2026-08-04,Paramount Animation,animation_jobs@paramount.com,Vini Cavalcanti - Senior 3D Artist (pré-campanha),enviado (pré-campanha; sem resposta; 2ª via preparada em 30/08)
2026-08-04,Baobab Studios (email),info@baobabstudios.com,Vini Cavalcanti - Senior 3D Artist (pré-campanha),enviado (pré-campanha; sem resposta; também está em PORTAIS)
2026-08-04,Superseed Studios,contact@superseedstudios.com,Vini Cavalcanti - Senior 3D Artist (pré-campanha),enviado (pré-campanha; sem resposta)
2026-08-04,Keytoon Animation,info@keytoon.com,Vini Cavalcanti - Senior 3D Artist (pré-campanha),enviado (pré-campanha; sem resposta; 2ª via preparada em 30/08)
2026-08-04,The Frank Barton Company,jobs@thefrankbartoncompany.com,Vini Cavalcanti - Senior 3D Artist (pré-campanha),enviado (pré-campanha; sem resposta)
2026-08-04,Animal Studios,rrhh@animalstudios.es,Vini Cavalcanti - Senior 3D Artist (pré-campanha),enviado (pré-campanha; sem resposta)
2026-08-04,23 Lunes,jobs@23lunes.studio,Vini Cavalcanti - Senior 3D Artist (pré-campanha),enviado (pré-campanha; sem resposta)
2026-08-04,THE LINE Studio,info@thelinestudio.com,Vini Cavalcanti - Senior 3D Artist (pré-campanha),enviado (pré-campanha; sem resposta; 2ª via preparada em 30/08)
2026-08-04,Ritzy Animation,info@ritzyanimation.com,Vini Cavalcanti - Senior 3D Artist (pré-campanha),enviado (pré-campanha; sem resposta)
2026-08-26,TESTE (validação),contact@vinicavalcanti.art,Character Modeler application · Wingfeather Saga credit · stylized + grooming,enviado
2026-08-26,Digic Pictures,contact@digicpictures.com,Character Modeler application · Wingfeather Saga credit · stylized + grooming,enviado; follow-up enviado na thread em 02/09
2026-08-26,Airship Interactive,talent@airshipinteractive.com,Senior Character Artist · Wingfeather Saga credit · stylized + grooming,enviado; follow-up enviado na thread em 02/09
2026-08-26,Puppetworks,info@puppetworks.eu,Senior Character Artist · Wingfeather Saga credit · stylized + grooming,enviado; follow-up enviado na thread em 02/09
2026-08-26,Airborn Studios,jobs@airborn-studios.com,Senior Character Artist · Wingfeather Saga credit · stylized + grooming,bounce (Address not found; alternativa verificada: contact@airborn-studios.com)
2026-08-26,Ember Lab,contact@emberlab.com,Senior Character Artist · Wingfeather Saga credit · stylized + grooming,enviado; follow-up enviado na thread em 02/09
2026-08-26,The Sequence Group,jobs@thesequencegroup.com,Senior Character Artist · Wingfeather Saga credit · stylized + grooming,enviado; follow-up enviado na thread em 02/09
2026-08-26,Steamroller Studios,contact@steamrollerstudios.com,Senior Character Artist · Wingfeather Saga credit · stylized + grooming,enviado; follow-up enviado na thread em 02/09
2026-08-26,Woodblock,work@woodblock.tv,Senior Character Artist · Wingfeather Saga credit · stylized + grooming,enviado; follow-up enviado na thread em 02/09
2026-08-26,Kevuru Games,career@kevurugames.com,Senior Character Artist · Wingfeather Saga credit · stylized + grooming,enviado; follow-up enviado na thread em 02/09
2026-08-26,VSQUAD,info@vsquad.art,Senior Character Artist · Wingfeather Saga credit · stylized + grooming,bounce (Address not found; alternativa verificada: head@vsquad.art)
2026-08-26,RetroStyle Games,job@retrostylegames.com,Senior Character Artist · Wingfeather Saga credit · stylized + grooming,enviado; follow-up enviado na thread em 02/09
2026-08-26,RocketBrush Studio,hr@rocketbrush.com,Senior Character Artist · Wingfeather Saga credit · stylized + grooming,enviado; follow-up enviado na thread em 02/09
2026-08-26,SunStrike Studios,job@sunstrikestudios.com,Senior Character Artist · Wingfeather Saga credit · stylized + grooming,recusado (respondido; simpáticos e abertos a colaboração futura)
2026-08-26,Art Bully Productions,contact@artbullyproductions.com,Senior Character Artist · Wingfeather Saga credit · stylized + grooming,enviado; follow-up enviado na thread em 02/09
2026-08-26,10th Ave Productions,talent@10ave.com,Senior Character Artist · Wingfeather Saga credit · stylized + grooming,enviado; follow-up enviado na thread em 02/09
2026-08-26,Industrial Brothers,jobs@industrialbrothers.com,Senior Character Artist · Wingfeather Saga credit · stylized + grooming,bounce (Address not found; alternativa verificada: info@industrialbrothers.com)
2026-08-26,Digital Dimension (Saturday),info@digitaldimension.com,Senior Character Artist · Wingfeather Saga credit · stylized + grooming,enviado; follow-up enviado na thread em 02/09
2026-08-26,Kickstart Entertainment,careers@kickstartent.com,Senior Character Artist · Wingfeather Saga credit · stylized + grooming,bounce (careers@ encaminha para pmcewin@kickstartent.com que está inativo; alternativa verificada: info@kickstartent.com)
2026-08-26,Blue Spirit,contact.france@spirit-prod.com,Senior Character Artist · Wingfeather Saga credit · stylized + grooming,enviado; follow-up enviado na thread em 02/09
2026-08-26,Miam! Animation,jobs@miam-animation.com,Senior Character Artist · Wingfeather Saga credit · stylized + grooming,enviado (auto-resposta: pedem candidatura via formulário Google) (formulário Google aplicado em 29/08)
2026-08-26,Able & Baker,contact@ableandbakerstudios.com,Senior Character Artist · Wingfeather Saga credit · stylized + grooming,enviado; follow-up enviado na thread em 02/09
2026-08-26,B-Water Animation Studios,ag@b-waterstudios.com,Senior Character Artist · Wingfeather Saga credit · stylized + grooming,recusado (resposta calorosa da Operations; sem vaga de Character Artist agora; mantêm perfil em mente; respondido com aprovação do Vini)
2026-08-26,Studio Soi,work@studiosoi.de,Senior Character Artist · Wingfeather Saga credit · stylized + grooming,recusado (Torben guarda contato para remoto; projeto 2027 exige presença na Alemanha por film funding; visto é o gargalo; relação aberta)
2026-08-26,Telescope Animation,apply@telescopeanimation.com,Senior Character Artist · Wingfeather Saga credit · stylized + grooming,enviado (auto-resposta: sem vagas abertas no momento)
2026-08-26,Cyborn,jobs@cyborn.be,Senior Character Artist · Wingfeather Saga credit · stylized + grooming,enviado; follow-up enviado na thread em 02/09
2026-08-26,Walking The Dog,hr@walkingthedog.be,Senior Character Artist · Wingfeather Saga credit · stylized + grooming,enviado (auto-resposta recebida)
2026-08-26,A. Film Production,info@afilm.dk,Senior Character Artist · Wingfeather Saga credit · stylized + grooming,enviado; follow-up enviado na thread em 02/09
2026-08-26,Rainbow CGI,info@rbw-cgi.it,Senior Character Artist · Wingfeather Saga credit · stylized + grooming,enviado; follow-up enviado na thread em 02/09
2026-08-26,Kickstart Entertainment (reenvio),info@kickstartent.com,Senior Character Artist · Wingfeather Saga credit · stylized + grooming,enviado
2026-08-26,Airborn Studios (reenvio),contact@airborn-studios.com,Senior Character Artist · Wingfeather Saga credit · stylized + grooming,enviado
2026-08-26,VSQUAD (reenvio),head@vsquad.art,Senior Character Artist · Wingfeather Saga credit · stylized + grooming,enviado
2026-08-26,Industrial Brothers (reenvio),info@industrialbrothers.com,Senior Character Artist · Wingfeather Saga credit · stylized + grooming,recusado (respondido)
2026-08-26,Amber,recruitment_ro@amberstudio.com,Senior Character Artist · Wingfeather Saga credit · stylized + grooming,enviado; follow-up enviado na thread em 02/09
2026-08-26,Anima Kitchent,info@animakitchent.com,Senior Character Artist · Wingfeather Saga credit · stylized + grooming,recusado (respondido; RH pede candidatura via questionário no LinkedIn; RH ativa e receptiva)
2026-08-26,Artists Animation Studio,info@artistsanimation.com,Senior Character Artist · Wingfeather Saga credit · stylized + grooming,enviado
2026-08-26,Blow Studio,jobs@blowstudio.es,Senior Character Artist · Wingfeather Saga credit · stylized + grooming,enviado; follow-up enviado na thread em 02/09
2026-08-26,Cartoon Saloon,jobs@cartoonsaloon.ie,Senior Character Artist · Wingfeather Saga credit · stylized + grooming,enviado (auto-resposta: aplicação deve ser feita pelo site)
2026-08-26,Copernicus Studios,info@copernicus.ca,Senior Character Artist · Wingfeather Saga credit · stylized + grooming,enviado; follow-up enviado na thread em 02/09
2026-08-26,elite3d,info@elite3d.com,Senior Character Artist · Wingfeather Saga credit · stylized + grooming,bounce (DNS morto; elite3d virou 31st Union Valencia após compra pela 2K em 2021; aplicar via portal da 2K/31st Union)
2026-08-26,Elliott Animation,info@elliottanimation.com,Senior Character Artist · Wingfeather Saga credit · stylized + grooming,enviado; follow-up enviado na thread em 02/09
2026-08-26,Flight School Studio,info@flightschoolstudio.com,Senior Character Artist · Wingfeather Saga credit · stylized + grooming,enviado; follow-up enviado na thread em 02/09
2026-08-26,Flipbook Studio,jobs@flipbookstudio.co.uk,Senior Character Artist · Wingfeather Saga credit · stylized + grooming,enviado; follow-up enviado na thread em 02/09
2026-08-26,Game-Ace,contact@game-ace.com,Senior Character Artist · Wingfeather Saga credit · stylized + grooming,enviado; follow-up enviado na thread em 02/09
2026-08-26,GO-N Productions,contact@go-n.fr,Senior Character Artist · Wingfeather Saga credit · stylized + grooming,enviado; follow-up enviado na thread em 02/09
2026-08-26,Goodbye Kansas Studios,hello@goodbyekansas.com,Groom Artist · Wingfeather Saga credit · stylized + grooming,enviado; follow-up enviado na thread em 02/09
2026-08-26,Hampa Studio,admin@hampastudio.com,Senior Character Artist · Wingfeather Saga credit · stylized + grooming,enviado; follow-up enviado na thread em 02/09
2026-08-26,Kavaleer Productions,jobs@kavaleer.com,Senior Character Artist · Wingfeather Saga credit · stylized + grooming,enviado; follow-up enviado na thread em 02/09
2026-08-26,Meduzarts,info@meduzarts.com,Senior Character Artist · Wingfeather Saga credit · stylized + grooming,bounce (Address not found; sem email alternativo verificado — usar formulário do site/LinkedIn)
2026-08-26,Moonmana,careers@moonmana.com,Senior Character Artist · Wingfeather Saga credit · stylized + grooming,enviado; follow-up enviado na thread em 02/09
2026-08-26,Nuare Studio,contact@nuarestudio.com,Senior Character Artist · Wingfeather Saga credit · stylized + grooming,respondeu (Michael pede portfólio/reel anexados e faixa de valores para os produtores; VINI RESPONDE PESSOALMENTE)
2026-08-26,Piranha Bar,info@piranhabar.ie,Senior Character Artist · Wingfeather Saga credit · stylized + grooming,enviado; follow-up enviado na thread em 02/09
2026-08-26,Polydin Studio,info@polydin.com,Senior Character Artist · Wingfeather Saga credit · stylized + grooming,enviado
2026-08-26,Sperasoft,jobs@sperasoft.com,Senior Character Artist · Wingfeather Saga credit · stylized + grooming,recusado (respondido; recruiter sugere acompanhar vagas no site)
2026-08-26,Studio AKA,hello@studioaka.co.uk,Senior Character Artist · Wingfeather Saga credit · stylized + grooming,enviado; follow-up enviado na thread em 02/09
2026-08-26,Sun Creature,contact@suncreature.com,Senior Character Artist · Wingfeather Saga credit · stylized + grooming,enviado (2ª via para jobs@suncreature.com preparada em 02/09)
2026-08-26,TrailerFarm,info@thetrailerfarm.com,Senior Character Artist · Wingfeather Saga credit · stylized + grooming,enviado; follow-up enviado na thread em 02/09
2026-08-26,Unit Image,contact@unit-image.fr,Groom Artist · Wingfeather Saga credit · stylized + grooming,enviado; follow-up enviado na thread em 02/09
2026-08-26,Waterproof Studios,info@waterproofstudios.com,Senior Character Artist · Wingfeather Saga credit · stylized + grooming,enviado (2ª via para jobs@waterproofstudios.com preparada em 02/09)
2026-08-26,Mathematic,contact@mathematicfilm.com,Senior Character Artist · Wingfeather Saga credit · stylized + grooming,enviado; follow-up enviado na thread em 02/09
2026-08-26,iLogos Game Studios,bizdev@ilogos.biz,Senior Character Artist · Wingfeather Saga credit · stylized + grooming,enviado; follow-up enviado na thread em 02/09
2026-08-26,Mighty Animation,info@mightyanimation.com,Senior Character Artist · Wingfeather Saga credit · stylized + grooming,enviado; follow-up enviado na thread em 02/09
2026-08-26,The Line,entertainment@thelinestudio.com,Senior Character Artist · Wingfeather Saga credit · stylized + grooming,enviado; follow-up enviado na thread em 02/09
2026-08-26,Untold Studios,hello@untoldstudios.tv,Senior Character Artist · Wingfeather Saga credit · stylized + grooming,enviado; follow-up enviado na thread em 02/09
2026-08-26,Nexus Studios,jobs@nexusstudios.com,Senior Character Artist · Wingfeather Saga credit · stylized + grooming,enviado (auto-resposta: em análise; sugerem também formulário de freelance)
2026-08-26,Lemon Sky Studios,inquiries@lemonskystudios.com,Senior Character Artist · Wingfeather Saga credit · stylized + grooming,enviado
2026-08-26,Passion Republic,team@passionrepublic.com,Senior Character Artist · Wingfeather Saga credit · stylized + grooming,recusado (respondido; RH pediu re-submissão via formulário noteforms; ver PORTAIS)
2026-08-26,Juice,info@juice.pl,Senior Character Artist · Wingfeather Saga credit · stylized + grooming,enviado; follow-up enviado na thread em 02/09
2026-08-26,Platige Image,info@platige.com,Senior Character Artist · Wingfeather Saga credit · stylized + grooming,enviado; follow-up enviado na thread em 02/09
2026-08-26,3Doubles Producciones,info@3doubles.com,Senior Character Artist · Wingfeather Saga credit · stylized + grooming,enviado; follow-up enviado na thread em 02/09
2026-08-26,Karrot Animation,hello@karrotanimation.com,Senior Character Artist · Wingfeather Saga credit · stylized + grooming,enviado; follow-up enviado na thread em 02/09
2026-08-26,TeamTO,info@teamto.com,Senior Character Artist · Wingfeather Saga credit · stylized + grooming,enviado; follow-up enviado na thread em 02/09
2026-08-26,Flying Bark Productions,enquiries@flyingbark.com.au,Senior Character Artist · Wingfeather Saga credit · stylized + grooming,enviado; follow-up enviado na thread em 02/09; RESPOSTA POSITIVA em 03/09 (portfolio encaminhado ao time de recrutamento)
2026-08-26,Squeeze Animation Studios,info@squeezestudio.com,Senior Character Artist · Wingfeather Saga credit · stylized + grooming,enviado
2026-08-26,Giant Animation,hello@giant.ie,Senior Character Artist · Wingfeather Saga credit · stylized + grooming,enviado; follow-up enviado na thread em 02/09
2026-08-26,Blue Zoo Animation,recruitment@blue-zoo.co.uk,Senior Character Artist · Wingfeather Saga credit · stylized + grooming,enviado (pediram perfil e aplicação via careers.blue-zoo.co.uk; ver PORTAIS)
2026-08-26,Guru Studio,info@gurustudio.com,Senior Character Artist · Wingfeather Saga credit · stylized + grooming,bounce (info@ é Google Group fechado; sem email alternativo público; aplicar via General Application em gurustudio.com/careers)
2026-08-26,Jam Filled Entertainment,contact@jamfilled.com,Senior Character Artist · Wingfeather Saga credit · stylized + grooming,enviado; follow-up enviado na thread em 02/09
2026-08-26,House of Cool,info@houseofcool.com,Senior Character Artist · Wingfeather Saga credit · stylized + grooming,enviado; follow-up enviado na thread em 02/09
2026-08-26,Atomic Cartoons,hr@atomiccartoons.com,Senior Character Artist · Wingfeather Saga credit · stylized + grooming,enviado; follow-up enviado na thread em 02/09
2026-08-26,Omens Studios,careers@omens-studios.com,Senior Character Artist · Wingfeather Saga credit · stylized + grooming,enviado; follow-up enviado na thread em 02/09
2026-08-26,One Animation,info@oneanimation.com,Senior Character Artist · Wingfeather Saga credit · stylized + grooming,enviado; follow-up enviado na thread em 02/09
2026-08-26,Anima Vitae,info@anima.fi,Senior Character Artist · Wingfeather Saga credit · stylized + grooming,enviado; follow-up enviado na thread em 02/09
2026-08-26,Qvisten Animation,hedda.toftner@qvisten.no,Senior Character Artist · Wingfeather Saga credit · stylized + grooming,enviado; follow-up enviado na thread em 02/09
2026-08-26,Estúdio Pé Grande,hello@estudiopegrande.com.br,Senior Character Artist 3D · crédito em Wingfeather Saga · stylized + grooming,estudio fechado (encerrado em agosto/2026; confirmado por ex-integrante em 01/09)
2026-08-26,Golden Wolf,hello@goldenwolf.tv,Senior Character Artist · Wingfeather Saga credit · stylized + grooming,enviado; follow-up enviado na thread em 02/09
2026-08-26,Pipeline Studios,info@pipelinestudios.com,Senior Character Artist · Wingfeather Saga credit · stylized + grooming,enviado; follow-up enviado na thread em 02/09
2026-08-26,Cyber Group Studios,info@cybergroupstudios.com,Senior Character Artist · Wingfeather Saga credit · stylized + grooming,bounce (estúdio liquidado pela justiça em abril/2025; caixa morta; descartar)
2026-08-26,TAT Productions,contact@tatprod.com,Senior Character Artist · Wingfeather Saga credit · stylized + grooming,enviado (pediram candidatura via portal werecruit; ver PORTAIS)
2026-08-26,Submarine,studiotalent@submarine.nl,Senior Character Artist · Wingfeather Saga credit · stylized + grooming,recusado (respondido; vagas exigem residência NL/BE)
2026-08-26,Creative Conspiracy,info@cc.be,Senior Character Artist · Wingfeather Saga credit · stylized + grooming,enviado; follow-up enviado na thread em 02/09
2026-08-26,Circus,contact@circus.fr,Senior Character Artist · Wingfeather Saga credit · stylized + grooming,enviado; follow-up enviado na thread em 02/09
2026-08-26,CraveFX,hello@cravefx.com,Senior Character Artist · Wingfeather Saga credit · stylized + grooming,enviado (RH pediu aplicação via careers.cravefx.com; ver PORTAIS)
2026-08-27,Tiny Island Productions,contact@tinyisland.net,Senior Character Artist · Wingfeather Saga credit · stylized + grooming,enviado; follow-up enviado na thread em 02/09
2026-08-27,Polygon Pictures,jobs@ppi.co.jp,Senior Character Artist · Wingfeather Saga credit · stylized + grooming,enviado (RH respondeu pedindo formulário oficial com demo reel; ver PORTAIS)
2026-08-27,Brown Bag Films,info@brownbagfilms.com,Senior Character Artist · Wingfeather Saga credit · stylized + grooming,enviado; follow-up enviado na thread em 02/09
2026-08-27,Studio Isar Animation,info@isaranimation.com,Senior Character Artist · Wingfeather Saga credit · stylized + grooming,enviado; follow-up enviado na thread em 02/09
2026-08-27,Tonko House,info@tonkohouse.com,Senior Character Artist · Wingfeather Saga credit · stylized + grooming,enviado; follow-up enviado na thread em 02/09
2026-08-27,Chromosphere,info@chromosphere-la.com,Senior Character Artist · Wingfeather Saga credit · stylized + grooming,enviado; follow-up enviado na thread em 02/09
2026-08-27,HouseSpecial,hello@housespecial.com,Senior Character Artist · Wingfeather Saga credit · stylized + grooming,enviado; follow-up enviado na thread em 02/09
2026-08-27,Passion Pictures,reception@passion-pictures.com,Senior Character Artist · Wingfeather Saga credit · stylized + grooming,enviado; follow-up enviado na thread em 02/09
2026-08-27,Lightbox Animation Studios,lightbox@lbox.es,Senior Character Artist · Wingfeather Saga credit · stylized + grooming,enviado; follow-up enviado na thread em 02/09
2026-08-27,Virtuos,info@virtuosgames.com,Senior Character Artist · Wingfeather Saga credit · stylized + grooming,enviado; follow-up enviado na thread em 02/09
2026-08-27,Starloop Studios,hello@starloopstudios.com,Senior Character Artist · Wingfeather Saga credit · stylized + grooming,enviado; follow-up enviado na thread em 02/09
2026-08-27,House of Secrets,info@houseofsecrets.nl,Senior Character Artist · Wingfeather Saga credit · stylized + grooming,enviado; follow-up enviado na thread em 02/09
2026-08-27,Reel FX,info@reelfx.com,Senior Character Artist · Wingfeather Saga credit · stylized + grooming,enviado; follow-up enviado na thread em 02/09
2026-08-27,Locksmith Animation,careers@locksmithanimation.com,Senior Character Artist · Wingfeather Saga credit · stylized + grooming,enviado (auto-reply: caixa não monitorada para especulativos; acompanhar vagas no site)
2026-08-27,Cube Creative,production@cube-creative.com,Senior Character Artist · Wingfeather Saga credit · stylized + grooming,enviado; follow-up enviado na thread em 02/09
2026-08-27,Red Knuckles,eps@redknuckles.co.uk,Senior Character Artist · Wingfeather Saga credit · stylized + grooming,enviado; follow-up enviado na thread em 02/09
2026-08-27,Gigglebug Entertainment,-,"Teamtailor gigglebug - Open application - ENVIO EXISTE, registro faltava: recibo de Sanni Vainio em 27/08, ""Thank you for your Open application! We have now saved your details for future use."" (linha reconstruida em 11/09 pela reconciliacao contra os recibos da caixa de entrada, que e a fonte de verdade; o registro faltava, o envio nao)",portal-enviado
2026-08-28,PFX,info@pfx.tv,Senior Character Artist · Wingfeather Saga credit · stylized + grooming,enviado
2026-08-28,Shirogumi,info@shirogumi.co.jp,Senior Character Artist · Wingfeather Saga credit · stylized + grooming,enviado
2026-08-28,Cheeky Little Media,contact@cheekylittle.com.au,Senior Character Artist · Wingfeather Saga credit · stylized + grooming,enviado
2026-08-28,nWave Studios,edillens@nwave.com,Senior Character Artist · Wingfeather Saga credit · stylized + grooming,bounce (endereço não existe; candidatura espontânea via nwave.com/jobs; ver PORTAIS)
2026-08-28,Fabrique d'Images,c.parisse@fabrique-d-images.com,Senior Character Artist · Wingfeather Saga credit · stylized + grooming,enviado
2026-08-28,MIAM! animation,francois@miam-animation.com,Senior Character Artist · Wingfeather Saga credit · stylized + grooming,enviado
2026-08-28,Plastic Wax,recruitment@plasticwax.com,Senior Character Artist · Wingfeather Saga credit · stylized + grooming,enviado (auto-reply pediu dados; Vini respondeu na thread em 29/08 com visto/salário/disponibilidade/início/localização)
2026-08-28,La Station Animation,franck@lastationanimation.com,Senior Character Artist · Wingfeather Saga credit · stylized + grooming,enviado
2026-08-28,Mac Guff,recrutement@macguff.fr,Senior Character Artist · Wingfeather Saga credit · stylized + grooming,enviado (auto-reply confirmou recebimento da candidatura)
2026-08-28,Akkord Film,bewerbung@akkord.film,Senior Character Artist · Wingfeather Saga credit · stylized + grooming,recusado (respondido)
2026-08-28,Dexter Studios,dexterstudios@dexterstudios.com,Senior Character Artist · Wingfeather Saga credit · stylized + grooming,enviado
2026-08-28,DreamWall,info@dreamwall.be,Senior Character Artist · Wingfeather Saga credit · stylized + grooming,enviado (auto-reply: recrutamento só via Talentsquare; candidatura espontânea enviada pelo portal em 30/08)
2026-08-28,IBRIDO Studio,info@ibridostudio.com,Senior Character Artist · Wingfeather Saga credit · stylized + grooming,enviado
2026-08-28,Studio 100 Animation,info@studio100animation.com,Senior Character Artist · Wingfeather Saga credit · stylized + grooming,bounce (endereço não existe; vagas via grupo Studio 100; ver PORTAIS)
2026-08-28,MOFAC,contact@mofac.com,Senior Character Artist · Wingfeather Saga credit · stylized + grooming,bounce (falha definitiva em 31/08 apos 3 dias de tentativas)
2026-08-28,Moon Studios,jobs@moongamestudios.com,Senior Character Artist · Wingfeather Saga credit · stylized + grooming,enviado
2026-08-28,QLOC,contact@q-loc.com,Senior Character Artist · Wingfeather Saga credit · stylized + grooming,enviado
2026-08-28,Ars Thanea,warsaw@arsthanea.com,Senior Character Artist · Wingfeather Saga credit · stylized + grooming,enviado
2026-08-28,Polyarc,contact@polyarcgames.com,Senior Character Artist · Wingfeather Saga credit · stylized + grooming,enviado (2ª via preparada em 30/08 para jobs@polyarcgames.com)
2026-08-28,Gimpville,oslo@gimpville.no,Senior Character Artist · Wingfeather Saga credit · stylized + grooming,enviado
2026-08-28,Keos Masons,info@keosmasons.com,Senior Character Artist · Wingfeather Saga credit · stylized + grooming,enviado
2026-08-28,Watch Next Media,contact@watchnextmedia.com,Senior Character Artist · Wingfeather Saga credit · stylized + grooming,enviado
2026-08-28,Maga Animation Studio,contact@maga-animation.com,Senior Character Artist · Wingfeather Saga credit · stylized + grooming,enviado
2026-08-29,Illogic,info@illogic.xyz,Senior Character Artist · Wingfeather Saga credit · stylized + grooming,enviado
2026-08-29,Stairway Games,careers@stairwaygames.com,Senior Character Artist · Wingfeather Saga credit · stylized + grooming,enviado
2026-08-30,Studio Rakete,jobs2026@studiorakete.de,Senior Character Artist · Wingfeather Saga credit · stylized + grooming,enviado
2026-08-30,Paramount Animation (2ª via),animation_jobs@paramount.com,Senior Character Artist · Wingfeather Saga credit · stylized + grooming,enviado
2026-08-30,Keytoon Animation (2ª via),info@keytoon.com,Senior Character Artist · Wingfeather Saga credit · stylized + grooming,enviado
2026-08-30,Tonic DNA (2ª via),hr@tonicdna.com,Senior Character Artist · Wingfeather Saga credit · stylized + grooming,enviado
2026-08-30,THE LINE Studio (2ª via),info@thelinestudio.com,Senior Character Artist · Wingfeather Saga credit · stylized + grooming,enviado
2026-08-30,Black Kite Studios,-,"Teamtailor blackkitestudios - ENVIO EXISTE, registro faltava: recibo de Angus Edhouse em 30/08, assunto ""We have received your application to Black Kite Studios"". (linha reconstruida em 11/09 pela reconciliacao contra os recibos da caixa de entrada, que e a fonte de verdade; o registro faltava, o envio nao)",portal-enviado
2026-08-31,ShadowMachine,melanie@shadowmachine.com,Senior Character Artist · Wingfeather Saga credit · stylized + grooming,respondeu (encaminhamento interno para a Jessica; LA faz o 3D)
2026-08-31,Crows Crows Crows,hello@crowscrowscrows.com,Senior Character Artist · Wingfeather Saga credit · stylized + grooming,enviado; RECUSADA em 16/09 14h03 por hello@ (texto curto," humano: ""we aren't looking for any assistance at this time""); RESPONDIDA em 16/09 15h10"
2026-08-31,DuskSoft Studios,dev@dusksoftstudios.com,Stylized 3D Character Artist · Wingfeather Saga credit · 10+ years,enviado
2026-08-31,Half Mermaid Productions,jobs@halfmermaid.co,Senior Character Artist · Wingfeather Saga credit · already works remotely for a US studio,enviado
2026-08-31,LingoLooper,contact@lingolooper.com,Lead Stylized 3D Character Artist · Wingfeather Saga credit · 10+ years,enviado
2026-08-31,Asterman,office@asterman.org,Senior Character Artist · Wingfeather Saga credit · stylized + grooming,enviado
2026-08-31,Unit Image (2ª via),recrut@unit-image.fr,Senior Character Artist · Wingfeather Saga credit · stylized + grooming,enviado
2026-08-31,Candlestick Games,laura@candlestickgames.ca,Senior Character Artist · Wingfeather Saga credit · stylized + grooming,enviado
2026-09-01,Wicked Fox Games,info@wickedfoxgames.com,Senior Character Artist · Wingfeather Saga credit · stylized + grooming,bounce (Address not found; sem alternativa publicada; via restante e o formulario do site)
2026-09-01,Red Manta / Twin Atlas,contact@twinatlas.com,Senior Character Artist · Wingfeather Saga credit · stylized + grooming,enviado
2026-09-01,Gravity Well,info@gravitywell.games,3D Character Artist · Wingfeather Saga credit · 10+ years stylized,enviado
2026-09-01,Fluffy Dog Studio,contact@fluffydogstudio.com,Senior Character Artist · Wingfeather Saga credit · stylized + grooming,enviado
2026-09-01,Iron Oak Games,jobs@ironoakgames.com,Senior Character Artist · Wingfeather Saga credit · stylized + grooming,enviado
2026-09-01,BAPBAP Studios,yo@bapbap.gg,Senior Character Artist · Wingfeather Saga credit · stylized + grooming,enviado
2026-09-01,This Game Studio,info@thisgamestudio.com,Senior Character Artist · Wingfeather Saga credit · stylized + grooming,enviado
2026-09-01,Hologram Monster,info@hologram-monster.com,Senior Character Artist · Wingfeather Saga credit · stylized + grooming,enviado
2026-09-01,Keyframe Digital Productions,info@keyframe.ca,Senior Character Artist · Wingfeather Saga credit · stylized + grooming,enviado
2026-09-01,Artists Animation Studio (ex-Yeti Farm Creative),info@artistsanimation.com,Senior Character Artist · Wingfeather Saga credit · stylized + grooming,enviado
2026-09-01,Next Level Games (Nintendo),careers@nextlevelgames.com,Senior Character Artist · Wingfeather Saga credit · stylized + grooming,enviado
2026-09-01,Wildseed Studios,jobs@wildseedstudios.com,Senior Character Artist · Wingfeather Saga credit · stylized + grooming,enviado
2026-09-01,Klei Entertainment,jobs@kleientertainment.com,Senior Character Artist · Wingfeather Saga credit · stylized + grooming,enviado
2026-09-02,KOG,KOG@kog.co.kr,Senior Character Artist · Wingfeather Saga credit · stylized + grooming,enviado
2026-09-02,Ironroot Games,careers@ironrootgames.com,Senior Character Artist · Wingfeather Saga credit · stylized + grooming,enviado
2026-09-02,Blue Isle Studios,jobs@blueislestudios.com,Senior Character Artist · Wingfeather Saga credit · stylized + grooming,enviado
2026-09-02,Artzee,talents@artzee.sg,Senior Character Artist · Wingfeather Saga credit · stylized + grooming,enviado
2026-09-02,Singularity 6,hello@singularity6.com,Senior Character Artist · Wingfeather Saga credit · stylized + grooming,enviado
2026-09-02,Infinite Studios,work@infinitestudios.com.sg,Senior Character Artist · Wingfeather Saga credit · stylized + grooming,bounce
2026-09-02,Aggro Crab,contact@aggrocrab.com,Senior Character Artist · Wingfeather Saga credit · stylized + grooming,enviado
2026-09-02,Sunblink Entertainment,info@sunblink.com,Senior Character Artist · Wingfeather Saga credit · stylized + grooming,enviado
2026-09-02,Sparky Animation,jobs@sparkyanim.com,Senior Character Artist · Wingfeather Saga credit · stylized + grooming,enviado
2026-09-02,Sans Strings Studio,talent@sansstrings.studio,Senior Character Artist · Wingfeather Saga credit · stylized + grooming,enviado
2026-09-02,Young Horses,jobs@younghorsesgames.com,Senior Character Artist · Wingfeather Saga credit · stylized + grooming,enviado
2026-09-02,HOUND13,hr@hound13.com,Senior Character Artist · Wingfeather Saga credit · stylized + grooming,enviado
2026-09-02,Playful Studios,hiring@playfulstudios.com,Senior Character Artist · Wingfeather Saga credit · stylized + grooming,enviado
2026-09-02,Devsisters,career@devsisters.com,Senior Character Artist · Wingfeather Saga credit · stylized + grooming,enviado
2026-09-02,Hidden Path Entertainment,jobs@hiddenpath.com,Senior Character Artist · Wingfeather Saga credit · stylized + grooming,enviado
2026-09-02,Pearl Abyss,recruit@pearlabyss.com,Senior Character Artist · Wingfeather Saga credit · stylized + grooming,enviado
2026-09-02,Moonbug Entertainment,hr@moonbug.com,Senior Character Artist · Wingfeather Saga credit · stylized + grooming,enviado
2026-09-02,SHIFT UP,recruit@shiftup.co.kr,Senior Character Artist · Wingfeather Saga credit · stylized + grooming,enviado
2026-09-02,Nathan Love,jobs@nathanlove.com,Senior Character Artist · Wingfeather Saga credit · stylized + grooming,enviado
2026-09-02,GIANTSTEP,jobs@giantstep.co.kr,Senior Character Artist · Wingfeather Saga credit · stylized + grooming,enviado
2026-09-02,BUCK,jobs@buck.co,Senior Character Artist · Wingfeather Saga credit · stylized + grooming,enviado
2026-09-02,CerebralFix,info@cerebralfix.com,Senior Character Artist · Wingfeather Saga credit · stylized + grooming,enviado; respondido em 03/09 (mandou acompanhar site e Seek; sem vaga aberta)
2026-09-02,Budge Studios,jobs@budgestudios.ca,Senior Character Artist · Wingfeather Saga credit · stylized + grooming,enviado
2026-09-02,Runaway Play,kylie@runawayplay.com,Senior Character Artist · Wingfeather Saga credit · stylized + grooming,enviado
2026-09-02,Blind Squirrel Games,careers@blindsquirrelgames.com,Senior Character Artist · Wingfeather Saga credit · stylized + grooming,enviado
2026-09-02,Cirkus,work@cirkus.nz,Senior Character Artist · Wingfeather Saga credit · stylized + grooming,enviado
2026-09-02,Liquid Development,jobs@liquiddevelopment.com,Senior Character Artist · Wingfeather Saga credit · stylized + grooming,enviado
2026-09-02,Flux Animation Studio,talent@fluxmedia.co.nz,Senior Character Artist · Wingfeather Saga credit · stylized + grooming,enviado
2026-09-02,Gunfire Games,jobs@gunfiregames.com,Senior Character Artist · Wingfeather Saga credit · stylized + grooming,enviado
2026-09-02,Grinding Gear Games,jobs@grindinggear.com,Senior Character Artist · Wingfeather Saga credit · stylized + grooming,enviado
2026-09-02,Deck Nine Games,jobs@deckninegames.com,Senior Character Artist · Wingfeather Saga credit · stylized + grooming,enviado
2026-09-02,Wētā FX,recruitment@wetafx.co.nz,Senior Character Artist · Wingfeather Saga credit · stylized + grooming,enviado
2026-09-02,Traega Entertainment,jobs@traega.com,Senior Character Artist · Wingfeather Saga credit · stylized + grooming,enviado
2026-09-02,Wētā Workshop,recruitment@wetaworkshop.co.nz,Senior Character Artist · Wingfeather Saga credit · stylized + grooming,enviado
2026-09-02,Heart Machine,jobs@heart-machine.com,Senior Character Artist · Wingfeather Saga credit · stylized + grooming,enviado
2026-09-02,Rising Sun Pictures,recruitment@rsp.com.au,Senior Character Artist · Wingfeather Saga credit · stylized + grooming,enviado
2026-09-02,Hipster Whale,jobs@hipsterwhale.com,Senior Character Artist · Wingfeather Saga credit · stylized + grooming,enviado
2026-09-02,Playable Worlds,jobs@playableworlds.com,Senior Character Artist · Wingfeather Saga credit · stylized + grooming,enviado
2026-09-02,Yukfoo Animation,work@yukfoo.net,Senior Character Artist · Wingfeather Saga credit · stylized + grooming,enviado
2026-09-02,KingsIsle Entertainment,info@kingsisle.com,Senior Character Artist · Wingfeather Saga credit · stylized + grooming,enviado
2026-09-02,Raccoon Logic,jobs@raccoonlogic.com,Senior Character Artist · Wingfeather Saga credit · stylized + grooming,enviado
2026-09-02,Kapow Pictures,producer@kapowpictures.com,Senior Character Artist · Wingfeather Saga credit · stylized + grooming,enviado
2026-09-02,Mighty Coconut,jobs@mightycoconut.com,Senior Character Artist · Wingfeather Saga credit · stylized + grooming,enviado
2026-09-02,Elysium Studios,info@elysiumstudios.tv,Senior Character Artist · Wingfeather Saga credit · stylized + grooming,enviado
2026-09-02,Owlchemy Labs,jobs@owlchemylabs.com,Senior Character Artist · Wingfeather Saga credit · stylized + grooming,enviado
2026-09-02,Robot Playground Media,hello@robotplaygroundmedia.com,Senior Character Artist · Wingfeather Saga credit · stylized + grooming,enviado
2026-09-02,Robot Entertainment,recruiting@robotentertainment.com,Senior Character Artist · Wingfeather Saga credit · stylized + grooming,enviado
2026-09-02,Bohemia Interactive,jobs@bohemia.net,Senior Character Artist · Wingfeather Saga credit · stylized + grooming,enviado
2026-09-02,Little Chicken Game Company,jobs@littlechicken.nl,Senior Character Artist · Wingfeather Saga credit · stylized + grooming,enviado
2026-09-02,Vertigo Games,jobs@vertigo-games.com,Senior Character Artist · Wingfeather Saga credit · stylized + grooming,enviado
2026-09-02,Bubblebird Studio,contact@bubblebirdstudio.com,Senior Character Artist · Wingfeather Saga credit · stylized + grooming,enviado
2026-09-02,ZEILT productions,contact@zeilt.com,Senior Character Artist · Wingfeather Saga credit · stylized + grooming,enviado
2026-09-02,Doghouse Films,info@doghousefilms.eu,Senior Character Artist · Wingfeather Saga credit · stylized + grooming,enviado
2026-09-02,Fabrique Fantastique,info@fabriquefantastique.be,Senior Character Artist · Wingfeather Saga credit · stylized + grooming,enviado
2026-09-02,Abrakam Entertainment,careers@abrakam.com,Senior Character Artist · Wingfeather Saga credit · stylized + grooming,enviado
2026-09-02,Triangle Factory,work@triangle-factory.be,Senior Character Artist · Wingfeather Saga credit · stylized + grooming,enviado
2026-09-02,Glowfish Interactive,jobs@glowfishinteractive.com,Senior Character Artist · Wingfeather Saga credit · stylized + grooming,enviado
2026-09-02,Appeal Studios,job@appeal-studios.com,Senior Character Artist · Wingfeather Saga credit · stylized + grooming,enviado
2026-09-02,Millimages,recrutement@millimages.com,Senior Character Artist · Wingfeather Saga credit · stylized + grooming,enviado
2026-09-02,Twin Win Games,info@twinwingames.com,Senior Character Artist · Wingfeather Saga credit · stylized + grooming,enviado
2026-09-02,Eisko,contact@eisko.com,Senior Character Artist · Wingfeather Saga credit · stylized + grooming,enviado
2026-09-02,Terminal FX,info@terminalfx.com,Senior Character Artist · Wingfeather Saga credit · stylized + grooming,enviado
2026-09-02,Trimaran VFX,contact@trimaran.com,Senior Character Artist · Wingfeather Saga credit · stylized + grooming,enviado
2026-09-02,Eschatology Entertainment,info@ee.games,Senior Character Artist · Wingfeather Saga credit · stylized + grooming,enviado
2026-09-02,Pushka Studios,hr@pushkastudios.com,Senior Character Artist · Wingfeather Saga credit · stylized + grooming,enviado
2026-09-02,Hocus Pocus Studio,job@hocuspocus-studio.fr,Senior Character Artist · Wingfeather Saga credit · stylized + grooming,enviado
2026-09-02,Team Clout,job@clout.games,Senior Character Artist · Wingfeather Saga credit · stylized + grooming,enviado
2026-09-02,BUF,jobs_paris@buf.com,Senior Character Artist · Wingfeather Saga credit · stylized + grooming,enviado
2026-09-02,Unfrozen,job@unfrozen.studio,Senior Character Artist · Wingfeather Saga credit · stylized + grooming,enviado
2026-09-02,Old Skull Games,contact@oldskullgames.com,Senior Character Artist · Wingfeather Saga credit · stylized + grooming,enviado
2026-09-02,VEA Games,info@veagames.com,Senior Character Artist · Wingfeather Saga credit · stylized + grooming,enviado
2026-09-02,Tindalos Interactive,contact@tindalos-interactive.com,Senior Character Artist · Wingfeather Saga credit · stylized + grooming,enviado
2026-09-02,Microids,recruitment@microids.com,Senior Character Artist · Wingfeather Saga credit · stylized + grooming,enviado
2026-09-02,Tactical Adventures,jobs@tactical-adventures.com,Senior Character Artist · Wingfeather Saga credit · stylized + grooming,enviado
2026-09-02,4A Games (Malta),contact@4a-games.com.mt,Senior Character Artist · Wingfeather Saga credit · stylized + grooming,enviado
2026-09-02,Eden Games,job@edengames.com,Senior Character Artist · Wingfeather Saga credit · stylized + grooming,enviado
2026-09-02,The Animation Band,info@theanimationband.it,Senior Character Artist · Wingfeather Saga credit · stylized + grooming,enviado
2026-09-02,Artefacts Studio,job@artefacts-studio.fr,Senior Character Artist · Wingfeather Saga credit · stylized + grooming,enviado
2026-09-02,34BigThings,careers@34bigthings.com,Senior Character Artist · Wingfeather Saga credit · stylized + grooming,enviado
2026-09-02,Big Bad Wolf,jobs@bigbadwolf-studio.com,Senior Character Artist · Wingfeather Saga credit · stylized + grooming,bounce
2026-09-02,Studio Evil,jobs@studioevil.com,Senior Character Artist · Wingfeather Saga credit · stylized + grooming,enviado
2026-09-02,Moonraker VFX,hello@moonrakervfx.com,Senior Character Artist · Wingfeather Saga credit · stylized + grooming,enviado
2026-09-02,Studio Bozzetto & Co,studio@studiobozzetto.com,Senior Character Artist · Wingfeather Saga credit · stylized + grooming,enviado
2026-09-02,Alkimia Interactive (THQ Nordic Barcelona),jobs@thqnordicbcn.com,Senior Character Artist · Wingfeather Saga credit · stylized + grooming,enviado
2026-09-02,Sandfall Interactive,contact@sandfall.co,Senior Character Artist · Wingfeather Saga credit · stylized + grooming,enviado
2026-09-02,Raylight Games,jobs@raylightgames.com,Senior Character Artist · Wingfeather Saga credit · stylized + grooming,enviado
2026-09-02,BlueTwelve Studio,job@bluetwelvestudio.com,Senior Character Artist · Wingfeather Saga credit · stylized + grooming,enviado
2026-09-02,Reply Game Studios,jobs.rgs@reply.it,Senior Character Artist · Wingfeather Saga credit · stylized + grooming,enviado
2026-09-02,Passtech Games,jobs@passtechgames.com,Senior Character Artist · Wingfeather Saga credit · stylized + grooming,enviado
2026-09-02,Jyamma Games,careers@jyammagames.com,Senior Character Artist · Wingfeather Saga credit · stylized + grooming,enviado
2026-09-02,SSVFX,recruitment@ssvfx.ie,Senior Character Artist · Wingfeather Saga credit · stylized + grooming,enviado
2026-09-02,Ground Control Studios,jobs@gcontrolgames.com,Senior Character Artist · Wingfeather Saga credit · stylized + grooming,enviado
2026-09-02,Little Moon Animation,jobs@littlemoonanimation.com,Senior Character Artist · Wingfeather Saga credit · stylized + grooming,enviado
2026-09-02,KidsCave Studios,info@kidscave.com,Senior Character Artist · Wingfeather Saga credit · stylized + grooming,enviado
2026-09-02,Nu Boyana Portugal / Lusco Fusco Animation,hello@nuboyana.pt,Senior Character Artist · Wingfeather Saga credit · stylized + grooming,enviado
2026-09-02,Dark Cloud Games,rh@darkcloud.games,Senior Character Artist · Wingfeather Saga credit · stylized + grooming,enviado
2026-09-02,Sun & Moon Studios,jobs@sunandmoonstudios.co.uk,Senior Character Artist · Wingfeather Saga credit · stylized + grooming,enviado
2026-09-02,Carse & Waterman,jobs@carseandwaterman.com,Senior Character Artist · Wingfeather Saga credit · stylized + grooming,enviado
2026-09-02,Alive VFX,empleo@alivevfx.com,Senior Character Artist · Wingfeather Saga credit · stylized + grooming,enviado
2026-09-02,Morgana Studios,info@morganastudios.com,Senior Character Artist · Wingfeather Saga credit · stylized + grooming,enviado
2026-09-02,BlueBolt,vacancies@blue-bolt.com,Senior Character Artist · Wingfeather Saga credit · stylized + grooming,enviado
2026-09-02,Melbot Studios,info@melbot.es,Senior Character Artist · Wingfeather Saga credit · stylized + grooming,enviado
2026-09-02,Antaruxa,info@antaruxa.com,Senior Character Artist · Wingfeather Saga credit · stylized + grooming,enviado
2026-09-02,Fire Without Smoke,talent@firewithoutsmoke.com,Senior Character Artist · Wingfeather Saga credit · stylized + grooming,enviado
2026-09-02,Electric Square (Brighton e Malta),charlotte.pook@electricsquare.com,Senior Character Artist · Wingfeather Saga credit · stylized + grooming,enviado
2026-09-02,El Ranchito,jobs@elranchito.es,Senior Character Artist · Wingfeather Saga credit · stylized + grooming,enviado
2026-09-02,Auroch Digital,recruitment@aurochdigital.com,Senior Character Artist · Wingfeather Saga credit · stylized + grooming,enviado
2026-09-02,Mercurysteam,info@mercurysteam.com,Senior Character Artist · Wingfeather Saga credit · stylized + grooming,enviado
2026-09-02,Drakhar Studio,jobs@drakharstudio.com,Senior Character Artist · Wingfeather Saga credit · stylized + grooming,enviado
2026-09-02,Cloud Imperium Games,recruitment@cloudimperiumgames.com,Senior Character Artist · Wingfeather Saga credit · stylized + grooming,enviado
2026-09-02,Playground Games,recruitment@playground-games.com,Senior Character Artist · Wingfeather Saga credit · stylized + grooming,enviado
2026-09-02,The Breach Studios,info@thebreachstudios.com,Senior Character Artist · Wingfeather Saga credit · stylized + grooming,enviado
2026-09-02,Flix Interactive,careers@flixinteractive.com,Senior Character Artist · Wingfeather Saga credit · stylized + grooming,enviado
2026-09-02,TomaVision,hola@tomavision.net,Senior Character Artist · Wingfeather Saga credit · stylized + grooming,enviado
2026-09-02,Playtonic Games,jobs@playtonicgames.com,Senior Character Artist · Wingfeather Saga credit · stylized + grooming,enviado
2026-09-02,Infinigon Games,info@infinigongames.com,Senior Character Artist · Wingfeather Saga credit · stylized + grooming,bounce
2026-09-02,Chibig,info@chibig.com,Senior Character Artist · Wingfeather Saga credit · stylized + grooming,enviado
2026-09-02,Hello Games,jobs@hellogames.co.uk,Senior Character Artist · Wingfeather Saga credit · stylized + grooming,enviado
2026-09-02,Crema,info@cremagames.com,Senior Character Artist · Wingfeather Saga credit · stylized + grooming,enviado
2026-09-02,Rocksteady Studios,jobs@rocksteadyltd.com,Senior Character Artist · Wingfeather Saga credit · stylized + grooming,enviado
2026-09-02,Cosmic Dino Studio,hello@cosmicdinostudio.com,Senior Character Artist · Wingfeather Saga credit · stylized + grooming,enviado
2026-09-02,Illusorium Studios,cv@illusoriumstudios.com,Senior Character Artist · Wingfeather Saga credit · stylized + grooming,enviado
2026-09-02,Cakefish (Dreamthorn),join@dreamthorn.com,Senior Character Artist · Wingfeather Saga credit · stylized + grooming,enviado
2026-09-02,Waterproof Studios (2ª via),jobs@waterproofstudios.com,Senior Character Artist · Wingfeather Saga credit · stylized + grooming,enviado (2ª via)
2026-09-02,Sun Creature (2ª via),jobs@suncreature.com,Senior Character Artist · Wingfeather Saga credit · stylized + grooming,enviado (2ª via)
2026-09-02,Supermassive Games,jobs@supermassivegames.com,Senior Character Artist · Wingfeather Saga credit · stylized + grooming,enviado
2026-09-02,Drifter Entertainment,jobs@drifter.games,Senior Character Artist · Wingfeather Saga credit · stylized + grooming,enviado
2026-09-02,Other Ocean Interactive,employment@otherocean.com,Senior Character Artist · Wingfeather Saga credit · stylized + grooming,enviado
2026-09-02,Uken Games,jobs@uken.com,Senior Character Artist · Wingfeather Saga credit · stylized + grooming,enviado
2026-09-02,Hothead Games,contact@hotheadgames.com,Senior Character Artist · Wingfeather Saga credit · stylized + grooming,enviado
2026-09-02,Luma Pictures,recruiting@lumapictures.com,Senior Character Artist · Wingfeather Saga credit · stylized + grooming,bounce
2026-09-02,Tippett Studio,jobs@tippett.com,Senior Character Artist · Wingfeather Saga credit · stylized + grooming,enviado
2026-09-02,SHED,info@shedmtl.com,Senior Character Artist · Wingfeather Saga credit · stylized + grooming,enviado
2026-09-02,Sword and Wand,careers@swordandwand.com,Senior Character Artist · Wingfeather Saga credit · stylized + grooming,bounce
2026-09-02,Cayplay Studio,jobs@cayplay.com,Senior Character Artist · Wingfeather Saga credit · stylized + grooming,enviado
2026-09-02,Ruckus Games,contact@ruckus-games.com,Senior Character Artist · Wingfeather Saga credit · stylized + grooming,enviado
2026-09-02,Frima Studio,info@frimastudio.com,Senior Character Artist · Wingfeather Saga credit · stylized + grooming,enviado
2026-09-02,Artifex Animation Studios,jobs@aavfx.com,Senior Character Artist · Wingfeather Saga credit · stylized + grooming,enviado
2026-09-02,Noodlecake Studios,careers@noodlecake.com,Senior Character Artist · Wingfeather Saga credit · stylized + grooming,enviado
2026-09-02,Crytivo,jobs@crytivo.com,Senior Character Artist · Wingfeather Saga credit · stylized + grooming,enviado
2026-09-02,Milford,careers@milford.se,Senior Character Artist · Wingfeather Saga credit · stylized + grooming,enviado
2026-09-02,Brikk Animation,work@brikk.se,Senior Character Artist · Wingfeather Saga credit · stylized + grooming,enviado
2026-09-02,Light Brick Studio,jobs@lightbrick.com,Senior Character Artist · Wingfeather Saga credit · stylized + grooming,enviado
2026-09-02,Flashbulb Games,job@flashbulbgames.com,Senior Character Artist · Wingfeather Saga credit · stylized + grooming,enviado
2026-09-02,Purple Lamp (THQ Nordic),office@purplelamp.com,Senior Character Artist · Wingfeather Saga credit · stylized + grooming,enviado
2026-09-02,Black Forest Games (THQ Nordic),jobs@bfgames.biz,Senior Character Artist · Wingfeather Saga credit · stylized + grooming,enviado
2026-09-02,Frozenbyte,jobs@frozenbyte.com,Senior Character Artist · Wingfeather Saga credit · stylized + grooming,enviado
2026-09-02,No Brakes Games,jobs@nobrakesgames.com,Senior Character Artist · Wingfeather Saga credit · stylized + grooming,enviado
2026-09-02,Eallin,jobs@eallin.com,Senior Character Artist · Wingfeather Saga credit · stylized + grooming,enviado
2026-09-02,Alien Studio,jobs@alien.sk,Senior Character Artist · Wingfeather Saga credit · stylized + grooming,bounce
2026-09-02,MagicLab,jobs@magiclab.cz,Senior Character Artist · Wingfeather Saga credit · stylized + grooming,enviado
2026-09-02,Animationsfabrik,anne.weiss@animationsfabrik.de,Senior Character Artist · Wingfeather Saga credit · stylized + grooming,enviado
2026-09-02,Traumhaus Studios,jobs@traumhaus-studios.de,Senior Character Artist · Wingfeather Saga credit · stylized + grooming,enviado
2026-09-02,Caligari Film,jobs@caligari.film,Senior Character Artist · Wingfeather Saga credit · stylized + grooming,enviado
2026-09-02,Fast Travel Games,career@fasttravelgames.com,Senior Character Artist · Wingfeather Saga credit · stylized + grooming,enviado
2026-09-02,Might and Delight,jobs@mightanddelight.com,Senior Character Artist · Wingfeather Saga credit · stylized + grooming,bounce
2026-09-02,Landfall,info@landfall.se,Senior Character Artist · Wingfeather Saga credit · stylized + grooming,enviado
2026-09-02,Star Stable Entertainment,contact@starstable.com,Senior Character Artist · Wingfeather Saga credit · stylized + grooming,bounce
2026-09-02,Stunlock Studios,contact@stunlockstudios.com,Senior Character Artist · Wingfeather Saga credit · stylized + grooming,enviado
2026-09-02,Haemimont Games,jobs@haemimontgames.com,Senior Character Artist · Wingfeather Saga credit · stylized + grooming,enviado
2026-09-02,Snapshot Games,jobs@snapshotgames.com,Senior Character Artist · Wingfeather Saga credit · stylized + grooming,enviado
2026-09-02,11 bit studios,jobs@11bitstudios.com,Senior Character Artist · Wingfeather Saga credit · stylized + grooming,enviado
2026-09-02,Illusion Ray,jobs@illusionray.com,Senior Character Artist · Wingfeather Saga credit · stylized + grooming,enviado
2026-09-02,Vile Monarch,jobs@vilemonarch.com,Senior Character Artist · Wingfeather Saga credit · stylized + grooming,bounce
2026-09-02,Angry Mob Games,contact@angrymobgames.com,Senior Character Artist · Wingfeather Saga credit · stylized + grooming,enviado
2026-09-02,Henchman & Goon,jobs@henchmangoon.com,Senior Character Artist · Wingfeather Saga credit · stylized + grooming,enviado
2026-09-02,Filmic Art,jobb@filmic.se,Senior Character Artist · Wingfeather Saga credit · stylized + grooming,enviado
2026-09-02,Parasol Island,hr@parasol-island.com,Senior Character Artist · Wingfeather Saga credit · stylized + grooming,enviado
2026-09-02,Mimic Productions,careers@mimicproductions.com,Senior Character Artist · Wingfeather Saga credit · stylized + grooming,enviado
2026-09-02,Limbic Entertainment,applications@limbic-entertainment.com,Senior Character Artist · Wingfeather Saga credit · stylized + grooming,enviado
2026-09-02,UPP,joinupp@upp.cz,Senior Character Artist · Wingfeather Saga credit · stylized + grooming,enviado
2026-09-02,Tumblehead,contact@tumblehead.com,Senior Character Artist · Wingfeather Saga credit · stylized + grooming,enviado
2026-09-02,Stardust Effects,elena@stardusteffects.no,Senior Character Artist · Wingfeather Saga credit · stylized + grooming,enviado
2026-09-02,Panache Digital Games,jobs@panachedigitalgames.com,Senior Character Artist · Wingfeather Saga credit · stylized + grooming,enviado
2026-09-02,Dreamcraft Entertainment,jobs@dreamcraft.com,Senior Character Artist · Wingfeather Saga credit · stylized + grooming,enviado
2026-09-02,Nabi Studios,hampus@nabistudios.com,Senior Character Artist · Wingfeather Saga credit · stylized + grooming,enviado
2026-09-02,FIN Design + Effects,careers@findesign.com.au,Senior Character Artist · Wingfeather Saga credit · stylized + grooming,enviado
2026-09-02,Alt.VFX,recruitment@altvfx.com,Senior Character Artist · Wingfeather Saga credit · stylized + grooming,enviado
2026-09-02,Resin,production@resin.com.au,Senior Character Artist · Wingfeather Saga credit · stylized + grooming,enviado
2026-09-02,DAYWALKER Studios,info@daywalker-studios.de,Senior Character Artist · Wingfeather Saga credit · stylized + grooming,enviado
2026-09-02,Trust Studio,truststudio@truststudio.co.kr,Senior Character Artist · Wingfeather Saga credit · stylized + grooming,enviado
2026-09-02,Red Meat Games,meat@redmeatgames.ca,Senior Character Artist · Wingfeather Saga credit · stylized + grooming,enviado
2026-09-02,Lumatic,info@lumatic.xyz,Senior Character Artist · Wingfeather Saga credit · stylized + grooming,enviado
2026-09-02,Flightless,info@flightless.co.nz,Senior Character Artist · Wingfeather Saga credit · stylized + grooming,enviado
2026-09-02,The Juggernaut,contact@thejuggernaut.ca,Senior Character Artist · Wingfeather Saga credit · stylized + grooming,enviado
2026-09-02,Atent Games,contact@atentgames.com,Senior Character Artist · Wingfeather Saga credit · stylized + grooming,enviado
2026-09-02,Divine Studios,hello@divinestudios.io,Senior Character Artist · Wingfeather Saga credit · stylized + grooming,enviado
2026-09-02,HiFi 3D,staffing@hifi3d.com,Senior Character Artist · Wingfeather Saga credit · stylized + grooming,enviado
2026-09-02,Tessera Studios,info@tesserastudios.com,Senior Character Artist · Wingfeather Saga credit · stylized + grooming,enviado
2026-09-02,Babaroga,contact@babaroga.com,Senior Character Artist · Wingfeather Saga credit · stylized + grooming,enviado
2026-09-02,AIM Creative Studios,jobs@aimcreativestudios.com,Senior Character Artist · Wingfeather Saga credit · stylized + grooming,enviado
2026-09-02,Witch Beam,info@witchbeam.com.au,Senior Character Artist · Wingfeather Saga credit · stylized + grooming,enviado
2026-09-02,Bossfight Entertainment,info@bossfightentertainment.com,Senior Character Artist · Wingfeather Saga credit · stylized + grooming,bounce
2026-09-02,Proxima Milano,jobs@proximamilano.com,Senior Character Artist · Wingfeather Saga credit · stylized + grooming,enviado
2026-09-02,Macrograph,info@macrograph.co.kr,Senior Character Artist · Wingfeather Saga credit · stylized + grooming,bounce
2026-09-02,HB Studios,jobs@hb-studios.com,Senior Character Artist · Wingfeather Saga credit · stylized + grooming,enviado
2026-09-02,Mirage VFX,jobs@mirage-vfx.com,Senior Character Artist · Wingfeather Saga credit · stylized + grooming,enviado
2026-09-02,Red Monk Studio,info@redmonkstudio.com,Senior Character Artist · Wingfeather Saga credit · stylized + grooming,enviado
2026-09-02,Harebrained Schemes,info@hbs-studios.com,Senior Character Artist · Wingfeather Saga credit · stylized + grooming,enviado
2026-09-02,About Fun,hr@about-fun.com,Senior Character Artist · Wingfeather Saga credit · stylized + grooming,enviado
2026-09-02,Dibulitoon Studio,dibu@dibulitoon.com,Senior Character Artist · Wingfeather Saga credit · stylized + grooming,enviado
2026-09-02,Look North World,resumes@looknorth.world,Senior Character Artist · Wingfeather Saga credit · stylized + grooming,enviado
2026-09-02,viennaFX,office@vfx.at,Senior Character Artist · Wingfeather Saga credit · stylized + grooming,enviado
2026-09-02,User T38,jobs@usert38.com,Senior Character Artist · Wingfeather Saga credit · stylized + grooming,enviado
2026-09-02,Cyan Worlds,info@cyan.com,Senior Character Artist · Wingfeather Saga credit · stylized + grooming,enviado
2026-09-02,LUGUNDTRUG,jobs@lugundtrug.net,Senior Character Artist · Wingfeather Saga credit · stylized + grooming,enviado
2026-09-02,Twin Pines,info@twinpines.es,Senior Character Artist · Wingfeather Saga credit · stylized + grooming,enviado
2026-09-02,Siege Camp,jobs@siegecamp.com,Senior Character Artist · Wingfeather Saga credit · stylized + grooming,enviado
2026-09-02,Monigotes Estudio,info@monigotestudio.es,Senior Character Artist · Wingfeather Saga credit · stylized + grooming,enviado
2026-09-02,Badi Badi,hello@badibadi.com,Senior Character Artist · Wingfeather Saga credit · stylized + grooming,enviado
2026-09-02,Tic Toc Games,jobs@tictocgames.com,Senior Character Artist · Wingfeather Saga credit · stylized + grooming,enviado
2026-09-02,Mascista,info@mascista.com,Senior Character Artist · Wingfeather Saga credit · stylized + grooming,enviado
2026-09-02,NOLABEL,office@nolabel.com.pl,Senior Character Artist · Wingfeather Saga credit · stylized + grooming,enviado
2026-09-02,Cut to Bits,info@cuttobits.com,Senior Character Artist · Wingfeather Saga credit · stylized + grooming,enviado
2026-09-02,IXOR,info@ixorvfx.com,Senior Character Artist · Wingfeather Saga credit · stylized + grooming,enviado
2026-09-02,Polynoid,contact@polynoid.tv,Senior Character Artist · Wingfeather Saga credit · stylized + grooming,enviado
2026-09-02,13AM Games,contact@13amgames.com,Senior Character Artist · Wingfeather Saga credit · stylized + grooming,enviado
2026-09-02,Mundfish,hr@mundfish.com,Senior Character Artist · Wingfeather Saga credit · stylized + grooming,enviado
2026-09-02,SEHSUCHT,contact@sehsucht.de,Senior Character Artist · Wingfeather Saga credit · stylized + grooming,enviado
2026-09-02,Cold Iron Studios,info@coldironstudios.com,Senior Character Artist · Wingfeather Saga credit · stylized + grooming,enviado
2026-09-02,AAA Game Art Studio,hr@aaagameartstudio.com,Senior Character Artist · Wingfeather Saga credit · stylized + grooming,enviado
2026-09-02,Gunzilla Games,job@gunzillagames.com,Senior Character Artist · Wingfeather Saga credit · stylized + grooming,enviado
2026-09-02,Visual Creatures,info@visualcreatures.com,Senior Character Artist · Wingfeather Saga credit · stylized + grooming,bounce
2026-09-02,Rarebyte,jobs@rarebyte.com,Senior Character Artist · Wingfeather Saga credit · stylized + grooming,enviado
2026-09-02,Mago Production,jobs@magoproduction.com,Senior Character Artist · Wingfeather Saga credit · stylized + grooming,enviado
2026-09-02,DrinkBox Studios,jobs@drinkboxstudios.com,Senior Character Artist · Wingfeather Saga credit · stylized + grooming,enviado
2026-09-02,SnowDog Studio,info@snowdogfx.com,Senior Character Artist · Wingfeather Saga credit · stylized + grooming,enviado
2026-09-02,The Thinklab,info@thethinklab.com,Senior Character Artist · Wingfeather Saga credit · stylized + grooming,enviado
2026-09-02,Reactiv,hiring@getreactiv.com,Senior Character Artist · Wingfeather Saga credit · stylized + grooming,enviado
2026-09-02,Supamonks,contact@supamonks.com,Senior Character Artist · Wingfeather Saga credit · stylized + grooming,bounce
2026-09-02,Hahn Film,info@hahnfilm.com,Senior Character Artist · Wingfeather Saga credit · stylized + grooming,enviado
2026-09-02,Playfight,hello@playfight.com,Senior Character Artist · Wingfeather Saga credit · stylized + grooming,enviado
2026-09-02,Digital Rain Studios,office@digitalrain.at,Senior Character Artist · Wingfeather Saga credit · stylized + grooming,enviado
2026-09-02,Flickerpix,jobs@flickerpix.com,Senior Character Artist · Wingfeather Saga credit · stylized + grooming,enviado
2026-09-02,Day For Nite,contact@dayfornite.com,Senior Character Artist · Wingfeather Saga credit · stylized + grooming,enviado
2026-09-02,Jo-Mei Games,info@jo-mei.com,Senior Character Artist · Wingfeather Saga credit · stylized + grooming,enviado
2026-09-02,Freefolk,jobs.ldn@freefolk.com,Senior Character Artist · Wingfeather Saga credit · stylized + grooming,enviado
2026-09-02,Hybride,cv@hybride.com,Senior Character Artist · Wingfeather Saga credit · stylized + grooming,enviado
2026-09-02,Krillbite Studio,application@krillbite.com,Senior Character Artist · Wingfeather Saga credit · stylized + grooming,enviado
2026-09-02,Milk VFX,recruitment@milk-vfx.com,Senior Character Artist · Wingfeather Saga credit · stylized + grooming,enviado
2026-09-02,CAOZ,info@caoz.com,Senior Character Artist · Wingfeather Saga credit · stylized + grooming,enviado
2026-09-02,Artjail,jobs.toronto@artjail.com,Senior Character Artist · Wingfeather Saga credit · stylized + grooming,enviado
2026-09-02,4J Studios,jobs@4jstudios.com,Senior Character Artist · Wingfeather Saga credit · stylized + grooming,enviado
2026-09-02,Cinemotion,info@cinemotion.bg,Senior Character Artist · Wingfeather Saga credit · stylized + grooming,enviado
2026-09-02,Bossa Studios,jobs@bossastudios.com,Senior Character Artist · Wingfeather Saga credit · stylized + grooming,enviado
2026-09-03,Toys for Bob,recruiting@toysforbob.dev,Senior Character Artist · Wingfeather Saga credit · stylized + grooming,enviado
2026-09-03,ThunderRoar Studio,enquiry@thunder-roar.com,Senior Character Artist · Wingfeather Saga credit · stylized + grooming,enviado
2026-09-03,Fluffy Dog Studio (2ª via),career@fluffydogstudio.com,Senior Character Artist · Wingfeather Saga credit · stylized + grooming,bounce
2026-09-03,Able & Baker (2ª via),jobs@ableandbakerstudios.com,Senior Character Artist · Wingfeather Saga credit · stylized + grooming,enviado
2026-09-03,Cheeky Little Media (2ª via),careers@cheekylittle.com.au,Senior Character Artist · Wingfeather Saga credit · stylized + grooming,enviado
2026-09-03,Golden Wolf (2ª via),jobs@goldenwolf.tv,Senior Character Artist · Wingfeather Saga credit · stylized + grooming,enviado
2026-09-03,arx anima,talent@arxanima.com,Senior Character Artist · Wingfeather Saga credit · stylized + grooming,enviado
2026-09-03,Pixel Zoo,jobs@pixelzoo.com.au,Senior Character Artist · Wingfeather Saga credit · stylized + grooming,enviado
2026-09-03,Mighty Nice,careers@mightynice.com.au,Senior Character Artist · Wingfeather Saga credit · stylized + grooming,enviado
2026-09-03,Red Star Studio,hello@redstar3D.com,Senior Character Artist · Wingfeather Saga credit · stylized + grooming,enviado
2026-09-03,Klang Games,recruitment@klang-games.com,Senior Character Artist · Wingfeather Saga credit · stylized + grooming,enviado
2026-09-03,Fluffy Dog Studio (3ª via),careers@fluffydogstudio.com,Senior Character Artist · Wingfeather Saga credit · stylized + grooming,enviado
2026-09-03,Ars Thanea,marta.krol@arsthanea.com,Senior Character Artist · Wingfeather Saga credit · stylized + grooming,enviado
2026-09-03,Brikk Animation,samuel@brikk.se,Senior Character Artist · Wingfeather Saga credit · stylized + grooming,enviado
2026-09-03,DreamWorks Animation,matt.baer@dreamworks.com,Senior Character Artist · Wingfeather Saga credit · stylized + grooming,enviado
2026-09-03,Eallin,filip@eallin.com,Senior Character Artist · Wingfeather Saga credit · stylized + grooming,enviado
2026-09-03,Filmic Art,andreas@filmic.se,Senior Character Artist · Wingfeather Saga credit · stylized + grooming,enviado
2026-09-03,HouseSpecial,julie@housespecial.com,Senior Character Artist · Wingfeather Saga credit · stylized + grooming,enviado
2026-09-03,Magiclab,viktor@magiclab.film,Senior Character Artist · Wingfeather Saga credit · stylized + grooming,enviado
2026-09-03,Mathematic,guillaume.marien@mathematicfilm.com,Senior Character Artist · Wingfeather Saga credit · stylized + grooming,enviado
2026-09-03,nWave Studios,cgrao@nwave.com,Senior Character Artist · Wingfeather Saga credit · stylized + grooming,bounce
2026-09-03,Piranha Bar,richard@piranhabar.ie,Senior Character Artist · Wingfeather Saga credit · stylized + grooming,enviado
2026-09-03,Pixar,mnolte@pixar.com,Senior Character Artist · Wingfeather Saga credit · stylized + grooming,enviado
2026-09-03,Platige Image,jjablonski@platige.com,Senior Character Artist · Wingfeather Saga credit · stylized + grooming,enviado
2026-09-03,Qvisten Animation,rasmus@qvisten.no,Senior Character Artist · Wingfeather Saga credit · stylized + grooming,enviado
2026-09-03,Reactiv,anna@getreactiv.com,Senior Character Artist · Wingfeather Saga credit · stylized + grooming,enviado
2026-09-03,SHED,rcote@shedmtl.com,Senior Character Artist · Wingfeather Saga credit · stylized + grooming,enviado
2026-09-03,Sony Pictures Imageworks,jnesbit@imageworks.com,Senior Character Artist · Wingfeather Saga credit · stylized + grooming,enviado
2026-09-03,Studio AKA,lindsey@studioaka.co.uk,Senior Character Artist · Wingfeather Saga credit · stylized + grooming,enviado
2026-09-03,Studio AKA,nikki@studioaka.co.uk,Senior Character Artist · Wingfeather Saga credit · stylized + grooming,enviado
2026-09-03,The Line,james@thelinestudio.com,Senior Character Artist · Wingfeather Saga credit · stylized + grooming,enviado
2026-09-03,The Sequence Group,ian@thesequencegroup.com,Senior Character Artist · Wingfeather Saga credit · stylized + grooming,enviado
2026-09-03,Walt Disney Animation Studios,Keith.R.Wilson@disneyanimation.com,Senior Character Artist · Wingfeather Saga credit · stylized + grooming,enviado
2026-09-04,Polyarc (2ª via),jobs@polyarcgames.com,Senior Character Artist · Wingfeather Saga credit · stylized + grooming,enviado (rascunho preparado em 30/08 e disparado de fato em 04/09; auto-resposta do jobs+noreply confirmou a entrega)
2026-09-04,Walking The Dog,toon@walkingthedog.be,Senior Character Artist · Wingfeather Saga credit · stylized + grooming,"enviado (carta nominal para Toon Loenders, production design; disparada pelo Apps Script em 04/09 as 22h24 UTC; sem resposta ate 05/09)"
2026-09-05,Pixar,ascott@pixar.com,Senior Character Artist · Wingfeather Saga credit · stylized + grooming,"enviado (carta nominal para Anna Scott; disparada pelo Apps Script em 05/09 as 01h24 UTC; endereco por padrao de dominio, confianca media; entregue, sem bounce)"
2026-09-05,Walt Disney Animation Studios,courtney.chun@disneyanimation.com,Senior Character Artist · Wingfeather Saga credit · stylized + grooming,"BOUNCE (Address not found em 05/09 as 01h24 UTC; endereco PUBLICADO no PDF do SIGGRAPH 2023, marcado confianca alta, e mesmo assim morto: endereco publicado envelhece. Segunda via em rascunho para courtney.chun@disney.com, dominio irmao provado por Brent Burley e Jennifer Stratton)"
2026-09-05,Sony Pictures Imageworks,mlasker@imageworks.com,Senior Character Artist · Wingfeather Saga credit · stylized + grooming,"enviado (carta nominal para Michael Lasker; disparada pelo Apps Script em 05/09 as 01h24 UTC; endereco por padrao de dominio, confianca media; entregue, sem bounce)"
2026-09-05,LAIKA,tleclercq@laika.com,Senior Character Artist · Wingfeather Saga credit · stylized + grooming,"enviado (carta nominal para Thibault Leclercq; disparada pelo Apps Script em 05/09 as 01h24 UTC; endereco por padrao de dominio, confianca media; entregue, sem bounce)"
2026-09-05,Netflix Animation,dcasey@netflix.com,Senior Character Artist · Wingfeather Saga credit · stylized + grooming,"BOUNCE (Address not found em 05/09 as 01h25 UTC; segunda via em rascunho para danc@netflix.com, segunda forma do dominio provada por Nil Fons Miret aparecer nas duas)"
2026-09-05,Blizzard Entertainment,crobinson@blizzard.com,Senior Character Artist · Wingfeather Saga credit · stylized + grooming,"enviado (carta nominal para Chris G. Robinson; disparada pelo Apps Script em 05/09 as 01h24 UTC; endereco por padrao de dominio, confianca media; entregue, sem bounce)"
2026-09-05,Disney (2ª via),courtney.chun@disney.com,Senior Character Artist · Wingfeather Saga credit · stylized + grooming,"enviado (2a via depois do bounce em disneyanimation.com; disparado pelo Apps Script em 05/09 as 14h06; dominio irmao provado por Brent Burley e Jennifer Stratton; entregue, sem bounce)"
2026-09-05,Netflix Animation (2ª via),danc@netflix.com,Senior Character Artist · Wingfeather Saga credit · stylized + grooming,"BOUNCE (Address not found em 05/09 as 14h06, segundos depois do envio). ERRO MEU DE REGISTRO: eu tinha anotado como entregue as 14h30 porque o bounce ainda nao tinha aparecido na varredura; a conferencia das 16h achou. AS DUAS FORMAS DO DOMINIO JA FORAM TENTADAS: dcasey@ (inicial+sobrenome) voltou de madrugada e danc@ (nome+inicial) voltou agora, e o padrao da Netflix esta provado por mais de 30 enderecos reais nas duas formas. Logo o problema NAO e o dominio, e a PESSOA: Dan Casey provavelmente nao tem mais caixa na Netflix. Encerrado, sem terceira tentativa)"
2026-09-05,Lucasfilm e ILM,mnorgaard@ilm.com,Senior Character Artist · Wingfeather Saga credit · stylized + grooming,"enviado (PRIMEIRA carta da campanha na ILM; Mathias Norgaard, creature lead de Masters of the Universe; disparado em 05/09 as 14h06; entregue, sem bounce)"
2026-09-05,DreamWorks Animation,sean.sexton@dreamworks.com,Senior Character Artist · Wingfeather Saga credit · stylized + grooming,"enviado (Sean Sexton, head of character animation de Forgotten Island; disparado em 05/09 as 14h06; entregue, sem bounce)"
2026-09-05,LAIKA,nlowry@laika.com,Senior Character Artist · Wingfeather Saga credit · stylized + grooming,"enviado (Nelson Lowry, production designer de Coraline a Wildwood; disparado em 05/09 as 14h06; entregue, sem bounce)"
2026-09-05,Blizzard Entertainment,jhwang@blizzard.com,Senior Character Artist · Wingfeather Saga credit · stylized + grooming,"BOUNCE (550 5.1.1 User unknown em 05/09 as 14h09, tres minutos depois do envio, no servidor Outlook da Blizzard). O padrao inicial+sobrenome do dominio esta certo e provado, inclusive por crobinson@ que passou na mesma casa horas antes; o problema e o NOME: Jay e nome de uso e o legal pode ter outra inicial, e montar outro seria chute. SEM SEGUNDA VIA para ele; a vaga da casa foi para a reserva Linyao (Freya) Li em lli@blizzard.com, em rascunho)"
2026-09-05,Big Shot Pictures,hello@bigshotpictures.com,Senior Character Artist · Wingfeather Saga credit · stylized + grooming,"enviado (estudio novo do Brian Robbins, ex-chefe da Paramount; disparado em 05/09 as 14h06; entregue, sem bounce)"
2026-09-05,Zoic Studios,jweitzell@zoicstudios.com,Senior Character Artist · Wingfeather Saga credit · stylized + grooming,"enviado (Julie Weitzell, episodico e longa; endereco PUBLICADO na pagina de contato deles; disparado em 05/09 as 14h06; entregue, sem bounce)"
2026-09-05,Amuse Animation,info@amuseanimation.com,Senior Character Artist · Wingfeather Saga credit · stylized + grooming,"enviado (IP original, Gran Canaria/Paris/Xangai; disparado em 05/09 as 14h06; entregue, sem bounce)"
2026-09-05,Riot Games,ybourykina@riotgames.com,Senior Character Artist · Wingfeather Saga credit · stylized + grooming,"BOUNCE (Address not found em 05/09 as 14h06, minutos depois do envio). Padrao inicial+sobrenome do dominio esta certo, o que errou foi o NOME: ela assina Katia e nao Yekaterina. 2a via em rascunho para kbourykina@riotgames.com"
2026-09-06,Keos Masons (Marco Plouffe),contact@marcoplouffe.com,Senior Character Artist · Wingfeather Saga credit · stylized + grooming,enviado 03h49 (entregue)
2026-09-06,Ubisoft Massive (Jevgeni Laur),jevgeni.laur@ubisoft.com,Senior Character Artist · Wingfeather Saga credit · stylized + grooming,BOUNCE 03h49 (endereco nao existe; padrao de dominio falhou)
2026-09-06,Wētā FX (Sam Sharplin),ssharplin@wetafx.co.nz,Senior Character Artist · Wingfeather Saga credit · stylized + grooming,enviado 03h49 (entregue)
2026-09-06,Netflix Animation (Bradley Sick),bsick@netflix.com,Senior Character Artist · Wingfeather Saga credit · stylized + grooming,BOUNCE 03h49 (endereco nao existe; terceiro bounce seguido em netflix.com)
2026-09-06,Image Engine (Barry Poon),barryp@image-engine.com,Senior Character Artist · Wingfeather Saga credit · stylized + grooming,enviado 03h49 (entregue)
2026-09-06,Cinesite (Holger Voss),hvoss@cinesite.com,Senior Character Artist · Wingfeather Saga credit · stylized + grooming,BOUNCE 03h49 (550 5.1.1; padrao de dominio falhou)
2026-09-06,Atomic Cartoons (Joey Wilson),j.wilson@atomiccartoons.com,Senior Character Artist · Wingfeather Saga credit · stylized + grooming,enviado 03h48 (entregue apesar da confianca baixa)
2026-09-06,Luma Pictures,recruiting@lumapictures.com,Senior Character Artist · Wingfeather Saga credit · stylized + grooming,BOUNCE 03h48 (550 5.1.1; e o endereco estava PUBLICADO na pagina About deles)
2026-09-06,Riot Games (Katia Bourykina 2a via),kbourykina@riotgames.com,Senior Character Artist · Wingfeather Saga credit · stylized + grooming,BOUNCE 03h49 (segunda forma tambem falhou; a casa fica sem via)
2026-09-06,Blizzard (Freya Li),lli@blizzard.com,Senior Character Artist · Wingfeather Saga credit · stylized + grooming,BOUNCE 03h52 (permanent fatal error)
2026-09-06,Joinplay Games,creative@joinplaygames.com,Senior Character Artist · Wingfeather Saga credit · stylized + grooming,enviado 03h48 (entregue)
2026-09-06,Cornfox & Brothers,support@cornfox.com,Senior Character Artist · Wingfeather Saga credit · stylized + grooming,enviado 03h48 (entregue; virou ticket de SUPORTE no Jira deles)
2026-09-06,10tons,jobs@10tons.com,Senior Character Artist · Wingfeather Saga credit · stylized + grooming,enviado 03h48 (entregue)
2026-09-06,tinyBuild,jobs@tinybuild.com,Senior Character Artist · Wingfeather Saga credit · stylized + grooming,enviado 03h48 (entregue)
2026-09-06,appelmoes games,hello@appelmoes.games,Senior Character Artist · Wingfeather Saga credit · stylized + grooming,enviado 03h48 (entregue)
2026-09-06,Abbey Games,info@abbeygames.com,Senior Character Artist · Wingfeather Saga credit · stylized + grooming,enviado 03h48 (entregue)
2026-09-06,Galaxy Grove,joost@galaxy-grove.com,Senior Character Artist · Wingfeather Saga credit · stylized + grooming,enviado 03h48 (entregue)
2026-09-06,Horsefly Games,juho@horsefly.games,Senior Character Artist · Wingfeather Saga credit · stylized + grooming,enviado 03h48 (entregue)
2026-09-06,Channel 37,contact@channel37.co,Senior Character Artist · Wingfeather Saga credit · stylized + grooming,enviado 03h48 (entregue)
2026-09-06,Naraven Games,info@naravengames.com,Senior Character Artist · Wingfeather Saga credit · stylized + grooming,enviado 03h48 (entregue)
2026-09-06,Kalamona Studios,job@kalamonastudios.com,Senior Character Artist · Wingfeather Saga credit · stylized + grooming,enviado 03h48 (entregue)
2026-09-06,Kuuasema,jobs@kuuasema.com,Senior Character Artist · Wingfeather Saga credit · stylized + grooming,enviado 03h48 (entregue; auto-resposta de recebimento no mesmo minuto)
2026-09-06,Nitro Games,info@nitrogames.com,Senior Character Artist · Wingfeather Saga credit · stylized + grooming,enviado 03h48 (entregue)
2026-09-06,Colossal Order,jobs@colossalorder.fi,Senior Character Artist · Wingfeather Saga credit · stylized + grooming,enviado 03h48 (entregue)
2026-09-06,Wargaming,formulario Greenhouse 8161671,3D Character Artist (World of Tanks HEAT) Nicosia Chipre,CANDIDATURA CONFIRMADA DUAS VEZES: na tela as 06h24 e por email do no-reply@wargaming.net as 06h25; codigo de seguranca do Greenhouse entregue com a sessao viva; vaga elegivel para relocation e immigration support
2026-09-06,CI Games,formulario Teamtailor 7918450,Open Application (fully remote worldwide),CANDIDATURA CONFIRMADA NA TELA; pagina /thanks com Thanks for applying; respondem em ate duas semanas
2026-09-06,Aesir Interactive,formulario Personio 2385017,Art Lead (f/m/d) Munique permanente,CANDIDATURA CONFIRMADA NA TELA com THANK YOU do Personio; pretensao declarada 66.000 EUR que e a base da faixa publicada
2026-09-06,Sony Pictures Imageworks,formulario Greenhouse 4363748003,Modeler Vancouver,CONFIRMADA NA TELA mas DUPLICATA: o email de confirmacao nomeia Experienced Modeler, requisicao ja enviada em 02/09; a casa avisou em 14/08 que a Modeler foi preenchida
2026-09-06,Sony Pictures Imageworks,formulario Greenhouse 4363798003,Texture Artist Vancouver,CONFIRMADA NA TELA e o email bate com o titulo; REAPLICACAO, porque ele ja tinha aplicado nesta mesma vaga em 12/07 antes da campanha
2026-09-06,Playa Games,formulario Teamtailor 4985632,Initiativbewerbung Hamburgo,CANDIDATURA CONFIRMADA NA TELA com Thanks for applying; rota indicada pela propria resposta automatica deles, que recusa candidatura por email
2026-09-06,Storm in a Teacup,jobs@stcware.com,Senior Character Artist · Wingfeather Saga credit · stylized + grooming,BOUNCE em 06/09 no servidor da Aruba; endereco morto
2026-09-06,Turtle Blaze,info@turtleblaze.com,Senior Character Artist · Wingfeather Saga credit · stylized + grooming,BOUNCE em 06/09; o info@ e um grupo do Google que redireciona para catchall e o catchall nao existe mais
2026-09-06,Nordcurrent,-,Lead 2D/3D Artist (Vilnius) · formulario CF7 do proprio site,enviado e confirmado na tela
2026-09-06,Apog Labs,-,Open Application (espontânea) — ATS Manatal — CANDIDATURA ENVIADA e confirmada na tela,portal-enviado
2026-09-06,Pixelsplit,-,Apply @ Pixelsplit (espontanea) - formulario Notion - CANDIDATURA ENVIADA e confirmada na tela,portal-enviado
2026-09-06,Paradox Interactive,-,"Connect (banco de talentos, departamento Art) - CANDIDATURA ENVIADA e confirmada na tela",portal-enviado
2026-09-06,Beyond Frames Entertainment,-,"Connect (banco de talentos, Cortopia Studios) - CANDIDATURA ENVIADA e confirmada na tela",portal-enviado
2026-09-06,Juggler Games,-,Candidatura espontanea (Varsovia) - formulario Elementor - CANDIDATURA ENVIADA e confirmada na tela,portal-enviado
2026-09-06,Twin Harbour Interactive (Stillfront),-,Unsolicited Application (Hamburgo/Malta) - Teamtailor req 6958619 - CANDIDATURA ENVIADA e confirmada na tela,portal-enviado
2026-09-06,Day Off Interactive,-,Day Off Rolodex (banco de talentos) - formulario Notion - CANDIDATURA ENVIADA e confirmada na tela,portal-enviado
2026-09-06,Playdead,-,Experienced Material and Texture Artist (Copenhague) - Breezy d6b5a5e4f54a01 - CANDIDATURA ENVIADA e confirmada na tela: Application Submitted,portal-enviado
2026-09-06,Highdive,-,"Senior Modeler (Toronto, Canada) - Greenhouse 5097897007 - CANDIDATURA ENVIADA e confirmada na tela: Thank you for applying. Your application has been received",portal-enviado
2026-09-06,Stunlock Studios,-,"Open Application (banco de talentos, Skovde) - Teamtailor stunlocksstudios - CANDIDATURA ENVIADA, recibo de Helena Toresson em 06/09 (linha reconstruida em 11/09: o envio existia, o registro faltava)",portal-enviado
2026-09-06,10chambers,robin@10chambers.com,Senior Character Artist · Wingfeather Saga credit · stylized + grooming,enviado
2026-09-06,333 Studios,pau.moreno@333-studios.com,Senior Character Artist · Wingfeather Saga credit · stylized + grooming,enviado
2026-09-06,42bits Entertainment,jobs@42bits-entertainment.com,Senior Character Artist · Wingfeather Saga credit · stylized + grooming,enviado
2026-09-06,Absolutepost,danny.duke@absolutepost.com,Senior Character Artist · Wingfeather Saga credit · stylized + grooming,enviado
2026-09-06,Acas,jobs@acas.games,Senior Character Artist · Wingfeather Saga credit · stylized + grooming,enviado
2026-09-06,Adeninteractive,join@adeninteractive.com,Senior Character Artist · Wingfeather Saga credit · stylized + grooming,enviado
2026-09-06,Aesir Interactive,careers@aesir-interactive.com,Senior Character Artist · Wingfeather Saga credit · stylized + grooming,bounce
2026-09-06,Alt.VFX,col@altvfx.com,Senior Character Artist · Wingfeather Saga credit · stylized + grooming,enviado
2026-09-06,Alverastudios,info@alverastudios.com,Senior Character Artist · Wingfeather Saga credit · stylized + grooming,enviado
2026-09-06,Amberdive,contact@amberdive.com,Senior Character Artist · Wingfeather Saga credit · stylized + grooming,enviado
2026-09-06,Ancientforgestudio,contact@ancientforgestudio.com,Senior Character Artist · Wingfeather Saga credit · stylized + grooming,enviado
2026-09-06,Ansharstudios,office@ansharstudios.com,Senior Character Artist · Wingfeather Saga credit · stylized + grooming,enviado
2026-09-06,Antagonist,hello@antagonist.no,Senior Character Artist · Wingfeather Saga credit · stylized + grooming,enviado
2026-09-06,Apoglabs,jobs@apoglabs.com,Senior Character Artist · Wingfeather Saga credit · stylized + grooming,enviado
2026-09-06,Arrowheadgs,contact@arrowheadgs.com,Senior Character Artist · Wingfeather Saga credit · stylized + grooming,enviado
2026-09-06,Artificer,jobs@artificer.com,Senior Character Artist · Wingfeather Saga credit · stylized + grooming,enviado
2026-09-06,Arumastudios,contact@arumastudios.com,Senior Character Artist · Wingfeather Saga credit · stylized + grooming,enviado
2026-09-06,Aurorapunks,hello@aurorapunks.com,Senior Character Artist · Wingfeather Saga credit · stylized + grooming,enviado
2026-09-06,Awakenrealms,publishing@awakenrealms.com,Senior Character Artist · Wingfeather Saga credit · stylized + grooming,enviado
2026-09-06,Axesinmotion,jobs@axesinmotion.com,Senior Character Artist · Wingfeather Saga credit · stylized + grooming,enviado
2026-09-06,Babyrobotgames,join@babyrobotgames.com,Senior Character Artist · Wingfeather Saga credit · stylized + grooming,enviado
2026-09-06,Bandit Island,contact@bandit-island.com,Senior Character Artist · Wingfeather Saga credit · stylized + grooming,enviado
2026-09-06,Betadwarf,info@betadwarf.com,Senior Character Artist · Wingfeather Saga credit · stylized + grooming,enviado
2026-09-06,Binaryimpact,jobs@binaryimpact.de,Senior Character Artist · Wingfeather Saga credit · stylized + grooming,enviado
2026-09-06,Bitfallstudios,official@bitfallstudios.de,Senior Character Artist · Wingfeather Saga credit · stylized + grooming,enviado
2026-09-06,Bitmapgalaxy,info@bitmapgalaxy.com,Senior Character Artist · Wingfeather Saga credit · stylized + grooming,enviado
2026-09-06,Blinkink,josef@blinkink.co.uk,Senior Character Artist · Wingfeather Saga credit · stylized + grooming,enviado
2026-09-06,Bluebackpack,info@bluebackpack.com,Senior Character Artist · Wingfeather Saga credit · stylized + grooming,enviado
2026-09-06,Bongfish,contact@bongfish.com,Senior Character Artist · Wingfeather Saga credit · stylized + grooming,enviado
2026-09-06,Boombit,jobs@boombit.com,Senior Character Artist · Wingfeather Saga credit · stylized + grooming,enviado
2026-09-06,Boxdragon,jobs@boxdragon.se,Senior Character Artist · Wingfeather Saga credit · stylized + grooming,enviado
2026-09-06,Boxelware,jobs@boxelware.de,Senior Character Artist · Wingfeather Saga credit · stylized + grooming,enviado
2026-09-06,Brandnewschool,garrett@brandnewschool.com,Senior Character Artist · Wingfeather Saga credit · stylized + grooming,enviado
2026-09-06,Breadcrumbsinteractive,contact@breadcrumbsinteractive.com,Senior Character Artist · Wingfeather Saga credit · stylized + grooming,enviado
2026-09-06,Brokenbirdgames,contact@brokenbirdgames.com,Senior Character Artist · Wingfeather Saga credit · stylized + grooming,enviado
2026-09-06,Bulkhead,info@bulkhead.com,Senior Character Artist · Wingfeather Saga credit · stylized + grooming,enviado
2026-09-06,Byterockers,jobs@byterockers.games,Senior Character Artist · Wingfeather Saga credit · stylized + grooming,enviado
2026-09-06,Campfirecabal,contact@campfirecabal.com,Senior Character Artist · Wingfeather Saga credit · stylized + grooming,enviado
2026-09-06,Carse & Waterman,gary@carseandwaterman.com,Senior Character Artist · Wingfeather Saga credit · stylized + grooming,enviado
2026-09-06,Cat Astrophe Games,contact@cat-astrophe-games.com,Senior Character Artist · Wingfeather Saga credit · stylized + grooming,enviado
2026-09-06,Chaosmonger,info@chaosmonger.com,Senior Character Artist · Wingfeather Saga credit · stylized + grooming,enviado
2026-09-06,Chimera Entertainment,info@chimera-entertainment.de,Senior Character Artist · Wingfeather Saga credit · stylized + grooming,enviado
2026-09-06,Cigames,info@cigames.com,Senior Character Artist · Wingfeather Saga credit · stylized + grooming,enviado
2026-09-06,Cinicgames,jobs@cinicgames.com,Senior Character Artist · Wingfeather Saga credit · stylized + grooming,enviado
2026-09-06,Cm,join@cm.games,Senior Character Artist · Wingfeather Saga credit · stylized + grooming,enviado
2026-09-06,Cobalt Lane,mail@cobalt-lane.com,Senior Character Artist · Wingfeather Saga credit · stylized + grooming,enviado
2026-09-06,Counterspellstudios,contact@counterspellstudios.com,Senior Character Artist · Wingfeather Saga credit · stylized + grooming,enviado
2026-09-06,Creature Factory,info@creature-factory.com,Senior Character Artist · Wingfeather Saga credit · stylized + grooming,enviado
2026-09-06,Creepyjar,office@creepyjar.com,Senior Character Artist · Wingfeather Saga credit · stylized + grooming,enviado
2026-09-06,Cyberneticwalrus,info@cyberneticwalrus.com,Senior Character Artist · Wingfeather Saga credit · stylized + grooming,enviado
2026-09-06,Daedalic,scouting@daedalic.com,Senior Character Artist · Wingfeather Saga credit · stylized + grooming,enviado
2026-09-06,Deadastronauts,hello@deadastronauts.games,Senior Character Artist · Wingfeather Saga credit · stylized + grooming,enviado
2026-09-06,Deck13,info@deck13.com,Senior Character Artist · Wingfeather Saga credit · stylized + grooming,enviado; RECUSADA em 16/09 por Karen Galicia (recrutadora, humana): sem vaga que encaixe agora, mandou olhar a pagina de carreiras; RESPONDIDA em 16/09 as 12h25
2026-09-06,Donkey,jobs@donkey.team,Senior Character Artist · Wingfeather Saga credit · stylized + grooming,enviado
2026-09-06,Doublemoose,jobs@doublemoose.com,Senior Character Artist · Wingfeather Saga credit · stylized + grooming,enviado
2026-09-06,Draconicinteractive,hello@draconicinteractive.com,Senior Character Artist · Wingfeather Saga credit · stylized + grooming,enviado
2026-09-06,Drakkardev,jobs@drakkardev.com,Senior Character Artist · Wingfeather Saga credit · stylized + grooming,enviado
2026-09-06,Drawdistance,contact@drawdistance.dev,Senior Character Artist · Wingfeather Saga credit · stylized + grooming,enviado
2026-09-06,Dungeonsofhinterberg,hello@dungeonsofhinterberg.com,Senior Character Artist · Wingfeather Saga credit · stylized + grooming,enviado
2026-09-06,Eallin,jozef.lipa@eallin.com,Senior Character Artist · Wingfeather Saga credit · stylized + grooming,enviado
2026-09-06,Easytrigger,info@easytrigger.com,Senior Character Artist · Wingfeather Saga credit · stylized + grooming,enviado
2026-09-06,Emberstorm,support@emberstorm.de,Senior Character Artist · Wingfeather Saga credit · stylized + grooming,enviado
2026-09-06,Eremitegames,contact@eremitegames.com,Senior Character Artist · Wingfeather Saga credit · stylized + grooming,enviado
2026-09-06,Experiment101,info@experiment101.com,Senior Character Artist · Wingfeather Saga credit · stylized + grooming,enviado
2026-09-06,Farfromhome,jobs@farfromhome.games,Senior Character Artist · Wingfeather Saga credit · stylized + grooming,enviado
2026-09-06,Fatbot Games,info@fatbot-games.com,Senior Character Artist · Wingfeather Saga credit · stylized + grooming,enviado
2026-09-06,Filmic Art,moa@filmic.se,Senior Character Artist · Wingfeather Saga credit · stylized + grooming,enviado
2026-09-06,Flamebaitgames,jobs@flamebaitgames.com,Senior Character Artist · Wingfeather Saga credit · stylized + grooming,enviado
2026-09-06,Flowfiregames,contact@flowfiregames.com,Senior Character Artist · Wingfeather Saga credit · stylized + grooming,enviado
2026-09-06,Flyingwildhog,contact@flyingwildhog.com,Senior Character Artist · Wingfeather Saga credit · stylized + grooming,enviado
2026-09-06,Foxter,arico@foxter.es,Senior Character Artist · Wingfeather Saga credit · stylized + grooming,enviado
2026-09-06,Framestore,lizi.bedford@framestore.com,Senior Character Artist · Wingfeather Saga credit · stylized + grooming,enviado
2026-09-06,Freefallgames,office@freefallgames.dev,Senior Character Artist · Wingfeather Saga credit · stylized + grooming,enviado
2026-09-06,Friendlyfoe,contact@friendlyfoe.se,Senior Character Artist · Wingfeather Saga credit · stylized + grooming,enviado
2026-09-06,Frima Studio,jimmy.lemay@frimastudio.com,Senior Character Artist · Wingfeather Saga credit · stylized + grooming,enviado
2026-09-06,Funcom,contact@funcom.com,Senior Character Artist · Wingfeather Saga credit · stylized + grooming,enviado
2026-09-06,Funpunchgames,jobs@funpunchgames.com,Senior Character Artist · Wingfeather Saga credit · stylized + grooming,enviado
2026-09-06,Games Farm,levelup@games-farm.com,Senior Character Artist · Wingfeather Saga credit · stylized + grooming,enviado
2026-09-06,Geometricinteractive,info@geometricinteractive.com,Senior Character Artist · Wingfeather Saga credit · stylized + grooming,enviado
2026-09-06,Grubyentertainment,jobs@grubyentertainment.com,Senior Character Artist · Wingfeather Saga credit · stylized + grooming,enviado
2026-09-06,Gummycat,hello@gummycat.com,Senior Character Artist · Wingfeather Saga credit · stylized + grooming,enviado
2026-09-06,Hammerandravens,info@hammerandravens.com,Senior Character Artist · Wingfeather Saga credit · stylized + grooming,enviado
2026-09-06,Happyvolcano,hello@happyvolcano.com,Senior Character Artist · Wingfeather Saga credit · stylized + grooming,enviado
2026-09-06,Heycarbon,mmcmanus@heycarbon.com,Senior Character Artist · Wingfeather Saga credit · stylized + grooming,enviado
2026-09-06,Hindsight Studios,info@hindsight-studios.de,Senior Character Artist · Wingfeather Saga credit · stylized + grooming,enviado
2026-09-06,I Illusions,hello@i-illusions.com,Senior Character Artist · Wingfeather Saga credit · stylized + grooming,enviado
2026-09-06,Idreams,jobs@idreams.pl,Senior Character Artist · Wingfeather Saga credit · stylized + grooming,enviado
2026-09-06,Invisiblewalls,info@invisiblewalls.co,Senior Character Artist · Wingfeather Saga credit · stylized + grooming,enviado
2026-09-06,Ioi,ioi@ioi.dk,Senior Character Artist · Wingfeather Saga credit · stylized + grooming,enviado
2026-09-06,Kaikogames,info@kaikogames.com,Senior Character Artist · Wingfeather Saga credit · stylized + grooming,enviado
2026-09-06,Kaleidoscube,contact@kaleidoscube.com,Senior Character Artist · Wingfeather Saga credit · stylized + grooming,enviado
2026-09-06,Keengames,info@keengames.com,Senior Character Artist · Wingfeather Saga credit · stylized + grooming,enviado
2026-09-06,Knucklehead Studios,contact@knucklehead-studios.com,Senior Character Artist · Wingfeather Saga credit · stylized + grooming,enviado
2026-09-06,Krakenempire,contact@krakenempire.com,Senior Character Artist · Wingfeather Saga credit · stylized + grooming,enviado
2026-09-06,Linceworks,contact@linceworks.com,Senior Character Artist · Wingfeather Saga credit · stylized + grooming,enviado
2026-09-06,Littlebat,hello@littlebat.games,Senior Character Artist · Wingfeather Saga credit · stylized + grooming,enviado
2026-09-06,Loyalkaspar,david@loyalkaspar.com,Senior Character Artist · Wingfeather Saga credit · stylized + grooming,enviado
2026-09-06,Ludomotion,info@ludomotion.com,Senior Character Artist · Wingfeather Saga credit · stylized + grooming,enviado
2026-09-06,Luma Pictures,ericr@lumapictures.com,Senior Character Artist · Wingfeather Saga credit · stylized + grooming,bounce
2026-09-06,Mangatar,careers@mangatar.net,Senior Character Artist · Wingfeather Saga credit · stylized + grooming,"bounce DEFINITIVO em 09/09 as 15h10 (antes era so atraso). Causa medida e ela vale para a CASA INTEIRA: o dominio mangatar.net NAO TEM REGISTRO MX NENHUM. A consulta DNS devolve so o SOA, sem resposta de MX, entao o Gmail cai no registro A (104.19.154.92, IP web da Cloudflare), que nao fala SMTP na porta 25, e o resultado e timeout e Action failed. CONSEQUENCIA PRATICA: o info@mangatar.net que o site publica vai quicar exatamente igual, e reenviar para ele e trabalho perdido. A unica rota viva da casa e o formulario em mangatar.net/contact/, que e Gravity Forms com reCAPTCHA e so renderiza por JavaScript"
2026-09-06,Manorlords,recruitment@manorlords.com,Senior Character Artist · Wingfeather Saga credit · stylized + grooming,enviado
2026-09-06,Marmalademail,jobs@marmalademail.com,Senior Character Artist · Wingfeather Saga credit · stylized + grooming,enviado
2026-09-06,Massivegalaxy,contact@massivegalaxy.com,Senior Character Artist · Wingfeather Saga credit · stylized + grooming,enviado
2026-09-06,Mechanistry,hello@mechanistry.com,Senior Character Artist · Wingfeather Saga credit · stylized + grooming,enviado
2026-09-06,Megagonindustries,info@megagonindustries.com,Senior Character Artist · Wingfeather Saga credit · stylized + grooming,enviado
2026-09-06,Midnight,hr@midnight.works,Senior Character Artist · Wingfeather Saga credit · stylized + grooming,enviado
2026-09-06,Milkstonestudios,contact@milkstonestudios.com,Senior Character Artist · Wingfeather Saga credit · stylized + grooming,enviado
2026-09-06,Mirage VFX,patrickf@mirage-vfx.com,Senior Character Artist · Wingfeather Saga credit · stylized + grooming,enviado
2026-09-06,Monstercouch,contact@monstercouch.com,Senior Character Artist · Wingfeather Saga credit · stylized + grooming,enviado
2026-09-06,Moonmonster,jobs@moonmonster.be,Senior Character Artist · Wingfeather Saga credit · stylized + grooming,enviado
2026-09-06,Mp2,hi@mp2.dk,Senior Character Artist · Wingfeather Saga credit · stylized + grooming,enviado
2026-09-06,Niekoplay,info@niekoplay.com,Senior Character Artist · Wingfeather Saga credit · stylized + grooming,enviado
2026-09-06,Nomint,marilena@nomint.com,Senior Character Artist · Wingfeather Saga credit · stylized + grooming,enviado
2026-09-06,Northplay,hey@northplay.co,Senior Character Artist · Wingfeather Saga credit · stylized + grooming,enviado
2026-09-06,Nukklear,jobs@nukklear.com,Senior Character Artist · Wingfeather Saga credit · stylized + grooming,enviado
2026-09-06,Offroadgames,hi@offroadgames.co,Senior Character Artist · Wingfeather Saga credit · stylized + grooming,enviado
2026-09-06,Omlgames,b.dowgielski@omlgames.com,Senior Character Artist · Wingfeather Saga credit · stylized + grooming,enviado
2026-09-06,Outbluegames,info@outbluegames.com,Senior Character Artist · Wingfeather Saga credit · stylized + grooming,enviado
2026-09-06,Overhypestudios,contact@overhypestudios.com,Senior Character Artist · Wingfeather Saga credit · stylized + grooming,enviado
2026-09-06,Overthetopgames,contact@overthetopgames.com,Senior Character Artist · Wingfeather Saga credit · stylized + grooming,enviado
2026-09-06,Parasight,jobs@parasight.studio,Senior Character Artist · Wingfeather Saga credit · stylized + grooming,enviado
2026-09-06,Piccolo Studio,join@piccolo-studio.com,Senior Character Artist · Wingfeather Saga credit · stylized + grooming,enviado
2026-09-06,Piranha Bar,gavin.k@piranhabar.ie,Senior Character Artist · Wingfeather Saga credit · stylized + grooming,enviado
2026-09-06,Pixel Maniacs,jobs@pixel-maniacs.com,Senior Character Artist · Wingfeather Saga credit · stylized + grooming,enviado
2026-09-06,Pixelperfectdude,jobs@pixelperfectdude.com,Senior Character Artist · Wingfeather Saga credit · stylized + grooming,enviado
2026-09-06,Platige Image,bkujbida@platige.com,Senior Character Artist · Wingfeather Saga credit · stylized + grooming,enviado
2026-09-06,Playa Games,contact@playa-games.com,Senior Character Artist · Wingfeather Saga credit · stylized + grooming,enviado
2026-09-06,Proxy Studios,info@proxy-studios.com,Senior Character Artist · Wingfeather Saga credit · stylized + grooming,enviado
2026-09-06,Redskygames,info@redskygames.com,Senior Character Artist · Wingfeather Saga credit · stylized + grooming,enviado
2026-09-06,Redthreadgames,jobs@redthreadgames.com,Senior Character Artist · Wingfeather Saga credit · stylized + grooming,enviado
2026-09-06,Reikongames,hello@reikongames.com,Senior Character Artist · Wingfeather Saga credit · stylized + grooming,enviado
2026-09-06,Robotgentleman,hello@robotgentleman.com,Senior Character Artist · Wingfeather Saga credit · stylized + grooming,enviado
2026-09-06,Rodeofx,dferrand@rodeofx.com,Senior Character Artist · Wingfeather Saga credit · stylized + grooming,bounce
2026-09-06,Rubberbandgames,employment@rubberbandgames.com,Senior Character Artist · Wingfeather Saga credit · stylized + grooming,enviado
2026-09-06,Rucach,contact@rucach.com,Senior Character Artist · Wingfeather Saga credit · stylized + grooming,enviado
2026-09-06,Sassybot,work@sassybot.com,Senior Character Artist · Wingfeather Saga credit · stylized + grooming,enviado
2026-09-06,Sedleo,jobs@sedleo.com,Senior Character Artist · Wingfeather Saga credit · stylized + grooming,enviado
2026-09-06,Shadowoftheroad,team@shadowoftheroad.com,Senior Character Artist · Wingfeather Saga credit · stylized + grooming,enviado
2026-09-06,Silkroadstudios,jobs@silkroadstudios.net,Senior Character Artist · Wingfeather Saga credit · stylized + grooming,enviado
2026-09-06,Slipgate Ironworks,jobs@slipgate-ironworks.com,Senior Character Artist · Wingfeather Saga credit · stylized + grooming,enviado
2026-09-06,Spectralgames,jobs@spectralgames.com,Senior Character Artist · Wingfeather Saga credit · stylized + grooming,enviado
2026-09-06,SSVFX,dnolan@ssvfx.ie,Senior Character Artist · Wingfeather Saga credit · stylized + grooming,enviado
2026-09-06,Stardust Effects,kai@stardusteffects.no,Senior Character Artist · Wingfeather Saga credit · stylized + grooming,enviado
2026-09-06,Starward,info@starward.co,Senior Character Artist · Wingfeather Saga credit · stylized + grooming,enviado
2026-09-06,Stickylock,info@stickylock.com,Senior Character Artist · Wingfeather Saga credit · stylized + grooming,enviado
2026-09-06,Talisman,contact@talisman.games,Senior Character Artist · Wingfeather Saga credit · stylized + grooming,enviado
2026-09-06,Team Reptile,contact@team-reptile.com,Senior Character Artist · Wingfeather Saga credit · stylized + grooming,enviado
2026-09-06,Telegael,morgan@telegael.com,Senior Character Artist · Wingfeather Saga credit · stylized + grooming,enviado
2026-09-06,Tendril,amanda@tendril.ca,Senior Character Artist · Wingfeather Saga credit · stylized + grooming,enviado
2026-09-06,The Artistocrats,contact@the-artistocrats.com,Senior Character Artist · Wingfeather Saga credit · stylized + grooming,enviado
2026-09-06,The Sequence Group,luke@thesequencegroup.com,Senior Character Artist · Wingfeather Saga credit · stylized + grooming,enviado
2026-09-06,Theastronauts,contact@theastronauts.com,Senior Character Artist · Wingfeather Saga credit · stylized + grooming,enviado
2026-09-06,Theembassyvfx,swoo@theembassyvfx.com,Senior Character Artist · Wingfeather Saga credit · stylized + grooming,enviado
2026-09-06,Thefarm51,jobs@thefarm51.com,Senior Character Artist · Wingfeather Saga credit · stylized + grooming,enviado
2026-09-06,Themill,beatrice.bauwens@themill.com,Senior Character Artist · Wingfeather Saga credit · stylized + grooming,enviado
2026-09-06,Thoseawesomeguys,contact@thoseawesomeguys.com,Senior Character Artist · Wingfeather Saga credit · stylized + grooming,enviado
2026-09-06,Time Based Arts,tom@time-based-arts.com,Senior Character Artist · Wingfeather Saga credit · stylized + grooming,enviado
2026-09-06,Torquemada Games,jobs@torquemada-games.com,Senior Character Artist · Wingfeather Saga credit · stylized + grooming,bounce
2026-09-06,Totalmayhemgames,info@totalmayhemgames.com,Senior Character Artist · Wingfeather Saga credit · stylized + grooming,enviado
2026-09-06,Triband,hello@triband.net,Senior Character Artist · Wingfeather Saga credit · stylized + grooming,enviado
2026-09-06,Unionvfx,recruit@unionvfx.com,Senior Character Artist · Wingfeather Saga credit · stylized + grooming,enviado
2026-09-06,Untold Studios,lukegroves@untoldstudios.tv,Senior Character Artist · Wingfeather Saga credit · stylized + grooming,enviado
2026-09-06,User T38,patricia.cano@usert38.com,Senior Character Artist · Wingfeather Saga credit · stylized + grooming,enviado
2026-09-06,Veomstudio,info@veomstudio.com,Senior Character Artist · Wingfeather Saga credit · stylized + grooming,enviado
2026-09-06,Virtuos,dub-careers@virtuosgames.com,Senior Character Artist · Wingfeather Saga credit · stylized + grooming,enviado
2026-09-06,Coffee Stain Studios,-,"Teamtailor coffeestainstudios - ENVIO EXISTE, registro faltava: recibo de Maria Sjoman e recibo automatico no-reply, ambos em 06/09. (linha reconstruida em 11/09 pela reconciliacao contra os recibos da caixa de entrada, que e a fonte de verdade; o registro faltava, o envio nao)",portal-enviado
2026-09-06,Fatshark,-,"Teamtailor fatshark - ENVIO EXISTE, registro faltava: recibo de Rachel Raschke e recibo automatico no-reply, ambos em 06/09. (linha reconstruida em 11/09 pela reconciliacao contra os recibos da caixa de entrada, que e a fonte de verdade; o registro faltava, o envio nao)",portal-enviado
2026-09-06,Frame Break,-,"Teamtailor framebreak - ENVIO EXISTE, registro faltava: recibo do Frame Break Team em 06/09 e recibo automatico no-reply em 07/09. (linha reconstruida em 11/09 pela reconciliacao contra os recibos da caixa de entrada, que e a fonte de verdade; o registro faltava, o envio nao)",portal-enviado
2026-09-06,Raw Power Games,-,"Teamtailor rawpowergames - ENVIO EXISTE, registro faltava: recibo de Craig McHugh e recibo automatico no-reply, ambos em 06/09. (linha reconstruida em 11/09 pela reconciliacao contra os recibos da caixa de entrada, que e a fonte de verdade; o registro faltava, o envio nao)",portal-enviado
2026-09-07,Fool's Theory,-,"Open Applications (Bielsko-Biala, Polonia) - Teamtailor 3594555 - CANDIDATURA ENVIADA e confirmada na tela: Applied to Open Applications. Thanks for applying",portal-enviado
2026-09-07,Axolot Games,-,"Open Application (candidatura espontanea, Estocolmo) - Teamtailor req 3583177 - CANDIDATURA ENVIADA e confirmada na tela: Tack for din ansokan",portal-enviado
2026-09-07,Ankama,-,"Artiste 3D F/H (Roubaix ou Paris, Franca, CDI) - Teamtailor 8131050 - CANDIDATURA ENVIADA e confirmada na tela: A postule a Artiste 3D. Merci pour votre candidature",portal-enviado
2026-09-07,Sharkmob,-,"Connect (banco de talentos) Malmo e Londres - CADASTRO FEITO e conferido por recarga: CV vini_cavalcanti_cv.pdf no /connect/resume, telefone +55, duas localidades marcadas",portal-enviado
2026-09-07,Ghost Ship Games,-,"Connect / banco de talentos (Copenhague) - Teamtailor Connect - CADASTRO FEITO e confirmado na tela: Welcome to Connect, com CV anexado",portal-enviado
2026-09-07,Resolution Games,-,"Connect (banco de talentos) Estocolmo e Linkoping - CADASTRO FEITO e conferido por recarga: departamento Game Art, funcao 3D Artist, CV anexado, duas localidades marcadas",portal-enviado
2026-09-07,Snowprint Studios,-,"Connect / banco de talentos (Estocolmo) - Teamtailor Connect - CADASTRO FEITO e confirmado no dashboard: Welcome to Connect, com CV anexado",portal-enviado
2026-09-07,KING Art Games,-,"Speculative Application (Bremen, presencial, efetiva) - Personio 2615138 - CANDIDATURA ENVIADA e confirmada na tela: THANK YOU We have received your application and will contact you shortly",portal-enviado
2026-09-07,Funday Games,-,"Unsolicited Application (Copenhague, Dinamarca) - Teamtailor 7277761 - CANDIDATURA ENVIADA e confirmada na tela: Applied to Unsolicited Application. Thanks for applying",portal-enviado
2026-09-07,Circus,-,"Candidatura espontanea pelo formulario oficial (Paris) - departamento Modeling, posicao 3D Artist - ENVIADA e confirmada na tela: Thanks for contacting us! We will be in touch with you shortly",portal-enviado
2026-09-07,MOOD Visuals,-,Unsolicited Application (Copenhague) - Teamtailor 2732447 - CANDIDATURA ENVIADA e confirmada na tela: Applied to Unsolicited Application. Thanks for applying,portal-enviado
2026-09-07,Icefall Interactive,-,"Character Artist (Nelson, BC, Canada, contrato) - formulario proprio CF7 - CANDIDATURA ENVIADA e confirmada na tela: Thank you for your message. It has been sent",portal-enviado
2026-09-07,Sloclap,-,"Connect / banco de talentos (Paris, Franca) - departamento CHARACTER ARTIST - CADASTRO ENVIADO e confirmado: /connect/dashboard com Welcome to Connect, com CV anexado",portal-enviado
2026-09-07,Union VFX,-,Candidatura espontanea Send us your CV (Londres) - formulario proprio sem captcha - ENVIADA e confirmada na tela: Application Received!,portal-enviado
2026-09-07,Anima Vitae,-,Open Application Helsinque - Contact Form 7 sem captcha - ENVIADA e confirmada na tela: Thank you for your message. It has been sent,portal-enviado
2026-09-07,Ocellus Studio,-,"SPONTANEOUS APPLICATION (Lyon, Franca) - departamento Chara 3D LP / HP - CANDIDATURA ENVIADA e confirmada por redirecionamento para /application-sent: THANK YOU FOR YOUR APPLICATION. We will be in touch shortly",portal-enviado
2026-09-07,SYBO,-,"Connect (banco de talentos) Copenhague e Londres - CADASTRO FEITO e conferido por recarga: departamento Art, CV anexado, duas localidades marcadas",portal-enviado
2026-09-07,Arrowhead Game Studios,-,"Connect (banco de talentos) Estocolmo - CADASTRO FEITO e conferido por recarga: departamento Art e funcao 3D Artist (Character Art), CV anexado, tres perguntas do wizard respondidas",portal-enviado
2026-09-07,Toca Boca,-,"Spontaneous Application (Estocolmo, Suecia) - Jobylon 78681, candidatura 18273561 - CANDIDATURA ENVIADA e confirmada na tela: Thank you for your application",portal-enviado
2026-09-07,NC America / NCSOFT West,-,"Open Applications (Greenhouse ncamerica, req 4052911009, Irvine CA) - CANDIDATURA ENVIADA e confirmada na tela: Thank you for applying. Your application has been received. Estudio novo achado ao revalidar anuncio de agregador",portal-enviado
2026-09-07,Embark Studios,-,"Connect (banco de talentos) Estocolmo - CADASTRO FEITO e conferido por recarga: departamento Content e funcao Art, CV anexado, Estocolmo marcada",portal-enviado
2026-09-07,Spin VFX,-,"Work With Us (candidatura espontanea, Toronto) - CANDIDATURA ENVIADA e confirmada na tela: Thanks for contacting us! We will get in touch with you shortly. Formulario proprio Gravity Forms sem captcha",portal-enviado
2026-09-07,DiscoGarage Games,-,"Open Application (Estocolmo, Suecia) - formulario proprio WordPress - CANDIDATURA ENVIADA: POST no ajax-handler.php com 200, formulario limpo e cartao recolhido, que o codigo do tema so faz quando response.success e verdadeiro",portal-enviado
2026-09-07,Prismatic Studios,-,"3D Character Artist (Auckland, Nova Zelandia) - formulario proprio Forminator - CANDIDATURA ENVIADA e CONFIRMADA: resposta do POST em admin-ajax.php {success:true, message: Thank you for contacting us, we will be in touch}. Corrige bug de cinco tentativas anteriores com CV e Cover Letter trocados de campo",portal-enviado
2026-09-07,PLAYERUNKNOWN Productions,-,"Connect (banco de talentos, Amsterda) - CADASTRO FEITO e conferido por recarga: departamento All (sem opcao de Art), CV anexado, telefone e endereco corretos",portal-enviado
2026-09-07,Starbreeze,-,"Connect (banco de talentos) Estocolmo - CADASTRO FEITO e conferido por recarga: departamento Art, CV anexado, Estocolmo marcada",portal-enviado
2026-09-07,Bond Street Film,-,"3D Generalist (Estocolmo, Suecia) - Jobylon 148210, candidatura 18273594 - CANDIDATURA ENVIADA e confirmada na tela: Tack for din ansokan!",portal-enviado
2026-09-07,Alps Studios,-,"Candidatura espontanea (Turim) - Google Form paginado - departamento VFX-3D, funcao 3D Modeler/Texture/Shading e Character FX/Groom, nivel Senior - ENVIADA e confirmada na tela: Thank you for you application. You have been added to our HR database",portal-enviado
2026-09-07,Crater Studio,-,"Modeling Artist (Belgrado, Servia) - Expression of Interest (acordeao) - ENVIADA e confirmada na tela: Thank You abaixo do formulario",portal-enviado
2026-09-07,Doghouse Films,-,"Candidature Spontanee (Differdange, Luxemburgo) - formulario proprio Odoo, sem captcha - ENVIADA e confirmada na tela: Felicitations! Congratulations! Votre candidature a bien ete envoyee / Your application has been successfully sent",portal-enviado
2026-09-07,Red Visual Effects,-,"Opportunities (Soho, Reino Unido) - formulario proprio, sem captcha - ENVIADA e confirmada na tela: Message received (icone de confirmacao)",portal-enviado
2026-09-07,Netflix Animation (Jason Figliozzi),jfigliozzi@netflix.com,Senior Character Artist · Wingfeather Saga credit · stylized + grooming,"BOUNCE 03h55 UTC (Address not found). QUARTO bounce seguido em netflix.com: dcasey, danc, bsick e agora jfigliozzi. Endereco montado por padrao, nao publicado. A casa fica FECHADA por essa porta: nao montar mais endereco de netflix.com por padrao, so endereco visto publicado."
2026-09-07,Hydraulx VFX,vancouverjobs@hydraulx.com,Senior Character Artist · Wingfeather Saga credit · stylized + grooming,"BOUNCE 03h55 UTC (The email account that you tried to reach does not exist). O endereco vinha da propria pagina de carreiras deles, entao a caixa foi desativada e nao e erro de montagem. Vaga Senior Modeler em Vancouver continua de pe; a porta agora depende de achar outro endereco publicado."
2026-09-07,Aggro Crab,nick@aggrocrab.com,Senior Character Artist · Wingfeather Saga credit · stylized + grooming,enviado
2026-09-07,Artjail,gene@artjail.com,Senior Character Artist · Wingfeather Saga credit · stylized + grooming,enviado
2026-09-07,Circus,loic@circus.fr,Senior Character Artist · Wingfeather Saga credit · stylized + grooming,enviado
2026-09-07,Cosmicogames,contact@cosmicogames.com,Senior Character Artist · Wingfeather Saga credit · stylized + grooming,enviado
2026-09-07,Floating Rock,nathan.santell@floating-rock.com,Senior Character Artist · Wingfeather Saga credit · stylized + grooming,enviado
2026-09-07,Floating Rock,hello@floating-rock.com,Senior Character Artist · Wingfeather Saga credit · stylized + grooming,enviado
2026-09-07,GIANTSTEP,sunho.park@giantstep.co.kr,Senior Character Artist · Wingfeather Saga credit · stylized + grooming,bounce
2026-09-07,Kerosenevfx,studio@kerosenevfx.com,Senior Character Artist · Wingfeather Saga credit · stylized + grooming,enviado
2026-09-07,Lightbox Animation Studios,rrhh@lbox.es,Senior Character Artist · Wingfeather Saga credit · stylized + grooming,enviado
2026-09-07,Lucasfilm e ILM,ibusquets@ilm.com,Senior Character Artist · Wingfeather Saga credit · stylized + grooming,enviado
2026-09-07,Mathematic,guillaume.marien@mathematicfilm.com,Senior Character Artist · Wingfeather Saga credit · stylized + grooming,enviado
2026-09-07,Milford,demian.zarins@milford.se,Senior Character Artist · Wingfeather Saga credit · stylized + grooming,enviado
2026-09-07,Ninjatheory,jobs@ninjatheory.com,Senior Character Artist · Wingfeather Saga credit · stylized + grooming,enviado
2026-09-07,Noghost,jobs@noghost.co.uk,Senior Character Artist · Wingfeather Saga credit · stylized + grooming,enviado
2026-09-07,Peruncreative,jobs@peruncreative.com,Senior Character Artist · Wingfeather Saga credit · stylized + grooming,enviado
2026-09-07,Pinpinteam,contact@pinpinteam.com,Senior Character Artist · Wingfeather Saga credit · stylized + grooming,enviado
2026-09-07,Powerhouseanimation,lwood@powerhouseanimation.com,Senior Character Artist · Wingfeather Saga credit · stylized + grooming,enviado
2026-09-07,Realtimeuk,jane@realtimeuk.com,Senior Character Artist · Wingfeather Saga credit · stylized + grooming,enviado
2026-09-07,Riot Games,barmitage@riotgames.com,Senior Character Artist · Wingfeather Saga credit · stylized + grooming,enviado
2026-09-07,Starbreeze,marina.jonsdottir@starbreeze.com,Senior Character Artist · Wingfeather Saga credit · stylized + grooming,enviado
2026-09-07,Stunlock Studios,helenat@stunlockstudios.com,Senior Character Artist · Wingfeather Saga credit · stylized + grooming,enviado
2026-09-07,Themainframe,jobs@themainframe.com,Senior Character Artist · Wingfeather Saga credit · stylized + grooming,enviado
2026-09-07,Tonic DNA,howard@tonicdna.com,Senior Character Artist · Wingfeather Saga credit · stylized + grooming,enviado
2026-09-07,Ubisoft Massive (Jevgeni Laur),henrick.pelletier@ubisoft.com,Senior Character Artist · Wingfeather Saga credit · stylized + grooming,enviado
2026-09-07,Visual Creatures,andy@visualcreatures.com,Senior Character Artist · Wingfeather Saga credit · stylized + grooming,enviado
2026-09-07,Wētā FX,tforbes@wetafx.co.nz,Senior Character Artist · Wingfeather Saga credit · stylized + grooming,enviado
2026-09-07,Zoic Studios,smelchiorre@zoicstudios.com,Senior Character Artist · Wingfeather Saga credit · stylized + grooming,enviado
2026-09-07,UPP (Universal Production Partners),-,Texture Artist — candidatura enviada via API própria do formulário (upp.cz/api/submit-application)," confirmação do servidor ""Thank you for your application! We will get back to you as soon as possible.""",portal-enviado
2026-09-07,UPP (Universal Production Partners),-,Senior 3D Generalist — candidatura enviada via API própria do formulário (upp.cz/api/submit-application)," confirmação do servidor ""Thank you for your application! We will get back to you as soon as possible.""",portal-enviado
2026-09-07,Engine Room Hollywood,-,Candidatura espontanea (3D artist) — enviada via endpoint REST do Contact Form 7," confirmacao do servidor ""Thank you for your message. It has been sent.""",portal-enviado
2026-09-07,REALTIME UK,-,Register Your Interest (Manchester, remoto) — CONFIRMADA no /connect/dashboard, aplicacao 253450424 listada em Your applications; a tentativa de 08h51 tinha entrado apesar da tela vazia,portal-confirmado
2026-09-07,Ironbird Creations,-,3D Artist (Krakow, fully remote) - candidatura enviada e confirmada via Teamtailor propria (careers.ironbirdcreations.com)," URL final /applications/<uuid>/thanks/... e texto ""Thanks for applying. We have received your application""",portal-enviado
2026-09-07,Juice,-,"Candidatura espontanea (Apply anyway) via formulario proprio j.studio/jobs — SEM CAPTCHA; confirmacao na tela ""Thank you for your interest in Juice! We see all the applications but only those shortlisted will be contacted personally. Your resume will be entered into our database.""",portal-enviado
2026-09-07,Envar Studio,-,"Teamtailor envarstudio - ENVIO EXISTE, registro faltava: recibo de Soledad Trejo em 07/09, ""reviewing your application for Senior 3D Environment Artist"". ENCAIXE DITO COMO E: a candidatura foi de AMBIENTE, nao de personagem. (linha reconstruida em 11/09 pela reconciliacao contra os recibos da caixa de entrada, que e a fonte de verdade; o registro faltava, o envio nao)",portal-enviado
2026-09-07,Vine FX,-,"Teamtailor vinefx - ENVIO EXISTE, registro faltava: recibo de Leah Chapman em 07/09, ""your application for CG Generalist & Compositors - Manchester Based"". ENCAIXE DITO COMO E: generalista, nao personagem. (linha reconstruida em 11/09 pela reconciliacao contra os recibos da caixa de entrada, que e a fonte de verdade; o registro faltava, o envio nao)",portal-enviado
2026-09-08,DNEG Animation (Montreal),-,"Character Modeler (DNEG Animation), Montreal, hibrido/remoto - CANDIDATURA ENVIADA E CONFIRMADA por TRES provas independentes: POST /submitApplication devolveu 200, a URL virou /applyConfirmation, e a tela diz APPLICATION SENT! We will review your application and will contact you if it's a good match. Jobvite, familia de ATS NOVA na campanha. Nenhum desafio de captcha apareceu, antes nem depois do clique.",portal-enviado
2026-09-08,DNEG Animation (Londres),-,"Groom TD (DNEG ANIM), Londres - CANDIDATURA ENVIADA E CONFIRMADA pelas mesmas TRES provas: POST /submitApplication 200, URL /applyConfirmation, tela APPLICATION SENT!. Grooming e o diferencial dele. A vaga IRMA da DNEG Londres traz veto de visto em destaque e esta NAO traz nenhum, medido no anuncio inteiro.",portal-enviado
2026-09-08,Cinesite (Eamonn Butler),ebutler@cinesite.com,"BOUNCE PERMANENTE as 17h56, 550 5.1.1 'The email account that you tried to reach does not exist'. Endereco MONTADO pelo padrao inicial+sobrenome@cinesite.com, nao publicado.",bounce
2026-09-08,Image Engine (Daniel Cox),danielc@image-engine.com,"BOUNCE PERMANENTE as 17h55, 550 5.1.1. Endereco MONTADO pelo padrao nome+inicial@image-engine.com, nao publicado.",bounce
2026-09-08,DNEG,Facial Modeller (DNEG VFX) - Expression of interest,Reino Unido (Londres),portal,https://jobs.jobvite.com/double-negative-visual-effects/job/oF9Yyfw4/apply,enviada,APPLICATION SENT! We will review your application and will contact you if it is a good match
2026-09-08,Sandbox Interactive,Lead 3D Environment Artist (m/f/d),"Alemanha (Berlim, hibrido)",portal,https://sandboxinteractive.teamtailor.com/jobs/8094866-lead-3d-environment-artist-m-f-d/applications/new,enviada,"Thanks for applying. We have received your application and we will be reviewing it shortly. TRES provas: tela, URL /thanks/ e recibo por email as 20h04 assinado por Annie Ngo"
2026-09-08,Playdead,3D Environment Artist,Dinamarca (Copenhague),portal,https://playdead.breezy.hr/p/a235c228566a01-3d-environment-artist,enviada,Application Submitted. Your application has been submitted successfully. Good luck!
2026-09-09,Airship Interactive,Character Artist (freelance pool),"Inglaterra (Malvern), rede global",portal,https://airshipinteractive.teamtailor.com/jobs/8281687-character-artist,enviada,Thanks for applying. We have received your application and we will be reviewing it shortly
2026-09-09,beffio,Lead 3D Artist / Environment / World Building / Unity3D (Remote/Permanent),"Polonia (Poznan) / remoto, efetivo",portal,https://careers.beffio.com/jobs/6653367-lead-3d-artist-environment-world-building-unity3d-remote-permanent,enviada,"Thanks for applying. DUAS PROVAS: tela de agradecimento do Teamtailor e recibo por email as 00h30 de tom.lassota arroba beffio.teamtailor-mail.com, 'Thank you for your application. We value your interest in joining our team! We will review your application in detail for Lead 3D Artist / Environment / World Building / Unity3D'. Quarta candidatura na casa, disciplina de ambiente e nao de personagem"
2026-09-09,Loonshot Games,3D Environment Artist - Project AA (3 anos ou mais),"Coreia do Sul (Seul, presencial)",portal,https://job-boards.greenhouse.io/loonshotgames/jobs/8085897002,enviada,"Thank you for applying. TRES PROVAS: URL job-boards.greenhouse.io/loonshotgames/jobs/8085897002/confirmation, o texto na tela e recibo de career arroba krafton.com as 00h36 nomeando '3D Environment Artist - Project AA'. Codigo de seguranca s34wgerc. Requisicao que ficou segurada em 07 e 08/09 pela regra de uma por casa por dia"
2026-09-09,Disney / ILM London,Pre-Visualisation Generalist Artist (All Levels) - ILM London,"Reino Unido (Londres, hibrido)",portal,https://disney.wd5.myworkdayjobs.com/en-US/disneycareerdc/job/London-United-Kingdom/Pre-Visualisation-Generalist-Artist--All-Levels-----ILM-London_10137201-2,enviada,"Application Submitted. TRES PROVAS: URL disney.wd5.myworkdayjobs.com/en-US/disneycareerdc/jobTasks/completed/application, o texto 'Your information has been submitted' e a propria area do candidato listando a requisicao 10137201 como Application Received. Quadro disneycareerdc, que a campanha nunca tinha tocado. REGRA 14"
2026-09-09,Netflix Animation Studios,Character Modeling Supervisor,"Australia (Sydney, hibrido 3 dias)",portal,https://netflix.wd108.myworkdayjobs.com/en-US/Netflix/job/Sydney/Character-Modeling-Supervisor_JR41751,enviada,"Application Submitted. Your application has successfully been submitted. TRES PROVAS: URL netflix.wd108.myworkdayjobs.com/en-US/Netflix/jobTasks/completed/application, o texto na tela e a area do candidato listando JR41751. Conta nova criada no locatario netflix, pod wd108, com a senha padrao da campanha"
2026-09-09,Cloud Imperium Games (Star Citizen),Vehicle Artist,Reino Unido (Manchester),portal,https://cloudimperiumgames.wd503.myworkdayjobs.com/en-US/CIG_Global_Careers/job/Manchester/Vehicle-Artist_JR101515-1,enviada,"TRES PROVAS: URL cloudimperiumgames.wd503.myworkdayjobs.com/en-US/CIG_Global_Careers/jobTasks/completed/application, o texto 'We are currently evaluating your experience and qualifications' e a area do candidato listando JR101515 como In Progress. Conta nova no locatario cloudimperiumgames, pod wd503. RESSALVA DE ENCAIXE, escrita: e hard surface de veiculo, nao personagem"
2026-09-09,Walla Walla Studio,3D Environment/Tech artist (Unity),"Ucrania (Kyiv) / remoto, contrato por hora",portal,https://wws.breezy.hr/p/f1578014d426-3d-environment-tech-artist-unity/apply,enviada,"Application Submitted. Your application has been submitted successfully. DUAS PROVAS: URL /apply/submitted e o texto na tela, mais o POST 204 para app.breezy.hr/api/apply/f1578014d426. RESSALVA DE ENCAIXE dita na propria carta: o anuncio pede portfolio de cenas fotorrealistas em Unity e o centro do portfolio dele e personagem estilizado"
2026-09-09,Maverick Games,Speculative Application (candidatura espontanea),Reino Unido (Warwick),portal,https://maverick-games.pinpointhq.com/en/postings/2cfec945-308c-4ab1-aace-a2398c2daf87/applications/new,enviada,Thanks. Your application was received successfully. DUAS PROVAS: URL /applications/thanks com token e o texto na tela. PRIMEIRA candidatura da campanha por Pinpoint. NAO E VAGA NOMEADA: e porta espontanea
2026-09-09,Eyeline Studios (Netflix),Lead Modeler,"Coreia do Sul (Seul, presencial)",portal,https://netflix.wd108.myworkdayjobs.com/en-US/Eyeline/job/Eyeline-Seoul/Lead-Modeler_JR40923,enviada,"Application Submitted. Your application has successfully been submitted. TRES PROVAS: URL netflix.wd108.myworkdayjobs.com/en-US/Eyeline/jobTasks/completed/application, o texto na tela e a area do candidato listando Lead Modeler. Braco de VFX da Netflix, quadro Eyeline, marca e time de contratacao distintos da Netflix Animation"
2026-09-09,Activision,Associate Art Director (projeto 3D mobile de IP estabelecida),"EUA (Santa Monica, CA, presencial 4 dias)",portal,https://xboxgaming.wd1.myworkdayjobs.com/en-US/External/job/Santa-Monica/Associate-Art-Director_R028122-1,enviada,"TRES PROVAS: URL xboxgaming.wd1.myworkdayjobs.com/en-US/External/jobTasks/completed/application, o texto 'As we are evaluating your qualifications' e a area do candidato listando R028122 como Under Review. Faixa publicada USD 126.800 a 234.580; pedida a BASE. Conta nova no locatario xboxgaming, pod wd1"
2026-09-09,Game Boost,"Open application, Game Artists",Suecia (Estocolmo; hibrido e remoto),portal,https://www.gameboost.se/jobs/2814432-open-application-game-artists-game-boost-home-of-game-gigs-sweden-hybrid-remote,enviada,"Thanks for applying. We have received your application and we will be reviewing it shortly. DUAS PROVAS: URL /applications/<uuid>/thanks/<token> e o texto na tela. O BLOQUEIO DE REDE DE 07/09 CAIU: o quadro respondia 502 no proxy com erro de certificado e hoje responde 200. RESSALVA: e intermediacao de contrato e gig, nao efetiva. Respondido NAO em titulos AA/AAA, que e a verdade"
2026-09-01,Disney / ILM London,Lead Texture Artist - ILM London (10159371),Reino Unido (Londres),portal,https://disney.wd5.myworkdayjobs.com/en-US/disneycareer/job/London-United-Kingdom/Lead-Texture-Artist---ILM-London_10159371,enviada,"LINHA ACRESCENTADA EM 09/09 PARA FECHAR FALHA DE REGISTRO: a candidatura existe e esta no processados.csv, mas nunca tinha entrado aqui, o que subcontou o dia. Enviada pelo Workday da Disney e RECUSADA em 01/09, seguiram com candidatos mais alinhados"
2026-09-02,Disney / ILM London,Senior Texture Artist - ILM London (10159370),Reino Unido (Londres),portal,https://disney.wd5.myworkdayjobs.com/en-US/disneycareer/job/London-United-Kingdom/Senior-Texture-Artist---ILM-London_10159370,enviada,"LINHA ACRESCENTADA EM 09/09 PARA FECHAR FALHA DE REGISTRO: candidatura enviada pelo Workday da Disney com status Application Received, registrada no processados.csv e nunca aqui. Requisicao NOVA e distinta da Lead Texture Artist 10159371. RECUSADA em 03/09"
2026-09-02,ILP VFX,-,"Teamtailor ilpvfx - ENVIO EXISTE, registro faltava: recibo de Eleonora Matrella em 02/09 e recibo automatico no-reply em 06/09. (linha reconstruida em 11/09 pela reconciliacao contra os recibos da caixa de entrada, que e a fonte de verdade; o registro faltava, o envio nao)",portal-enviado
2026-09-02,Radical Forge,-,"Teamtailor radicalforge - ENVIO EXISTE, registro faltava: recibo de Alex Whittle e recibo automatico no-reply, ambos em 02/09. (linha reconstruida em 11/09 pela reconciliacao contra os recibos da caixa de entrada, que e a fonte de verdade; o registro faltava, o envio nao)",portal-enviado
2026-09-02,Blizzard Entertainment,-,"LEAD CHARACTER ARTIST - OVERWATCH (Irvine, California) na Blizzard/Activision. Linha reconstruida em 12/09 as 10h05: o ENVIO EXISTIA e o registro faltava, mesmo padrao da Stunlock. ENVIO: recibo de activision@myworkday.com em 02/09 as 23h32, assunto """"We have Got Your Activision Blizzard King Application"""", corpo citando """"your application for Lead Character Artist - Overwatch | Irvine, CA"""". RECUSA: em 12/09 as 08h17, do mesmo remetente, assunto """"Thank You For Your Interest In Our Lead Character Artist - Overwatch | Irvine, CA Position"""", texto """"We regret to inform you that we will not be moving forward with your application"""". NAO RESPONDIDA, porque activision@myworkday.com e caixa automatica de ATS que nao aceita resposta. O QUE ISTO ENSINA, e vale mais que a linha: era vaga de LEAD CHARACTER ARTIST, ou seja exatamente a disciplina e o nivel dele, numa casa AAA. Ficou 10 dias em analise antes do nao. Nao houve teste, nao houve conversa. Isso reforca o que ja estava medido em 10/09: as respostas positivas vieram de PESSOA COM NOME e as recusas vieram de ATS. Candidatura por portal em casa grande, mesmo no cargo certo, tem sido caminho de recusa silenciosa.",recusado
2026-09-04,Disney / ILM Sydney,Senior Modeler - ILM Sydney (10159882),Australia (Sydney),portal,https://disney.wd5.myworkdayjobs.com/en-US/disneycareer/job/Sydney-Australia/Senior-Modeler_10159882,enviada,"LINHA ACRESCENTADA EM 09/09 PARA FECHAR FALHA DE REGISTRO: candidatura enviada e confirmada na tela pelo Workday oficial da Disney, com o Candidate Home listando 10159882 como Application Received, registrada no processados.csv e nunca aqui. E a vaga mais alinhada do quadro da Disney para o portfolio dele"
2026-09-09,Disney / ILM Vancouver,Lead Generalist Artist,"Canada (Vancouver, BC)",portal,https://disney.wd5.myworkdayjobs.com/en-US/disneycareerdc/job/Vancouver-BC-Canada/Lead-Generalist-Artist_10142674,enviada,"Application Submitted. TRES PROVAS: URL disney.wd5.myworkdayjobs.com/en-US/disneycareerdc/jobTasks/completed/application, o texto 'Your information has been submitted' e a area do candidato listando a requisicao 10142674 como Application Received em 09/09. Faixa publicada CAD 126.800 a 162.300, pretensao pedida na base. REGRA 14 e a ordem direta do Vini de 09/09 de ser o primeiro em vaga de arte do grupo Disney. Segunda candidatura da Disney no mesmo dia: a regra de uma por casa por rodada cedeu para a ordem dele"
2026-09-09,Netflix Animation Studios (Vancouver),Environment Modeling Supervisor,"Canada (Vancouver, presencial)",portal,https://netflix.wd108.myworkdayjobs.com/en-US/Netflix/job/Vancouver/Environment-Modeling-Supervisor_JR39446,enviada,"Application Submitted, requisicao JR39446, faixa publicada CAD 167.000 a 212.000 e pretensao pedida na base. TRES PROVAS: o texto 'Your application has successfully been submitted', 'You have no more tasks' e a propria pagina da vaga passando a dizer 'You applied for this job on September 9, 2026' com link View Application. ATENCAO PARA AS PROXIMAS: o Candidate Home deste locatario (netflix.wd108) esta QUEBRADO, devolve 'There are 1 error(s)' nos dois sites, Netflix e Eyeline; a prova nesse locatario se tira na PAGINA DA VAGA, nao na area do candidato. Regua de vinte termos: dois acertos, 'This role is based in Vancouver' e 'Minimum of 3 days a week in the office', os dois falsos positivos conhecidos (onde a vaga FICA e presenca hibrida), nenhum veto escrito. Ambiente e nao personagem, mas com supervisao e em estudio de animacao, que e onde esta o credito do Wingfeather"
2026-09-09,Netflix Animation Studios (Vancouver),Environment Surfacing Supervisor,"Canada (Vancouver, presencial)",portal,https://netflix.wd108.myworkdayjobs.com/en-US/Netflix/job/Vancouver/Environment-Surfacing-Supervisor_JR39273,enviada,"Application Submitted, requisicao JR39273, faixa publicada CAD 163.000 a 223.000 e pretensao pedida na base, a maior faixa da fila do Workday. TRES PROVAS: URL netflix.wd108/en-US/Netflix/jobTasks/completed/application, o texto 'Your application has successfully been submitted' e a pagina da vaga passando a dizer 'You applied for this job on September 9, 2026'. Regua de vinte termos: dois acertos, os falsos positivos conhecidos de onde a vaga FICA e de presenca hibrida, nenhum veto escrito. Surfacing e textura e look dev, que e disciplina dele; segunda vaga da mesma casa no mesmo dia, e desta vez de disciplina diferente da anterior"
2026-09-09,"Eyeline Studios (Netflix), Seul",Modeling Supervisor,Coreia do Sul (Seul),portal,https://netflix.wd108.myworkdayjobs.com/en-US/Eyeline/job/Eyeline-Seoul/Modeling-Supervisor_JR40941,enviada,"Application Submitted, requisicao JR40941. TRES PROVAS: URL netflix.wd108/en-US/Eyeline/jobTasks/completed/application, 'Your application has successfully been submitted' e a pagina da vaga passando a dizer 'You applied for this job on September 9, 2026'. E a nº 1 da fila do Workday, a mais proxima do centro do portfolio de todas as que sobravam: supervisao de MODELAGEM. Regua de vinte termos: tres acertos e os tres falsos positivos de 'within the industry', 'within the defined pipeline' e 'within the team', nenhum veto escrito. Patrocinio respondido Yes, realocacao Yes, contratado ou ex-Netflix No, ingles Advanced. Sem faixa publicada e em Seul: pretensao sem numero, com a frase de alinhamento, que foi o que passou na Eyeline em 08/09. LIBERADA PELO FUSO: a candidatura anterior da casa saiu 00h20 UTC, que e 21h20 do dia anterior no fuso do Vini, entao o relogio de uma por casa por dia ja tinha virado"
2026-09-09,Netflix Animation Studios (Sydney),Environment Modeling Supervisor,"Australia (Sydney, hibrido 3 dias)",portal,https://netflix.wd108.myworkdayjobs.com/en-US/Netflix/job/Sydney/Environment-Modeling-Supervisor_JR41734,enviada,"Application Submitted, requisicao JR41734. TRES PROVAS: URL netflix.wd108/en-US/Netflix/jobTasks/completed/application, 'Your application has successfully been submitted' e a pagina da vaga passando a dizer 'You applied for this job on September 9, 2026'. Regua de vinte termos: dois acertos e os dois sao falso positivo conhecido, 'This role is based out of Sydney' e 'Minimum of 3 days a week in the office'. Sem faixa publicada: AUD 110.000, que e a regra de casa grande na Australia, com a frase de alinhamento. SEGUNDA da mesma sede no dia, e a PARO AQUI: a Surfacing Supervisor de Sydney JR41749 fica para a proxima rodada, porque tres candidaturas na mesma sede no mesmo dia leem como disparo automatico"
2026-09-09,Airship Interactive,Groom Artist (banco de freelance global),Inglaterra (Malvern) - rede GLOBAL de freelance,portal,https://airshipinteractive.teamtailor.com/jobs/8281721-groom-artist,enviada,"TRES PROVAS: a tela 'Thanks for applying. We have received your application and we will be reviewing it shortly', a URL de confirmacao terminando em /thanks, e a propria area do candidato mostrando 'Applied 2' na casa. ARMADILHA NOVA E SERIA, medida aqui: o Teamtailor NAO completou a candidatura no envio; devolveu /applications/email_verification_needed com o texto 'Just one step left to complete your application'. So virou candidatura depois de abrir o link de verificacao que chegou no email dele. Carta propria, escrita para groom e nao reaproveitada da Character Artist. Grooming continua sendo plano B e nunca o cargo procurado: a carta diz isso com todas as letras, que o centro dele e personagem e o groom e a parte do mesmo trabalho que ele entrega de ponta a ponta"
2026-09-09,Sony Pictures Imageworks,Environment Artist,"Canada (Vancouver, BC)",portal,https://job-boards.greenhouse.io/sonypicturesimageworks/jobs/6669063003,enviada,"TRES PROVAS: URL de confirmacao job-boards.greenhouse.io/sonypicturesimageworks/jobs/6669063003/confirmation, o texto 'Thank you for your interest in Sony Pictures Imageworks and for taking the time to apply' na tela, e o recibo por email de no-reply arroba imageworks.com as 11h24 nomeando a vaga: 'thank you for taking the time to apply to the following position, Environment Artist'. Greenhouse com codigo de seguranca por email. Regua de vinte termos: um acerto, 'within the context of a mature pipeline', falso positivo, nenhum veto. Autorizacao respondida com a VERDADE: 'I will need a work permit' e 'I live outside of CAN'. Departamento DIFERENTE dos que ele ja tinha mandado nesta casa (modelagem em 02/09 e textura em 06/09), e a ultima candidatura aqui foi ha tres dias"
2026-09-09,"Eyeline Studios (Netflix), Seul",Lead Surfacing Artist,Coreia do Sul (Seul),portal,https://netflix.wd108.myworkdayjobs.com/en-US/Eyeline/job/Eyeline-Seoul/Lead-Surfacing-Artist_JR40928,enviada,"TRES PROVAS: URL netflix.wd108/en-US/Eyeline/jobTasks/completed/application, 'Your application has successfully been submitted' e a pagina da vaga dizendo 'You applied for this job on September 9, 2026'. Surfacing e textura e look development, que sao disciplina dele. Regua de vinte termos: um acerto, 'within the industry', falso positivo. Patrocinio Yes, realocacao Yes, ingles Advanced"
2026-09-09,Netflix Animation Studios (Sydney),Environment Surfacing Supervisor,"Australia (Sydney, hibrido 3 dias)",portal,https://netflix.wd108.myworkdayjobs.com/en-US/Netflix/job/Sydney/Environment-Surfacing-Supervisor_JR41749,enviada,"TRES PROVAS: URL netflix.wd108/en-US/Netflix/jobTasks/completed/application, 'Your application has successfully been submitted' e a pagina da vaga dizendo 'You applied for this job on September 9, 2026'. Regua: um acerto, 'Minimum of 3 days a week in the office', falso positivo conhecido. Sem faixa publicada: AUD 110.000 pela regra de casa grande na Australia"
2026-09-09,Airship Interactive,Environment Artist (banco de freelance global),Inglaterra (Malvern) - rede GLOBAL de freelance,portal,https://airshipinteractive.teamtailor.com/jobs/8281674-environment-artist,enviada,"TRES PROVAS: a tela 'Thanks for applying. We have received your application and we will be reviewing it shortly', a URL terminando em /thanks e o marcador Applied na propria pagina. Como a irma Groom Artist, o Submit NAO completou sozinho: caiu em email_verification_needed e so virou candidatura depois de abrir o link de verificacao na caixa dele. Carta PROPRIA, escrita para ambiente e nao reaproveitada, e ela diz com todas as letras que o centro dele e personagem e que ambiente e a parte da mesma entrega que ele carrega de ponta a ponta. Fecha as TRES portas do banco da Airship: Character em 08/09 no fuso dele, Groom e Environment hoje"
2026-09-09,Epic Games,Senior Environment Artist (req 6001731004),"Cary, Carolina do Norte, EUA",portal,https://job-boards.greenhouse.io/embed/job_app?for=epicgames&token=6001731004,enviada,"DUAS PROVAS: URL final .../embed/job_app/confirmation?for=epicgames&token=6001731004 e o texto na tela 'Thank you for applying. Your application has been received'. Greenhouse pediu codigo de seguranca por email, lido no Gmail (email das 14h13m32s UTC) e digitado nos 8 campos de um digito. REGRA DO CODIGO, ja medida antes e respeitada aqui: cada clique no Submit gera codigo NOVO e invalida o anterior, entao o envio rodou em segundo plano e o codigo so foi buscado DEPOIS do marcador EMAIL CODE REQUIRED. Patrocinio de visto respondido YES, que e a verdade. Vaga e da colaboracao da Epic com a DISNEY, texto do anuncio: 'to help build several initiatives as part of our collaboration with Disney'. Regua de vinte termos rodada no texto integral: os unicos acertos sao a clausula anti-agencia ('unauthorized third party') e um 'not only... but also', os dois falsos positivos conhecidos. Ressalva honesta de encaixe, nao e veto: pede 'At minimum, 3 shipped titles which exhibit AAA game quality art'. Ambiente e plano B declarado; o centro dele continua sendo personagem"
2026-09-09,Blizzard Entertainment,Environment Artist - Unannounced Game (req R028112),"Irvine, California, EUA (presencial)",portal,https://xboxgaming.wd1.myworkdayjobs.com/Blizzard_External_Careers/job/Irvine---Blizzard---Blizzard-Way/Environment-Artist---Unannounced-Game---Irvine--CA_R028112,enviada,"DUAS PROVAS: a tela 'Application Submitted. Your application has been received' e a AREA DO CANDIDATO listando 'Environment Artist - Unannounced Game | R028112 | Under Review | September 9, 2026'. Publicada em 08/09, um dia antes. PRIMEIRA candidatura por PORTAL na Blizzard: os tres contatos anteriores foram por email (um entregue, dois quicaram). Autorizacao legal respondida NO e patrocinio de visto YES, que e a verdade; realocacao YES. Grau gravado 'Master's or Post Graduate Degree - Incomplete', que e o correto. Fonte respondida OTHER, e nao LinkedIn, porque a vaga veio de agregador (Grackle) e nenhum locatario lista agregador pelo nome: fonte e campo de verdade, nao de conveniencia. RESSALVA QUE O VINI PRECISA SABER: o site publico careers.blizzard.com/global/en/job/R028112 diz 'the job you are trying to apply for has been filled', mas o Workday por tras dele devolve canApply true, posted true, sem endDate, e aceitou a candidatura com numero de acompanhamento. O invólucro publico e o ATS discordam, e quem manda e o ATS que recebeu"
2026-09-09,Makeshift Software,Senior Environment Artist (vaga 300611),"Columbus, Ohio, EUA (remoto 3 a 6 meses, depois hibrido)",portal,https://jobs.gohire.io/makeshift-software-hnqmphxc/senior-environment-artist-300611/,enviada,"DUAS PROVAS: POST 200 em api.gohire.io/apply?clientHash=hnqMpHxc&jobId=300611 e a tela 'Application Sent! Congratulations, we've received your application for Senior Environment Artist'. Jogo Hexborn, action-RPG dark fantasy em Unity. Faixa publicada USD 145.000 a 150.000; carta diz alinhado a base da faixa, conforme a regra de 04/09. Regua de vinte termos: ZERO acertos no texto integral. Carta PROPRIA para ambiente, e ela diz com todas as letras que o centro dele e personagem e que ambiente e a outra metade da mesma entrega. Segunda vaga desta casa: a Senior Character Modeler 299993 saiu em 07/09, e esta e requisicao diferente e disciplina diferente. FAMILIA DE ATS NOVA para a campanha: GoHire, e ela PASSA"
2026-09-09,Absolute Post,chris.batten@ e danny.duke@absolutepost.com,"DOMINIO NAO RECEBE EMAIL, medido em 09/09 as 19h34 pelo codigo SMTP: 451 4.4.4 Mail received as unauthenticated, incoming to a recipient domain configured in a hosted tenant which has no mail-enabled subscriptions. Traduzindo: o absolutepost.com APONTA o MX para o Microsoft 365 (absolutepost-com.mail.protection.outlook.com), mas o locatario nao tem assinatura habilitada para email, entao o servidor existe e recusa tudo. NAO E GREYLISTING E NAO E TEMPORARIO apesar do codigo 4.x.x: a causa e de configuracao da conta deles. DUAS cartas presas por isso, a do Danny Duke (diretor de Film e TV, enviada 06/09, janela de retentativa acaba hoje) e a do Chris Batten (enviada 08/09, retentativa ate 11/09). CONSEQUENCIA: os OITO enderecos publicados na pagina de contato deles (annabel.bennett@, belinda.grew@, kayleigh.dugdale@, leianna.gilmartin@, producers.ldn@, sian.hagan@ e os dois ja usados) vao falhar IGUAL, porque o problema e do dominio e nao da caixa. NAO REENVIAR por email nenhum. E nao ha rota alternativa hoje: absolutepost.com/careers responde 404 e o site nao tem ATS.",bounce-dominio
2026-09-09,Mob Entertainment,Senior Hard Surface Artist (req 5233607007),"Estados Unidos (remoto, #LI-Remote)",portal,https://job-boards.greenhouse.io/mobentertainment/jobs/5233607007,enviada,"DUAS PROVAS: a URL de confirmacao job-boards.greenhouse.io/embed/job_app/confirmation?for=mobentertainment&token=5233607007 e o texto na tela 'Thank you for applying. Your application has been received. If there is a fit, someone will be getting back to you. Sincerely, Mob Entertainment Team'. Exigiu CODIGO DE SEGURANCA por email do Greenhouse, lido no Gmail e digitado nos oito campos. CV e carta anexados e CONFERIDOS pelo nome do arquivo dentro do formulario antes do clique. Patrocinio respondido com a VERDADE (Yes, preciso de visto) e o pais informado como Olinda, Brasil, com intencao escrita de trabalhar dos Estados Unidos. Faixa publicada USD 82.000 a 140.000 conforme a cidade."
2026-09-09,ustwo games,Senior Environment Artist (job_Kn8xX76scpWFSwBrWpGA),"Reino Unido (Londres, Oval; hibrido ou remoto)",portal,https://ustwo-games.homerun.co/senior-environment-artist/en/apply,enviada,"TRES PROVAS: POST 200 em ustwo-games.homerun.co/senior-environment-artist/en_GB/apply?&step=3, a URL final terminando em step=4, e o texto na tela 'Your application has been submitted! Expect a response shortly after we have reviewed your application.' ZERO captcha na pagina. CV anexado com recibo do S3 (204). Regua de vinte termos: ZERO acertos no anuncio integral de 2.897 caracteres."
2026-09-10,Riot Games,Principal 3D Character Artist - Unpublished R&D Product (req 8163170),Estados Unidos (Los Angeles),portal,https://job-boards.greenhouse.io/embed/job_app?for=riotgames&token=8163170,enviada,DUAS PROVAS: a URL job-boards.greenhouse.io/embed/job_app/confirmation?for=riotgames&token=8163170 e o texto na tela 'Thank you for applying to Riot Games. We are excited and humbled that you would like to join us! ... You will hear from us if it seems like there might be a match for this or another role.' Exigiu codigo de seguranca por email do Greenhouse. CV e carta anexados e conferidos pelo nome do arquivo dentro do formulario antes do clique.
2026-09-10,Fenris Creations (ex-CCP Games),Islandia (Reykjavik),https://careers.fenriscreations.com/register-your-interest/new,ENVIADA,"CANDIDATURA ENVIADA E CONFIRMADA as 04h5x UTC de 10/09, e ela e DE PERSONAGEM, que e o ponto depois da correcao de rumo dele. TRES PROVAS: POST 302 em careers.fenriscreations.com/themes/6591/register-your-interest, URL final terminando em /thanks, e o texto na tela: Thanks. You have successfully registered your interest. Next Steps: You will shortly receive a confirmation email, and will be notified of any roles that come along that meet your criteria. Zero iframe de captcha na pagina. O recibo por email ainda nao tinha chegado no minuto seguinte ao envio; o Gmail devolveu vazio para fenris em newer_than:1d. O QUE ESTAVA QUEBRADO, e era MEU: em 09/09 o servidor recusou com Answers boolean answer can t be blank e eu registrei como pergunta condicional que nao aparecia. A causa real, medida hoje, e outra: a pergunta de visto NAO e caixa de texto, e BOOLEANA, e os radios dela nao valem Yes e No, valem true e false. O acharPorTitulo montava sempre um id _text_answer, campo que nao existe nesse slot, o combo era pulado com NAO ACHEI e o formulario ia sem a resposta obrigatoria. DUAS CORRECOES no pin_interesse.js: (1) acharPorTitulo agora devolve o SLOT e diz a forma real da resposta, procurando _text_answer, _boolean_answer, _choice_answer e _answer, e caindo nos radios do slot quando nenhum campo existe; a traducao Yes->true e No->false e explicita e nunca por aproximacao. (2) a leitura de volta na tela vinha VAZIA em sete dos oito combos e o alarme NAO CONFERE era falso: neste ATS o valor escolhido nao esta no innerText do contentor, esta no value do proprio input ou na option selecionada do select irmao escondido. A leitura agora tenta as tres em ordem. Depois da correcao os OITO combos conferiram na tela, incluindo o Other da localizacao, que foi o campo em que o clique caiu em USA/Canada em 09/09."
2026-09-10,Behaviour Interactive,Senior 3D Character Artist - Dead By Daylight (Lever 18024240-e637-409f-a647-b422541e2dc7),"Canada (Montreal, hibrido)",portal,https://jobs.lever.co/bhvr/18024240-e637-409f-a647-b422541e2dc7,enviada,"ENVIADA A MAO POR ELE e confirmada pelo recibo do Lever as 03h53 UTC de 10/09 (no-reply@hire.lever.co, 'we received your application for Senior 3D Character Artist - Dead By Daylight'). O hCaptcha que barrava a automacao nao barrou o navegador dele. PERSONAGEM."
2026-09-10,Frontier Developments,Experienced Character Artist (Lever EU 3571ace3-9f1a-4db2-9e2b-5eb8c8487181),"Reino Unido (Cambridge, hibrido)",portal,https://jobs.eu.lever.co/frontier/3571ace3-9f1a-4db2-9e2b-5eb8c8487181,enviada,"ENVIADA A MAO POR ELE e confirmada pelo recibo do Lever EU as 03h57 UTC de 10/09 (no-reply@hire.eu.lever.co, 'we received your application for Experienced Character Artist'). O anuncio promete pacote completo de realocacao. PERSONAGEM."
2026-09-10,Lighthouse Games (Tencent),Lead Character Artist (Workable F7F90250DA),"Reino Unido (Royal Leamington Spa, presencial)",portal,https://apply.workable.com/lighthousegames/j/F7F90250DA/,enviada,"ENVIADA A MAO POR ELE e confirmada por DOIS recibos: Workable as 04h00 UTC ('Your application for the Lead Character Artist job was submitted successfully') e um segundo as 04h04 assinado por John Chalkley, Head of Talent Acquisition, do endereco proprio john.chalkley@lighthousegames.com. O Turnstile do Cloudflare nao barrou a mao dele. PERSONAGEM."
2026-09-10,Ubisoft Massive Entertainment,Lead Character Artist [Tom Clancy's The Division 2] (ref REF31739L),"Suecia (Malmo, presencial)",portal,https://jobs.smartrecruiters.com/Ubisoft2/744000144027102,enviada,"ENVIADA A MAO POR ELE e confirmada pelo recibo do SmartRecruiters as 04h03 UTC de 10/09 (notification@smartrecruiters.com, assunto nomeando a vaga inteira). PERSONAGEM."
2026-09-10,Offworld Industries (Squad),3D Character Artist (BambooHR careers/199),"Canada (New Westminster, BC)",portal,https://owi.bamboohr.com/careers/199,enviada,"ENVIADA A MAO POR ELE e confirmada pelo recibo do BambooHR as 04h04 UTC de 10/09 (notifications@app.bamboohr.com, 'Thank you for applying at Offworld', citando a 3D Character Artist pelo nome). O reCAPTCHA v2 de caixa nao barrou a mao dele. PERSONAGEM."
2026-09-10,People Can Fly,(o recibo NAO nomeia a vaga; candidatura c954e4f0-68f9-4e82-93e1-f72f51a7c9b1),Polonia ou Canada (remoto),portal,https://jobs.smartrecruiters.com/PeopleCanFly/744000134528029,enviada,"ENVIADA A MAO POR ELE e confirmada pelo recibo do SmartRecruiters as 04h07 UTC de 10/09. RESSALVA HONESTA: o recibo nao diz qual requisicao recebeu a candidatura, entao o que esta provado e que uma candidatura entrou na People Can Fly, e nao qual. Conferir por Access My Application antes de qualquer nova tentativa."
2026-09-10,Avalanche Studios Group,Lead Character Artist (Lever 8f7bd580-5877-446e-83cb-97bb1fce0f6a),"Suecia (Estocolmo, hibrido)",portal,https://jobs.lever.co/avalanchestudios/8f7bd580-5877-446e-83cb-97bb1fce0f6a,enviada,"ENVIADA A MAO POR ELE e confirmada pelo recibo do Lever as 04h08 UTC de 10/09 (no-reply@hire.lever.co, 'we received your application for the Lead Character Artist position'). O campo Current location, que voltava vazio do nosso IP, preencheu no navegador dele. PERSONAGEM."
2026-09-10,TTK Games AB,"Character Artist (Pinpoint, vaga 561860)","Suecia (Estocolmo, hibrido, efetivo)",portal,https://ttkgames.com/careers/job?id=561860,enviada,"ENVIADA A MAO POR ELE e confirmada pelo recibo do Pinpoint as 04h09 UTC de 10/09 (ttkgames@pinpoint.email, 'Thank you for applying for the Character Artist position at TTK Games AB'). Faixa publicada de 34.000 a 47.000 SEK por mes. O reCAPTCHA invisivel nao reprovou a sessao dele. PERSONAGEM."
2026-09-09,Artifex Animation Studios (A.A. Studios),mhall@aavfx.com,Senior Character Artist · Wingfeather Saga credit · stylized + grooming,enviado (lote do Apps Script as 16h16-16h17 UTC de 09/09; reconciliado pela caixa de Enviados em 10/09)
2026-09-09,Slap Happy Cartoons,josh@slaphappycartoons.com,Senior Character Artist · Wingfeather Saga credit · stylized + grooming,enviado (lote do Apps Script as 16h16-16h17 UTC de 09/09; reconciliado pela caixa de Enviados em 10/09)
2026-09-09,Big Jump Entertainment,cory@bigjumpent.com,Senior Character Artist · Wingfeather Saga credit · stylized + grooming,enviado (lote do Apps Script as 16h16-16h17 UTC de 09/09; reconciliado pela caixa de Enviados em 10/09)
2026-09-09,Mammal Studios,mvallillo@mammalstudios.com,Senior Character Artist · Wingfeather Saga credit · stylized + grooming,enviado (lote do Apps Script as 16h16-16h17 UTC de 09/09; reconciliado pela caixa de Enviados em 10/09)
2026-09-09,Roof Studio,fernanda@roofstudio.tv,Senior Character Artist · Wingfeather Saga credit · stylized + grooming,enviado (lote do Apps Script as 16h16-16h17 UTC de 09/09; reconciliado pela caixa de Enviados em 10/09)
2026-09-09,Sir Lancelot Animation Studio,daniel.claesson@sirlancelot.se,Senior Character Artist · Wingfeather Saga credit · stylized + grooming,enviado (lote do Apps Script as 16h16-16h17 UTC de 09/09; reconciliado pela caixa de Enviados em 10/09)
2026-09-09,Raynault VFX,jointheteam@raynault.com,Senior Character Artist · Wingfeather Saga credit · stylized + grooming,enviado (lote do Apps Script as 16h16-16h17 UTC de 09/09; reconciliado pela caixa de Enviados em 10/09)
2026-09-09,Red Sky Games,andre.francavilla@redskygames.com,Senior Character Artist · Wingfeather Saga credit · stylized + grooming,enviado (lote do Apps Script as 16h16-16h17 UTC de 09/09; reconciliado pela caixa de Enviados em 10/09)
2026-09-09,The Frank Barton Company,rudy@thefrankbartoncompany.com,Senior Character Artist · Wingfeather Saga credit · stylized + grooming,enviado (lote do Apps Script as 16h16-16h17 UTC de 09/09; reconciliado pela caixa de Enviados em 10/09)
2026-09-09,Keytoon Animation Studio (David Cuevas),david@keytoon.com,Senior Character Artist · Wingfeather Saga credit · stylized + grooming,enviado (lote do Apps Script as 16h16-16h17 UTC de 09/09; reconciliado pela caixa de Enviados em 10/09)
2026-09-09,Binary Impact,sebastianp@binaryimpact.de,Senior Character Artist · Wingfeather Saga credit · stylized + grooming,enviado (lote do Apps Script as 16h16-16h17 UTC de 09/09; reconciliado pela caixa de Enviados em 10/09)
2026-09-09,Pixel Maniacs,steve@pixel-maniacs.com,Senior Character Artist · Wingfeather Saga credit · stylized + grooming,enviado (lote do Apps Script as 16h16-16h17 UTC de 09/09; reconciliado pela caixa de Enviados em 10/09)
2026-09-09,Milkstone Studios,miguelherrero@milkstonestudios.com,Senior Character Artist · Wingfeather Saga credit · stylized + grooming,enviado (lote do Apps Script as 16h16-16h17 UTC de 09/09; reconciliado pela caixa de Enviados em 10/09)
2026-09-09,Pixomondo (PXO),naomi.foakes@pixomondo.com,Senior Character Artist · Wingfeather Saga credit · stylized + grooming,enviado (lote do Apps Script as 16h16-16h17 UTC de 09/09; reconciliado pela caixa de Enviados em 10/09)
2026-09-09,Aardman,pauline.mallam@aardman.com,Senior Character Artist · Wingfeather Saga credit · stylized + grooming,enviado (lote do Apps Script as 16h16-16h17 UTC de 09/09; reconciliado pela caixa de Enviados em 10/09)
2026-09-09,Blue Spirit,eleanor@spirit-prod.com,Senior Character Artist · Wingfeather Saga credit · stylized + grooming,enviado (lote do Apps Script as 16h16-16h17 UTC de 09/09; reconciliado pela caixa de Enviados em 10/09)
2026-09-09,Sphere Animation,mculbert@sphereanimation.com,Senior Character Artist · Wingfeather Saga credit · stylized + grooming,enviado (lote do Apps Script as 16h16-16h17 UTC de 09/09; reconciliado pela caixa de Enviados em 10/09)
2026-09-09,Jumbla,soto@jumbla.com,Senior Character Artist · Wingfeather Saga credit · stylized + grooming,enviado (lote do Apps Script as 16h16-16h17 UTC de 09/09; reconciliado pela caixa de Enviados em 10/09)
2026-09-09,Studio Pancho,patrick@pancho.com.au,Senior Character Artist · Wingfeather Saga credit · stylized + grooming,enviado (lote do Apps Script as 16h16-16h17 UTC de 09/09; reconciliado pela caixa de Enviados em 10/09)
2026-09-09,Unfold Games,jobs@unfoldgames.org,Senior Character Artist · Wingfeather Saga credit · stylized + grooming,enviado (lote do Apps Script as 16h16-16h17 UTC de 09/09; reconciliado pela caixa de Enviados em 10/09)
2026-09-09,Amberdive Interactive,leo@amberdive.com,Senior Character Artist · Wingfeather Saga credit · stylized + grooming,enviado (lote do Apps Script as 16h16-16h17 UTC de 09/09; reconciliado pela caixa de Enviados em 10/09)
2026-09-10,Absolute Post (Danny Duke),danny.duke@absolutepost.com,Senior Character Artist · Wingfeather Saga credit · stylized + grooming,"BOUNCE DEFINITIVO as 03h28 UTC de 10/09, fechando os tres avisos de atraso de 07, 09 e 10/09. Confirma a medicao de 09/09: o dominio absolutepost.com TEM MX no Microsoft 365 e mesmo assim recusa com 451 4.4.4 correio nao autenticado. NAO ha endereco alternativo verificado nesta casa e NADA foi reenviado."
2026-09-10,Valve,"EUA (Bellevue, WA)",https://www.valvesoftware.com/en/jobs?job_id=2,ENVIADA,"3D Character Artist. ENVIADA A MAO PELO PROPRIO VINI em 10/09, informado por ele na madrugada. NAO REAPLICAR. NATUREZA DA PROVA, dita sem maquiar: e a palavra dele, nao ha as tres provas de sempre. O formulario da Valve nao devolve recibo por email, entao nao existe quarta prova a procurar no Gmail, e cobrar tela de confirmacao de quem ja fechou a aba seria burocracia inutil. Era uma das duas ultimas da fila de personagem, e com ela a madrugada fecha em DEZ candidaturas de personagem e ZERO de ambiente."
2026-09-10,Brazen Animation,"Register Your Interest (banco de talentos, Pinpoint)","Estados Unidos (Dallas, Texas)",portal,https://brazenanimation.pinpointhq.com/en/register-your-interest/new,enviada,"DUAS PROVAS: POST 302 para /en/themes/857/register-your-interest com URL final /en/themes/857/register-your-interest/thanks, e o texto na tela 'Thanks. You have successfully registered your interest. NEXT STEPS You will shortly receive a confirmation email, and will be notified of any roles that come along that meet your criteria.' Enviada as 04h40 UTC pelo Jhon, sem captcha nenhum na pagina. Candidatura espontanea escrita como PERSONAGEM: character e creature art, modelagem, escultura, textura, surfacing, look dev e grooming, com o ArtStation no texto porque o formulario nao tem campo de link. CV anexado."
2026-09-10,Rocksteady Studios,"Register Your Interest (banco de talentos, Pinpoint)",Reino Unido (Londres),portal,https://rocksteady.pinpointhq.com/register-your-interest/new,enviada,"CANDIDATURA DE PERSONAGEM ENVIADA E CONFIRMADA em 10/09 pela rota register-your-interest do Pinpoint, sem captcha nenhum na pagina. TRES PROVAS: POST 302 para /themes/297/register-your-interest, URL final https://rocksteady.pinpointhq.com/themes/297/register-your-interest/thanks, e o texto literal na tela ""Thanks. You have successfully registered your interest. Next Steps You will shortly receive a confirmation email, and will be notified of any roles that come along that meet your criteria."" MARCADO Locations=London e Departments=Character E Art: a Rocksteady e a unica casa da campanha cujo quadro nomeia Character como departamento proprio, separado de Art e de Animation. CV anexado, LinkedIn preenchido, Personal Summary de 219 palavras dizendo a verdade sobre visto (nao e cidadao do Reino Unido nem da UE, precisa de patrocinio). GENDER DEIXADO EM BRANCO DE PROPOSITO: a lista da casa oferece so Male, Female e Non-Binary, nao existe Prefer Not To Say, e chute em campo de formulario vira resposta falsa; o campo e opcional e nao esta entre os obrigatorios. DEFEITO ENCONTRADO PELO MODO SECO E CORRIGIDO NO pin_interesse.js, e ele valia a rodada inteira: o campo #job_seeker_form_linkedin_url do Pinpoint e input type=hidden, entao o $() acha o campo e o type() NAO escreve nele, mas o foco fica no campo ANTERIOR e os 42 caracteres da URL do LinkedIn foram digitados dentro do TELEFONE, que passou de 14 para 56 caracteres. Enviar assim entregaria telefone lixo e nenhum LinkedIn. Agora campo escondido e preenchido pelo DOM com evento input e change, e ha blur depois de cada campo. As 11 casas da fila usam esse mesmo seletor, entao o defeito atingiria todas."
2026-09-10,Playground Games,"Register Your Interest (banco de talentos, Pinpoint)",Reino Unido (Leamington Spa),portal,https://playground-games.pinpointhq.com/register-your-interest/new,enviada,"CANDIDATURA DE PERSONAGEM ENVIADA E CONFIRMADA em 10/09 pela rota register-your-interest do Pinpoint, sem captcha nenhum na pagina. TRES PROVAS: POST 302 para /themes/1117/register-your-interest, URL final https://playground-games.pinpointhq.com/themes/1117/register-your-interest/thanks, e o texto literal na tela ""Thanks. You have successfully registered your interest. Next Steps You will shortly receive a confirmation email, and will be notified of any roles that come along that meet your criteria."" ESTA E A PORTA OFICIAL DO QUE A RECRUTADORA PROMETEU: Tolani Durojaye, Associate Recruiter, respondeu a carta de 02/09 dizendo que os dados dele entrariam no talent pool, e o registro aqui e o jeito formal de isso acontecer; o Personal Summary cita a resposta dela pelo nome. DEDUPE CONFERIDO NO MINUTO DO CLIQUE: a unica marca de envio no processados.csv e uma resposta por EMAIL a ela, nao candidatura por portal, e a parede que aparece na busca por Playground e de OUTRO estudio, a casa da Tencent fundada por ex-Playground que fica atras do Turnstile. QUADRO MEIO CONFIGURADO, e isso foi medido e nao suposto: Leamington Spa e local REAL, mas os departamentos ainda sao o conjunto de fabrica (Engineering, Finance, Marketing, Operations, Product, Sales). NAO e conta de demonstracao: nao ha ACME nem Hooli e nao ha divisions. Marcado Product, com a disciplina dita por extenso no Personal Summary, que e onde ela vai ser lida. ESTA CASA NAO TEM CAMPO DE TELEFONE: o #phone-input nao existe no formulario e nenhum input de telefone existe sob outro nome, e nenhum campo obrigatorio ficou de fora. CV anexado, LinkedIn preenchido pelo DOM (campo escondido), Personal Summary de 234 palavras dizendo a verdade sobre visto. Gender deixado em branco de proposito, campo opcional."
2026-09-10,Magnopus,"Register Your Interest (banco de talentos, Pinpoint)",EUA (Los Angeles) e Reino Unido (St Albans),portal,https://magnopus.pinpointhq.com/register-your-interest/new,enviada,"CANDIDATURA DE PERSONAGEM ENVIADA E CONFIRMADA em 10/09 pela rota register-your-interest do Pinpoint, sem captcha nenhum na pagina. TRES PROVAS: POST 302 para /themes/14756/register-your-interest, URL final https://magnopus.pinpointhq.com/themes/14756/register-your-interest/thanks, e o texto literal na tela ""Thanks. You have successfully registered your interest. Next Steps You will shortly receive a confirmation email, and will be notified of any roles that come along that meet your criteria."" CASA INEDITA NA CAMPANHA: o dedupe deu zero ocorrencia nos quatro arquivos. QUADRO TOTALMENTE CONFIGURADO, o melhor da fila depois da Rocksteady: quatro combos marcados e os QUATRO conferiram na tela, Locations = Los Angeles E St Albans, Departments = Art & Animation, e Divisions = Virtual Art Department, que e uma divisao literalmente com esse nome. Nao ha ACME nem Hooli. As duas cidades estao no escopo, uma nos EUA e outra no Reino Unido, e o Personal Summary de 242 palavras diz a verdade sobre visto para as duas: nao e cidadao dos Estados Unidos nem do Reino Unido e precisaria de patrocinio em qualquer um dos dois escritorios. CV anexado, telefone e LinkedIn preenchidos e conferidos. Gender deixado em branco de proposito, campo opcional."
2026-09-10,Singularity 6,"Register Your Interest (banco de talentos, Pinpoint)","EUA (Los Angeles, CA)",portal,https://singularity6.pinpointhq.com/register-your-interest/new,enviada,"CANDIDATURA DE PERSONAGEM ENVIADA E CONFIRMADA em 10/09 pela rota register-your-interest do Pinpoint, sem captcha nenhum na pagina. TRES PROVAS: POST 302 para /themes/2411/register-your-interest, URL final https://singularity6.pinpointhq.com/themes/2411/register-your-interest/thanks, e o texto literal na tela ""Thanks. You have successfully registered your interest. Next Steps You will shortly receive a confirmation email, and will be notified of any roles that come along that meet your criteria."" DEDUPE: so havia carta fria de 02/09 para singularity6.com e um rascunho de follow-up, ZERO marca de envio por portal, rota inedita. Palia e jogo de personagem estilizado, que e exatamente o portfolio dele. QUADRO MEIO CONFIGURADO: Los Angeles, CA e local REAL, departamentos ainda de fabrica, sem ACME nem Hooli e sem divisions; marcado Product com a disciplina dita por extenso no texto. Os dois combos conferiram na tela. Personal Summary de 187 palavras dizendo a verdade sobre visto (nao tem autorizacao de trabalho nos EUA e precisa de patrocinio). CV anexado, telefone e LinkedIn conferidos. RESSALVA HONESTA, e ela ja estava na fila: o estudio encolheu depois da aquisicao em 2024, o quadro esta vivo e a rota aberta, mas o retorno esperado e menor que o das duas primeiras da fila."
2026-09-10,Pipeworks Studios (com Virtuos Montreal no mesmo quadro),"Register Your Interest (banco de talentos, Pinpoint)",EUA (Eugene OR e Los Angeles) e Canada (Virtuos Montreal),portal,https://pipeworks.pinpointhq.com/register-your-interest/new,enviada,"CANDIDATURA DE PERSONAGEM ENVIADA E CONFIRMADA em 10/09 pela rota register-your-interest do Pinpoint, sem captcha nenhum na pagina. TRES PROVAS: POST 302 para /themes/1465/register-your-interest, URL final https://pipeworks.pinpointhq.com/themes/1465/register-your-interest/thanks, e o texto literal na tela ""Thanks. You have successfully registered your interest. Next Steps You will shortly receive a confirmation email, and will be notified of any roles that come along that meet your criteria."" CASA INEDITA NA CAMPANHA: dedupe zero nos quatro arquivos. QUADRO CONFIGURADO DE VERDADE, sem ACME nem Hooli. QUATRO combos marcados e os quatro conferiram na tela: Locations = Eugene OR, Los Angeles E Virtuos Montreal, Departments = Art. MONTREAL E CANADA, pais prioritario da campanha, e entrou pelo mesmo quadro. O casamento exato do script provou o seu valor aqui: a lista de Los Angeles oferecia TAMBEM CounterPunch - Los Angeles, e o exato escolheu Los Angeles, que era o pedido. PERGUNTA DO ESTUDIO RESPONDIDA, id 726078, long_text nao obrigatoria, Please include a link to your portfolio demo or reel: respondida com https://www.artstation.com/viniciuscavalcanti, 45 caracteres conferidos na leitura final. ELA NAO FOI PELO CAMINHO DE COMBO DE PROPOSITO, e isso vale para a proxima rodada: o caminho de combo do pin_interesse.js digita apenas os 14 PRIMEIROS caracteres do valor, porque foi feito para filtrar lista, entao ele truncaria a URL em https://www.ar. Pergunta de texto livre vai no mapa texto com o seletor direto do campo, #job_seeker_form_job_seeker_answers_attributes_0_text_answer, e a leitura final confere o tamanho. Aqui o indice 0 e estavel porque ha uma pergunta so e ela nao e condicional. CV anexado, telefone e LinkedIn conferidos, Personal Summary de 218 palavras dizendo a verdade sobre visto para EUA e Canada."
2026-09-10,Outpost VFX,"Register Your Interest (banco de talentos, Pinpoint)",Reino Unido (Bournemouth),portal,https://outpost-vfx.pinpointhq.com/register-your-interest/new,enviada,"CANDIDATURA DE PERSONAGEM ENVIADA E CONFIRMADA em 10/09 pela rota register-your-interest do Pinpoint, sem captcha nenhum na pagina. TRES PROVAS: POST 302 para /themes/1903/register-your-interest, URL final https://outpost-vfx.pinpointhq.com/themes/1903/register-your-interest/thanks, e o texto literal na tela ""Thanks. You have successfully registered your interest. Next Steps You will shortly receive a confirmation email, and will be notified of any roles that come along that meet your criteria."" ESTA E A SEGUNDA PORTA DA CASA, E A PRIMEIRA ERA PAREDE: o painel ja registra TRES vagas de Outpost VFX no SmartRecruiters marcadas a mao por DataDome (744000148457555 e 744000148453550 em Montreal, 744000142160019 em Londres), mais um formulario de contato sem anexo para ele preencher a mao. A rota Pinpoint e outro lado da mesma casa, respondeu 200 com zero iframe de captcha na medicao e no envio, e passou. As paredes que o dedupe mostra sao do SmartRecruiters e NAO desta rota; nenhuma marca de envio existe em lugar nenhum, rota inedita. QUADRO MEIO CONFIGURADO: Bournemouth e local REAL, departamentos de fabrica, sem ACME nem Hooli; marcado Product com a disciplina dita por extenso no texto. Os dois combos conferiram na tela. VFX de cinema e televisao e onde criatura e humano digital sao o produto. CV anexado, telefone e LinkedIn conferidos, Personal Summary de 199 palavras dizendo a verdade sobre visto."
2026-09-10,Ingenuity Studios,"Register Your Interest (banco de talentos, Pinpoint)","EUA (Los Angeles, California)",portal,https://ingenuitystudios.pinpointhq.com/register-your-interest/new,enviada,"CANDIDATURA DE PERSONAGEM ENVIADA E CONFIRMADA em 10/09 pela rota register-your-interest do Pinpoint, sem captcha nenhum na pagina. TRES PROVAS: POST 302 para /themes/618/register-your-interest, URL final https://ingenuitystudios.pinpointhq.com/themes/618/register-your-interest/thanks, e o texto literal na tela ""Thanks. You have successfully registered your interest. Next Steps You will shortly receive a confirmation email, and will be notified of any roles that come along that meet your criteria."" ESTA CANDIDATURA CORRIGE UMA NOTA ERRADA DO PROPRIO PAINEL: a entrada anterior dizia que o quadro deles diz ""There are currently no open roles. Come back later!"" e que NAO havia opcao de candidatura espontanea. Havia: e esta rota. Sem vaga aberta nao e o mesmo que sem porta. QUADRO MEIO CONFIGURADO: Los Angeles, California e local REAL, departamentos de fabrica, sem ACME nem Hooli; marcado Product com a disciplina dita por extenso no texto. Os dois combos conferiram na tela. Rota conferida tambem com o Accept de navegador, 200, depois do falso positivo da Hyper Hippo. VFX de Los Angeles com CG de personagem e criatura. CV anexado, telefone e LinkedIn conferidos, Personal Summary de 199 palavras dizendo a verdade sobre visto nos EUA."
2026-09-10,Wushu Studios,"Register Your Interest (banco de talentos, Pinpoint)",Reino Unido (Liverpool),portal,https://wushustudios.pinpointhq.com/register-your-interest/new,enviada,"CANDIDATURA DE PERSONAGEM ENVIADA E CONFIRMADA em 10/09 pela rota register-your-interest do Pinpoint, sem captcha nenhum na pagina. TRES PROVAS: POST 302 para /themes/1833/register-your-interest, URL final https://wushustudios.pinpointhq.com/themes/1833/register-your-interest/thanks, e o texto literal na tela ""Thanks. You have successfully registered your interest. Next Steps You will shortly receive a confirmation email, and will be notified of any roles that come along that meet your criteria."" CASA INEDITA NA CAMPANHA: dedupe zero nos quatro arquivos. Co-desenvolvimento britanico, onde a entrega e casar com a direcao de arte alheia asset por asset, que e o que dez anos de outsourcing treinam. QUADRO MEIO CONFIGURADO: Liverpool e local REAL, departamentos de fabrica, sem ACME nem Hooli; marcado Product com a disciplina dita por extenso no texto. Os dois combos conferiram na tela. Rota conferida tambem com o Accept de navegador, 200. CV anexado, telefone e LinkedIn conferidos, Personal Summary de 191 palavras dizendo a verdade sobre visto."
2026-09-10,Flix Interactive,"Register Your Interest (banco de talentos, Pinpoint)",Reino Unido (Bromsgrove),portal,https://flixinteractive.pinpointhq.com/register-your-interest/new,enviada,"CANDIDATURA DE PERSONAGEM ENVIADA E CONFIRMADA em 10/09 pela rota register-your-interest do Pinpoint, sem captcha nenhum na pagina. TRES PROVAS: POST 302 para /themes/1806/register-your-interest, URL final https://flixinteractive.pinpointhq.com/themes/1806/register-your-interest/thanks, e o texto literal na tela ""THANKS. You have successfully registered your interest. Next Steps You will shortly receive a confirmation email, and will be notified of any roles that come along that meet your criteria."" (o THANKS em capslock e do tema da propria casa, nao do nosso texto). DEDUPE: carta fria de 02/09 para flixinteractive.com e uma auto-resposta registrada, ZERO marca de envio por portal, rota inedita. O MOTIVO DE ENCAIXE, conferido no site deles: o projeto atual em Unreal Engine 5 anuncia vaga de Designer to own the creation, implementation and feel of character combat from Maya through to Unreal Engine 5, ou seja ha personagem na producao e o que falta la e quem modele. QUADRO MEIO CONFIGURADO: Bromsgrove e local REAL, departamentos de fabrica, sem ACME nem Hooli; marcado Product com a disciplina dita por extenso no texto. Os dois combos conferiram na tela. CV anexado, telefone e LinkedIn conferidos, Personal Summary de 203 palavras dizendo a verdade sobre visto."
2026-09-10,Gameplay Galaxy,"Register Your Interest (banco de talentos, Pinpoint)",Totalmente remoto,portal,https://gameplaygalaxy.pinpointhq.com/register-your-interest/new,enviada,"CANDIDATURA DE PERSONAGEM ENVIADA E CONFIRMADA em 10/09 pela rota register-your-interest do Pinpoint, sem captcha nenhum na pagina. TRES PROVAS: POST 302 para /themes/3073/register-your-interest, URL final https://gameplaygalaxy.pinpointhq.com/themes/3073/register-your-interest/thanks, e o texto literal na tela ""Thanks. You have successfully registered your interest. Next Steps You will shortly receive a confirmation email, and will be notified of any roles that come along that meet your criteria."" CASA INEDITA: dedupe zero. UNICA DA FILA COM FORMULARIO LONGO, nove perguntas todas obrigatorias, e ONZE controles conferidos um a um na tela antes do clique: Locations = Remote, Departments = Art, quatro BOOLEANAS marcadas (experiencia em jogos true, 100% remoto true, exclusividade true, visto no local atual false, e os radios do Pinpoint valem true e false, nunca Yes e No), uma lista (More than 10 years), um texto livre CONDICIONAL e tres campos de texto direto. Todos os obrigatorios voltaram ok=true na leitura final. O SLOT 7, DE VISTO, FOI false E ISSO NAO E MENTIRA: a pergunta e sponsorship to work ON YOUR CURRENT LOCATION, nao sponsorship para o cargo. A vaga e 100% remota, ele ja trabalha remoto com time americano de onde mora, sem visto nenhum, e responder true diria que ele NAO pode trabalhar de onde esta, o que e falso. A verdade sobre visto para cargo presencial esta escrita com todas as letras no Personal Summary: pode trabalhar remoto de onde vive sem patrocinio, e para posicao presencial precisaria de patrocinio. SEGUNDO CONSERTO DO pin_interesse.js NESTA RODADA, e ele nasceu aqui: o slot 2 (What are the most successful games youve worked on) e CONDICIONAL do slot 1, so existe depois que o booleano vira true. O mapa texto roda ANTES dos combos, entao o campo ainda nao existe la e o preenchimento cairia num NAO ACHEI silencioso; e o caminho de combo digita so os 14 PRIMEIROS caracteres, porque foi feito para filtrar lista, e truncaria uma resposta obrigatoria de 210 caracteres. Resposta truncada e pior que ausente, porque parece respondida. Foi criado o caminho ""livre"": true, que digita tudo e confere o tamanho de volta: pedi 210 chars, a tela tem 210, CONFERE. Personal Summary de 206 palavras. E a unica casa 100% remota da fila, o que dispensa visto."
2026-09-10,Keen Software House,Spontaneous Application - questionnaire (formulario de convite do Greenhouse),"Chequia (Praga), com remoto na mesa",portal,https://s101.recruiting.eu.greenhouse.io/application_form/7bbfd2d008a1c40074210682f77babbf,enviada,"CANDIDATURA DE PERSONAGEM ENVIADA E CONFIRMADA em 10/09. TRES PROVAS: pedido PUT para /application_form/7bbfd2d008a1c40074210682f77babbf respondido 200, navegacao para /application_form/7bbfd2d008a1c40074210682f77babbf/confirmation, e o texto final da tela ""Thank You. Your form has been received."" A PORTA VEIO DELES: um recrutador da casa escreveu e mandou este formulario; por isso ""como soube de nos"" foi respondido Website, que e a verdade da rota. Zero captcha na pagina. DUAS TENTATIVAS ANTERIORES NAO SAIRAM E A CAUSA FOI MINHA, esta registrada para nao repetir: (1) a pergunta da politica de dados NAO e caixa de texto, e um SELECT de opcao unica (""I do agree with Data policy of KSWH & GoodAI""); escrever texto nela deixava o campo em ""Select..."" e o proprio formulario barrava o envio com ""This field is required."" antes de qualquer pedido sair. (2) no React-Select, apertar Escape depois de escolher DESFAZ a escolha e o campo volta para ""Select..."". (3) A CAUSA DE FUNDO: a pagina levanta um confirm() nativo, ""Answers cannot be changed once submitted. Are you ready to submit?"", e o Playwright DISPENSA dialogo por omissao, ou seja cancelava o envio sem deixar rasto. Resolvido com p.on(""dialog"") aceitando. FALSO POSITIVO CORRIGIDO NO MESMO PASSO: o teste de sucesso casava /thank you/ no corpo da pagina, e a frase ""thank you"" vive DENTRO da pergunta de salario deste formulario (""Please also state including currency, thank you.""). O teste passou a exigir pedido de rede para o endereco de submissao OU mudanca de URL, nunca texto de tela. Sem anexo: o formulario nao tem campo de ficheiro, o portfolio entrou como link da ArtStation dentro da resposta de disciplina. Salario respondido pela politica de casa media, EUR 45.000, com a frase de alinhamento. Nao ha vaga aberta de personagem la: o proprio cabecalho diz que nao ha cargo correspondente agora, entao isto e candidatura espontanea a convite."
2026-09-11,Facepunch Studios,"Connect (banco de talentos, Teamtailor) - cargos Character (Rust) e Character (s&box)",Reino Unido (Walsall),portal,https://facepunch.teamtailor.com/connect,enviada,"CADASTRO DE PERSONAGEM ENVIADO E CONFIRMADO em 11/09, com CV anexado. Casa de Rust e Garry's Mod, arte de personagem feita em casa, sem publisher. PROVA DO CADASTRO: pedido POST para https://careers.facepunch.com/connect/candidates respondido 302, e a URL mudou de /connect/candidates/new para /connect/dashboard, abrindo em ""Welcome to Connect - Your Profile"". PROVA DO CV: depois de salvar, a pagina /connect/resume passou a mostrar ""My CV vini_cavalcanti_cv.pdf"" e existe link de download em /connect/profile/download_resume. CONFERIDO EM VISITA SEPARADA, nao no redirecionamento. DIRECIONAMENTO DE DISCIPLINA, e e o que faz esta valer mais que um cadastro comum: alem do departamento Art (377136) o cargo primario marcado e Character (Rust) 942551. Ele entra no balaio de PERSONAGEM, nao no de arte generica. CORRECAO ESCRITA NA NOITE DE 11/09, e ela desmente o que esta linha dizia antes: candidate[role_id] e RADIO, nao checkbox, entao os DOIS cargos de personagem NUNCA puderam ficar marcados ao mesmo tempo; o texto anterior dizia que sim e estava errado. Na pratica ficava so o ultimo clicado, que era Character (s&box) 942552. Medido na tela de /connect/profile/settings e trocado de proposito para Character (RUST) 942551, porque Rust e o carro-chefe da casa, com time de personagem estabelecido e producao continua, enquanto s&box e a plataforma nova e menor. Os DOIS cargos de personagem ficaram marcados na assinatura de vagas, que ali e checkbox separada, entao o alerta cobre as duas frentes: cargo primario um, alerta dois. Conferido em VISITA SEPARADA depois de salvar (POST /connect/profile respondido 302): department_id 377136 checked=true e role_id 942551 checked=true. O QUESTIONARIO DE 4 TELAS TAMBEM FOI RESPONDIDO nesta noite, o que a linha original registrava como pendente: nome, sobrenome, telefone, locais de interesse e o pitch de 140 caracteres, com a tela final em ""All done, thank you!"" e os dados basicos lidos de volta preenchidos em /connect/profile/settings. Zero sinal de captcha no HTML. Dedupe no minuto do clique: inedito nos quatro arquivos. RESSALVA HONESTA: o Connect da Facepunch e cadastro em DUAS etapas e a primeira tela so pede consentimento e email; nome, telefone e endereco NAO existem nela. Portanto este cadastro tem email, disciplina e CV, e NAO tem nome digitado nem carta. Falta ainda o questionario de 4 telas em /connect/questions/start, que nao foi respondido nesta rodada de proposito, por conter perguntas que eu nao li."
2026-09-11,Neon Giant,"Open Application / ""Rockstar"" (anuncio espontaneo, Teamtailor) - id 1518164",Suecia (Uppsala),portal,https://neongiant.teamtailor.com/jobs/1518164-rockstar/applications/new,enviada,"CANDIDATURA DE PERSONAGEM ENVIADA E CONFIRMADA em 11/09, COM CARTA E CV, e esta e candidatura de verdade, nao cadastro de banco de talentos. Casa de The Ascent, veteranos de AAA, personagem e criatura no nucleo do jogo. TRES PROVAS: pedido POST para https://jobs.neongiant.se/applications respondido 200; a URL mudou de /applications/new para /applications/1f7da090-a228-4e7a-bbbe-20618c84d4d8/thanks/<token>; e a tela final diz ""Thanks for applying. We have received your application and we will be reviewing it shortly."" Quarta prova de reforco: o campo de nome ficou VAZIO depois do envio, ou seja o formulario foi realmente consumido. Enviados nome, email, TELEFONE no formato internacional (o Teamtailor usa intl-tel-input e sem o codigo do pais o 81 vira Japao), carta de 1585 caracteres e o CV anexado, conferido na tela antes do clique. Zero captcha, zero erro de validacao. Dedupe no minuto do clique pelo ID 1518164: inedito nos quatro arquivos. A CARTA FOI REESCRITA NESTA RODADA e nao e a antiga: a versao que existia no ax_apply.js trazia ""I WANT TO RELOCATE"" em CAPSLOCK, que o Vini baniu duas vezes, e a lista academica inteira. Agora a realocacao e uma linha afirmativa (""I am ready to move to Uppsala for the role"") e o visto e UMA frase honesta. Gancho especifico colado: The Ascent como trabalho de personagem e criatura estilizados num mundo denso dirigido."
2026-09-11,The Gang,"Connect (banco de talentos, Teamtailor) - departamento Art, cargo Senior Game Artist","Suecia, Portugal, Reino Unido e Montreal",portal,https://thegang.teamtailor.com/connect,enviada,"CADASTRO ENVIADO E CONFIRMADO em 11/09, e desta vez COMPLETO: consentimento, email, departamento, cargo, NOME, SOBRENOME, TELEFONE e CV. Um dos maiores estudios de UGC do mundo (Roblox e UEFN), arte 3D estilizada em volume, times em quatro paises do escopo. PROVA DA ETAPA 1: pedido POST para https://careers.thegang.io/connect/candidates respondido 302 e a URL mudou de /connect/candidates/new para /connect/dashboard. PROVA DA ETAPA 2: dois pedidos POST para https://careers.thegang.io/connect/profile respondidos 302, um ao salvar os dados basicos e outro ao salvar o CV, ambos com volta para /connect/dashboard. CONFERIDO EM VISITA SEPARADA depois de tudo salvo: em /connect/profile/settings os campos candidate[first_name], candidate[last_name] e candidate[phone] voltaram preenchidos. DIRECIONAMENTO DE DISCIPLINA: departamento Art (183726) e cargo Senior Game Artist (451441), que e o cargo de arte mais senior do menu deles. Eles NAO tem cargo chamado Character Artist no Connect: o menu de Art e Art Director, Art Manager, Associate Art Manager, Concept Artist, Game Art Intern, Game Artist, Junior Game Artist e Senior Game Artist. Escolhi Senior Game Artist porque Concept Artist e 2D e as tres de manager sao gestao. Zero sinal de captcha. Dedupe no minuto do clique: inedito nos quatro arquivos. RESSALVA HONESTA: o Connect nao tem campo de carta, entao esta candidatura nao leva texto de apresentacao; leva CV, disciplina marcada e contato. O endereco foi digitado mas o campo oculto candidate[location][address] ficou vazio, ou seja a sugestao do mapa nao foi fixada; isso nao bloqueia nada e nao e campo obrigatorio."
2026-09-11,Lightheart Entertainment,"Open Application (anuncio espontaneo, Teamtailor) - id 1344945",Finlandia (Helsinque),portal,https://lightheartentertainment.teamtailor.com/jobs/1344945-open-application/applications/new,enviada,"CANDIDATURA DE PERSONAGEM ENVIADA E CONFIRMADA em 11/09, COM CARTA E CV, e e candidatura de verdade, nao cadastro de banco. QUATRO PROVAS: pedido POST para https://careers.lightheart.games/applications respondido 200; a URL mudou de /applications/new para /jobs/1344945-open-application/applications/59759164-46ba-4879-8f2d-fa259ad907af/thanks/<token>; a tela final diz ""Applied to Open Application"" e ""Thanks for applying. We have received your application and we will be reviewing it shortly.""; e o campo de nome ficou VAZIO depois do envio, ou seja o formulario foi consumido. Enviados nome, email, telefone em formato internacional, carta de 1616 caracteres e CV anexado, conferido na tela antes do clique. Zero captcha, zero erro de validacao. Dedupe no minuto do clique pelo ID 1344945: inedito nos quatro arquivos. RESSALVA ESCRITA PELA PROPRIA CASA, e ela e honesta: ""Lightheart is currently not hiring for any role."" O anuncio espontaneo continua aberto, entao isto e banco de talentos declarado e nao vaga. O gancho da carta ENCARA isso de frente em vez de fingir que nao viu: diz que escreve para o momento em que estiverem contratando, e que time pequeno e autonomo e onde uma pessoa dona do personagem do primeiro sculpt ao motor compensa.; RECUSA de 15/09 assinada por Janne Kaitila (Office Manager) via Teamtailor; RESPONDIDA em 16/09 as 12h25 por ordem do Vini (recusa escrita por pessoa leva resposta)"
2026-09-11,MindArk,"Connect (banco de talentos, Teamtailor) - departamento CHARACTER ART",Suecia (Gotemburgo),portal,https://mindark.teamtailor.com/connect,enviada,"CADASTRO COMPLETO ENVIADO E CONFIRMADO em 11/09: departamento, email, NOME, SOBRENOME, TELEFONE e CV. Casa do Entropia Universe, MMO cujo produto e avatar e personagem. O ACHADO DESTA CASA E O DEPARTAMENTO: eles tem um departamento chamado CHARACTER ART (164025), separado do 3D Art (164024). Foi nele que o cadastro entrou. Essa e a diferenca entre cair na fila de personagem e cair no balaio de arte generica. PROVA DA ETAPA 1: POST para https://career.mindark.com/connect/candidates respondido 302, URL de /connect/candidates/new para /connect/dashboard. PROVA DA ETAPA 2: dois POST para https://career.mindark.com/connect/profile respondidos 302, um dos dados basicos e outro do CV, ambos voltando para /connect/dashboard. Quadro publico com ZERO vaga aberta, ou seja o banco E a porta. Zero sinal de captcha. Dedupe no minuto: inedito nos quatro arquivos. VARIANTE DE CONSENTIMENTO MEDIDA: esta casa NAO tem caixa de consentimento nesta tela (a caixa esta AUSENTE, nao desmarcada), que pelo BRIEF-JHON e a variante de login e pode enviar. O script foi corrigido nesta rodada para distinguir os dois casos, porque antes ele recusava a ausencia junto com a armadilha."
2026-09-11,Pixion Games,"Connect (banco de talentos, Teamtailor) - departamento Art",Remoto (time 100% distribuido),portal,https://pixiongames.teamtailor.com/connect,enviada,"CADASTRO COMPLETO ENVIADO E CONFIRMADO em 11/09: departamento Art (140760), consentimento, email, nome, sobrenome, telefone e CV. Fableborne, ARPG mobile estilizado com personagem no centro. Casa 100% remota, o que pelo briefing vale mesmo fora da lista de paises: ""Pixion is a globally distributed, fully remote and multicultural team."" PROVA DA ETAPA 1: POST para https://pixiongames.teamtailor.com/connect/candidates respondido 302, URL para /connect/dashboard. PROVA DA ETAPA 2: dois POST para /connect/profile respondidos 302. Zero sinal de captcha. Dedupe no minuto: a unica ocorrencia de ""pixiongames"" nos arquivos e a lista de QUADROS NOVOS GUARDADOS de uma varredura, sem marca de envio. O menu de departamentos deles nao tem cargo dentro do departamento, entao Art e o mais fino que da para marcar aqui."
2026-09-11,Kinda Brave Entertainment Group,"Connect (banco de talentos, Teamtailor) - departamento The Publisher (entrada do grupo)",Suecia (Umea),portal,https://kindabrave.teamtailor.com/connect,enviada,"CADASTRO COMPLETO ENVIADO E CONFIRMADO em 11/09: departamento, consentimento, email, nome, sobrenome, telefone e CV. Grupo sueco de estudios de jogo com producao propria de arte; quadro publico com zero vaga, entao o banco e a porta. PROVA DA ETAPA 1: POST para https://careers.kindabrave.com/connect/candidates respondido 302, URL para /connect/dashboard, e a tela de boas-vindas traz mensagem assinada por Therese Nas, Head (de RH). PROVA DA ETAPA 2: dois POST para /connect/profile respondidos 302. Zero sinal de captcha. Dedupe no minuto: inedito nos quatro arquivos. ESCOLHA DE DEPARTAMENTO, e ela precisa ficar explicada porque NAO e obvia: nesta casa os departamentos NAO sao disciplinas, sao os quatro estudios do grupo (Dinomite Games 150865, Ember Trail 150863, Gnomad 150864, Windup Games 258387) mais The Publisher 117824, e nao existe lista de cargo dentro de nenhum deles. Tentei descobrir o que cada estudio faz para escolher o certo: o jobs.json volta vazio, as paginas /departments/<slug> nao publicam texto nenhum e o site do grupo nao descreve os estudios. Como qualquer um dos quatro seria PALPITE, marquei a entrada de grupo (The Publisher) de proposito, que e a que um recrutador do grupo le, em vez de mandar o cadastro para um estudio errado. Se algum dia aparecer qual estudio faz personagem estilizado, vale refazer apontando para ele."
2026-09-11,Last Arrow Games,"Connect (banco de talentos, Teamtailor) - casa de departamento unico",Reino Unido (Gateshead),portal,https://lastarrowgames.teamtailor.com/connect,enviada,"CADASTRO COMPLETO ENVIADO E CONFIRMADO em 11/09: consentimento, email, nome, sobrenome, telefone e CV. Casa nova, time pequeno, e a unica vaga aberta do quadro e Senior / Lead Animator, o que prova pipeline de personagem montado. PROVA DA ETAPA 1: POST para https://careers.lastarrowgames.com/connect/candidates respondido 302, URL para /connect/dashboard. PROVA DA ETAPA 2: dois POST para /connect/profile respondidos 302. Zero sinal de captcha. Dedupe no minuto: a unica ocorrencia e a lista de QUADROS NOVOS GUARDADOS de uma varredura, sem marca de envio. ACHADO DE METODO: esta casa NAO TEM campo de departamento nenhum, a lista veio com zero input. E casa de departamento unico. O script parava ali dizendo ""departamento nao marcou""; foi corrigido nesta rodada para contar os inputs e seguir quando nao existe nenhum. RESSALVA DO ANUNCIO, e ela e real: a vaga de animador diz ""This role is based at our studio in Gateshead and therefore it is imperative that you live within a commutable distance"". Isso vale para aquela vaga, nao para o banco, mas mostra a inclinacao da casa para presencial."
2026-09-11,GOALS,"Connect (banco de talentos, Teamtailor) - departamento Art, cargo CHARACTER ART","Suecia (Estocolmo, remote-first)",portal,https://goals.teamtailor.com/connect,enviada,"CADASTRO COMPLETO ENVIADO E CONFIRMADO em 11/09, com o cargo de PERSONAGEM marcado: departamento Art (124153) e cargo Character Art (873551), que existe no menu deles separado de 3D Art / Environment Art (873549), Concept Art (873548), 2D / UI Art (873556) e Technical Art (873552). Mais nome, sobrenome, telefone e CV. Estudio remote-first com sede em Estocolmo, jogo de futebol. PROVA DA ETAPA 1: POST para https://tt.playgoals.com/connect/candidates, URL de /connect/candidates/new para /connect/dashboard. PROVA DA ETAPA 2: dois POST para /connect/profile respondidos 302. Quadro publico com zero vaga, o banco e a porta. Zero sinal de captcha. Dedupe no minuto: inedito nos quatro arquivos. RESSALVA DE ENCAIXE, honesta: o elenco deles e de personagem REALISTA de futebol, nao estilizado, entao o encaixe existe mas nao e o forte dele. A propria tela de confirmacao avisa que isto nao e candidatura a vaga imediata."
2026-09-11,Madbox,"Connect (banco de talentos, Teamtailor) - departamento Game Art, cargo Senior Game Artist",Franca (Paris e Annecy),portal,https://madbox.teamtailor.com/connect,enviada,"CADASTRO COMPLETO ENVIADO E CONFIRMADO em 11/09: departamento Game Art (281914), cargo Senior Game Artist (817617), consentimento, email, nome, sobrenome, telefone e CV. Mobile com personagem estilizado (Pocket Champs), e o quadro tem Art Manager aberto, o que prova departamento de arte com peso. PROVA DA ETAPA 1: POST para https://careers.madbox.io/connect/candidates respondido 302, URL para /connect/dashboard. PROVA DA ETAPA 2: dois POST para /connect/profile respondidos 302. Zero sinal de captcha. Dedupe no minuto: inedito nos quatro arquivos. Nao ha cargo de personagem no menu deles: o departamento Game Art tem Art Director, Game Artist, Junior Game Artist, Junior UI Artist, Lead Game Artist, Senior Game Artist, Senior UI Artist e UI Artist; Senior Game Artist e o mais alto que nao e UI nem gestao. CASA FRANCESA, e a regra nova de 11/09 se aplica: a varredura de 13 anuncios abertos mediu que os textos sao EM INGLES e a exigencia de frances aparece num unico anuncio, o HR Intern; nenhum anuncio de arte a repete. Portanto NAO e porta condicionada ao idioma pelo que esta publicado hoje. Quando aparecer vaga de personagem la, reconferir francais courant, oral et ecrit, bilingue e francophone no proprio anuncio antes de gastar carta."
2026-09-11,Vivid Games,"Connect (banco de talentos, Teamtailor) - departamento Game Development, cargo Graphics",Polonia (Bydgoszcz; as vagas abertas sao remotas),portal,https://vividgamessa.teamtailor.com/connect,enviada,"CADASTRO COMPLETO ENVIADO E CONFIRMADO em 11/09: departamento Game Development (94202), cargo Graphics (235882), consentimento, email, nome, sobrenome, telefone e CV. PROVA DA ETAPA 1: POST para https://jobs.vividgames.com/connect/candidates respondido 302, URL para /connect/dashboard. PROVA DA ETAPA 2: dois POST para /connect/profile respondidos 302. Zero sinal de captcha. Dedupe no minuto: a unica ocorrencia e a lista de QUADROS NOVOS GUARDADOS, sem marca de envio. ENCAIXE FRACO E DITO COMO E: esta casa NAO TEM departamento de arte. Os departamentos sao Business Operations, Executive Board, Game Development, Game Production, Marketing e User Acquisition, e a arte aparece so como o cargo Graphics dentro de Game Development. As duas vagas abertas sao Senior Technical Artist e Senior UI/UX Artist, nenhuma de personagem. Entra como porta de entrada, nunca como carro-chefe."
2026-09-11,eRepublik Labs,"Connect (banco de talentos, Teamtailor) - departamento Game Art",Irlanda (Dublin),portal,https://erepublik.teamtailor.com/connect,enviada,"CADASTRO COMPLETO ENVIADO E CONFIRMADO em 11/09: departamento Game Art (374412), email, nome, sobrenome, telefone e CV. PROVA DA ETAPA 1: POST para /connect/candidates, URL de /connect para /connect/dashboard, e a tela traz mensagem de boas-vindas da casa. PROVA DA ETAPA 2: dois POST para /connect/profile respondidos 302. Quadro publico com zero vaga. Zero sinal de captcha. Dedupe no minuto: inedito nos quatro arquivos. ENCAIXE FRACO E DITO COMO E: jogo de navegador estrategico, sem elenco de personagem 3D. Entra pela regra 13, como porta de entrada em pais do escopo, e nada alem disso."
2026-09-11,Stratosphere Games,Initiative Application (Personio) - departamento Art & Design - id 1318003,Alemanha (Berlim; escritorio e remoto misturados),portal,https://stratosphere-games.jobs.personio.com/job/1318003/apply,enviada,"CANDIDATURA DE PERSONAGEM ENVIADA E CONFIRMADA em 11/09, COM CARTA E CV, e e candidatura de verdade com requisicao propria. Estudio de Berlim, 40 pessoas, e o proprio anuncio diz de onde vem o time: ""Our team is made up of experts from renowned companies like Splash Damage and Rocksteady"", fazendo ""AAA-standard games for mobile platforms and beyond"". O anuncio esta classificado no departamento Art & Design, ou seja e a porta da arte e nao balcao de RH. TRES PROVAS: pedido POST para https://stratosphere-games.jobs.personio.com/api/v1/jobs/1318003/application respondido 200; o formulario ficou VAZIO depois do clique; e a tela final diz ""THANK YOU. We have received your application and will contact you shortly!"". Os dois anexos subiram antes, cada um com POST para /api/v1/documents respondido 200, e os dois nomes aparecem na tela. Zero captcha medido no HTML e zero iframe de desafio na pagina. Zero erro de validacao. Dedupe no minuto do clique: o ID 1318003 so aparece no relatorio de caca de hoje, sem marca de envio, e a casa e 100% nova para a campanha. RESPOSTAS DE CAMPO: available_from respondido ""Two months from an offer"", que e honesto e NAO revela data de fim de contrato; salary_expectations pela politica de casa media na Alemanha, EUR 45.000, com a frase de alinhamento; location dito como e, com a linha de mudanca para Berlim. A CARTA FOI GERADA NESTA RODADA, em PDF, a partir de texto que eu escrevi e li: o Vini_Cavalcanti_Cover_Letter.pdf que existia na pasta e de 02/09 e o texto dele NAO e legivel aqui (fonte embutida), e anexar arquivo cujo conteudo eu nao li e o erro que o briefing proibe, ainda mais depois de ""I WANT TO RELOCATE"" ter sido banida duas vezes. O gerador recusa gerar se a frase banida aparecer. Gancho colado no que a casa tem: padrao AAA dentro de orcamento de celular, que e onde o habito dele de julgar o asset pelo custo em tempo de execucao rende."
2026-09-11,HAEGIN,Candidatura espontanea pelo formulario de contato (porta de recrutamento declarada),Coreia do Sul (Seul),portal,https://www.haegin.kr/contact.php,enviada,"CANDIDATURA DE PERSONAGEM ENVIADA E CONFIRMADA em 11/09, COM CARTA E CV. Casa de Play Together, mundo social 3D cujo produto E personagem, e de 2026 프로야구GO!. A propria pagina diz para que a porta serve: ""해긴과 함께 하고 싶은 분들의 연락을 기다립니다!"", ou seja, esperamos o contato de quem quer trabalhar com a HAEGIN; e o rodape rotula hr@haegin.kr como Recruit. PROVA: POST multipart para https://www.haegin.kr/contact_send.php respondido 200, e o corpo da resposta, de 90 bytes, foi escrito PELO SERVIDOR: <script>alert('등록이 완료되었습니다.'); history.back(-1);</script>, que quer dizer ""o registro foi concluido"". Nao e texto de tela da pagina de origem: e a resposta do proprio endpoint de envio. Enviados nome, telefone em formato internacional, email, assunto, carta de 1.781 caracteres e o CV em PDF no campo file_upload. COMO FOI ENVIADO, e isto precisa ficar escrito: por curl, NAO pelo navegador, e a razao e medida. No navegador a pagina /contact.php volta SEM FORMULARIO NENHUM, so endereco e os dois emails, com zero input; e assim com locale en-US, com locale ko-KR mais Accept-Language coreano, e tambem com ?lang=kr, que e como o proprio site troca de idioma (o link EN aponta para ?lang=en). Por curl, em sessao nova, os sete campos vem servidos no HTML. Zero captcha e zero honeypot no formulario, entao nada foi burlado: o que ficou de fora foi a validacao de tela submitCheck(), que nao e porteiro. RESSALVA DE ENCAIXE: o quadro de carreiras deles tem a categoria 아트&디자인 (Art & Design) separada, mas as vagas abertas hoje sao de marketing, cliente, dados e financeiro; nenhuma de arte. Isto e candidatura espontanea, nao resposta a vaga."
2026-09-11,Awaceb,"Connect (banco de talentos, Teamtailor) - departamento ART",Franca / Nova Caledonia (Noumea e Bordeaux),portal,https://awaceb.teamtailor.com/connect,enviada,"CADASTRO COMPLETO ENVIADO E CONFIRMADO em 11/09: departamento ART (241718), email, nome, sobrenome, telefone, CV e o questionario de cinco perguntas respondido. Casa de TCHIA, personagem estilizado com forte identidade propria, time pequeno. PROVA DA ETAPA 1: POST para /connect/candidates, URL de /connect para /connect/dashboard, e a tela de boas-vindas assinada por Philippe Crifo, Diretor Criativo. PROVA DA ETAPA 2: dois POST para /connect/profile respondidos 302. SINAL DE IDIOMA, e e o achado desta casa: o questionario inteiro esta EM FRANCES (""Combien d annee d experience comptabilises tu en jeux video?"", ""As-tu deja travaille au sein d un studio de jeux video independant?"", ""Travailles tu en ce moment de chez toi ou au bureau?"", ""Es-tu pret.e a venir travailler au studio?"", ""As tu une specialite culinaire?""), e a unica vaga aberta do quadro tem titulo em frances (Animateur / animatrice Technique). NAO HA exigencia ESCRITA de frances em lugar nenhum que eu tenha conseguido ler, entao pela regra de 11/09 isto e PORTA CONDICIONADA e nao descarte. AS RESPOSTAS FORAM DADAS EM INGLES DE PROPOSITO: responder em frances daria a entender que ele fala frances, e ele nao fala; uma das respostas diz isso com todas as letras (""Answering in English: I am still learning French""), que e a mesma verdade que ele disse a recrutadora da TAT hoje de manha. Respondido tambem SIM a ""esta disposto a vir trabalhar no estudio"". Zero captcha. Dedupe no minuto: inedito nos quatro arquivos."
2026-09-11,Jam Filled Entertainment,Expression of Interest (Greenhouse) - departamento CG Assets (Modeling/Surfacing) - id 7685474003,"Canada (Toronto, Ottawa e Halifax)",portal,https://job-boards.greenhouse.io/jamfilled/jobs/7685474003,enviada,"CANDIDATURA DE PERSONAGEM ENVIADA E CONFIRMADA em 11/09, COM CARTA E CV, e esta e a PRIMEIRA vez que a casa recebe candidatura por porta oficial: os dois contatos anteriores foram carta fria para contact@jamfilled.com, em 11/07 e em 26/08 com follow-up em 02/09, e nenhuma foi respondida. DUAS PROVAS: a URL final e /jobs/7685474003/confirmation e a tela diz ""Thank you for applying!"", com zero erro de validacao. DEPARTAMENTO ESCOLHIDO: CG Assets (Modeling/Surfacing), que e o nome que ELES dao a disciplina dele no proprio seletor, entre Storyboards, Design, Matte Painting, CG Rigging, CG Layout, CG Animation, CG FX, CG Lighting e as quatro de 2D. RESPOSTAS DE VERDADE, e duas custam: ""Are you currently residing in Ontario?"" respondido NAO, e ""Eligibility to work in Canada"" respondido ""I will require a work permit."" A terceira, sobre presencial ate 3 dias por semana em Toronto, Ottawa ou Halifax, foi respondida SIM, que e coerente com a carta, onde ele diz que esta pronto para mudar para o Canada e que precisaria de patrocinio. O CODIGO DE SEGURANCA DO GREENHOUSE APARECEU e foi resolvido dentro da janela: o script pediu por needcode_jamfilled.txt, li no Gmail o codigo enviado por no-reply@us.greenhouse-mail.io as 18h32 para o assunto ""Security code for your application to Jam Filled"", escrevi code_jamfilled.txt com a sessao ainda viva e o envio passou. Sao 8 campos de digito. A carta foi GERADA NESTA RODADA em PDF, a partir de texto escrito e lido aqui; o PDF antigo de 02/09 nao e legivel e por isso nao se anexa mais. RESSALVA HONESTA, escrita pela propria casa no topo do anuncio: ""The Expression of Interest posting does not represent an active job opportunity or current open position at Jam Filled."" E banco de talentos oficial, nao vaga aberta."
2026-09-11,Absurd Ventures,General Game Development Application (Greenhouse) - id 4141408007,"EUA (Santa Monica ou San Rafael, California)",portal,https://job-boards.greenhouse.io/absurdventures/jobs/4141408007,enviada,"CANDIDATURA DE PERSONAGEM ENVIADA E CONFIRMADA em 11/09, COM CARTA E CV. Casa de Dan Houser, 100% nova para a campanha. DUAS PROVAS: a URL final e /jobs/4141408007/confirmation e a tela diz ""Thank you for applying to Absurd Ventures. Our team will review your information & get back to you regarding next steps."", com zero erro de validacao. A casa diz para que a porta serve: ""We will be staffing more roles for our Game Development teams in the future. If you would like to submit a general application purely for us to have your resume on file, feel free to do so here."" CARTA ERA OBRIGATORIA e foi gerada nesta rodada em PDF, de texto escrito e lido aqui. TRES RESPOSTAS QUE PRECISAM FICAR REGISTRADAS: (1) ""Are you lawfully authorized to work in the United States?"" respondido NAO, que e a verdade e custa. (2) ""Are you able to work in our Santa Monica, CA or San Rafael, CA office?"" respondido SIM, e a coerencia esta na carta, que diz com todas as letras que ele precisaria de patrocinio e que esta pronto para mudar para a California; a pergunta e sobre disponibilidade, nao sobre autorizacao, que ja foi respondida na anterior. (3) ""How many games/products have you launched?"" e um SELECT com 0, 1-3, 3-5, 5-10 e 10+, nao campo de texto: escolhido 5-10, e a carta explica a composicao desse numero em uma frase, dois titulos como time principal (Endstar e Wingfeather S1) mais trabalho de personagem entregue em muitos outros por outsourcing. CODIGO DE SEGURANCA DO GREENHOUSE resolvido dentro da janela: codigo de no-reply@us.greenhouse-mail.io as 19h02, assunto ""Security code for your application to Absurd Ventures"". NAO ENVIEI a segunda porta deles, a General Animated Series Application 4141404007: e requisicao diferente e divisao diferente, mas duas candidaturas na mesma casa na mesma hora leem como disparo automatico, nao como interesse."
2026-09-11,Tactile Games,Open Applications (Greenhouse) - cargo 3D Artist - id 4319957101,Dinamarca (Copenhague),portal,https://job-boards.greenhouse.io/tactilegames/jobs/4319957101,enviada,"CANDIDATURA ENVIADA E CONFIRMADA em 11/09, COM CARTA E CV. Casa de 350 pessoas em Copenhague, 100% nova para a campanha. DUAS PROVAS: URL final /jobs/4319957101/confirmation e a tela diz ""A huge thank you for considering Tactile as your next place to grow! We have received your application and aim to update you within a week."" Zero erro de validacao. CARGO: a lista deles tem 3D Artist e NAO tem Character Artist, e foi 3D Artist o marcado; a carta encara isso de frente e diz que ele nao e artista 2D, entao se a cadeira aberta for ilustracao 2D ele nao e a pessoa, e se for personagem 3D ou arte 3D com personagem, e. PRETENSAO, e aqui houve JULGAMENTO e nao conversao automatica: o campo pede DKK MENSAL BRUTO, nao anual. A conta direta da politica do briefing (EUR 55.000 ao ano para casa grande na Europa) daria cerca de DKK 34.000 por mes, e isso ficaria ABAIXO do piso do Pay Limit Scheme dinamarques, que e o esquema por onde o patrocinio de visto passa. Pedir abaixo do piso inviabiliza o proprio patrocinio, o que o briefing proibe. Pedido DKK 45.000 por mes bruto, que fica acima do piso e dentro da faixa de mercado para senior, com a frase de alinhamento. TRES PERGUNTAS ABERTAS RESPONDIDAS: competencias chave da profissao, um momento de motivacao no trabalho (respondido com a primeira temporada do Wingfeather, quando os personagens voltaram da animacao com performance) e os cargos de interesse. DOIS CONSENTIMENTOS DE GDPR (gdpr_processing_consent_given e gdpr_retention_consent_given) precisavam ser marcados: a primeira tentativa foi BARRADA com ""Please accept the terms to proceed."" e o script foi corrigido para marcar caixa cujo id ou name contenha gdpr, consent ou terms. CODIGO DE SEGURANCA do Greenhouse resolvido dentro da janela, codigo das 19h19."
2026-09-11,Warner Bros. Pictures Animation,"WBPA @ the 2026 LightBox Expo (banco de talentos, Greenhouse) - id 5371895008 - area primaria Modeling/Sculpt, secundaria Texture/Look Dev","EUA (Pasadena, California)",portal,https://job-boards.greenhouse.io/wbpa/jobs/5371895008,enviada,"CANDIDATURA DE PERSONAGEM ENVIADA E CONFIRMADA em 11/09 a noite, com CV anexado, e e a PRIMEIRA vez que a WARNER recebe candidatura nesta campanha: a casa e da regra 14 e a unica via registrada dela, Charles Ellison, esta vetada desde 05/09 por ter sido professor do Vini. DUAS PROVAS: a URL final e /jobs/5371895008/confirmation e o texto veio do servidor: ""Thank you for submitting. We wish you a successful time at LightBox. Stop by the WBPA booth #1118 to say hello."" Zero erro de validacao. DISCIPLINA NOMEADA PELA PROPRIA CASA, e e o que faz esta valer: o seletor obrigatorio de area de interesse tem Modeling/Sculpt e Texture/Look Dev entre as 11 opcoes, e foram essas duas, primaria e secundaria. Nao e balaio de arte generica. Braco de longa-metragem de animacao em CG, montando equipe para The Cat in the Hat. HONESTIDADE SOBRE O ENQUADRAMENTO, e ela precisa ficar escrita porque foi decisao e nao descuido: o anuncio e dirigido a quem vai ao LightBox Expo (""If you are attending the Expo"") e ELE NAO VAI. Nao existe campo perguntando se vai, entao nada falso foi afirmado, mas enviar calado deixaria implicito que vai. Por isso o campo livre de Additional Portfolio Materials diz com todas as letras: ""I am not attending LightBox Expo this year. I am sending my information anyway because the two areas I marked are exactly my discipline, and I did not want the submission to imply otherwise."" A casa le e decide. O texto de confirmacao deles deseja bom evento porque e automatico. Declarada tambem a necessidade de patrocinio de visto, que o formulario nao pergunta em campo nenhum. SEM CARTA ANEXADA: este formulario NAO TEM campo de cover letter, entao o texto de apresentacao entrou no campo livre. Zero consentimento de GDPR exigido. DUAS TENTATIVAS, e a primeira ensinou o defeito: o codigo de seguranca do Greenhouse foi respondido certo nas duas, mas na primeira o script esperava so 9 segundos depois do codigo, declarou NOT CONFIRMED e FECHOU o navegador com o envio ainda girando, matando o pedido no meio. O print provou: formulario inteiro preenchido, os 8 quadradinhos corretos e o botao em carregamento. CORRECAO ESCRITA AS 22h10, e ela me desmente: a primeira tentativa GEROU CANDIDATURA SIM. Existem DOIS recibos de no-reply@wbpanim.com, as 20h38m04 e as 20h39m08, com 64 segundos de diferenca, ou seja as DUAS tentativas passaram e o Vini esta em DUPLICATA no banco de talentos da WBPA. E inofensivo e nao ha o que desfazer, mas o erro de metodo precisa ficar escrito: eu declarei ""nenhum email de confirmacao"" depois de procurar em greenhouse-mail.io, warnerbros.com e wbd.com, e o recibo veio de wbpanim.com, dominio que eu NAO tinha posto na busca. Concluir ausencia de uma busca que nao alcanca o remetente e concluir nada. Alem disso olhei cedo: a primeira confirmacao chegou as 20h38m04 e eu conferi antes dela existir. A regra que sai daqui esta no BRIEFING.md. gh_jamfilled.js corrigido para esperar ate 90s e sair pela prova, nao pelo relogio."
2026-09-11,Capsule Studio,"Connect (banco de talentos, Teamtailor) - departamento CHARACTER (78709), cargo Character Artist (195207)",Franca (Paris),portal,https://capsulestudio.teamtailor.com/connect,enviada,"CADASTRO DE PERSONAGEM COMPLETO, ENVIADO E CONFIRMADO em 11/09 a noite: departamento, cargo, email, nome, sobrenome, telefone e CV. Estudio de animacao 3D em Paris. O ACHADO DESTA CASA E O MENU, e ele e o melhor que a campanha ja encontrou no Teamtailor: eles tem um DEPARTAMENTO CHAMADO CHARACTER (78709), e dentro dele os cargos Character Artist (195207), Blendshapes (195208), Grooming (195235) e Creature (195673), mais Character Designer (195190) em CREATIVE DEVELOPMENT. O cadastro entrou em CHARACTER / Character Artist. Isso e cair na fila de personagem, nao no balaio de arte generica. PROVA DA ETAPA 1: POST para https://career.capsule.studio/connect/candidates respondido 302 e a URL mudou de /connect/candidates/new para /connect/dashboard, abrindo em ""Welcome to the Capsule community"". PROVA DA ETAPA 2: dois POST para /connect/profile respondidos 302, um dos dados basicos e outro do CV, mais um POST para /uploads/presigned_data respondido 200. CONFERIDO EM VISITA SEPARADA depois de tudo salvo, que e o unico jeito de nao acreditar no texto da propria tela: department_id 78709 (CHARACTER), role_id 195207 (Character Artist), nome, sobrenome, telefone e email de volta preenchidos em /connect/profile/settings, e /connect/resume mostrando vini_cavalcanti_cv.pdf. Zero sinal de captcha. Consentimento marcado de verdade (o valor 0 que aparece junto e o gemeo oculto do mesmo name, nao o estado da caixa). CASA FRANCESA, e a regra de 11/09 foi aplicada antes de gastar a rodada: a busca por francais courant, oral et ecrit, bilingue e french required nas vagas publicadas deles deu ZERO acerto, entao NAO e porta condicionada ao idioma pelo que esta publicado hoje. Quando aparecer vaga de personagem la, reconferir no proprio anuncio. RESSALVA HONESTA: o Connect nao tem campo de carta, entao este cadastro leva CV, disciplina marcada e contato, sem texto de apresentacao. A unica vaga aberta do quadro deles hoje e de producao, nao de arte, entao o banco E a porta. Dedupe pelo metodo novo: zero recibo de capsulestudio.teamtailor-mail.com na caixa de entrada, com a consulta provada antes contra slugs de controle."
2026-09-11,Absurd Ventures,General Animated Series Application (Greenhouse) - id 4141404007 - divisao de SERIE ANIMADA,"EUA (Santa Monica ou San Rafael, California)",portal,https://job-boards.greenhouse.io/absurdventures/jobs/4141404007,enviada,"CANDIDATURA DE PERSONAGEM ENVIADA E CONFIRMADA em 11/09 as 21h21, COM CARTA E CV, na SEGUNDA divisao da casa. DUAS PROVAS: URL final /jobs/4141404007/confirmation e o texto do servidor ""Thank you for applying to Absurd Ventures. Our team will review your information & get back to you regarding next steps."" Zero erro de validacao. POR QUE ESTA ENTROU DEPOIS E NAO JUNTO COM A IRMA: a 4141408007 (divisao de JOGOS) foi enviada as 19h04 e esta foi SEGURADA DE PROPOSITO, porque duas candidaturas na mesma casa na mesma hora leem como disparo automatico e nao como interesse. Foram enviadas com 2h17 de intervalo. Sao requisicoes diferentes, com internal_job_id diferentes (4098713007 aqui), e o texto de cada balcao diz explicitamente que e para ""our Animated Series teams"" e ""our Game Development teams"". Dedupe rodado NO MINUTO DO CLIQUE: a unica marca junto do ID era a anotacao ""NAO foi enviada de proposito"", que e o contrario de envio. POR QUE ESTA DIVISAO VALE MAIS QUE A IRMA: o credito dele no Wingfeather Saga E DE SERIE ANIMADA, e esta e a porta da divisao de serie animada. A carta foi escrita para isso e diz na primeira linha que escreve ao lado de Animated Series porque e ali que o credito dele mora; o gancho e que serie episodica em CG estilizado com visual fechado e cronograma que nao anda e a mesma forma de trabalho. DUAS RESPOSTAS QUE CUSTAM E SAO A VERDADE: ""Are you lawfully authorized to work in the United States?"" respondido NAO, e ""Are you able to work in our Santa Monica, CA or San Rafael, CA office?"" respondido SIM, que e coerente porque a pergunta e de disponibilidade e nao de autorizacao, e a carta declara com todas as letras que ele precisaria de patrocinio e que esta pronto para mudar para a California. CARTA GERADA NESTA RODADA em PDF, de texto escrito e lido aqui, 262 palavras, conferida contra as quatro proibicoes do briefing: zero ocorrencia de ""Brazil"", zero travessao, zero da frase banida e zero floreio. CODIGO DE SEGURANCA do Greenhouse resolvido dentro da janela: codigo das 21h21m16 casando com o pedido das 21h21m23, confirmacao aparecendo 2 segundos depois do envio, ja com a espera corrigida de hoje a noite."
2026-09-11,Kiagu Studios,contact@kiagu.com,Senior Character Artist · Wingfeather Saga credit · stylized + grooming,enviado (lote do Apps Script as 21h26-21h27 UTC; reconciliado pelo Comunicador na rodada das 22h)
2026-09-11,Chasing Carrots,dominik@chasing-carrots.com,Senior Character Artist · Wingfeather Saga credit · stylized + grooming,enviado (lote do Apps Script as 21h26-21h27 UTC; reconciliado pelo Comunicador na rodada das 22h)
2026-09-11,Gentle Troll Entertainment,mw@gentletroll.com,Senior Character Artist · Wingfeather Saga credit · stylized + grooming,enviado (lote do Apps Script as 21h26-21h27 UTC); auto-resposta recebida no mesmo minuto (OOO ate 16/09)
2026-09-11,neoludic games,raven@neoludic.games,Senior Character Artist · Wingfeather Saga credit · stylized + grooming,enviado (lote do Apps Script as 21h26-21h27 UTC; reconciliado pelo Comunicador na rodada das 22h)
2026-09-11,Apparat Studio,kristian.berg@apparat.no,Senior Character Artist · Wingfeather Saga credit · stylized + grooming,enviado (lote do Apps Script as 21h26-21h27 UTC; reconciliado pelo Comunicador na rodada das 22h)
2026-09-11,Third Kind Games,hello@thirdkindgames.com,Senior Character Artist · Wingfeather Saga credit · stylized + grooming,enviado (lote do Apps Script as 21h26-21h27 UTC; reconciliado pelo Comunicador na rodada das 22h)
2026-09-11,The Chapel Films,jonas@thechapelfilms.com,Senior Character Artist · Wingfeather Saga credit · stylized + grooming,enviado (lote do Apps Script as 21h26-21h27 UTC; reconciliado pelo Comunicador na rodada das 22h)
2026-09-11,Skjaldborn,mikkel@skjaldborn.com,Senior Character Artist · Wingfeather Saga credit · stylized + grooming,enviado (lote do Apps Script as 21h26-21h27 UTC; reconciliado pelo Comunicador na rodada das 22h)
2026-09-11,Hydraulx,cjcole@hydraulx.com,Senior Character Artist · Wingfeather Saga credit · stylized + grooming,"bounce duro (Address not found) no mesmo minuto do envio; lote do Apps Script as 21h26 UTC, reconciliado pelo Comunicador as 22h"
2026-09-11,Telegael,cathy@telegael.com,Senior Character Artist · Wingfeather Saga credit · stylized + grooming,enviado (lote do Apps Script as 21h26-21h27 UTC; reconciliado pelo Comunicador na rodada das 22h)
2026-09-11,Wooster Games,hello@woostergames.com,Senior Character Artist · Wingfeather Saga credit · stylized + grooming,"bounce duro (Address not found) no mesmo minuto do envio; lote do Apps Script as 21h26 UTC, reconciliado pelo Comunicador as 22h"
2026-09-11,Engine House VFX,jason@engine-house.co.uk,Senior Character Artist · Wingfeather Saga credit · stylized + grooming,enviado (lote do Apps Script as 21h26-21h27 UTC; reconciliado pelo Comunicador na rodada das 22h)
2026-09-11,Mighty Canvas,info@mightycanvas.com,Senior Character Artist · Wingfeather Saga credit · stylized + grooming,enviado (lote do Apps Script as 21h26-21h27 UTC; reconciliado pelo Comunicador na rodada das 22h)
2026-09-11,Moetion Films,moe@moetionfilms.com,Senior Character Artist · Wingfeather Saga credit · stylized + grooming,enviado (lote do Apps Script as 21h26-21h27 UTC; reconciliado pelo Comunicador na rodada das 22h)
2026-09-11,Revelator Studio,wayne@revelatorstudio.com,Senior Character Artist · Wingfeather Saga credit · stylized + grooming,enviado (lote do Apps Script as 21h26-21h27 UTC; reconciliado pelo Comunicador na rodada das 22h)
2026-09-11,GSC Game World,dkulik@stalker2.com,Senior Character Artist · Wingfeather Saga credit · stylized + grooming,enviado (lote do Apps Script as 21h26-21h27 UTC; reconciliado pelo Comunicador na rodada das 22h)
2026-09-11,Helmet,alex@helmet.no,Senior Character Artist · Wingfeather Saga credit · stylized + grooming,enviado (lote do Apps Script as 21h26-21h27 UTC; reconciliado pelo Comunicador na rodada das 22h)
2026-09-11,Terminus Studio,anthony@terminus-studio.com,Senior Character Artist · Wingfeather Saga credit · stylized + grooming,enviado (lote do Apps Script as 21h26-21h27 UTC; reconciliado pelo Comunicador na rodada das 22h)
2026-09-11,DLP Paris,federico@dlpparis.com,Senior Character Artist · Wingfeather Saga credit · stylized + grooming,enviado (lote do Apps Script as 21h26-21h27 UTC; reconciliado pelo Comunicador na rodada das 22h)
2026-09-11,Expanse,jonas@expanse.no,Senior Character Artist · Wingfeather Saga credit · stylized + grooming,enviado (lote do Apps Script as 21h26-21h27 UTC; reconciliado pelo Comunicador na rodada das 22h)
2026-09-11,Cocoa (CFX),dermot@cocoa.fi,Senior Character Artist · Wingfeather Saga credit · stylized + grooming,enviado (lote do Apps Script as 21h26-21h27 UTC; reconciliado pelo Comunicador na rodada das 22h)
2026-09-11,TELEVISOR (grupo PFX),michal.truszkowski@televisor.studio,Senior Character Artist · Wingfeather Saga credit · stylized + grooming,enviado (lote do Apps Script as 21h26-21h27 UTC; reconciliado pelo Comunicador na rodada das 22h)
2026-09-11,Troll VFX,antti@trollvfx.com,Senior Character Artist · Wingfeather Saga credit · stylized + grooming,enviado (lote do Apps Script as 21h26-21h27 UTC; reconciliado pelo Comunicador na rodada das 22h)
2026-09-11,Norlum,jericca@noerlum.com,Senior Character Artist · Wingfeather Saga credit · stylized + grooming,enviado (lote do Apps Script as 21h26-21h27 UTC; reconciliado pelo Comunicador na rodada das 22h)
2026-09-11,Storm Studios,havard@stormstudios.no,Senior Character Artist · Wingfeather Saga credit · stylized + grooming,enviado (lote do Apps Script as 21h26-21h27 UTC; reconciliado pelo Comunicador na rodada das 22h)
2026-09-11,CarpeDiem Film & TV,bg@carpediemfilmtv.com,Senior Character Artist · Wingfeather Saga credit · stylized + grooming,enviado (lote do Apps Script as 21h26-21h27 UTC; reconciliado pelo Comunicador na rodada das 22h)
2026-09-11,Magnopus,ian.palmer@magnopus.com,Senior Character Artist · Wingfeather Saga credit · stylized + grooming,enviado (lote do Apps Script as 21h26-21h27 UTC; reconciliado pelo Comunicador na rodada das 22h)
2026-09-11,Frost FX,andres@frostfx.ee,Senior Character Artist · Wingfeather Saga credit · stylized + grooming,enviado (lote do Apps Script as 21h26-21h27 UTC; reconciliado pelo Comunicador na rodada das 22h)
2026-09-11,Polder Animation,bastiaan@polderanimation.com,Senior Character Artist · Wingfeather Saga credit · stylized + grooming,enviado (lote do Apps Script as 21h26-21h27 UTC; reconciliado pelo Comunicador na rodada das 22h)
2026-09-11,Sluggerfly,d.plassmann@sluggerfly.com,Senior Character Artist · Wingfeather Saga credit · stylized + grooming,enviado (lote do Apps Script as 21h26-21h27 UTC; reconciliado pelo Comunicador na rodada das 22h)
2026-09-11,Ntropic,veronika.fontaine@ntropic.com,Senior Character Artist · Wingfeather Saga credit · stylized + grooming,"enviado (lote do Apps Script as 21h26-21h27 UTC); auto-resposta recebida no mesmo minuto (OOO ate 28/09, aponta helena@ntropic.com)"
2026-09-11,Sarofsky,erin@sarofsky.com,Senior Character Artist · Wingfeather Saga credit · stylized + grooming,enviado (lote do Apps Script as 21h26-21h27 UTC; reconciliado pelo Comunicador na rodada das 22h)
2026-09-11,Digital Frontier FX,cfinnerty@digitalfrontierfx.com,Senior Character Artist · Wingfeather Saga credit · stylized + grooming,enviado (lote do Apps Script as 21h26-21h27 UTC; reconciliado pelo Comunicador na rodada das 22h)
2026-09-11,La Cabane Productions,jobs@lacabaneproductions.com,Senior Character Artist · Wingfeather Saga credit · stylized + grooming,enviado (lote do Apps Script as 21h26-21h27 UTC); auto-resposta recebida no mesmo minuto (sem contratacao no momento)
2026-09-11,Hooligan Animation,Info@hooligananimation.studio,Senior Character Artist · Wingfeather Saga credit · stylized + grooming,enviado (lote do Apps Script as 21h26-21h27 UTC; reconciliado pelo Comunicador na rodada das 22h); RECUSA de 16/09 por Leigh Minni (so contrata quem ja esta na Australia); respondida 04h03 e 12h25; ela guardou portfolio para vaga futura de personagem
2026-09-11,Lightfox Games,careers@lightfoxgames.com,Senior Character Artist · Wingfeather Saga credit · stylized + grooming,enviado (lote do Apps Script as 21h26-21h27 UTC; reconciliado pelo Comunicador na rodada das 22h)
2026-09-11,The Charactershop,info@thecharactershop.com,Senior Character Artist · Wingfeather Saga credit · stylized + grooming,enviado (lote do Apps Script as 21h26-21h27 UTC; reconciliado pelo Comunicador na rodada das 22h)
2026-09-12,Absurd Ventures,Character Art Lead,"Santa Monica, California, EUA",Greenhouse (formulario),https://job-boards.greenhouse.io/absurdventures/jobs/5236256007,enviado,"requisicao 5236256007, internal_job_id 4680308007, publicada 11/09 19h11 EDT. ENVIADA 12/09 as 11h24 UTC pelo maestro. Prova dupla: URL terminou em /jobs/5236256007/confirmation E a pagina disse ""Thank you for applying to Absurd Ventures"". Codigo de seguranca BPjwpS7x, pedido 11h21m34 e atendido 11h21m45. TERCEIRA candidatura nesta casa, e a primeira NOMEADA: as duas de 11/09 (4141408007 General Game Development e 4141404007 Animated Series) sao espontaneas e os recibos nao citam vaga. Faixa publicada USD 150.000-185.000. Achada pelo Jhon B na rodada das 10h45. PRIMEIRA TENTATIVA FOI RECUSADA pelo proprio formulario, sem enviar nada: faltava o campo obrigatorio Discipline (secao Education, nao e question_*) e o multi-select de engines nao marcou nada porque no Greenhouse ele e GRUPO DE CHECKBOX e nao select. Os dois defeitos foram consertados no apply-greenhouse.js antes do envio bom."
2026-09-12,Netflix Animation Studios (Ink / Inkubator),Character Designer- Ink,"Estados Unidos (Los Angeles, presencial)",Workday (netflix.wd108),https://netflix.wd108.myworkdayjobs.com/Netflix/job/Los-Angeles/Character-Designer--Ink_JR41777,enviada,"Requisicao JR41777, publicada ha 19 dias. ENVIADA 12/09 pela rodada dos grandes. DUAS PROVAS, a segunda do SERVIDOR e nao da pagina de envio: (1) tela final do Workday com o texto literal ""Application Submitted / Your application has successfully been submitted. / You have no more tasks.""; (2) VISITA SEPARADA depois do envio a Candidate Home da conta, que agora lista ""Character Designer- Ink | JR41777 | September 12, 2026"" entre as candidaturas ativas, onde antes do envio ela NAO estava. POR QUE ELA IMPORTA: esta vaga estava presa desde 02/09. A campanha a queria (registrada como ALTA no dia em que apareceu) e a unica coisa que a impedia era o reCAPTCHA INVISIVEL do Eightfold, que recusa sessao automatizada em /api/application/v2/submit com 400 Please try again later. A MESMA requisicao esta publicada no locatario Workday da Netflix, que NAO tem essa parede e onde a campanha ja tinha 12 candidaturas passando. Trocar de rota derrubou o muro sem burlar nada. CONFERIDO ANTES DE APLICAR, campo a campo no modo seco: patrocinio de visto respondido SIM (verdade), contratante da Netflix NAO, ja trabalhou na Netflix NAO, endereco e telefone do documento privado do Drive, CV anexado e os tres sites (ArtStation, LinkedIn, site proprio). O ANUNCIO NAO TEM VETO ESCRITO: zero ocorrencia de authorization, sponsorship, eligibility ou work permit como requisito, e nenhuma faixa salarial publicada. DISCIPLINA, decidida pelo CORPO e nao pelo titulo: o anuncio pede ""Partner with technical leads to refine and troubleshoot character MODELS, ensuring consistency in fidelity, proportion, and emotional range across all shots"", ou seja nao e design 2D puro, encosta na modelagem de personagem. PERSONAGEM."
2026-09-12,Netflix Animation Studios (Ink / Inkubator),CG Experimental Artist- Ink,"Estados Unidos (Los Angeles, presencial)",Workday (netflix.wd108),https://netflix.wd108.myworkdayjobs.com/Netflix/job/Los-Angeles/CG-Experimental-Artist_JR41754,enviada,"Requisicao JR41754, publicada ha 8 dias. ENVIADA 12/09 pela mesma rota do Workday que destravou a JR41777. DUAS PROVAS, a segunda do SERVIDOR: (1) tela final com o texto literal ""Application Submitted / Your application has successfully been submitted. / You have no more tasks.""; (2) VISITA SEPARADA depois do envio, a Candidate Home listando ""CG Experimental Artist- Ink | JR41754 | September 12, 2026"" no topo das ativas. DISCIPLINA: generalista 3D dentro do selo autoral, que e a PRIORIDADE 2 escrita na BRIEF-GRANDES (""vaga de arte proxima disso: modeling, texturing, look dev, groom, generalista 3D""). PERSONAGEM nao, ARTE 3D sim: conta como porta de entrada. NAO E DUPLICATA, e isto foi conferido na conta do ATS e nao no CSV: a irma JR40255 e requisicao DIFERENTE, foi enviada em 10/07 e esta INATIVA (a recusa de 07/09). Uma candidatura por VAGA, e sao duas vagas. RESSALVA HONESTA, que e do Vini decidir se valeu: o anuncio se descreve como de INICIO DE CARREIRA (""early career"", ""a great fit for recent graduates looking to break into the space"") e a casa ja o recusou na versao experiente da mesma funcao. Mandei assim mesmo porque a regra dele de 02/09 e explicita: em estudio grande NAO se filtra senioridade, vale de junior a principal, e ""early career"" nao e veto escrito, e descricao de alvo. Patrocinio respondido SIM, contratante da Netflix NAO, ja trabalhou na Netflix NAO. Sem faixa salarial publicada.; RECUSADA por email de ATS em 16/09 16h09 (careers@jobs.netflix.com): ""we have decided to move forward with other candidates"""
2026-09-12,Blizzard Entertainment,Character Artist - StarCraft,"Irvine, California, EUA (hibrido)",Workday (formulario),https://xboxgaming.wd1.myworkdayjobs.com/Blizzard_External_Careers/job/Irvine---Blizzard---Blizzard-Way/Character-Artist---StarCraft---Irvine--CA_R028136,enviado,"requisicao R028136, postada em 12/09 e enviada em 12/09 as 21h pelo maestro. PROVA FORTE: a requisicao aparece na lista de candidaturas dele no proprio Workday como 'Character Artist - StarCraft | Irvine, CA / R028136 / Under Review / September 12, 2026', alem do texto 'Application Submitted. Your application has been received.' na tela. Personagem por escrito no anuncio: 'extensive experience working with modeling, sculpting, and texturing tools to achieve photorealistic characters' e 'expertise in human and creature anatomy', com pontos extras por 'hair systems', que e o groom dele. Regua no texto integral: ZERO veto; 'relocat' aparece como sinal POSITIVO ('you may also be eligible for relocation assistance'). Autorizacao legal respondida NO, que e a verdade. Achada pelo Jhon B as 19h55 num site do Workday que a campanha nunca tinha lido. RESSALVAS: a faixa e HORARIA (USD 30,47-56,35/h), o que pode indicar vinculo horista e efetivo e o que sustenta visto; e o mesmo recrutamento recusou a R027817 (Lead Character Artist, Overwatch) hoje as 08h17."
2026-09-12,Disney / ILM Sydney,Senior Modeler,"Sydney, Australia",Workday (formulario),https://disney.wd5.myworkdayjobs.com/disneycareer,RECUSADA,"DESFECHO DESCOBERTO EM 12/09 as 21h30, e nao por email: a lista de candidaturas do proprio Workday da Disney marca a requisicao 10159882 como 'No Longer in Consideration'. O repositorio dava esta vaga como VIVA, porque nenhuma recusa chegou na caixa. Nao houve mensagem nenhuma: a casa simplesmente mudou o estado no portal. A expressao 'No Longer in Consideration' aparecia ZERO vez no repositorio inteiro antes desta rodada."
2026-09-12,Disney / ILM London,Senior Texture Artist,"Londres, Reino Unido",Workday (formulario),https://disney.wd5.myworkdayjobs.com/disneycareer,RECUSADA,DESFECHO DESCOBERTO EM 12/09 as 21h30 pela lista de candidaturas do Workday da Disney: requisicao 10159370 marcada 'No Longer in Consideration'. Tambem sem email nenhum. O repositorio dava como viva.
2026-09-12,Cloud Imperium Games,Vehicle Artist,-,Workday (formulario),https://cloudimperiumgames.wd503.myworkdayjobs.com,RECUSADA,DESFECHO DESCOBERTO EM 12/09 as 21h30 pela lista de candidaturas do Workday da CIG: requisicao JR101515 marcada 'Not selected'. Sem email. O repositorio dava como viva.
2026-09-12,Netflix,(duplicata da JR41751),-,Workday (formulario),https://netflix.wd108.myworkdayjobs.com,duplicata-confirmada,"DUPLICATA REAL CONFIRMADA EM 12/09 as 21h30: a lista de candidaturas do Workday da Netflix mostra a requisicao JR41751 DUAS VEZES na aba ativa, enviada em 31/08 E em 08/09. O enviados.csv tinha UMA linha so, entao o registro nao sabia da segunda. Esta linha existe para que o numero de candidaturas da campanha nao conte 31/08 e 08/09 como uma so, e para que ninguem tente a JR41751 uma terceira vez."
2026-09-12,Netflix,Principal Technical Artist (Games R&D / Tech Lab),-,Workday (formulario),https://netflix.wd108.myworkdayjobs.com,enviado,"CANDIDATURA DESCONHECIDA DO REPOSITORIO, achada em 12/09 as 21h30 na lista do Workday da Netflix: requisicao JR40467, enviada em 10/07/2026, ou seja PRE-CAMPANHA e pelo proprio Vini. Aparece ZERO vez em qualquer arquivo do repositorio. Registrada agora para o dedupe futuro."
2026-09-12,Disney,Character Modeler (Mid-Senior),"Mumbai, India",Workday (formulario),https://disney.wd5.myworkdayjobs.com/disneycareer,enviado,"CANDIDATURA DESCONHECIDA DO REPOSITORIO, achada em 12/09 as 21h30 na lista do Workday da Disney: requisicao 10154147, enviada em 10/07/2026, pre-campanha e pelo proprio Vini. E O CASO MAIS INSTRUTIVO DO DIA: o numero 10154147 aparece em DEZ arquivos do repositorio, sempre como vaga VISTA em varredura e DESCARTADA por ser Mumbai (fora de escopo). Mas grep em enviados.csv dava ZERO. Ou seja o identificador estava por toda parte e a candidatura nunca esteve registrada, e um dedupe por ID teria passado limpo achando que so tinha sido vista. LICAO: presenca de um ID no repositorio NAO e prova de candidatura registrada; so o enviados.csv e a lista do empregador contam."
2026-09-08,Hello Games,jobs@hellogames.co.uk,Senior Character Artist · Wingfeather Saga credit · stylized + grooming,enviado,"SEGUNDA carta para a casa, e esta com GANCHO na vaga nomeada Experienced Artist, citando as ferramentas do proprio anuncio (Maya, Photoshop, ZBrush, Substance). Saiu na leva do Apps Script das 17h55 UTC de 08/09 e o jobs@hellogames.co.uk devolveu recibo automatico as 17h56: 'Thank you so much for mailing jobs@hellogames.co.uk. If you have sent us an application, we very much appreciate your interest.' LINHA RECONSTRUIDA EM 13/09: o envio estava registrado em processados.csv desde 08/09 e NUNCA virou linha aqui, mesmo padrao das faltas de Stunlock e Bluehole. A primeira carta, de 02/09, era generica e ja tem linha propria."
2026-09-14,Disney / ILM London,Sr Groom Artist,"Londres, Reino Unido",Workday (formulario),https://disney.wd5.myworkdayjobs.com/disneycareerdc/job/London-United-Kingdom/Sr-Groom-Artist_10042099,enviado,"REQUISICAO 10042099, achada pela ronda-disney.sh as 12h46 no quadro disneycareerdc e enviada na mesma hora pela regra 14. Confirmacao NAO e suposicao: a propria lista de candidaturas do Workday passou de 4 ativas para 5 e marca 'Sr Groom Artist 10042099 Application Received September 14 2026', e o recibo disney@myworkday.com chegou as 13h02. GROOM E A DISCIPLINA DELE, nomeada em toda carta. Regua de veto: ZERO acerto nos onze termos. ATENCAO PARA NAO VIRAR LENDA: o corpo do anuncio tem 474 caracteres e nao contem character, hair, fur, Houdini nem XGen; nao e leitura parcial minha, e o registro inteiro, conferido campo a campo no JSON. A disciplina foi confirmada pelo campo 'Primary Job Posting Category: Groom - Studios', nao pelo corpo. O corpo diz 'Date Posted: 2025-10-20' mas o startDate da API e 2026-09-14 e canApply=true: requisicao antiga republicada hoje. Salario ficou 'No Response': campo opcional, tentei preencher com GBP 50.000 e o botao Back me jogou para fora do fluxo, entao retomei por /apply e enviei sem ele em vez de arriscar o rascunho."
2026-09-14,Union VFX,Character Artist,"Londres, Reino Unido",formulario,-,RECUSADA,"VETO ESCRITO DE PATROCINIO, o unico criterio que descarta de verdade. Resposta as 11h43 por noreply@peoplehremails.com: 'we are not currently offering sponsorship for roles at Union VFX, so will not be...'. NAO REESCREVER PARA ESTA CASA ate que eles digam outra coisa."
2026-09-14,Lighthouse Games,Lead Character Artist,Reino Unido,Workable (formulario),-,RECUSADA,"Recusa de Paul Murphy, Principal Talent Acquisition Specialist, as 10h33. Volume alto de candidaturas, sem feedback individual, mas convida a aplicar de novo. Respondido as 13h com agradecimento, sem emoji pela regra de recusa. Candidatura original enviada em 10/09, recibo noreply@candidates.workablemail.com."
2026-09-14,Broken Bird Games,-,Espanha,carta fria,-,"sem vaga, ficha guardada","Borja Corvo Santana respondeu em pessoa as 10h53, elogiando o portfolio, e pediu para GUARDAR CV e portfolio para oportunidade futura. Nao estao expandindo o time agora. Respondido as 13h. Carta original 06/09, follow-up 08/09: o follow-up e que destravou a resposta."
2026-09-14,Cybernetic Walrus,-,Belgica,carta fria,-,sem vaga,Mike respondeu em pessoa as 10h30: nao ha vaga de character artist no momento. Respondido as 13h.
2026-09-15,Absurd Ventures,General Film & TV Application (4141225007),"EUA (Santa Monica ou San Rafael, CA)",Greenhouse (formulario),https://job-boards.greenhouse.io/absurdventures/jobs/4141225007/confirmation,ENVIADA E CONFIRMADA,Thank you for applying to Absurd Ventures Our team will review your information & get back to you regarding next steps.
2026-09-15,Netflix Animation Studios,Character Modeler (JR42568),"Canada (Vancouver, BC, hibrido 3 dias)","Eightfold (formulario, enviado A MAO pelo Vini)",https://explore.jobs.netflix.net/careers/job/790318470000,ENVIADA E CONFIRMADA,Thank you for applying for the role of Character Modeler - Netflix Animation Studios at Netflix! It's exciting to see your interest in joining the Dream Team
2026-09-16,Netflix Animation Studios,Character Modeler (JR42577),"Australia (Sydney, hibrido 3 dias)","Workday netflix.wd108 (formulario, enviado pela automacao desta sessao)",https://netflix.wd108.myworkdayjobs.com/en-US/Netflix/job/Sydney/Character-Modeler---Netflix-Animation-Studios_JR42577,ENVIADA E CONFIRMADA,"TRES PROVAS: texto do servidor Application Submitted / Your application has successfully been submitted / You have no more tasks; URL final /jobTasks/completed/application; e a lista My Applications da conta passou a listar JR42577 em 16/09 (active). Patrocinio Yes, contratado/ex-Netflix No, pretensao com a frase de alinhamento e AUD 110.000 de referencia (sem faixa publicada). Personagem, cargo literal dele. A irma de Vancouver JR42568, enviada a mao em 15/09 pelo Eightfold, aparece INATIVA na mesma lista em 16/09."
2026-09-16,HypeHype,"Open Application (banco de talentos / candidatura espontanea, id 1907255)",Finlandia (Helsinki),"Teamtailor (formulario, enviado pela automacao)",https://hypehype.teamtailor.com/jobs/1907255-open-application,ENVIADA E CONFIRMADA,"DUAS PROVAS: URL final https://hypehype.teamtailor.com/jobs/1907255-open-application/applications/3289852d-ca84-46ef-bc87-b7b47ff2f8e6/thanks/efb62dc1c6933a9c9edcce25194b699710daa8063cf3c32b1985155b1db037aa e o texto do servidor ""Applied to Open Application / Thanks for applying / We have received your application and we will be reviewing it shortly"". CV anexado e conferido na tela (Vini_Cavalcanti_CV.pdf). Carta de 225 palavras com a linha de realocacao uma vez e patrocinio de visto dito com a verdade (nao e cidadao da UE). Casa inedita na campanha: dedupe por id 1907255 deu zero nos quatro arquivos e a busca no Gmail por HypeHype deu zero. Formulario sem captcha e sem pergunta customizada. Candidatura ESPONTANEA de personagem (o texto nomeia personagem estilizado), nao vaga nomeada."
2026-09-16,Fully,"Open application (candidatura espontanea, id 6360996)","Suecia (Gotemburgo, hibrido)","Teamtailor (formulario, enviado pela automacao)",https://fully.teamtailor.com/jobs/6360996-open-application,ENVIADA E CONFIRMADA,"DUAS PROVAS: URL final /jobs/6360996-open-application/applications/4cedeeb2-cb85-4175-b74f-f71a3a760375/thanks/2d0636241e020ad172ab88a640e98b2869ab3065266e01356f9dd3cefac50ee3 e o texto do servidor ""Applied to Open application / Thanks for applying / We have received your application and we will be reviewing it shortly"". CV anexado e conferido pelo nome na tela. Carta de 241 palavras, pretensao EUR 45.000 com a frase de alinhamento, patrocinio de visto dito com a verdade. Casa inedita: dedupe do id deu zero nos quatro arquivos e o Gmail nao tem recibo de Fully. Porta #9 da FILA-FORMULARIO-1609. RESSALVA HONESTA: a Fully e consultoria sueca com departamento Games Development, nao estudio de animacao, entao o encaixe e medio-baixo; conta como espontanea de personagem pelo texto, nao como vaga nomeada."
2026-09-16,Territory Studio,"Connect, departamento VFX (119793) - banco de talentos",Reino Unido (Londres),"Teamtailor Connect (formulario, enviado pela automacao)",https://territorystudio.teamtailor.com/connect/candidates/new,ENVIADA E CONFIRMADA,"CADASTRO CRIADO E CONFIRMADO PELA FONTE QUE O BRIEF MANDA USAR: a URL final foi /connect/dashboard e a tela diz ""Welcome to Connect"" e ""Hi, thank you for connecting with Territory Studio. This gives us a chance to keep track"". Departamento VFX marcado e conferido por .checked no MESMO input pelo value (119793); email lido de volta. Nao havia caixa de consentimento nesta variante (candidate[consent_given] ausente), que pela regra do brief e a variante que PODE enviar. Zero captcha. Casa inedita: dedupe do id 119793 deu zero nos quatro arquivos. Porta #15 da FILA-FORMULARIO-1609. RESSALVA HONESTA: e banco de talentos e o departamento e VFX generico, nao personagem; a Territory e casa de UI de cinema."
2026-09-16,Princess Bento,"Connect, departamento Design (488901) e cargo CHARACTER ARTIST (1240636) - banco de talentos",Reino Unido (Londres),"Teamtailor Connect (formulario, enviado pela automacao)",https://princessbento.teamtailor.com/connect/candidates/new,ENVIADA E CONFIRMADA,"CADASTRO CRIADO E CONFIRMADO PELA FONTE FORTE DO CONNECT: a URL final foi https://careers.princessbento.com/connect/dashboard e a tela diz ""Welcome to Connect"" com os paineis Your Profile e Your applications. Departamento Design e cargo Character Artist marcados e conferidos por .checked no MESMO input pelo value (488901 e 1240636). As DUAS caixas de consentimento existiam e ficaram MARCADAS (candidate[consent_given] e candidate[consent_given_future_jobs]), o que afasta a armadilha do gemeo escondido que transforma cadastro em login. Email lido de volta. Zero captcha. Casa inedita: dedupe do id 1240636 deu zero nos quatro arquivos. Porta #12 da FILA-FORMULARIO-1609. RESSALVA HONESTA E GRAVE: a Princess Bento e casa de 2D (as vagas publicadas sao 2D Rigged Animators e EOI de 2D Animation e Art Directors); o cargo Character Artist existe no menu dela, mas o pipeline e 2D, entao o encaixe e BAIXO apesar do rotulo de personagem."
2026-09-16,Raw Fury,"Connect, departamento Freelancers (51170) e cargo Freelancer - 3D Artist (121776) - banco de talentos",Suecia (Estocolmo),"Teamtailor Connect (formulario, enviado pela automacao)",https://rawfury.teamtailor.com/connect/candidates/new,ENVIADA E CONFIRMADA,"CADASTRO CRIADO E CONFIRMADO PELA FONTE FORTE DO CONNECT: a URL final foi https://jobs.rawfury.com/connect/dashboard e a tela diz ""Welcome to Connect"" com os paineis Your Profile e Your applications. Departamento Freelancers e cargo Freelancer - 3D Artist marcados e conferidos por .checked no MESMO input pelo value (51170 e 121776); o vizinho Freelancer - 2D Artist (121777) NAO foi tocado. A caixa candidate[consent_given] existia e ficou MARCADA; a de future_jobs nao existe nesta casa. Email lido de volta. Zero captcha. Casa inedita como candidatura: dedupe do id 121776 deu zero em enviados.csv. Porta #17 da FILA-FORMULARIO-1609. RESSALVA HONESTA: a Raw Fury e PUBLISHER, nao estudio, a arte 3D interna e pequena e o rotulo e de FREELANCE, o que fica abaixo da preferencia dele por vaga efetiva; entra porque o cargo de 3D esta nomeado pela propria casa e freelance dispensa visto."
2026-09-16,Goodgame Studios,"Connect, departamento Game Art (309870) - banco de talentos",Alemanha (Hamburgo),"Teamtailor Connect (formulario, enviado pela automacao)",https://goodgamestudios.teamtailor.com/connect/candidates/new,ENVIADA E CONFIRMADA,"CADASTRO CRIADO E CONFIRMADO PELA FONTE FORTE DO CONNECT: URL final https://goodgamestudios.teamtailor.com/connect/dashboard e a tela diz ""Welcome to Connect"" com os paineis Your Profile e Your applications. Departamento Game Art marcado e conferido por .checked no MESMO input pelo value (309870). As DUAS caixas de consentimento existiam e ficaram MARCADAS, o que afasta a armadilha do gemeo escondido que vira login. Email lido de volta. Zero captcha. Casa inedita: id 309870 nao aparece nos quatro arquivos e enviados.csv tem zero para a casa. Porta #18 da FILA-FORMULARIO-1609. RESSALVA HONESTA: e grupo Stillfront, o produto e jogo de navegador (Empire) e a unica vaga de arte aberta hoje e AI Artist - Empire; encaixe medio-baixo, entrou por ser porta sem atrito."
2026-09-16,New Moon Production,"Connect, departamento Game Art (325621) - banco de talentos",Alemanha (Hamburgo),"Teamtailor Connect (formulario, enviado pela automacao)",https://newmoonproduction.teamtailor.com/connect/candidates/new,ENVIADA E CONFIRMADA,"CADASTRO CRIADO E CONFIRMADO PELA FONTE FORTE DO CONNECT: URL final https://newmoonproduction.teamtailor.com/connect/dashboard e a tela diz ""Welcome to Connect"" e ""Thank you for Connecting with us"". Departamento Game Art marcado e conferido por .checked no MESMO input pelo value (325621). As duas caixas de consentimento MARCADAS. Email lido de volta. Zero captcha. CASA INEDITA: dedupe do id 325621 deu zero ocorrencias nos quatro arquivos. Porta #19 da FILA-FORMULARIO-1609. RESSALVA HONESTA: mesmo molde de quadro da Goodgame (grupo Stillfront), 17 departamentos e zero cargo listado, ou seja cadastro puro sem vaga de personagem nomeada."
2026-09-16,OFM Studios,"Connect, departamento Game Art (374882) - banco de talentos",Alemanha,"Teamtailor Connect (formulario, enviado pela automacao)",https://ofmstudios.teamtailor.com/connect/candidates/new,ENVIADA E CONFIRMADA,"CADASTRO CRIADO E CONFIRMADO PELA FONTE FORTE DO CONNECT: URL final https://ofmstudios.teamtailor.com/connect/dashboard e a tela diz ""Welcome to Connect"" e ""Thank you for Connecting with us"". Departamento Game Art marcado e conferido por .checked no MESMO input pelo value (374882). As duas caixas de consentimento MARCADAS. Email lido de volta. Zero captcha. Dedupe: zero em enviados.csv, uma linha de leitura em processados.csv sem marca de envio. Porta #20 da FILA-FORMULARIO-1609. RESSALVA HONESTA: o quadro da casa tem ZERO vaga aberta (medido em 12/09), entao isto e cadastro puro em banco de talentos, nao candidatura a vaga."
2026-09-16,Stillfront Group,"Connect, departamento Game Art (305316) - banco de talentos do grupo",Suecia (Estocolmo),"Teamtailor Connect (formulario, enviado pela automacao)",https://stillfrontgroup.teamtailor.com/connect/candidates/new,ENVIADA E CONFIRMADA,"CADASTRO CRIADO E CONFIRMADO PELA FONTE FORTE DO CONNECT: URL final https://stillfrontgroup.teamtailor.com/connect/dashboard com ""Welcome to Connect"" e os paineis Your Profile e Your applications. Departamento Game Art marcado e conferido por .checked no MESMO input pelo value (305316). As duas caixas de consentimento MARCADAS. Email lido de volta. Zero captcha. Dedupe: id 305316 inedito; a casa ja tinha a espontanea da Twin Harbour (6958619) enviada em 06/09 por este mesmo quadro-guarda-chuva, que e objeto diferente. Porta #23 da FILA-FORMULARIO-1609. RESSALVA HONESTA: e HOLDING, nao estudio; o cadastro cai num pool que cobre mais de 20 estudios do grupo, entao vale como rede e nao como vaga."
2026-09-16,TapNation,"Connect, departamento Product (373621) - banco de talentos",Franca (Paris),"Teamtailor Connect (formulario, enviado pela automacao)",https://tapnation.teamtailor.com/connect/candidates/new,ENVIADA E CONFIRMADA,"CADASTRO CRIADO E CONFIRMADO PELA FONTE FORTE DO CONNECT: URL final https://careers.tap-nation.io/connect/dashboard com ""Welcome to Connect"" e os paineis Your Profile e Your applications. A casa NAO tem departamento de arte no menu (Business Support, Monetization & UA, Product, Tech, WEB 3.0), entao foi marcado Product, que e o mais proximo, e a disciplina fica para o campo livre do perfil. Conferido por .checked no MESMO input pelo value (373621). As duas caixas de consentimento MARCADAS. Zero captcha. Dedupe: zero em enviados.csv. Porta #26 da FILA-FORMULARIO-1609. RESSALVA HONESTA: mobile hipercasual, personagem 3D nao e o produto da casa e nao existe rotulo de arte no menu; e a porta mais fraca da faixa e fecha a fila do Connect por isso."
2026-09-16,MAG Interactive,"Connect, departamento Art (23920) - banco de talentos",Suecia (Estocolmo),"Teamtailor Connect (formulario, enviado pela automacao)",https://mag.teamtailor.com/connect/candidates/new,ENVIADA E CONFIRMADA,"CADASTRO CRIADO E CONFIRMADO PELA FONTE FORTE DO CONNECT: URL final https://career.maginteractive.com/connect/dashboard com ""Welcome to Connect"" e os paineis Your Profile e Upload CV. Departamento Art marcado e conferido por .checked no MESMO input pelo value (23920). Zero captcha. Porta achada nesta rodada pelo mapa proprio de 183 slugs de Teamtailor (141 servem formulario de Connect), nao pela fila do triador. Dedupe: a casa nao tem envio por portal registrado; a tela de resposta foi o DASHBOARD e nao a tela mansa de login, o que prova que o cadastro foi CRIADO agora e nao que ja existia. RESSALVA HONESTA: e banco de talentos com departamento Art generico (a casa e de jogo casual sueco, Wordbrain e Ruzzle), nao vaga de personagem."
2026-09-16,KIXEYE,"Connect, departamento Game Art (363046) - banco de talentos",EUA (Victoria BC e Austin; quadro global),"Teamtailor Connect (formulario, enviado pela automacao)",https://kixeye.teamtailor.com/connect/candidates/new,ENVIADA E CONFIRMADA,"CADASTRO CRIADO E CONFIRMADO PELA FONTE FORTE DO CONNECT: URL final https://kixeye.teamtailor.com/connect/dashboard com ""Welcome to Connect"" e o painel Your Profile. Departamento Game Art marcado e conferido por .checked no MESMO input pelo value (363046). Zero captcha. Porta achada nesta rodada pelo mapa proprio de Connect (183 slugs de Teamtailor sondados, 141 servem formulario). A tela de resposta foi o DASHBOARD e nao a tela mansa de login, o que prova cadastro CRIADO agora. RESSALVA HONESTA: banco de talentos com departamento Game Art generico, nao vaga de personagem."
2026-09-16,Imperia Online,"Connect, departamento Game Art (346068) - banco de talentos",Bulgaria (Sofia),"Teamtailor Connect (formulario, enviado pela automacao)",https://imperiaonline.teamtailor.com/connect/candidates/new,ENVIADA E CONFIRMADA,"CADASTRO CRIADO E CONFIRMADO PELA FONTE FORTE DO CONNECT: URL final https://imperiaonline.teamtailor.com/connect/dashboard com ""Welcome to Connect"" e o painel Your Profile. Departamento Game Art marcado e conferido por .checked no MESMO input pelo value (346068). Zero captcha. Porta achada pelo mapa proprio de Connect desta rodada. A tela foi o DASHBOARD e nao a de login, o que prova cadastro criado agora. Bulgaria esta na Uniao Europeia, dentro do recorte. RESSALVA HONESTA: o quadro publico da casa tem zero vaga de personagem e o departamento e Game Art generico; vale como rede, nao como vaga."
2026-09-16,Nolimit City,"Connect, departamento Graphic artist (204706) - banco de talentos",Suecia (Estocolmo) e Malta,"Teamtailor Connect (formulario, enviado pela automacao)",https://nolimitcity.teamtailor.com/connect/candidates/new,ENVIADA E CONFIRMADA,"CADASTRO CRIADO E CONFIRMADO PELA FONTE FORTE DO CONNECT: URL final https://nolimitcity.teamtailor.com/connect/dashboard com ""Welcome to Connect"" e o painel Your Profile. Departamento Graphic artist marcado e conferido por .checked no MESMO input pelo value (204706) - e o unico rotulo de arte que a casa oferece. Zero captcha. Porta achada pelo mapa proprio de Connect desta rodada. A tela foi o DASHBOARD e nao a de login, o que prova cadastro criado agora. RESSALVA HONESTA: e casa de slot machine, nao de jogo de personagem, e o rotulo disponivel e Graphic artist e nao personagem; o encaixe e FRACO e ela entra so como rede."
2026-09-16,House of How Games,"Connect, departamento Design (344931) - banco de talentos",Suecia,"Teamtailor Connect (formulario, enviado pela automacao)",https://houseofhow.teamtailor.com/connect/candidates/new,ENVIADA E CONFIRMADA,"CADASTRO CRIADO E CONFIRMADO PELA FONTE FORTE DO CONNECT: URL final https://houseofhow.teamtailor.com/connect/dashboard com ""Welcome to Connect"" e o painel Your Profile. Departamento Design marcado e conferido por .checked no MESMO input pelo value (344931). Zero captcha. Porta achada pelo mapa proprio de Connect desta rodada; a tela foi o DASHBOARD e nao a de login. RESSALVA HONESTA E FORTE: a casa NAO tem departamento de arte no menu e a leitura de 12/09 mediu que o departamento Design dela so tem UX/UI; marquei Design por ser a unica opcao existente e a disciplina de personagem fica para o campo livre do perfil. Encaixe FRACO, registrado assim de proposito."
2026-09-16,Ebb Software,"Connect, departamento Art (582163) - banco de talentos",Servia (Belgrado),"Teamtailor Connect (formulario, enviado pela automacao)",https://ebbsoftware.teamtailor.com/connect/candidates/new,ENVIADA E CONFIRMADA,"CADASTRO CRIADO E CONFIRMADO PELA FONTE FORTE DO CONNECT: URL final https://careers.ebbsoftware.com/connect/dashboard com ""Welcome to Connect"" e o painel Your Profile. Departamento Art marcado e conferido por .checked no MESMO input pelo value (582163). Zero captcha. Porta achada pelo mapa proprio de Connect desta rodada; a tela foi o DASHBOARD e nao a de login, o que prova cadastro criado agora. Casa de Scorn, arte de criatura organica, que e o registro estetico dele. RESSALVA HONESTA DE ESCOPO: a Ebb Software e de Belgrado, SERVIA, que nao esta na letra do recorte da campanha (America do Norte, Reino Unido, Irlanda, Nordicos e Uniao Europeia); e Europa geografica mas fora da UE. Registrado com a ressalva para nao inflar a fila, e vale sobretudo se a vaga for remota."
2026-09-16,Bespoke Pixel,"Connect, departamento Art (343124) - banco de talentos",Reino Unido,"Teamtailor Connect (formulario, enviado pela automacao)",https://bespokepixel.teamtailor.com/connect/candidates/new,ENVIADA E CONFIRMADA,"CADASTRO CRIADO E CONFIRMADO PELA FONTE FORTE DO CONNECT: URL final https://bespokepixel.teamtailor.com/connect/dashboard com ""Welcome to Connect"" e o painel Your Profile. Departamento Art marcado e conferido por .checked no MESMO input pelo value (343124). Zero captcha. Porta achada pelo mapa proprio de Connect desta rodada (183 slugs sondados, 141 com formulario); a tela foi o DASHBOARD e nao a de login. CASA INEDITA na campanha. RESSALVA HONESTA: o menu da casa so tem o departamento Art, sem cargo listado, entao nao ha rotulo de personagem para marcar; a disciplina fica para o campo livre do perfil."
2026-09-16,Sun Creature,"Register Your Interest (banco de talentos, Pinpoint) - departamento Product, localidade Copenhagen",Dinamarca (Copenhague),"Pinpoint (formulario, enviado pela automacao)",https://suncreature.pinpointhq.com/register-your-interest/new,ENVIADA E CONFIRMADA,"CANDIDATURA ESPONTANEA ENVIADA E CONFIRMADA em 16/09. TRES PROVAS: o POST em https://suncreature.pinpointhq.com/themes/2556/register-your-interest devolveu 302; a URL final e /themes/2556/register-your-interest/thanks; e o texto do servidor na tela e ""Thanks. You have successfully registered your interest. Next Steps: You will shortly receive a confirmation email, and will be notified of any roles that come along that meet your criteria."" Zero iframe de captcha na pagina, conferido no navegador. Leitura de volta campo a campo antes do envio: nome, sobrenome, email, telefone com o codigo do pais, LinkedIn, resumo pessoal de 1.483 caracteres, CV anexado (POST 200 em rails/active_storage/direct_uploads) e a caixa obrigatoria de tratamento de dados marcada. Combos conferidos pela TELA: Locations = Copenhagen (real) e Departments = Product. Porta #28 da FILA-FORMULARIO-1609. DUAS RESSALVAS HONESTAS. Primeira: o quadro da casa NAO tem departamento de arte (a lista e o conjunto de fabrica Engineering/Finance/Marketing/Operations/Product/Sales, sem ACME nem Hooli, ou seja nao e conta de demonstracao), entao marquei Product e escrevi a disciplina no resumo, inclusive dizendo na carta que o formulario nao oferece opcao de arte. Segunda: a auto-resposta do email deles, de 06/09, dizia que no momento nao aceitam candidatura espontanea por email - esta e a rota de banco de talentos do proprio ATS deles, que continua aberta e recebeu."
2026-09-16,REKiNDLED Studios,"Join Us — formulario Typeform Ab6JnnqE, ramo de CHARACTER ARTIST (19 perguntas)","Reino Unido (Brighton/East Sussex), co-desenvolvimento remoto","Typeform (formulario, enviado pela automacao)",https://form.typeform.com/to/Ab6JnnqE,ENVIADA E CONFIRMADA,"ENVIADA E CONFIRMADA as 15h16 UTC de 16/09, e esta porta estava parada desde 08/09 (duas tentativas falhadas) e foi DESTRAVADA nesta rodada. PROVA (texto do SERVIDOR na tela depois do Submit, nao texto de JS da pagina): ""Thanks for your submission We really appreciate you taking the time to reach out. We're always on the lookout for great collaborators - and now you're officially on our radar. Whether it's next week or a few months from now, we'll be in touch when something fits. Until then, thanks again and keep making awesome things. The Rekindled Team"". Segunda prova: o formulario SAIU DA TELA (nenhum bloco de pergunta restou), e as 19 perguntas aparecem no log com leitura de volta campo a campo. Captura em /home/user/apply/tf7_enviado.png. DEZENOVE respostas, todas conferidas por leitura de volta: ramo de personagem escolhido no 'What do you do best' (Character Artist), especializacao Stylised Humans + Stylised Creatures + Hair Cloth & Grooming, forca High Poly Modelling, ferramentas ZBrush/Maya/Blender/Marvelous/Substance/Marmoset/Unreal (as sete conferidas com aria-checked=true), base Olinda com 'I am ready to move for the role', contractor 'Not sure - happy to chat about it' (verdade: ele e contratado hoje), nivel Senior, portfolio ArtStation, LinkedIn, setup Remote, disponibilidade 'I'm booked, but open later down the line' (verdade). NENHUM DADO PRIVADO FOI CHUTADO: nao ha pergunta de salario e as duas que tocavam prazo de contrato foram respondidas pelas opcoes honestas de disponibilidade, que era exatamente a ressalva escrita no painel. RESSALVA HONESTA: nao e vaga nomeada, e formulario de banco de colaboradores; e o 'Where did you hear about us' ficou como 'Other' SEM o texto livre, porque a escolha unica avanca a tela antes de o campo de texto abrir."
2026-09-16,Caribara Montreal (grupo Caribara Animation),"Candidatura espontanea pelo formulario proprio do estudio de Montreal (Typeform nB73c5Vg), posto marcado: Artiste design personnages","Canada (Montreal, Quebec)","Typeform proprio do estudio (formulario, enviado pela automacao)",https://form.typeform.com/to/nB73c5Vg,ENVIADA E CONFIRMADA,"ENVIADA E CONFIRMADA as 17h4x UTC de 16/09. CASA INEDITA na campanha (zero linha em enviados.csv, processados.csv e no painel antes desta). PROVA (texto do SERVIDOR depois do Submit): ""Merci d'avoir postule chez Caribara Montreal! Nous etudions, avec soin, toutes vos candidatures. Vous recevrez un accuse de reception dans les prochains jours. Bonne chance! / Thank you for applying to Caribara Montreal! We carefully review all your applications. You will receive an acknowledgement of receipt in the next few days."" VINTE das 21 perguntas respondidas (a 21a, 'Dans ce cas, pour quel studio', e fechada por logica porque respondi 'No' a ja ter trabalhado no grupo), TODAS conferidas por leitura de volta campo a campo. O QUE FOI RESPONDIDO: consentimento da lei 25 do Quebec marcado ('Oui, je consens'), nome e sobrenome, demarche 'Candidature spontanee', posto 'Artiste design personnages' (a lista de postos da casa e de pipeline 2D e este e o unico de personagem), disponibilidade 16/11/2026 (o modelo do formulario diz structure MMDDYYYY, entao foi digitado 11|16|2026 e lido de volta assim), especialidade 'Design Character', software 'Maya' (o campo e de escolha UNICA apesar do plural: allow_multiple_selection=false no modelo), 10 anos de animacao e 10 no posto, idioma 'Anglais / English' SO (nao marquei frances, que ele nao tem), CV em PDF anexado e conferido pelo nome do arquivo na tela, portfolio ArtStation, motivacao de 1.400 caracteres escrita em frances, colaboracao 'Presentiel' (realocacao primeiro, pela regra de 06/09), cidade Olinda, VISTO CANADENSE: 'No' (a verdade), email, telefone COM +55 EXPLICITO e conferido na tela como '+55 <numero dele>' (o codigo do pais foi preservado na tela) apesar de o campo ter default_country_code CA, ja trabalhou no grupo 'No', e como conheceu 'Site internet Caribara' (a verdade: a porta saiu do proprio site). RESSALVA HONESTA, e ela e a mais importante desta linha: a Caribara e casa de ANIMACAO 2D em primeiro lugar e a lista de postos dela e de pipeline 2D (animacao cut-out, decor, layout-posing, compositing); o que sustenta o envio e que o proprio site escreve que o estudio de Montreal e 'Specialise en animation 2D et 3D' e que a lista de software da casa inclui Maya, Blender, Unreal e 3DS Max. A motivacao diz de frente, na primeira linha, que o metier dele e 3D (sculpt, retopologia, UV, texturing, look dev e grooming), para ninguem abrir a candidatura esperando um desenhista 2D."
2026-09-16,Rising Sun Pictures,Senior Modelling Artist (623) - contrato de 12 meses,"Australia (Adelaide, South Australia)","SuccessFactors (formulario, conta criada e enviada pela automacao)",https://careers.rsp.com.au/job/Senior-Modelling-Artist/623-en_US,ENVIADA E CONFIRMADA,"CANDIDATURA ENVIADA E CONFIRMADA as 17h1x UTC pelo SuccessFactors, com CONTA CRIADA nesta rodada, CV e CARTA anexados. TRES PROVAS, todas do servidor: (1) o titulo da pagina de retorno virou ""Career Opportunities: Successfully Applied to Senior Modelling Artist (623)""; (2) o texto da tela ""Your application has been sent. Thank you!""; (3) DEPOIS DE RECARREGAR e entrar de novo na conta, o proprio perfil mostra ""Jobs Applied (1) | You've applied to 1 jobs. | Job Title: Senior Modelling Artist | Country/Region: Australia (AU) | Status: We are currently reviewing all applications | Last Modified: 09/16/2026"". RESPOSTAS, todas verdade: disponibilidade ""Negotiable, around two months from an offer.""; realocacao Yes; cidadania Brazil; onde esta hoje ""Olinda, Pernambuco, Brazil""; ""Do you require immigration or work permit support to work in the job location?"" YES (ele nao tem autorizacao para trabalhar na Australia e precisa de patrocinio); faixa pretendida 110,000 - 119,999, que e a unica banda do picklist que contem a referencia de AUD 110.000 (o anuncio nao publica faixa). State/Province ficou Other porque o picklist desta instancia so oferece 'No Selection' e 'Other', sem estados do Brasil. REGUA no anuncio inteiro (23.499 caracteres lidos por curl): ZERO veto - a casa nao escreve exigencia de autorizacao previa nem 'no sponsorship'. Contrato de 12 meses em Adelaide, presencial, e o cargo e de MODELAGEM de VFX (asset e criatura), nao de personagem estilizado nomeado: e a ressalva honesta desta linha."
2026-09-16,Sarofsky,General Application Form (Typeform rOwXSpGX) - candidatura espontanea,"EUA (Chicago, IL + remoto)","Typeform (formulario, enviado pela automacao)",https://form.typeform.com/to/rOwXSpGX,ENVIADA E CONFIRMADA,"CANDIDATURA ENVIADA E CONFIRMADA no General Application Form da Sarofsky (Typeform rOwXSpGX), casa INEDITA na campanha e com a vaga marcada 'Chicago, IL + remote'. DEZ DE DEZ perguntas respondidas com leitura de volta campo a campo: nome, 'How would you best describe yourself' = 3D Artist (marcado e conferido), superpoder (texto de personagem estilizado ponta a ponta, com o credito de The Wingfeather Saga), software 'que voce conhece como a palma da mao' = Maya, Zbrush, Substance Suite, Houdini e Photoshop (os cinco conferidos como MARCADOS de fato), CV anexado (o bloco passou a mostrar 'Vini_Cavalcanti_CV.pdf'), portfolio ArtStation, localizacao 'Olinda, Pernambuco, Brazil. Happy to work remotely, and ready to relocate to Chicago.', interesse = Both, disponibilidade 16/11/2026 (lida de volta como 11|16|2026) e email. A pergunta opcional da FOTO DO BICHINHO ficou de fora de proposito, porque nao ha o que mandar e o script nao chuta. PROVA: o formulario SAIU DA TELA depois do Submit e o Typeform passou a servir a tela de pos-envio (icones de compartilhar mais o botao 'again'); a trava de fim natural do tf_fill7 exige Submit na tela e nenhuma pergunta nova, e a rodada das 16h de hoje ja provou que quando o servidor NAO aceita a tela FICA no formulario. RESSALVA HONESTA: a tela de agradecimento deste formulario nao tem texto proprio, entao a prova aqui e o formulario ter desaparecido, e nao uma frase do servidor - por isso o tf_fill7 ganhou nesta rodada um registro de REDE nao-GET, para a proxima candidatura ter tambem o codigo da chamada de gravacao. DEFEITO DO TF_FILL7 PEGO E CORRIGIDO AQUI: o tratamento de bloco statement mandava DOIS Enter cegos, e num formulario em que a pergunta seguinte ao statement e OPCIONAL isso ANDAVA DUAS TELAS e deixava a pergunta em branco - a 'How would you best describe yourself?' (Question 2 de 11) foi pulada sem nem aparecer no log do primeiro ensaio. Agora o segundo Enter so sai se a tela AINDA estiver no statement, e a pergunta 2 passou a ser respondida."
2026-09-16,Anima Estudios,"Connect, departamento Creativa (298713) - banco de talentos",Mexico (Cidade do Mexico),"Teamtailor Connect (formulario, enviado pela automacao)",https://anima.teamtailor.com/connect,ENVIADA E CONFIRMADA,"CADASTRO NO CONNECT CRIADO E CONFIRMADO em casa INEDITA na campanha e de animacao de verdade (Anima Estudios, Cidade do Mexico; a mesma casa de Legend Quest e Top Cat). Departamento CREATIVA (298713) marcado entre os oito do locatario, as duas caixas de consentimento marcadas e conferidas por .checked, e o aviso de vagas novas ligado. PROVA: depois do botao Conectar a URL virou /connect/DASHBOARD (e nao /connect/success, que e o que aparece quando a conta ja existe), e a sessao ficou ABERTA - #candidate_first_name existia em /connect/profile/settings. Rede: 302 POST /connect/candidates e 302 POST /connect/profile. Segunda prova, de outro caminho: o email de acesso que a casa mandou depois comeca com 'Hola Vini Cavalcanti', ou seja o nome esta gravado na conta. RESSALVA HONESTA E ELA E GRANDE: o CV e o questionario NAO foram completados nesta sessao. O banner de cookies em ESPANHOL nao casava com a lista de botoes do script (que tinha ingles e sueco) e COBRIU a pagina de perfil, entao os campos voltaram vazios na leitura de volta. E o pior: quando fui refazer, o link de acesso da propria casa NAO autentica (mesma parede das outras 15), e a sessao do cadastro e a unica janela que existe. Corrigido no script para a proxima casa: cookies em nove idiomas e contexto PERSISTENTE em disco."
2026-09-16,Eleventh Hour Games (grupo KRAFTON Americas),"Senior Environment Artist (Greenhouse 8501085002) - 100% remota, nucleo 10h-16h Central Time","Remota (EUA, nucleo 10h-16h CT)","Greenhouse (formulario, enviado pela automacao com codigo de seguranca por email)",https://job-boards.greenhouse.io/eleventhhourgames/jobs/8501085002,ENVIADA E CONFIRMADA,"CANDIDATURA ENVIADA E CONFIRMADA as 18h3x UTC de 16/09, porta #29 da FILA-FORMULARIO-1609 (faixa 5). DUAS PROVAS DO SERVIDOR: a URL de retorno e https://job-boards.greenhouse.io/eleventhhourgames/jobs/8501085002/confirmation e o texto da tela e ""Thank you for applying. View more jobs at Eleventh Hour Games"". A lane do codigo por email funcionou de novo exatamente como a campanha mediu: o Greenhouse pediu codigo de seguranca, o no-reply@us.greenhouse-mail.io mandou ""Security code for your application to Eleventh Hour Games"" as 18h30, o codigo foi entregue com a SESSAO DO NAVEGADOR AINDA VIVA e o reenvio passou. VINTE E DOIS CAMPOS conferidos por leitura de volta antes do envio, incluindo os dois anexos pelo NOME do arquivo na tela (Vini_Cavalcanti_CV.pdf e Vini_Cavalcanti_Cover_Letter.pdf) e zero campo invalido. REGUA DE VETO: 35.265 caracteres lidos pela API com content=true, tres acertos e os TRES falsos positivos (o termo Polish dentro de ""final in-engine implementation and polish"" e authoriz no bloco de EEO de veteranos). Nenhum veto escrito de residencia, autorizacao ou idioma, e o formulario NAO pergunta autorizacao de trabalho. PRETENSAO: ""USD 100,000 - open to aligning with your band for the role"", que e a politica de 04/09 para estudio grande sem faixa publicada. NUCLEO DE HORARIO: respondido Yes com a verdade na mao, porque UTC-3 cobre 10h-16h Central como 12h-18h locais, e isso esta escrito tambem na resposta aberta. DUAS RESSALVAS HONESTAS, as duas escritas DENTRO da propria candidatura para ninguem abrir o portfolio esperando outra coisa: (1) e vaga de AMBIENTE, nao de personagem, e a resposta ao ""What else should we know"" diz com todas as letras que a disciplina dele e personagem e criatura estilizados e que worldbuilding puro e esticada; (2) ele nunca entregou open world, o que tambem esta escrito na resposta sobre tipos de mundo. O que sustenta o envio: e 100% remota (sem gargalo de visto), e a unica requisicao aberta e inedita de uma lane que PASSA, o quadro e da KRAFTON (dona da PUBG e da Unknown Worlds) e o jogo e o Last Epoch."
2026-09-16,Snowprint Studios,"Senior 3D Character Artist (Teamtailor 8341580) - departamento Art, publicada 08/09",Suecia (Estocolmo),"Teamtailor (formulario da vaga, enviado pela automacao)",https://snowprintstudios.teamtailor.com/jobs/8341580-senior-3d-character-artist,ENVIADA CONTRA VETO ESCRITO (nao conta no placar),"VAGA DE PERSONAGEM, a primeira do dia, e a porta #4 da FILA-FORMULARIO-1609 (a fila a marcou com estrela como a UNICA vaga aberta de personagem numa lane sem parede). ENVIADA as 18h47 UTC e CONFIRMADA as 18h5x. A PAREDE DA VERIFICACAO DE EMAIL FOI ATRAVESSADA, e e ela que faz esta linha ter prova de verdade: depois do Submit a tela foi para /applications/email_verification_needed com o texto 'Verify your email - We have sent you an email. Please click the verification link in the email to complete your application', ou seja a candidatura AINDA NAO tinha entrado. O link chegou no Gmail as 18h47 (no-reply@snowprintstudios.teamtailor-mail.com, assunto 'Complete the application for Senior 3D Character Artist') e foi aberto. PROVA DO SERVIDOR, e sao duas: a URL final e https://career.snowprintstudios.com/jobs/8341580-senior-3d-character-artist/applications/185e00e6-6b82-4c64-9ed1-dc08982d5b35/thanks (ou seja o servidor CRIOU uma candidatura com id proprio), e o titulo da pagina passou a ser 'Applied to Senior 3D Character Artist'. RESPOSTAS, as duas obrigatorias e as duas com a verdade: 'Do you need visa or relocation support to work in Sweden?' YES (ele nao e cidadao da UE) e o link de portfolio. Consentimento e aviso de vagas futuras marcados e conferidos. CV anexado e conferido pelo NOME do arquivo na tela. Telefone com o +55 explicito, lido de volta como '+55 81 9xxxx-xxxx'. REGUA: 8.874 caracteres do anuncio, ZERO acerto dos 22 termos, zero veto de residencia, idioma, autorizacao ou presenca. DEDUPE FEITO DUAS VEZES antes do envio: por ID (8341580 tem zero linha em enviados.csv, seis leituras de quadro em processados.csv e uma no painel, nenhuma com marca de envio) e por RECIBO no Gmail (as duas unicas threads da casa sao o Welcome e o Login do CONNECT de 07/09, que e porta e requisicao diferentes, sem nenhum recibo de candidatura a esta vaga). GANCHO, literal do anuncio: 'You will be the main in-house character artist on the team'. PRETENSAO: EUR 45.000/ano com a abertura padrao, escrita na carta. RESSALVA HONESTA E DE METODO: este formulario do Teamtailor NAO TEM campo de carta de apresentacao (conferido no HTML servido: existem first_name, last_name, email, phone, linkedin, resume e as duas perguntas, e nenhum cover_letter), entao a carta que foi escrita para esta casa nao entrou em lugar nenhum e o argumento dele chega pelo CV e pelo portfolio. Nao e falha do envio, e o desenho do formulario da casa. CORRECAO DO MAESTRO as 19h20 UTC: ENVIADA CONTRA VETO ESCRITO. O anuncio, lido na URL final (career.snowprintstudios.com, o teamtailor.com redireciona), diz nos requisitos: 'You are currently located in Stockholm, Sweden. We are unable to support relocation for this position.' (a de ambiente: 'currently located in Stockholm, Sweden (no relocation offered)'). A linha de veto-confirmado ja existia no processados.csv desde a manha. A regua do quarto turno leu a pagina antes do redirect e reportou zero acerto. A candidatura existe e fica registrada, mas NAO conta como porta limpa: placar honesto do dia desconta as duas."
2026-09-16,Snowprint Studios,"Senior 3D Environment Artist (Teamtailor 8380596) - departamento Art, publicada 15/09",Suecia (Estocolmo),"Teamtailor (formulario da vaga, enviado pela automacao)",https://snowprintstudios.teamtailor.com/jobs/8380596-senior-3d-environment-artist,ENVIADA CONTRA VETO ESCRITO (nao conta no placar),"PORTA #5 da FILA-FORMULARIO-1609, segunda requisicao da MESMA casa e por isso segundo envio legitimo (a de personagem, 8341580, foi primeiro e tem linha propria). ENVIADA as 18h48 UTC e CONFIRMADA em seguida, pelo mesmo caminho de duas etapas: o Submit levou a /applications/email_verification_needed ('Verify your email'), o link chegou no Gmail as 18h48 (assunto 'Complete the application for Senior 3D Environment Artist') e foi aberto. PROVA DO SERVIDOR, duas: a URL final e /jobs/8380596-senior-3d-environment-artist/applications/1697da9f-4b10-4062-b3d2-ba03147ab112/thanks, com id de candidatura proprio e DIFERENTE do da vaga de personagem (185e00e6-...), o que prova que sao duas candidaturas e nao uma contada duas vezes; e o titulo da pagina e 'Applied to Senior 3D Environment Artist'. Respostas iguais e verdadeiras: visto/realocacao na Suecia YES, link do portfolio, consentimentos marcados, CV conferido pelo nome na tela, telefone com +55 explicito. REGUA: 8.011 caracteres, ZERO acerto dos 22 termos. DEDUPE: 8380596 tinha ZERO ocorrencia nos quatro arquivos (enviados, processados, painel e FILA-DO-VINI) e o Gmail nao tem recibo desta requisicao. GANCHO literal do anuncio, e e ele que sustenta o envio: 'You will create stylized environments, props, and items, and assemble them in Unity' e 'What we will be looking for in your portfolio: Nicely set dressed, lit and composed STYLIZED environments with props made by yourself'. RESSALVA HONESTA: e AMBIENTE, nao personagem. Entra porque o anuncio pede explicitamente ESTILIZADO, que e o registro dele, porque e a mesma casa da vaga de personagem e porque a montagem em engine (Unity) e trabalho que ele faz de fato. Segunda ressalva, de metodo: este formulario tambem nao tem campo de carta, entao o argumento vai pelo CV e pelo portfolio. CORRECAO DO MAESTRO as 19h20 UTC: ENVIADA CONTRA VETO ESCRITO. O anuncio, lido na URL final (career.snowprintstudios.com, o teamtailor.com redireciona), diz nos requisitos: 'You are currently located in Stockholm, Sweden. We are unable to support relocation for this position.' (a de ambiente: 'currently located in Stockholm, Sweden (no relocation offered)'). A linha de veto-confirmado ja existia no processados.csv desde a manha. A regua do quarto turno leu a pagina antes do redirect e reportou zero acerto. A candidatura existe e fica registrada, mas NAO conta como porta limpa: placar honesto do dia desconta as duas."
2026-09-16,Kwalee,"Register Your Interest (banco de talentos, Pinpoint) - candidatura espontanea de arte de personagem","Reino Unido (Leamington Spa, Warwickshire)","Pinpoint (formulario, enviado pela automacao)",https://kwalee.pinpointhq.com/register-your-interest/new,ENVIADA E CONFIRMADA,"CASA INEDITA NA CAMPANHA, e o dedupe foi feito pelos dois caminhos antes do envio: zero linha em enviados.csv e zero no painel, as tres ocorrencias em processados.csv sao varreduras genericas de ATS que so listam o nome, e o GMAIL nao tem uma unica thread com a palavra Kwalee. ENVIADA as 20h0x UTC. TRES PROVAS DO SERVIDOR: o POST em /themes/7549/register-your-interest devolveu 302; a URL final e /themes/7549/register-your-interest/thanks; e o texto do servidor na tela e ""Thanks. You have successfully registered your interest. Next Steps: You will shortly receive a confirmation email, and will be notified of any roles that come along that meet your criteria."" ZERO iframe de captcha, conferido no navegador. LEITURA DE VOLTA campo a campo: nome, sobrenome, email, telefone com o codigo do pais (+55), LinkedIn (que neste ATS e input HIDDEN e por isso se escreve pelo DOM e se confere por leitura, armadilha da Rocksteady de 10/09), resumo pessoal de 1.738 caracteres, CV anexado com POST 200 em rails/active_storage/direct_uploads, e a caixa obrigatoria de tratamento de dados marcada. VERDADE NA AUTORIZACAO: o resumo diz de frente que ele mora em Olinda, que nao e cidadao do Reino Unido nem da UE e que precisaria de patrocinio para um posto em Leamington Spa, e que esta pronto para mudar ou comecar remoto. PRETENSAO: GBP 50.000/ano com a abertura padrao, que e a regra de 04/09 para o Reino Unido. COMO A PORTA FOI ACHADA: sonda propria desta rodada sobre 60 slugs de casas de animacao, VFX e jogos no pinpointhq.com, com o cabecalho Accept de navegador de verdade para nao contar porta que so responde a robo. RESSALVA HONESTA: o combo Departments deste locatario oferece LISTA VAZIA (a casa nao configurou departamento nenhum) e nao e obrigatorio, entao nao ha rotulo de arte para marcar e a disciplina vai escrita na PRIMEIRA linha do resumo. Segunda ressalva: a Kwalee e publicadora e desenvolvedora de jogos de mobile e PC, nao casa de animacao, e e espontanea e nao vaga nomeada."
2026-09-16,REALTIME (RealtimeUK),"Register Your Interest (banco de talentos, Pinpoint) - candidatura espontanea de arte de personagem",Reino Unido (Lancashire),"Pinpoint (formulario, enviado pela automacao)",https://realtimeuk.pinpointhq.com/register-your-interest/new,"ENVIADA E CONFIRMADA, MAS PORTA DUPLICADA - NAO CONTA NO PLACAR","CORRECAO ESCRITA POR MIM, JHON A, AS 20h5x, DEPOIS DE LER AS LINHAS QUE EU DEVIA TER LIDO ANTES DE ENVIAR. Esta linha, na primeira versao, dizia que o unico contato anterior com a casa era uma carta fria de 07/09. ISSO E FALSO. O processados.csv tem quatro linhas de REALTIME que eu nao abri: a 49 e a 59 registram candidatura pelo portal em 27/08 com confirmacao de ethan.clark@realtime.teamtailor-mail.com ('Interesse registrado (Teamtailor; Ethan Clark); perfil conectado'), e a 1789 registra, em 07/09, a prova independente de que o Register Your Interest 5378921 do Teamtailor DELES ENTROU: o /connect/dashboard da conta lista a candidatura com id /connect/applications/253450424, e a linha termina com 'Marcado done=true, NAO REENVIAR'. Ou seja: a casa JA TINHA um registro de interesse confirmado, e o que eu mandei hoje pelo Pinpoint e a MESMA ESPECIE DE PORTA (banco de talentos espontaneo) num SEGUNDO ATS da mesma casa. Nao e requisicao nova nem disciplina nova. Fica registrado como envio que aconteceu, com prova, e EXPRESSAMENTE FORA DO PLACAR DO DIA, porque contar seria inflar o numero com uma repeticao. O ENVIO EM SI, para o registro: TRES PROVAS DO SERVIDOR: POST 302 em /themes/8062/register-your-interest; URL final /themes/8062/register-your-interest/thanks; texto do servidor ""Thanks. You have successfully registered your interest. Next Steps: You will shortly receive a confirmation email, and will be notified of any roles that come along that meet your criteria."" Zero iframe de captcha. Leitura de volta campo a campo, CV anexado com POST 200 no direct_uploads, aceite obrigatorio marcado, telefone com +55. ENCAIXE, e ele e dos melhores do dia: a REALTIME faz CINEMATICA DE JOGO (Sea of Thieves, Jurassic World Evolution, Game of Thrones Winter is Coming), que e trabalho onde o personagem carrega o plano, e o resumo cita as tres pelo nome. VERDADE NA AUTORIZACAO escrita no proprio resumo: mora em Olinda, nao e cidadao do Reino Unido, precisaria de patrocinio, pronto para mudar e disposto a comecar remoto. Pretensao GBP 50.000/ano com a abertura padrao. FALHA DE DEDUPE ADMITIDA, e ela e minha: eu procurei 'realtimeuk' no enviados.csv e no Gmail, achei so a carta fria de 07/09 para jane@realtimeuk.com, e NAO LI as linhas de 'REALTIME' (sem o UK) no processados.csv, que eram quatro e diziam o contrario. Grep que devolve ocorrencia e obrigacao de LER a ocorrencia, nao permissao para seguir. Segunda ressalva: o combo Departments deste locatario Pinpoint vem com LISTA VAZIA e nao e obrigatorio, entao a disciplina vai escrita na primeira linha do resumo. ACHADO DE PLATAFORMA que vale anotar: esta casa mantem DOIS ATS - este Pinpoint, com o menu de departamento vazio, e um Teamtailor Connect em careers.realtimeuk.com com 13 departamentos de verdade (Animation, Automotive, Episodic, Games, Virtual Production...). O Connect dela foi tentado nesta mesma rodada e devolveu /connect/success, ou seja conta ja existente, e nao contou."
2026-09-16,North Kingdom (grupo The North Alliance),"Freelancers of Europe (Teamtailor 7362964) - registro de freelance, disciplina 3D nomeada no anuncio",Suecia (Estocolmo e Skelleftea) - o anuncio diz Fully Remote,"Teamtailor (formulario, enviado pela automacao)",https://northkingdom.teamtailor.com/jobs/7362964-freelancers-of-europe,ENVIADA E CONFIRMADA,"CASA INEDITA na campanha e porta #10 da FILA-FORMULARIO-1609, a ultima que sobrou das faixas 1 a 4 depois de o dedupe por RECIBO derrubar as outras. ENVIADA as 21h0x UTC. PROVA DO SERVIDOR, e sem parede de verificacao desta vez: a URL final e https://careers.northkingdom.com/jobs/7362964-freelancers-of-europe/applications/772dc635-9b65-4856-a12c-2d0c0baef57a/thanks/... (candidatura com id proprio criada pelo servidor) e o texto da tela e ""Applied to Freelancers of Europe - Thanks for applying. We have received your application and we will be reviewing it shortly."" REGUA CORRIGIDA, RODADA POR MIM NA URL FINAL: o teamtailor.com redireciona para careers.northkingdom.com, e e a pagina final que se le - 3.243 caracteres de texto limpo, ZERO acerto dos 43 termos, agora incluindo os cinco que faltavam na regua antiga (located in, based in, relocation, no relocation, unable to support). DEDUPE PELOS DOIS CAMINHOS: 7362964 tem zero ocorrencia em enviados.csv, processados.csv e painel, e a linha 2523 do processados.csv, escrita hoje pelo dedupe-por-Gmail, diz textualmente 'Sobraram de verdade nessas duas faixas a #9 Fully e a #10 North Kingdom' - a #9 ja saiu por outro turno hoje, esta e a #10. Zero thread no Gmail com o nome da casa. O QUE O ANUNCIO PEDE E O QUE FOI RESPONDIDO, na ordem em que ele pede: (1) intro curta, (2) onde voce esta baseado, (3) link de portfolio com um projeto favorito - a carta responde os tres em tres paragrafos nomeados, com os personagens do Wingfeather como o projeto apontado. A disciplina esta NOMEADA no proprio anuncio: 'Designer who loves the art of craft (UI / UX/ 3D)'. CV anexado e conferido pelo nome na tela, carta preenchida (este formulario TEM campo de carta, candidate[job_applications_attributes][0][cover_letter]), os dois consentimentos marcados, telefone com +55 explicito. RESSALVA HONESTA, e ela e geografica: o titulo e 'Freelancers of EUROPE' e ele mora em Olinda. NAO E VETO ESCRITO - o anuncio diz, literalmente, 'where you're based (IDEALLY Europe)', que e preferencia declarada, e a vaga esta marcada 'Fully Remote'. Ainda assim a carta diz isso de frente no segundo paragrafo, antes de qualquer argumento, com a razao pela qual funciona em freelance (ele fatura como contratado para um estudio americano ha quase cinco anos) e com a disposicao de mudar para Estocolmo com patrocinio. Segunda ressalva: a North Kingdom e agencia de design digital, nao casa de animacao de personagem, e a porta e registro de freelance e nao vaga nomeada."
2026-09-16,Refuge Visual Effects,CG Artist (candidatura espontanea pelo formulario de carreiras do proprio estudio; a casa nao publica requisicao numerada),"Canada (Vancouver BC, 1750-1055 West Georgia St) e EUA (Portland OR, Los Angeles, Nova York, Nova Jersey)",Formulario proprio em Webflow (enviado pela automacao desta sessao),https://www.refugevfx.com/careers,ENVIADA E CONFIRMADA,"CASA INEDITA NA CAMPANHA: zero ocorrencia de refuge em enviados.csv, processados.csv, docs/index.html e pessoas.csv, e ZERO thread no Gmail. TRES PROVAS: (1) rede, POST https://webflow.com/api/v1/form/6968fd0ee4d9c77ef83fd666 respondido 200, que e o backend do formulario do proprio site; (2) texto do servidor, o bloco .w-form-done ficou VISIVEL com Thank you! Your submission has been received!, e no Webflow esse bloco so aparece depois de a API devolver 2xx; (3) print refuge_envio.png mostrando o formulario SUBSTITUIDO pela caixa de sucesso. REGUA DE VETO rodada por mim na URL final: 2.276 caracteres de texto limpo, ZERO ACERTO dos 43 termos. NOVE CAMPOS com leitura de volta antes do clique, obrigatorios vazios = nenhum: First Name, Last Name, Email, LinkedIn, Reel (ArtStation), Position=CG Artist (o menu tem CG Artist, FX Artist, Animator, Compositor, VFX Coordinator, Production Manager, Producer, CG Supervisor, Comp Supervisor, VFX Supervisor, Pipeline Developer), Location=Other (resposta honesta: as opcoes sao as cinco sedes deles e ele nao mora em nenhuma; a mensagem diz que ele mora em Olinda e esta pronto para se mudar para Vancouver), Rate com a abertura da politica de 04/09 e a referencia de CAD 80.000/ano de casa media no Canada, e Message de 1.251 caracteres. NAO HA caixa de autorizacao de trabalho no formulario, entao a situacao de visto foi DIVULGADA na propria mensagem: nao e cidadao nem residente canadense e precisa de patrocinio, com o caso academico. ENCAIXE: a propria pagina de carreiras deles abre com We Build Character e diz we do not just bring characters to life, citando off-the-rails creature sequence; em pipeline de VFX o rotulo CG Artist e modelagem, textura e look dev, que e a disciplina dele. VANCOUVER, que e a frente prioritaria de 16/09. Script novo: /home/user/apply/refuge_apply.js"
2026-09-16,Rebellion,"Senior Character Artist (Oxford) - segunda porta da mesma requisicao, LinkedIn Easy Apply","Reino Unido (Oxford, presencial)","LinkedIn Easy Apply (a mao, pelo Vini)",https://apply.workable.com/rebellion/j/331FDD9137/,ENVIADA A MAO - NAO CONTA NO PLACAR (requisicao ja recusada em 01/09 e com veto escrito),"O Vini aplicou A MAO pelo LinkedIn Easy Apply as ~20h40 UTC, com carta escrita pelo maestro na hora e respostas: pretensao GBP 50.000 (politica de casa grande no Reino Unido), aviso previo 'Negotiable, around two months from an offer, including relocation to Oxford', sem condenacoes. REGISTRO HONESTO: a mesma Senior Character Artist ja tinha sido enviada em 30/08 pelo Workable (confirmada) e RECUSADA em 01/09 pelo Talent Team, e o painel a marca 'VETO ESCRITO, NAO APLICAR' desde 08/09 pela frase do fim do anuncio: 'This role is only open to applicants who have the permanent right to work in the UK. We are unable to provide or take over visa sponsorship, either now or in the future.' O maestro avisou so da duplicata (o grep de hoje olhou enviados e processados, nao o painel) e escreveu a carta a pedido dele. Fica registrada como enviada, fora do placar limpo. Recibo do LinkedIn a conferir na proxima rodada da caixa."
2026-09-16,Critical Path Games,"General Applications (candidatura espontanea, full-time; a casa nao publica requisicao numerada e diz If you dont see a role that fits your skillset today, we still want to hear from you)","Canada (Burnaby, British Columbia - grande Vancouver; presencial todos os dias)","Formulario proprio do site (Astro + React, backend NocoDB do proprio estudio; enviado pela automacao)",https://critpath.com/careers/general-applications/,ENVIADA E CONFIRMADA,"CASA INEDITA: zero ocorrencia de critpath ou Critical Path em enviados.csv, processados.csv e docs/index.html, e ZERO thread no Gmail. QUATRO PROVAS, todas do servidor da PROPRIA CASA: POST https://nocodb.critpath.com/api/v2/storage/upload respondido 200 (os dois anexos), POST https://nocodb.critpath.com/api/v2/tables/mris4cl9tr9fin5/records respondido 200 (registro criado), POST .../api/v1/db/data/noco/.../mris4cl9tr9fin5/254/mm/... respondido 200 (o anexo amarrado ao REGISTRO 254), e o print critpath_envio.png com o formulario SUBSTITUIDO pela mensagem Your application has been sent, thank you for your interest. O host dos tres pedidos e nocodb.critpath.com, ou seja o dominio do estudio. REGUA DE VETO na URL final: 1.621 caracteres e TRES acertos, os tres de PRESENCA e nenhum de autorizacao (based in Burnaby descrevendo a sede, in-office e hybrid descrevendo o modelo). A pagina e curta por natureza (e pagina de espontanea, nao de vaga) e foi lida INTEIRA, entao o numero abaixo de 2.000 aqui nao e leitura falha. A frase we will not be considering candidates interested in fully remote or hybrid setups NAO e veto para ele: pela prioridade de 06/09 realocacao vem antes de remoto, e a carta diz que ele quer justamente o presencial. SETE CAMPOS com leitura de volta antes do clique: nome, sobrenome, email, Location preenchido com Olinda mais ready to relocate to Vancouver (resposta honesta e o unico canal de localizacao do formulario), portfolio, LinkedIn e dois anexos (CV e carta em PDF gerada nesta rodada por txt2pdf.js, 247 palavras, conferida pelo confere-carta.py). Nao ha campo de autorizacao de trabalho nem texto livre, entao a necessidade de patrocinio foi DIVULGADA na carta anexada. Script novo: /home/user/apply/critpath_apply.js"
2026-09-16,LEGO Digital Play (grupo LEGO),"Connect - banco de talentos, departamento LEGO Digital Play (542149), com perfil, CV e questionario feitos na MESMA sessao do cadastro","Reino Unido (escritorio de Londres), EUA (Seattle WA e California) - locais marcados por permissao",Teamtailor Connect em dominio proprio (careers.legodigitalplay.com; enviado pela automacao),https://careers.legodigitalplay.com/connect,CADASTRO ENVIADO E CONFIRMADO,"LOCATARIO DE TEAMTAILOR INEDITO NA CAMPANHA, achado hoje por sondagem de dominio e nao por token (o slug nao aparece em nenhum dos 165 que o repositorio conhece, porque a casa publica em dominio proprio). PROVA PELA REGRA DE 16/09: a URL depois do botao Connect e /connect/DASHBOARD com a tela Welcome to Connect, que e o veredito de CADASTRO CRIADO - e nao /connect/success, que seria apenas pedido de link de acesso. Rede: 302 POST /connect/candidates mais dois 302 POST /connect/profile. O QUE FICOU GRAVADO, relido DEPOIS DE RECARREGAR a pagina: nome, sobrenome, telefone com o codigo do pais correto, endereco escolhido da lista de sugestoes, e o CV anexado (a tela devolve My CV vini_cavalcanti_cv.pdf). LOCAIS marcados pela lista de PERMISSAO: LEGO Digital Play London Office, Seattle WA e California; LEGO Campus e Light Brick Studio ficaram SEM marcar porque nao estao na lista de permissao do script, e a regra manda errar para o lado de nao marcar. QUESTIONARIO respondido nos tres slides (dados basicos, locais e Pitch yourself com Senior 3D character artist, 10+ years on stylized characters for animation and games), com o campo de ENDERECO dentro do questionario deliberadamente pulado, que e a armadilha registrada em 11/09. RESSALVA HONESTA, e ela e sobre o questionario e nao sobre o cadastro: no ultimo slide (pitch) o botao Next nao existia e, ao recarregar, /connect/questions/start continua oferecendo os 3 slides - ou seja o questionario pode nao ter sido gravado como completo. O cadastro, o perfil, o CV e os locais estao confirmados por releitura; o questionario fica como NAO CONFERIDO. DEPARTAMENTO: o menu tem nove entradas (All, Central Technology, Confidential, Enterprise, LEGO Digital Play, Light Brick Studio, Marketing & Publishing, MFS, People & Culture) e NAO ha departamento de arte; marquei a entrada do GRUPO (LEGO Digital Play) e nao o estudio Light Brick, pela regra da Kinda Brave de 11/09: quando nao se sabe qual unidade faz personagem, a entrada de grupo e honesta e chutar um estudio nao e. RESSALVA DE ESTOQUE: o quadro de vagas deles tem 16 anuncios e TODOS sao de engenharia, produto, QA e producao - zero de arte hoje, entao isto e rede para o futuro e nao vaga."
2026-09-17,Mighty Yeti Studios,"Expression of Interest - Art and Animation Roles (a propria lista de cargos do formulario tem, em 3D: Character Modeler e Texture/Shader Artist)","EUA (Burbank, California) - estudio 100% remoto, ""All positions are remote freelance/part-time independent contractor roles""",Google Form publicado pela casa (lane NOVA na campanha; enviado pela automacao com gform_apply.js),https://docs.google.com/forms/d/e/1FAIpQLSe1Gdn2SDwjQsayomh3LbK-r2Ufq8lowqjCJfv6f02ljRoZYQ/viewform,ENVIADA E CONFIRMADA,"ENVIADA as 01h05 UTC de 17/09. CASA INEDITA (zero em enviados.csv, processados.csv, docs/index.html e ZERO thread no Gmail para mightyyeti/Mighty Yeti/Classtronauts). PROVA DO SERVIDOR: POST https://docs.google.com/forms/d/e/1FAIpQLSe1Gdn2SDwjQsayomh3LbK-r2Ufq8lowqjCJfv6f02ljRoZYQ/formResponse respondido 200, mais o texto que a PROPRIA CASA escreveu na tela de retorno e que nao existe no DOM antes do envio: ""Thank you for your submission. We truly appreciate you considering Mighty Yeti Studios, and we will reach out if there is a good match for one of our roles."" RESSALVA DE PROVA, dita de frente: a URL antes e depois do Submit e a MESMA (/formResponse), porque o Google Forms usa esse mesmo caminho para avancar de secao; logo a mudanca de URL NAO serve de prova nesta familia e quem decide e o POST 200 mais o texto autoral da casa. REGUA DE VETO rodada na URL final da pagina de vagas (https://mightyyetistudios.com/jobs/ redireciona para https://www.mightyyeti.com/jobs/): 2.912 caracteres de texto limpo, ZERO ACERTO dos 43 termos. DISCIPLINA: a descricao do proprio formulario lista, em 3D, ""Character Modeler"" e ""Texture/Shader Artist"", que e o cargo dele nomeado. PERSONAGEM. CAMPO DE PAIS: as opcoes sao United States, Canada e Outro; marcado OUTRO com ""Brazil (Olinda), remote; open to relocating"", e o proprio enunciado do campo diz ""Please note that all roles are remote, and we have team members around the planet!"", ou seja nao ha veto geografico. PRETENSAO: sem faixa publicada, casa pequena nos EUA, politica de 04/09 -> USD 45 por hora com a abertura padrao (""Open to aligning with your band for the role""), o que equivale ao piso de USD 85 mil ao ano em contrato sem beneficios. DEZENOVE respostas lidas de volta em CINCO telas antes do envio, zero pendente. RESSALVAS HONESTAS: (1) sao vagas FREELANCE de contratante independente e part-time, nao efetivo, o que contraria a preferencia dele por efetivo; (2) o quadro aberto hoje e de animacao e layout, e a porta de personagem existe so como expressao de interesse; (3) deixei EM BRANCO o campo opcional ""Current Student or Recent Graduate?"" de proposito: ele tem mestrado em andamento e e senior de dez anos, e qualquer das duas respostas secas mentiria sobre uma das duas coisas."
2026-09-17,"La Fabrique d'Images (grupo FDI, Luxemburgo)","APPLICATION - rota ""Remote Only"", cargo 3D Charcter Modeling (sic, a grafia e da casa); grade de expertise marcada 3D Character Modeling=Expert, 3D Texturing & Shading=Expert, 3D Hair & Fur Grooming=Mid","Luxemburgo (a casa tem 70 pessoas; a rota escolhida foi a de trabalho REMOTO, porque e a unica resposta honesta as perguntas de presenca e de autorizacao)",Google Form publicado pela casa em fabrique-d-images.com/jobs (enviado pela automacao com gform_apply.js),https://docs.google.com/forms/d/e/1FAIpQLSfE-1d_ZTPaWDb6UKuo9jUKCM3Gg0Ump2U3ZWszlvNbp95gYQ/viewform,ENVIADA E CONFIRMADA,"ENVIADA as 01h02 UTC de 17/09. PROVA DO SERVIDOR: POST .../formResponse respondido 200 mais o texto que a PROPRIA CASA escreveu na tela de retorno, com o nome dela dentro: ""Your application will be carefully analyzed by our team but due to the considerable amount we receive, if you do not hear about us in the next four weeks, please consider that it will not be for this time! Of course, do not hesitate to re-apply in the future! This form was created inside of Fabrique d'Images."" DISCIPLINA: a lista de cargos do PROPRIO formulario tem ""3D Charcter Modeling"", ""3D Texturing & Shading"", ""3D Hair & Fur Groom"" e ""3D Character Artist"". PERSONAGEM. DEDUPE: a campanha mandou CARTA FRIA para c.parisse@fabrique-d-images.com em 28/08 e um rascunho de follow-up em 07/09, e NUNCA tocou o portal; zero ocorrencia do formulario nos tres arquivos. Carta nao e candidatura de portal, logo nao e duplicata. REGUA DE VETO: a pagina /jobs/ e casca (259 caracteres de texto limpo, leitura falha pela regra dos 2.000), e o texto que decide esta DENTRO do formulario. As duas perguntas de corte foram respondidas com a VERDADE e a verdade e cara: ""Do you confirm that you are legally able to work in Europe ?"" -> ""No, I can't work in Europe""; e por ter escolhido ""Remote Only"" na primeira tela a pergunta de trabalho presencial em Luxemburgo, Belgica ou Franca nem apareceu (a rota pula a secao). Pais de residencia: Brazil, escolhido da lista, que tem o pais. Nao ha veto ESCRITO em nenhum lugar: as duas perguntas sao de triagem e o formulario oferece as duas respostas. RESSALVAS HONESTAS: (1) responder que nao pode trabalhar na Europa pode derrubar a candidatura na triagem deles, e isso esta assumido, porque a alternativa era mentir; (2) nao ha campo de pretensao nem de carta neste formulario, entao o argumento de visto e de realocacao nao pode ser feito aqui; (3) a casa e de Luxemburgo e o site e bilingue, mas nao ha em nenhum lugar exigencia escrita de frances, e o formulario e todo em ingles; (4) CV entrou como link do site dele (vinicavalcanti.com), porque o formulario pede LINK e nao aceita anexo."
2026-09-17,Kevuru Games,"Candidatura espontanea pelo formulario proprio (rota Be a part of our team, Contact Form 7 sem captcha); a pagina /vacancy/ da casa esta vazia hoje","Ucrania (Kyiv), Polonia (Varsovia) e EUA (Delaware) - 350+ artistas, character art como servico","Formulario proprio do site (CF7 5.7.4, enviado pela automacao com o script novo kv_apply.js)",https://jobs.kevurugames.com/,ENVIADA E CONFIRMADA,"ENVIADA as 01h32 UTC de 17/09. PROVA DO SERVIDOR: a resposta REST /wp-json/contact-form-7/v1/contact-forms/215/feedback voltou HTTP 200 com status LITERAL mail_sent e a mensagem escrita pela propria casa, em russo: Spasibo za Vashe soobshchenie. Ono uspeshno otpravleno. A classe do formulario virou wpcf7-form sent. Nada disso existe no DOM antes do envio (o texto de agradecimento do tema fica em div aria-hidden vazia). ZERO CAPTCHA no site (grep no HTML inteiro). LEITURA DE VOLTA antes do clique: nome, email, mensagem, how_user_heard=Internet research, CV anexado (Vini_Cavalcanti_CV.pdf) e o aceite de privacidade marcado. DISCIPLINA: espontanea com pitch de PERSONAGEM no corpo (character, creature, groom, character surfacing e look dev), citando Wingfeather Saga e Endstar; a casa vende character art como servico e a pagina de vagas esta vazia. DEDUPE: carta fria de 26/08 para career@kevurugames.com com follow-up na thread; portal NUNCA tocado, zero ocorrencia em enviados.csv, processados.csv e docs/index.html. RESSALVAS HONESTAS: (1) e espontanea e nao vaga nomeada, e casa de outsourcing, onde a remuneracao sai por projeto - nao ha campo de pretensao no formulario; (2) o campo opcional Please write your option esta escondido pelo tema e ficou em branco de proposito; (3) nao ha campo de autorizacao de trabalho, entao o caso de visto foi escrito no corpo da mensagem, com a frase de realocacao da campanha."
2026-09-17,"Stitch Media (Toronto, Canada)","Candidatura aberta (open ended application) pelo formulario ""I want to work at Stitch Media!"", departamento Art Department (Graphic Design, Illustration, 2D/3D Modeler/Animator)","Canada (Toronto, Ontario) - CASA INEDITA na campanha",Google Form publicado pela casa em stitch.media/careers (enviado pela automacao com gform_apply.js),https://docs.google.com/forms/d/e/1FAIpQLScsnaju8NGqLX3JL1Uujicb0y5gqNVs7dgrIcOyFb9wh_k4gg/viewform,ENVIADA E CONFIRMADA,"ENVIADA as 01h36 UTC de 17/09. CASA INEDITA: zero ocorrencia de Stitch Media em enviados.csv, processados.csv e docs/index.html. PROVA DO SERVIDOR: POST .../formResponse respondido 200, mais o texto que a PROPRIA CASA escreveu na tela de retorno, com o nome dela dentro e que nao existe no DOM antes do envio: ""Thanks so much for reaching out to us. We can t promise anything at this time, but we ll keep your record in our files for the future! ... This form was created inside of Stitch Media."" DISCIPLINA: o formulario nao tem cargo de personagem nomeado; a opcao de arte que existe e ""Art Department (Graphic Design, Illustration, 2D/3D Modeler/Animator)"", marcada, e o campo de 200 palavras foi usado para dizer, na primeira linha, que a area dele e personagem 3D. CANADA, que e a frente prioritaria. AUTORIZACAO DE TRABALHO respondida com a verdade: ""Applying for a work visa in Canada / Sponsorship"" (as outras opcoes eram cidadao, residente permanente, visto valido ou nao autorizado buscando so remoto). TIPO DE TRABALHO: efetivo e contrato freelance marcados; part-time e estagio nao. ARMADILHA QUE CUSTOU UMA TENTATIVA: este formulario COLETA EMAIL no cabecalho e o campo e OBRIGATORIO - a primeira tentativa foi com email:false no ans_<casa>.json, o Submit nao gerou POST nenhum e a tela marcou ""This is a required question"" no Email; sem POST e sem texto novo, e indistinguivel de parede. RESSALVAS HONESTAS: (1) e candidatura aberta e nao vaga nomeada - a propria casa escreve que pode nao estar contratando agora; (2) a casa e de transmidia e jogos, com arte 2D e 3D, entao o encaixe de personagem 3D nao esta provado pela lista de cargos; (3) deixei em branco de proposito a pergunta OPCIONAL de escritorio ou remoto, porque nenhuma das tres opcoes cobre ""remoto hoje e presencial em Toronto com patrocinio"", e escrevi isso no texto livre; (4) nao ha campo de pretensao nem de anexo de CV neste formulario, so link (foi o ArtStation, com o LinkedIn como link secundario)."
2026-09-17,"TAUNT (Belfast, Irlanda do Norte, Reino Unido)","Freelance pool - formulario ""Freelance for TAUNT"", area de especialidade marcada 3D Modelling e interesse em posicao EFETIVA marcado Yes",Reino Unido (Belfast) - producao propria de animacao; CASA INEDITA na campanha,Google Form publicado pela casa em tauntstudios.com/careers (enviado pela automacao com gform_apply.js),https://docs.google.com/forms/d/e/1FAIpQLSeOJ0ANYuayoPXl955DLV_gz_pOzhykfEpVOzlOqNojPU1zsA/viewform,ENVIADA E CONFIRMADA,"ENVIADA as 01h38 UTC de 17/09. CASA INEDITA (zero ocorrencia de tauntstudios em enviados.csv, processados.csv e docs/index.html). PROVA DO SERVIDOR: POST .../formResponse respondido 200 mais o texto autoral da casa na volta: ""Thank you for submitting your details for our freelance pool. We will be in touch if any opportunities fitting your skill set arise! This form was created inside of TAUNT."" O QUADRO DELES HOJE (lido na pagina de carreiras): 3D Environment Artist, 3D Generalist, 3D Character Rigger e 3D Character Animator - nenhuma de modelagem de personagem, e por isso a rota usada foi o banco de freelance, que tem ""3D Modelling"" na lista de especialidades. PRETENSAO: nao ha faixa publicada e o campo pede taxa DIARIA em libras; pela politica de 04/09 (Reino Unido, casa pequena, GBP 42 mil ao ano) declarei ""GBP 250 per day, open to aligning with your rates for the role"". SOFTWARE marcado: Maya, ZBrush, Substance, Unreal Engine, Houdini e Photoshop. EXPERIENCIA: ""Over 5 years experience"". Base declarada: Olinda, Pernambuco, remoto, aberto a realocar. Trabalha como ""Individual sole trader"". ARMADILHA DE TIPO MEDIDA AQUI, e ela vale para toda a lane de Google Forms: no FB_PUBLIC_LOAD_DATA_ o tipo 3 e DROPDOWN e nao radio - as tres perguntas de tipo 3 (nivel de experiencia, presencial ou remoto, individual ou empresa) voltaram como ""pergunta nao achada"" no ensaio enquanto estavam na chave radio do ans_<casa>.json, e passaram ao mudar para a chave dropdown. RESSALVAS HONESTAS: (1) e banco de FREELANCE, nao vaga efetiva, ainda que a pergunta de interesse em posicao efetiva tenha sido marcada Yes; (2) a casa e de animacao e motion design e o cargo de personagem aberto la e de rigging e animacao, nao de modelagem; (3) a taxa diaria foi declarada sem faixa de referencia da casa, com a abertura padrao."
2026-09-17,Everbloom Games (Everbloom Studios),Application Form - cargo escolhido na lista da casa: 3D Modeller (a secao propria do cargo pede Portfolio e experiencia de modelagem),EUA/remoto - estudio parceiro do Minecraft Marketplace; CASA INEDITA,Google Form publicado pela casa (enviado pela automacao com gform_apply.js),https://docs.google.com/forms/d/e/1FAIpQLSez3ZgcdzqjqlLkNRbSPMhokAlo3gke3jrcuaZTldYT5SKXYg/viewform,ENVIADA E CONFIRMADA,"ENVIADA as 01h40 UTC de 17/09. CASA INEDITA (zero ocorrencia de Everbloom nos tres arquivos de dedupe). PROVA DO SERVIDOR: POST .../formResponse respondido 200 mais o texto de retorno ""Your response has been recorded ... This form was created inside of Everbloom Studios."" DISCIPLINA: a lista de cargos do PROPRIO formulario tem ""3D Modeller"", e a secao do cargo pede portfolio e experiencia de modelagem; o texto livre diz na primeira linha que a area dele e personagem 3D. A propria casa escreve no topo do formulario que recebe candidatura mesmo sem vaga aberta: ""We will contact candidates in the future when a position relevant to them opens up! So please feel free to fill in an application even if the position you are interested in is not currently open!"" CAMPO OBRIGATORIO DE DISCORD respondido com a verdade e sem inventar conta: ""I do not use Discord; best reached at <email da campanha>"". Pergunta obrigatoria de maioridade respondida Yes. Pais de residencia respondido da lista. RESSALVAS HONESTAS, e elas sao fortes: (1) o encaixe e FRACO - e conteudo de Minecraft Marketplace, estilo blocado, e nao personagem de cinema ou de jogo AAA; contei como MODELAGEM e nao como personagem no placar do dia; (2) nao ha campo de pretensao nem de anexo de CV, so link de portfolio, e casa de Marketplace costuma pagar por projeto; (3) escrevi que nao tenho credito de Minecraft Marketplace, em vez de omitir."
2026-09-17,Flat2VR Studios,"Candidatura aberta pelo formulario proprio da pagina de carreiras, funcao marcada 3D Artist (a lista de funcoes da casa nao tem cargo de personagem nomeado)","EUA/remoto (estudio de ports de VR, time distribuido); CASA INEDITA",Formulario proprio do site (POST para /api/careers-apply; enviado pela automacao com o script novo f2v_apply.js),https://flat2vrstudios.com/careers,ENVIADA E CONFIRMADA,"ENVIADA as 01h45 UTC de 17/09. CASA INEDITA (zero ocorrencia de Flat2VR em enviados.csv, processados.csv e docs/index.html antes desta rodada). PROVA DO SERVIDOR, a mais limpa do dia: POST https://www.flat2vrstudios.com/api/careers-apply respondido HTTP 200 com o corpo {""success"":true}. O formulario NAO tem action e o envio e por JavaScript, entao a prova e a rede e nao a tela (a tela continua mostrando o formulario). ZERO CAPTCHA no HTML (nenhum recaptcha, hcaptcha ou turnstile). LEITURA DE VOLTA antes do clique: nome, email, telefone, link de portfolio, checkbox 3D Artist marcado, mensagem e o CV anexado (Vini_Cavalcanti_CV.pdf, obrigatorio). O QUE A CASA PEDE, colado: ""Want to work with us? Tell us a bit about yourself and attach your resume below. If there is a good fit for an open role, our team will reach out."" DISCIPLINA: a lista de funcoes tem 3D Artist e nenhum cargo de personagem; a mensagem diz na primeira linha que ele e Senior 3D Character Artist e argumenta o encaixe com VR pela otimizacao (retopologia, UV, bake, LOD, orcamento de poligono e draw call em Unreal e Unity). RESSALVAS HONESTAS: (1) e candidatura aberta e nao vaga nomeada; (2) a casa faz PORTS de jogos para VR, entao o trabalho de personagem la e de adaptacao e otimizacao e nao criacao de heroi; (3) nao ha campo de pretensao nem de autorizacao de trabalho, e o caso de visto foi escrito no corpo; (4) o campo de LinkedIn recebeu o ArtStation de proposito, porque o rotulo dele e LinkedIn / Portfolio e o portfolio decide mais."
2026-09-17,DreamWorks Animation (grupo NBCUniversal),"Express Future Interest Form - Division: Either (TV ou Feature), Department: CG Art/Technical Direction, Discipline: MODELING","EUA (Glendale, California) - CASA PRIORITARIA pela regra 14 do briefing",Formulario proprio da casa hospedado em Airtable (familia NOVA na campanha; enviado pela automacao com o script novo at_fill2.js),https://airtable.com/shr54xkNJUm6MA8dy,ENVIADA E CONFIRMADA,"ENVIADA as 01h54 UTC de 17/09. CASA PRIORITARIA (regra 14: Disney, DreamWorks, Paramount e Warner) e porta INEDITA: a Express Future Interest Form nao tinha nenhuma ocorrencia em enviados.csv, processados.csv nem docs/index.html. A PROPRIA PAGINA DE CARREIRAS DELES indica esta rota, colado: ""Arent ready to apply? Dont see the ideal role for you yet? You can still connect with us! ... Please complete our Express Interest form to share your style, preferences, interests and skill set with us."" E lista as areas em que contratam, com MODELING, SURFACING e CHARACTER DESIGN entre elas. PROVA DO SERVIDOR, a mais forte do dia: POST https://airtable.com/v0.3/view/viwzehh35ovaYFdoF/submitSharedForm respondido HTTP 200 com o corpo {""msg"":""SUCCESS"",""data"":{""rowId"":""recT8fB3QqdWF81zc""}} - ou seja o servidor devolveu o ID DO REGISTRO criado. O CV subiu pela cadeia de upload do Airtable, tambem confirmada pelo servidor (createMultipartUpload SUCCESS, PUT no S3 em 200 e completeMultipartUpload SUCCESS com a URL do arquivo Vini_Cavalcanti_CV.pdf). TEXTO DE RETORNO NA TELA, autoral da casa: ""Thank you for submitting DreamWorks Express Future Interest Form! Well reach out if an opportunity matches your skillset and interests."" RESPOSTAS: Discipline=Modeling (a lista deles tem Modeling e Look Dev/Surfacing; escolhi Modeling porque e o cargo dele), Division=Either, Department=CG Art/Technical Direction, Current Location com Olinda e a abertura para realocar para Los Angeles, software listado (Maya, ZBrush, Substance Painter e Designer, Mari, Marmoset, Houdini para grooming, Unreal, Unity, Photoshop), Website URL com o ArtStation e o LinkedIn no campo dele. AUTORIZACAO DE TRABALHO respondida com a VERDADE: a pergunta e ""Do you require authorization to work in the United States?"" e a resposta foi YES. RESSALVAS HONESTAS: (1) e banco de interesse futuro, nao vaga nomeada - a propria casa diz que responde se aparecer oportunidade que casa; (2) deixei EM BRANCO a pergunta opcional de evento recente da DreamWorks porque as opcoes sao eventos especificos (LightBox, SIGGRAPH, AfroAnimation) e ele nao esteve em nenhum; (3) deixei EM BRANCO o checkbox de oportunidades TEMPORARIAS, porque o texto diz que sao papeis nao-producao (administrativo, financeiro, marketing) e nao e o que ele procura; (4) o campo de data aproximada de disponibilidade ficou em branco por ser opcional e por ele estar empregado."
2026-09-17,Flavor (grupo Cutters Studios),"Formulario de carreiras/freelance - ""Pick ONE thing that defines you as an Artist"" respondido 3D Modeler (Specifically one who makes models)","EUA (Chicago, Nova York, Detroit e Kansas City) - CASA INEDITA",Google Form publicado pela casa (enviado pela automacao com gform_apply.js),https://docs.google.com/forms/d/e/1FAIpQLSewKY2EJggBY6iu2Jr9OvZuKjqrirwDa0iRjoKGikUPDwOVoQ/viewform,ENVIADA E CONFIRMADA (com duplicata declarada),"ENVIADA as 01h58 UTC de 17/09. CASA INEDITA (zero ocorrencia de flavor.tv ou cuttersstudios nos tres arquivos de dedupe). PROVA DO SERVIDOR: POST .../formResponse respondido 200 mais o texto de retorno ""Your response has been recorded ... This form was created inside of cuttersstudios.com"". DISCIPLINA: a pergunta de definicao de artista tem 13 opcoes e a escolhida foi ""3D Modeler (Specifically one who makes models)"", que e o cargo dele nomeado pela casa. RESPOSTAS DE PRESENCA, com a verdade: ""Are you available to work remotely?"" -> Yes; ""Which Flavor office can you work in?"" -> None, porque hoje ele nao tem autorizacao para trabalhar nos EUA, e o campo de localizacao diz ""remote today with a US team; open to relocating with sponsorship"". Deixei em branco, de proposito, a pergunta opcional ""Looking for Freelance?"" (as tres opcoes eram 2D Generalist, 3D Generalist e designer, e nenhuma e a disciplina dele) e a de taxa diaria de freelance, porque a busca dele e efetivo. DUPLICATA DECLARADA, E O ERRO FOI MEU: eu rodei o envio, filtrei a saida do script por grep e nao vi o veredito, achei que nao tinha enviado e rodei DE NOVO, o que gravou uma SEGUNDA resposta identica no formulario deles as 01h58. Conta UMA VEZ no placar do dia. A licao esta escrita no processados.csv: nunca filtrar a saida do envio por grep sem incluir a linha VEREDITO, e conferir o mtime do print gf_<slug>_envio.png antes de repetir."
2026-09-17,"Blindflug Studios (Zurique, Suica)","Application Form - campo ""Applying for"" com a unica opcao existente: Unsolicited application; notas com pitch de personagem",Suica (Zurique) - CASA INEDITA,Formulario proprio da casa hospedado em Airtable (enviado pela automacao com at_fill2.js),https://airtable.com/shrlmG5uSkR8mpEsT,ENVIADA E CONFIRMADA,"ENVIADA as 02h07 UTC de 17/09, e e a DECIMA candidatura por formulario do dia, o que fecha a meta diaria. CASA INEDITA (zero ocorrencia de Blindflug nos tres arquivos de dedupe). A pagina /jobs deles diz, colado: ""We currently dont have any open positions. Do you want to send us a blind application?"" e o formulario e a rota que eles indicam. PROVA DO SERVIDOR: POST https://airtable.com/v0.3/view/viwrjaFCrQMclAmZx/submitSharedForm respondido HTTP 200 com {""msg"":""SUCCESS"",""data"":{""rowId"":""recbEkhRFRyEGkDWi""}}, ou seja o servidor devolveu o ID do registro criado. DOIS ANEXOS confirmados pelo servidor na cadeia de upload do Airtable (createMultipartUpload SUCCESS, PUT no S3 em 200 e completeMultipartUpload SUCCESS): Vini_Cavalcanti_CV.pdf no campo CV / Resume e Vini_Cavalcanti_Cover_Letter.pdf no campo CL. TEXTO DE RETORNO NA TELA: ""Thank you for your application! Well contact you soon."" CAMPO OBRIGATORIO ""Applying for"": a unica opcao que o formulario oferece e ""Unsolicited application"", escolhida. NOTAS DO CANDIDATO com o pitch de personagem (sculpt, retopologia, UV, bake, textura PBR, LOD e engine em Unity e Unreal, grooming em Houdini como especialidade de apoio), os links de portfolio e LinkedIn e a frase de realocacao da campanha. RESSALVAS HONESTAS: (1) e espontanea por definicao, porque a casa nao tem vaga aberta; (2) a Blindflug e estudio de jogos de impacto social e de projetos corporativos, com equipe pequena, entao o volume de trabalho de personagem la e incerto; (3) o campo opcional de disponibilidade (data) ficou em branco porque ele esta empregado e nao ha data honesta para declarar; (4) nao ha campo de pretensao nem de autorizacao de trabalho neste formulario."
2026-09-17,"Animaj (Paris, Madri e Londres - Pocoyo, Maya the Bee)","Creative Spontaneous Application - cargo respondido OTHER com a especificacao ""3D Character Artist and Character Modeler (visual development, sculpt, texture, groom)""; experiencia 10+ years","Franca (Paris), Espanha (Madri) e Reino Unido (Londres) - 75 pessoas; CASA INEDITA",Formulario proprio da casa em Tally (familia NOVA na campanha; enviado pela automacao com at_fill2.js),https://tally.so/r/obxYRx,ENVIADA E CONFIRMADA,"ENVIADA as 02h20 UTC de 17/09. CASA INEDITA (zero ocorrencia de Animaj nos tres arquivos de dedupe). PROVA: a tela trocou para a pagina de retorno do Tally com o texto ""Form submitted - Thanks for completing this form!"", que substitui o formulario e nao existe no DOM antes do envio; junto, os DOIS anexos subiram com resposta HTTP 201 do servidor deles (api.tally.so/upload/obxYRx/response-asset devolveu id e URL para Vini_Cavalcanti_Portfolio.pdf e Vini_Cavalcanti_CV.pdf). RESSALVA DE PROVA, dita de frente: eu filtrei a saida do script e NAO tenho na mao a linha do POST da resposta; o que tenho e a troca de tela para o estado ""Form submitted"" e os 201 dos anexos, e nao repeti o envio para capturar o POST porque repetir por duvida foi exatamente o erro que gerou a duplicata da Flavor nesta mesma rodada. DISCIPLINA: a lista de cargos da casa e toda de roteiro, storyboard, design 2D e musica (Screenwriter, Head of Story, Storyboard Artist, Character Designer, Art Director, Production Designer, compositores); NAO marquei ""Character Designer"", que e desenho 2D e nao a disciplina dele, e usei ""Other"" com a especificacao escrita de 3D Character Artist e Character Modeler. RESSALVAS HONESTAS: (1) o encaixe e MEDIO: a casa e de animacao para criancas e a lista de cargos dela nao tem nenhuma funcao de 3D, o que sugere que o 3D e terceirizado; (2) e espontanea, sem vaga aberta; (3) nao ha campo de pretensao nem de autorizacao de trabalho; (4) os dois consentimentos obrigatorios foram marcados, inclusive o que declara que as pecas do portfolio sao de trabalho publicado ou lancado publicamente - o que e verdade (Wingfeather e Endstar estao lancados e o resto sao projetos pessoais)."
2026-09-17,Artemple Hollywood,Candidatura espontanea pelo formulario proprio da pagina de carreiras (a casa escreve que esta sempre atras de talento novo e pede CV e demo reel),"EUA (El Segundo, California) - estudio de VFX (creditos em Gone Girl); CASA INEDITA",Formulario proprio do site em Joomla (enviado pela automacao com o script novo joomla_apply.js),https://artemplehollywood.com/careers,ENVIADA E CONFIRMADA,"ENVIADA as 02h24 UTC de 17/09. CASA INEDITA (zero ocorrencia de artemplehollywood em enviados.csv e docs/index.html; a unica no processados.csv e a linha da minha propria varredura desta madrugada). PROVA DO SERVIDOR: POST para https://artemplehollywood.com/index.php respondido com 303 e a pagina de retorno renderizada pelo servidor dizendo ""Message Item successfully submitted."", com a URL final trocando de /careers para /index.php. ZERO CAPTCHA no HTML. O QUE A CASA PEDE, colado: ""We are always looking for new talent, send us your resume and your demo reel, and we will contact you if we have any work for you!"" LEITURA DE VOLTA antes do clique: nome, sobrenome, email, telefone, CV (Vini_Cavalcanti_CV.pdf) no campo Resume, carta (Vini_Cavalcanti_Cover_Letter.pdf) no campo Cover Letter, demo reel com o ArtStation e o link adicional com o LinkedIn. ARMADILHA MEDIDA, e ela custou uma tentativa: o botao de envio do jForms do Joomla e um <span class='btn jForms_btn-next'>, nao <button> nem <input type=submit>, entao o seletor padrao devolve ""sem botao Submit"" com o formulario inteiro preenchido. LIMITE DE ANEXO: 2 MB por campo, o que exclui o PDF do portfolio (2,6 MB) - por isso o portfolio foi por LINK. RESSALVAS HONESTAS: (1) e espontanea, sem vaga aberta publicada; (2) e casa de VFX de cinema, onde o trabalho de personagem e criatura fotorrealista, e o portfolio dele e estilizado; (3) nao ha campo de pretensao, de autorizacao de trabalho nem de texto livre neste formulario, entao o argumento de visto esta apenas na carta anexada."
2026-09-17,SHIFT UP,"[신규 프로젝트] 3D 캐릭터 모델러 (3D Character Modeler, novo projeto) - requisicao 235689","Coreia do Sul (Seul, Seocho-gu, presencial)",Greeting (formulario),https://career.shiftup.co.kr/ko/o/235689/finish,ENVIADA E CONFIRMADA,"VAGA NOMEADA DE PERSONAGEM, ENVIADA E CONFIRMADA em 17/09 as 03h56 UTC pelo Jhon A (segundo turno). [신규 프로젝토] corrigido: titulo literal do quadro e '[신규 프로젝트] 3D 캐릭터 모델러' = [Novo Projeto] 3D Character Modeler. Requisicao 235689, 정규직 (EFETIVA), 경력 3년 이상 (3+ anos), local Seul, Seocho-gu (presencial). TRES PROVAS DO SERVIDOR: (1) URL final virou https://career.shiftup.co.kr/ko/o/235689/finish?submittedEmail=<base64 do email dele>; (2) a tela devolveu, com marca de confirmacao verde, '지원서를 성공적으로 제출했습니다' (a candidatura foi enviada com sucesso) mais '작성하신 이메일 주소(contact@vinicavalcanti.art)로 곧 지원 확인 메일이 발송될 예정이니, 메일함을 확인해 주세요'; (3) RECIBO NO GMAIL as 03h56m45 de shiftup@greetinghr.com, assunto '[시프트업] Vini Cavalcanti 님의 지원이 정상적으로 완료되었습니다.', corpo 'Vini Cavalcanti 님의 [신규 프로젝트] 3D 캐릭터 모델러 지원이 완료되었습니다.' - o recibo NOMEIA a vaga, o que fecha o dedupe futuro. O QUE DESTRAVOU A PORTA: a DATA DE NASCIMENTO (campo 생년월일, obrigatorio), que o Vini informou em 17/09 e que estava pendente desde 14/09; ela ficou so em /home/user/apply/pessoal.json, FORA do repositorio publico, e nao aparece em nenhum arquivo daqui. DEDUPE COMPLETO ANTES DO CLIQUE: enviados.csv tinha so a CARTA FRIA de 02/09 para recruit@shiftup.co.kr (linha 200), processados.csv tinha o follow-up de 07/09, docs/index.html tinha a porta como 'SO O VINI PODE' com done=false, e o Gmail (busca por shiftup/시프트업) devolvia apenas a thread da carta, sem nenhum recibo de portal. Candidatura por FORMULARIO era inedita. REGUA DE VETO na URL final (https://career.shiftup.co.kr/ko/o/235689 redireciona para /ko/o/235689): 2.062 caracteres de texto limpo, acima do piso de 2.000, e o anuncio vem inteiro por curl (nao e leitura falha). ZERO ACERTO dos 43 termos. Como a regua NAO TEM COREANO (a mesma lacuna que o polones expos na Anshar), conferi a mao 14 termos coreanos de veto: 비자/취업비자 (visto), 국적 (nacionalidade), 외국인 (estrangeiro), 거주 (residencia), 영주권, 체류, 병역 (servico militar), 내국인, 불가, 스폰: NENHUM aparece. Os dois acertos coreanos sao falsos positivos: 한국어 e o seletor de idioma do site e 필수 e 'portfolio obrigatorio'. ENCAIXE, A RESSALVA HONESTA QUE PESA CONTRA: entre os 자격 요건 (requisitos) esta '실사 스타일의 캐릭터 제작 경험이 있으신 분' (experiencia em personagem de ESTILO REALISTA) e o portfolio dele e ESTILIZADO. Enviei porque o NUCLEO do cargo e o dele ao pe da letra (criar personagens 3D de player/NPC/monstro, face/corpo/roupa/equipamento, anatomia, ZBrush+Maya, textura PBR em Substance) e porque os 우대사항 batem quase todos (groom com XGen, Look Development, material, otimizacao e integracao em engine, UE5); o realismo e UMA linha entre seis requisitos, diferente da Roarty e da RSP 669, onde o realismo era o nucleo do cargo e a porta foi recusada. AUTORIZACAO DE TRABALHO: ele NAO tem direito de trabalho na Coreia do Sul e precisaria de patrocinio; o formulario NAO pergunta autorizacao nem nacionalidade, e os campos de 병역사항 (servico militar), 장애여부 e 보훈여부 ficaram em branco porque sao OPCIONAIS e nao se aplicam a estrangeiro - nada foi afirmado de falso. SALARIO: o quadro nao publica faixa e o formulario NAO tem campo de pretensao, logo nada foi declarado. CONSENTIMENTOS: marcados os TRES (필수) (개인정보 필수항목, 개인정보 선택항목 e 민감정보) e deixado EM BRANCO o de 제3자 (compartilhamento com a 주식회사 두들린, a fornecedora da plataforma Greeting), que e (선택). SEM CAPTCHA NENHUM na porta, confirmado na captura."
2026-09-17,FOST Studio,Candidature spontanee - departamentos Chara Modeling + Groom / CFX + Texturing (o seletor NOMEIA a disciplina),Franca (Paris e Angouleme; marcado Paris + Remote),Tally (tally.so/r/3laXq5) - o site diz que nao aceita candidatura por email nem telefone,https://api.tally.so/forms/3laXq5/respond -> submissionId xVo1z6y / respondentId J9jEg4Y,ENVIADA E CONFIRMADA,"CANDIDATURA ENVIADA E CONFIRMADA em 17/09 as 04h31 UTC pelo Jhon A (terceiro turno), e e a primeira porta de ANIMACAO cujo formulario NOMEIA a disciplina dele. Casa INEDITA: zero mencao em enviados.csv, zero em docs/index.html, zero no Gmail antes de hoje (o unico acerto de busca era a Blue Spirit, outra casa). TRES PROVAS, todas do servidor: (1) POST https://api.tally.so/forms/3laXq5/respond devolveu 200 com o corpo {""submissionId"":""xVo1z6y"",""respondentId"":""J9jEg4Y""}; (2) a tela trocou para 'Form submitted' com o texto literal 'Merci d avoir rempli notre formulaire ! Un mail accusant bonne reception de votre candidature vient de vous etre envoye.', capturada em /home/user/apply/fost_envio.png; (3) recibo no Gmail as 04h31m12 de notifications@tally.so com o assunto literal '[FOST] Candidature'. O QUE FOI DECLARADO: Candidature spontanee (unica opcao do seletor hoje; o '2603 - Appel a candidatures' do dossie de 03h nao esta mais na lista), departamentos 'Chara Modeling' + 'Groom / CFX' + 'Texturing' (o form pede no maximo 3 competencias principais e foram exatamente 3), softwares Blender (3D), Maya, Zbrush, Substance, Photoshop, Unity e Unreal (a linha canonica dele), contrato Intermittence (a casa escreve '/!\ nous n embauchons pas de freelances /!\', logo intermittence e o unico estatuto de assalariado possivel), nivel Senior (o proprio form define Senior = 6+ anos), estudio Paris + Remote, projeto de interesse 'KIS - Kindred Spirit', nacionalidade Brazilian, disponibilidade a partir de 2026-10-15, e uma carta de motivacao de 1.348 caracteres EM FRANCES (o formulario e bilingue frances/ingles) que cita entre aspas as duas rubricas do proprio form. VERDADE NA AUTORIZACAO, escrita na carta e na resposta de mobilidade: marcado 'No but I can move to France' e a carta diz em frances que ele nao vive na Franca, que pode se mudar e que precisaria de titulo de trabalho PARROCINADO pela casa. O formulario NAO tem campo de pretensao salarial, logo nada foi declarado (a faixa de EUR 45.000 para casa pequena nao teve onde entrar). NAO PEDE DATA DE NASCIMENTO e nao ha campo de anexo: o portfolio e o demoreel vao por LINK (ArtStation), e as duas senhas de portfolio ficaram VAZIAS de proposito porque o portfolio dele e publico. RQTH deixado em branco (nao se aplica). CONSENTIMENTO: marcado o unico obrigatorio, o da Loi RGPD, que autoriza a FOST a guardar os dados para uso INTERNO de recrutamento por 2 anos. REGUA DE VETO: rodada na URL final https://tally.so/r/3laXq5 (778 caracteres) e antes na pagina de origem https://fost.studio/jobs/ (1.029 caracteres); os unicos acertos sao tres em 'internship' e os tres sao FALSO POSITIVO - dizem que candidatura espontanea de estagio/alternancia NAO entra por este formulario e que as ofertas de estagio saem nas redes sociais. ZERO veto contra ele. RESSALVA HONESTA: e candidatura ESPONTANEA, nao vaga aberta - a casa nao publica requisicao no momento, e o seletor de disciplina existe porque o formulario e o banco de talentos permanente dela. E a casa e de animacao 2D/3D francesa de porte pequeno (Paris e Angouleme), nao estudio grande."
2026-09-17,Milestone S.r.l.,"General Application (candidatura espontanea) - Functional Area 'Creativity', Skills com 3D Character Artist / Character Modeling / Texturing / Look Development / Grooming","Italia (Milao, via Olona 2)","Cezanne OnDemand / InRecruiting (cezanneondemand.intervieweb.it, IdForm 1108) - ATS NOVO para a campanha",https://cezanneondemand.intervieweb.it/app.php?opmode=guest&module=access&message=confirmMessage&IdForm=1108&act1=thankyou (IdCandidato $IVW_ENC$assgblRJCj7QjebX8k11cw==),ENVIADA E CONFIRMADA,"CANDIDATURA ENVIADA E CONFIRMADA em 17/09 as 06h27 UTC pelo Jhon A (quarto turno). A PORTA ESTAVA MARCADA 'SO O VINI PODE' DESDE 06/09 por dois campos (Home Address e Date of birth) e as duas travas cairam: a data de nascimento existe desde 17/09 03h50 em /home/user/apply/pessoal.json (fora do repositorio) e o endereco tambem. TRES PROVAS, todas do servidor: (1) a URL final do POST virou .../module=access&message=confirmMessage&IdForm=1108&IdCandidato=%24IVW_ENC%24assgblRJCj7QjebX8k11cw%3D%3D&act1=thankyou; (2) a tela devolveu o texto literal 'Application Submitted / Registration completed / You have been successfully registered. To view your application and review or update your information, please login to your personal account with the details sent to your e-mail.' (guardada em /home/user/apply/ms_milestone_resposta.html); (3) RECIBO NO GMAIL as 06h27m13, de Jobs@milestone.it (caixa da PROPRIA CASA, nao do fornecedor), assunto 'Registration Confirmation', corpo 'This is an automated e-mail to confirm your registration to Inrecruiting' assinado 'HR Department, Milestone srl'. A conta foi ATIVADA (choosePassword/activate devolveu a tela de login) e a senha ficou em /home/user/apply/cred.json, chave milestone_cezanne, FORA do repositorio. REGUA: rodada na URL final das duas paginas da casa (milestone.it/careers/ = 1.404 caracteres e milestone.it/general-application/ = 953), ZERO ACERTO dos 43 termos nas duas. As duas ficam abaixo do piso de 2.000 caracteres e isso NAO e leitura falha: a casa nao publica anuncio nenhum. O quadro de vaga do Cezanne responde 'Error: invalid user. Publishing Key not set' (nao existe quadro publico) e a unica porta que o site oferece e 'Send your spontaneous application'. Nao havia, portanto, texto de vaga para vetar. DEDUPE antes do clique: zero em enviados.csv, zero em enviados-antes-da-reconciliacao-0709.csv, zero no Gmail (busca por milestone/intervieweb/cezanne devolvia so um Cloud Imperium de 02/09), e o painel trazia a porta como done=false desde 06/09. CAPTCHA: NAO EXISTE nesta porta. O dossie de 06/09 falava de 'reCAPTCHA invisivel que nao barrou'; o HTML do formulario de hoje tem ZERO ocorrencia de recaptcha/hcaptcha/turnstile em 210.380 caracteres. O QUE FOI DECLARADO: nome, sobrenome e email (dois campos, confirmados), endereco de casa pelo caminho 'Add manually' do widget (o CEP dele NAO esta no banco de CEPs deles: a busca por CEP devolve total_results 0 e a busca por cidade devolve 21 CEPs de Olinda; entao foi marcado manually=1, com Pernambuco/BR_PE e Olinda/BR_2609600, que sao os codigos REAIS do banco deles), telefone no formato internacional sem espaco (campo unico com codigo de pais, conforme regra_telefone), data de nascimento nos dois formatos que o campo pede (visivel dd-M-yyyy e escondido ISO), 10 anos de experiencia, Functional Area 'Creativity' (valor 9; nao ha opcao de arte nem de 3D na lista de 39), Portfolio Link do ArtStation, Qualification 'Post lauream Specialization' (valor 8), 16 skills comecando por '3D Character Artist' e 'Character Modeling', CV em PDF anexado e a caixa de privacidade art. 13 GDPR marcada. SALARIO: o formulario NAO tem campo de pretensao e a casa nao publica faixa, logo nada foi declarado. AUTORIZACAO DE TRABALHO: o formulario NAO pergunta nacionalidade, residencia nem autorizacao, e nada falso foi afirmado; o endereco declarado e o do Brasil, que e a verdade. RESSALVA HONESTA, e ela e dupla: (a) e candidatura ESPONTANEA, nao requisicao aberta, e o formulario nao tem campo de mensagem livre, entao a frase de realocacao e o caso de visto NAO couberam em lugar nenhum - a casa recebeu CV, portfolio e skills, e o assunto visto tera de ir por carta para Jobs@milestone.it; (b) a Milestone e casa de jogo de CORRIDA (MotoGP, Hot Wheels, Ride, Screamer, Monster Jam), ou seja veiculo realista, e personagem estilizado nao e o nucleo do catalogo dela: o encaixe e de disciplina (modelagem, textura, look dev) e de senioridade, nao de tema."
2026-09-17,House of How Games,"Senior 3D Artist - Sweden (Boden, presencial, full time; o corpo do anuncio pede 'producing models of characters, backgrounds' num social hub MMO estilizado e cutesy)",Suecia (Boden; a casa e sediada em Seattle e tem o estudio satelite em Boden),"Formulario proprio: FormKeep embutido em iframe em houseofhow.com/apply (endpoint https://formkeep.com/f/9c325db7b4c1), ZERO captcha nos dois frames","RECIBO DA PROPRIA CASA as 09h04m26 UTC: careers@houseofhow.com, assunto 'Senior 3D Artist - Sweden | Job Application at House of How', corpo 'Hi Vini Cavalcanti, We received your application and will be reviewing it shortly. We will get back to you as soon as we can!' + POST /rails/active_storage/direct_uploads -> 200 com o registro do anexo (blobs 268646 as 09h01m51 e 268647 as 09h03m48, Vini_Cavalcanti_CV.pdf, 45459 B, mesmo checksum) + PUT 200 no S3 do FormKeep",ENVIADA E CONFIRMADA,"CONFIRMADA POR RECIBO DA CASA, e a duplicata tambem esta PROVADA: chegaram DOIS recibos identicos de careers@houseofhow.com, as 09h04m26 e as 09h06m22, um para cada submissao. POR QUE FORAM DUAS: o formulario tem target=""_blank"", entao a submissao abre ABA NOVA - o log de rede da PAGINA nao ve o POST em /f/<token> e o formulario ORIGINAL continua cheio depois do clique. A campanha usa 'formulario ainda cheio' como prova de que nao entrou (Distillery, Stellar, One Of Us), e essa prova NAO vale com target=_blank; eu acreditei nela e cliquei de novo. Conteudo identico nas duas, entao nao ha dano alem do envio repetido. SEGUNDA MEDICAO QUE EXPLICA A DUVIDA: o recibo do FormKeep leva ~2min30 para chegar (envio 09h01m51 -> recibo 09h04m26; envio 09h03m48 -> recibo 09h06m22), ou seja esperar 22 ou 45 segundos na tela nunca confirmaria. Em formulario sem captcha e sem tela de agradecimento, a confirmacao se busca no Gmail alguns minutos depois. DUAS SUBMISSOES IDENTICAS, e a duplicata esta declarada aqui de proposito. O formulario tem target=""_blank"": a submissao abre ABA NOVA, entao o log de rede da PAGINA nao ve o POST e o formulario ORIGINAL continua cheio. Eu li 'formulario ainda cheio depois do clique' como prova de que nao tinha entrado - regra que vale para form comum e NAO vale para target=_blank - e cliquei uma segunda vez. As duas tentativas subiram o CV para o storage do FormKeep (blobs 268646 e 268647), e anexo so sobe dentro do fluxo de submissao, o que e a prova indireta de que as duas completaram. Conteudo identico nas duas, entao nao ha dano alem do envio repetido. O QUE FOI DECLARADO, com leitura de volta campo a campo: Name, Email, Applying For = 'Senior 3D Artist - Sweden' (opcao exata do seletor), Availability = pode comecar a qualquer momento e remotamente enquanto corre o visto, Work Authorization = **No** (a verdade), Country = Brazil, State = o estado dele, LinkedIn, Portfolio (ArtStation), Website, Reference Source = Search, CV em PDF, e um texto de 1.514 caracteres no campo livre 'Other' citando entre aspas a frase do anuncio e dizendo com todas as letras que ele NAO esta liberado para trabalhar na Suecia, que precisaria de patrocinio e que esta pronto para se mudar para Boden. VETO ESCRITO NO ANUNCIO E O QUE O DESMENTE, os dois colados: a lista de requisitos diz 'Cleared to work and located in Sweden, and willing to relocate or commute to Boden' (regua na URL final, 5.358 caracteres, unico acerto 'located in', que aqui NAO e falso positivo), e o PROPRIO FORMULARIO da casa pergunta 'Are you legally able to work in the United States, Sweden or Canada?' e escreve embaixo '**This is not a deal breaker**, especially for contract, but good to know'. E a casa dizendo por escrito que a autorizacao nao elimina, o que e mais forte que o caso da Image Engine (onde o desmentido era so a existencia da opcao). Mesmo assim, pela regra de 16/09, envio contra requisito escrito de residencia entra no placar com desconto e NAO conta como porta limpa. Salario: o formulario nao tem campo de pretensao e a casa nao publica faixa, entao nada foi declarado. DEDUPE antes do clique: zero linha de candidatura em enviados.csv (a unica mencao anterior da casa e o cadastro de Teamtailor Connect de 16/09, que e outra porta e esta desmentido na linha abaixo), zero em processados.csv alem das leituras de 07/09 que davam a casa como 'porta sem formulario' (o que hoje se mostrou errado: o /apply tem formulario de verdade), e no Gmail as duas unicas threads da casa sao os emails de Connect de 16/09."
2026-09-17,ILM London (grupo Disney),"Senior Look Development Technical Director - ILM London (Workday 10160980, postada 17/09)","Reino Unido (Londres, hibrido 2 dias no escritorio)","Workday (formulario, enviado pela automacao pela conta disney_workday)",https://disney.wd5.myworkdayjobs.com/en-US/disneycareer/job/London-United-Kingdom/Senior-Look-Development-Technical-Director---ILM-London_10160980,ENVIADA E CONFIRMADA,"VAGA DO GRUPO DISNEY POSTADA HOJE e enviada na mesma hora pela vigia das 10h40 (regra do Vini: ser o primeiro a se inscrever). PROVA DO SERVIDOR: depois do Submit a tela do Workday passou a 'Application Submitted - Thank you for sharing your story with us! We've received your application.' e a Candidate Home mostra 'You have no more tasks'. Modo seco antes, com a revisao lida campo a campo: CV anexado (44 KB), tres links (ArtStation, LinkedIn, site), autorizacao legal para trabalhar no Reino Unido = NO (verdade), consentimento de compartilhamento = Yes, pretensao 'GBP 50,000. Open to aligning with your band for the role.' (politica: casa grande no Reino Unido, faixa nao publicada), genero 'Prefer not to respond'. REGUA no anuncio inteiro (3.243 caracteres pela API do Workday): ZERO acerto em located in, based in, relocation, sponsor, right to work, authoris, eligib, work permit, resident, citizen, visa. DEDUPE: ID inedito em enviados, processados e painel; a lista My Applications da conta (lida antes do envio) tinha 4 ativas e 5 inativas, nenhuma esta. RESSALVA HONESTA: e cargo de Look Development TD de VFX fotorreal, com 'Knowledge of Katana is essential' e RenderMan, e o portfolio dele e estilizado com look dev em Substance/Maya/Houdini; entra pela ordem permanente de qualquer vaga de arte do grupo Disney (categoria do anuncio: Look Development - Studios) e pela disciplina de look dev que ele declara. A ILM Londres ja recusou Senior e Lead Texture Artist e o Sr Groom Artist neste mes."
2026-09-17,Tordenfilm,"Carta fria para Eric Vogel (NAO PUBLICADO - o diretorio da nome, telefone, email e link e NENHUM titulo, e o site nao nomeia ninguem) - eric@tordenfilm.no",Noruega (Oslo),"email (carta fria com CV e carta em PDF, disparada pelo enviarRascunhos() do Vini)",,enviada,"CARTA FRIA ENVIADA as 17h4x UTC de 17/09 pelo Apps Script do Vini (lote de 40 rascunhos de 15 a 17/09). Rascunho escrito pelo maestro e conferido pelo confere-carta.py. Recibo/resposta a acompanhar pelo Comunicador; bounce, se houver, vira linha propria."
2026-09-17,Kyka,"Carta fria para Bardur Mikladal (NAO PUBLICADO - o diretorio da nome, telefone e email e NENHUM titulo, e o site nao nomeia ninguem) - hey@kyka.fo","Ilhas Faroe (Nordragota) - territorio da Dinamarca, FORA da UE e de Schengen","email (carta fria com CV e carta em PDF, disparada pelo enviarRascunhos() do Vini)",,enviada,"CARTA FRIA ENVIADA as 17h4x UTC de 17/09 pelo Apps Script do Vini (lote de 40 rascunhos de 15 a 17/09). Rascunho escrito pelo maestro e conferido pelo confere-carta.py. Recibo/resposta a acompanhar pelo Comunicador; bounce, se houver, vira linha propria."
2026-09-17,Animagency,Carta fria para Tero Suomela (Creative Producer - Founder) - tero@animagency.fi,Finlandia (Vantaa),"email (carta fria com CV e carta em PDF, disparada pelo enviarRascunhos() do Vini)",,enviada,"CARTA FRIA ENVIADA as 17h4x UTC de 17/09 pelo Apps Script do Vini (lote de 40 rascunhos de 15 a 17/09). Rascunho escrito pelo maestro e conferido pelo confere-carta.py. Recibo/resposta a acompanhar pelo Comunicador; bounce, se houver, vira linha propria."
2026-09-17,Take Five / Carbone 14,Carta fria para Gregory Zalcman (Producer) - gregory@take-five.be,Bélgica (Bruxelas),"email (carta fria com CV e carta em PDF, disparada pelo enviarRascunhos() do Vini)",,enviada,"CARTA FRIA ENVIADA as 17h4x UTC de 17/09 pelo Apps Script do Vini (lote de 40 rascunhos de 15 a 17/09). Rascunho escrito pelo maestro e conferido pelo confere-carta.py. Recibo/resposta a acompanhar pelo Comunicador; bounce, se houver, vira linha propria."
2026-09-17,hydralab,Carta fria para Sunit Parekh (Director - e o UNICO dos cinco da pagina /directors com endereco publicado; a pagina NAO imprime titulo ao lado dos nomes) - sunit@hydralab.com,Dinamarca (Copenhague),"email (carta fria com CV e carta em PDF, disparada pelo enviarRascunhos() do Vini)",,enviada,"CARTA FRIA ENVIADA as 17h4x UTC de 17/09 pelo Apps Script do Vini (lote de 40 rascunhos de 15 a 17/09). Rascunho escrito pelo maestro e conferido pelo confere-carta.py. Recibo/resposta a acompanhar pelo Comunicador; bounce, se houver, vira linha propria."
2026-09-17,SERU Animation,"Carta fria para Sebastian Runschke (Geschaeftsfuehrer - e pelo texto da propria casa quem faz a ""kreative Leitung"") - office@seru-film.com",Alemanha (Ludwigsburg + Hannover),"email (carta fria com CV e carta em PDF, disparada pelo enviarRascunhos() do Vini)",,enviada,"CARTA FRIA ENVIADA as 17h4x UTC de 17/09 pelo Apps Script do Vini (lote de 40 rascunhos de 15 a 17/09). Rascunho escrito pelo maestro e conferido pelo confere-carta.py. Recibo/resposta a acompanhar pelo Comunicador; bounce, se houver, vira linha propria."
2026-09-17,The Soulcage Department,"Carta fria para Elmar Keweloh (NAO PUBLICADO - o Impressum escreve apenas ""Vertreten durch: Elmar Keweloh, Wilhelm Landt"", que e obrigacao legal e nao titulo) - info@soulcage-department.de",Alemanha (Bremen),"email (carta fria com CV e carta em PDF, disparada pelo enviarRascunhos() do Vini)",,enviada,"CARTA FRIA ENVIADA as 17h4x UTC de 17/09 pelo Apps Script do Vini (lote de 40 rascunhos de 15 a 17/09). Rascunho escrito pelo maestro e conferido pelo confere-carta.py. Recibo/resposta a acompanhar pelo Comunicador; bounce, se houver, vira linha propria."
2026-09-17,Mexopolis,"BOUNCE DEFINITIVO 20/09 23h08 UTC (caixa do destinatario cheia; dois avisos de atraso antes). NAO ENTREGUE. Carta fria para Jorge R. Gutierrez (NAO PUBLICADO - o site nao imprime titulo; o texto o descreve ""directing, writing and designing The Book of Life"") - jorge@mexopolis.com","Estados Unidos (Dallas, Texas - FORA da rota de realocacao)","email (carta fria com CV e carta em PDF, disparada pelo enviarRascunhos() do Vini)",,enviada,"CARTA FRIA ENVIADA as 17h4x UTC de 17/09 pelo Apps Script do Vini (lote de 40 rascunhos de 15 a 17/09). Rascunho escrito pelo maestro e conferido pelo confere-carta.py. Recibo/resposta a acompanhar pelo Comunicador; bounce, se houver, vira linha propria."
2026-09-17,Sweatbox Animation ApS,"Carta fria para Dan Harder (Dono da casa - ""Sweatbox Animation is run by Dan Harder"" (o site nao imprime titulo formal)) - info@sweatbox.dk",Dinamarca (Frederiksberg),"email (carta fria com CV e carta em PDF, disparada pelo enviarRascunhos() do Vini)",,enviada,"CARTA FRIA ENVIADA as 17h4x UTC de 17/09 pelo Apps Script do Vini (lote de 40 rascunhos de 15 a 17/09). Rascunho escrito pelo maestro e conferido pelo confere-carta.py. Recibo/resposta a acompanhar pelo Comunicador; bounce, se houver, vira linha propria."
2026-09-17,FABLEfx,Carta fria para Kaj Steveman (CEO & Executive Producer) - kaj@fablefx.com,Suecia (Estocolmo; braco FABLEfx UK LTD em Londres),"email (carta fria com CV e carta em PDF, disparada pelo enviarRascunhos() do Vini)",,enviada,"CARTA FRIA ENVIADA as 17h4x UTC de 17/09 pelo Apps Script do Vini (lote de 40 rascunhos de 15 a 17/09). Rascunho escrito pelo maestro e conferido pelo confere-carta.py. Recibo/resposta a acompanhar pelo Comunicador; bounce, se houver, vira linha propria."
2026-09-17,Studio Kippik,"Carta fria para Nicolas Fuminier (Partner, Head of 3D & compositing) - nicolas@kippik.fr",Franca (Paris),"email (carta fria com CV e carta em PDF, disparada pelo enviarRascunhos() do Vini)",,enviada,"CARTA FRIA ENVIADA as 17h4x UTC de 17/09 pelo Apps Script do Vini (lote de 40 rascunhos de 15 a 17/09). Rascunho escrito pelo maestro e conferido pelo confere-carta.py. Recibo/resposta a acompanhar pelo Comunicador; bounce, se houver, vira linha propria."
2026-09-17,MovieBrats Pictures GmbH,Carta fria para Tom Schirdewahn (VP Art & Creative) - tom@moviebratspictures.com,Alemanha (Berlim e Erfurt),"email (carta fria com CV e carta em PDF, disparada pelo enviarRascunhos() do Vini)",,enviada,"CARTA FRIA ENVIADA as 17h4x UTC de 17/09 pelo Apps Script do Vini (lote de 40 rascunhos de 15 a 17/09). Rascunho escrito pelo maestro e conferido pelo confere-carta.py. Recibo/resposta a acompanhar pelo Comunicador; bounce, se houver, vira linha propria."
2026-09-17,Switch VFX & Animation (Switch Entertainment),Carta fria para Jon Campfens (Co-founder Switch VFX / VFX Supervisor) - jonc@switchent.com,Canada (Toronto),"email (carta fria com CV e carta em PDF, disparada pelo enviarRascunhos() do Vini)",,enviada,"CARTA FRIA ENVIADA as 17h4x UTC de 17/09 pelo Apps Script do Vini (lote de 40 rascunhos de 15 a 17/09). Rascunho escrito pelo maestro e conferido pelo confere-carta.py. Recibo/resposta a acompanhar pelo Comunicador; bounce, se houver, vira linha propria."
2026-09-17,La Chouette Compagnie,Carta fria para Bill Otomo (Directeur artistique / Auteur graphique) - bill@chouettecie.com,Franca (Montreuil e Angouleme),"email (carta fria com CV e carta em PDF, disparada pelo enviarRascunhos() do Vini)",,enviada,"CARTA FRIA ENVIADA as 17h4x UTC de 17/09 pelo Apps Script do Vini (lote de 40 rascunhos de 15 a 17/09). Rascunho escrito pelo maestro e conferido pelo confere-carta.py. Recibo/resposta a acompanhar pelo Comunicador; bounce, se houver, vira linha propria."
2026-09-17,Buckethead Entertainment VOF,Carta fria para Maarten Braaksma (Project Lead & Programmer (unica pessoa publicada pela casa)) - maarten@bucketheadentertainment.com,Holanda (cidade nao publicada),"email (carta fria com CV e carta em PDF, disparada pelo enviarRascunhos() do Vini)",,enviada,"CARTA FRIA ENVIADA as 17h4x UTC de 17/09 pelo Apps Script do Vini (lote de 40 rascunhos de 15 a 17/09). Rascunho escrito pelo maestro e conferido pelo confere-carta.py. Recibo/resposta a acompanhar pelo Comunicador; bounce, se houver, vira linha propria."
2026-09-17,BetaDwarf Entertainment,"Carta fria para Steffen Kabbelgaard (Co-Owner, CEO & Game Director) - steffen@betadwarf.com",Dinamarca (Copenhague),"email (carta fria com CV e carta em PDF, disparada pelo enviarRascunhos() do Vini)",,enviada,"CARTA FRIA ENVIADA as 17h4x UTC de 17/09 pelo Apps Script do Vini (lote de 40 rascunhos de 15 a 17/09). Rascunho escrito pelo maestro e conferido pelo confere-carta.py. Recibo/resposta a acompanhar pelo Comunicador; bounce, se houver, vira linha propria."
2026-09-17,Young Horses,"Carta fria para Philip Tibitoski (CEO, Business Development) - phil@younghorsesgames.com","EUA (Chicago, Illinois)","email (carta fria com CV e carta em PDF, disparada pelo enviarRascunhos() do Vini)",,enviada,"CARTA FRIA ENVIADA as 17h4x UTC de 17/09 pelo Apps Script do Vini (lote de 40 rascunhos de 15 a 17/09). Rascunho escrito pelo maestro e conferido pelo confere-carta.py. Recibo/resposta a acompanhar pelo Comunicador; bounce, se houver, vira linha propria."
2026-09-17,Fabrique d'Images,"Carta fria para Guillaume Vialaneix (Co-Director, Head of Animation) - g.vialaneix@fabrique-d-images.com",Luxemburgo (Differdange),"email (carta fria com CV e carta em PDF, disparada pelo enviarRascunhos() do Vini)",,enviada,"CARTA FRIA ENVIADA as 17h4x UTC de 17/09 pelo Apps Script do Vini (lote de 40 rascunhos de 15 a 17/09). Rascunho escrito pelo maestro e conferido pelo confere-carta.py. Recibo/resposta a acompanhar pelo Comunicador; bounce, se houver, vira linha propria."
2026-09-17,Digital Rain Studios,Carta fria para Michael Brandstetter (Design / 3D Animation / VFX / Post Production; co-titular no Impressum) - m.brandstetter@digitalrain.at,Austria (Viena),"email (carta fria com CV e carta em PDF, disparada pelo enviarRascunhos() do Vini)",,enviada,"CARTA FRIA ENVIADA as 17h4x UTC de 17/09 pelo Apps Script do Vini (lote de 40 rascunhos de 15 a 17/09). Rascunho escrito pelo maestro e conferido pelo confere-carta.py. Recibo/resposta a acompanhar pelo Comunicador; bounce, se houver, vira linha propria."
2026-09-17,Timeless Films,Carta fria para Ralph Kamp (Chairman & CEO) - ralph@timelessfilms.co.uk,Reino Unido (o site nao publica cidade),"email (carta fria com CV e carta em PDF, disparada pelo enviarRascunhos() do Vini)",,enviada,"CARTA FRIA ENVIADA as 17h4x UTC de 17/09 pelo Apps Script do Vini (lote de 40 rascunhos de 15 a 17/09). Rascunho escrito pelo maestro e conferido pelo confere-carta.py. Recibo/resposta a acompanhar pelo Comunicador; bounce, se houver, vira linha propria."
2026-09-17,Mechanistry,Carta fria para Michal Amielanczyk (Communication Manager) - miami@mechanistry.com,Polonia,"email (carta fria com CV e carta em PDF, disparada pelo enviarRascunhos() do Vini)",,enviada,"CARTA FRIA ENVIADA as 17h4x UTC de 17/09 pelo Apps Script do Vini (lote de 40 rascunhos de 15 a 17/09). Rascunho escrito pelo maestro e conferido pelo confere-carta.py. Recibo/resposta a acompanhar pelo Comunicador; bounce, se houver, vira linha propria."
2026-09-17,Global Mechanic,Carta fria para Bruce Alcock (Creative Director & Owner) - bruce@globalmechanic.com,"Canadá (Vancouver e Victoria, BC)","email (carta fria com CV e carta em PDF, disparada pelo enviarRascunhos() do Vini)",,enviada,"CARTA FRIA ENVIADA as 17h4x UTC de 17/09 pelo Apps Script do Vini (lote de 40 rascunhos de 15 a 17/09). Rascunho escrito pelo maestro e conferido pelo confere-carta.py. Recibo/resposta a acompanhar pelo Comunicador; bounce, se houver, vira linha propria."
2026-09-17,Filmic Art,Carta fria para Andreas Ibohm (Executive Producer) - andreas@filmic.se,Suécia,"email (carta fria com CV e carta em PDF, disparada pelo enviarRascunhos() do Vini)",,enviada,"CARTA FRIA ENVIADA as 17h4x UTC de 17/09 pelo Apps Script do Vini (lote de 40 rascunhos de 15 a 17/09). Rascunho escrito pelo maestro e conferido pelo confere-carta.py. Recibo/resposta a acompanhar pelo Comunicador; bounce, se houver, vira linha propria."
2026-09-17,Time Based Arts,Carta fria para Josh Robinson (Deputy Managing Director / EP) - josh@time-based-arts.com,"Reino Unido (Londres, Shoreditch)","email (carta fria com CV e carta em PDF, disparada pelo enviarRascunhos() do Vini)",,enviada,"CARTA FRIA ENVIADA as 17h4x UTC de 17/09 pelo Apps Script do Vini (lote de 40 rascunhos de 15 a 17/09). Rascunho escrito pelo maestro e conferido pelo confere-carta.py. Recibo/resposta a acompanhar pelo Comunicador; bounce, se houver, vira linha propria."
2026-09-17,Fridthjof Animation,"Carta fria para Ronnie Fridthjof (NAO PUBLICADO - o diretorio da nome, telefone, email e site e NENHUM titulo; tratado como dono porque a casa leva o nome dele) - ronnie@fridthjof.com",Dinamarca,"email (carta fria com CV e carta em PDF, disparada pelo enviarRascunhos() do Vini)",,enviada,"CARTA FRIA ENVIADA as 17h4x UTC de 17/09 pelo Apps Script do Vini (lote de 40 rascunhos de 15 a 17/09). Rascunho escrito pelo maestro e conferido pelo confere-carta.py. Recibo/resposta a acompanhar pelo Comunicador; bounce, se houver, vira linha propria."
2026-09-17,Soja,Carta fria para Sofie Edvardsson (Creative Director) - sofie@soja.se,Suecia (Estocolmo e Tjorn),"email (carta fria com CV e carta em PDF, disparada pelo enviarRascunhos() do Vini)",,enviada,"CARTA FRIA ENVIADA as 17h4x UTC de 17/09 pelo Apps Script do Vini (lote de 40 rascunhos de 15 a 17/09). Rascunho escrito pelo maestro e conferido pelo confere-carta.py. Recibo/resposta a acompanhar pelo Comunicador; bounce, se houver, vira linha propria."
2026-09-17,Little Moon Animation,Carta fria para Vanessa Robinson (Co-Founder & CEO (o /about do site); o diretorio a chama Creative Producer) - vanessa@littlemoonanimation.com,Irlanda (Dublin),"email (carta fria com CV e carta em PDF, disparada pelo enviarRascunhos() do Vini)",,enviada,"CARTA FRIA ENVIADA as 17h4x UTC de 17/09 pelo Apps Script do Vini (lote de 40 rascunhos de 15 a 17/09). Rascunho escrito pelo maestro e conferido pelo confere-carta.py. Recibo/resposta a acompanhar pelo Comunicador; bounce, se houver, vira linha propria."
2026-09-17,Giant Animation,Carta fria para Sean Mullen (Creative Director) - sean@giant.ie,Irlanda (Dublin),"email (carta fria com CV e carta em PDF, disparada pelo enviarRascunhos() do Vini)",,enviada,"CARTA FRIA ENVIADA as 17h4x UTC de 17/09 pelo Apps Script do Vini (lote de 40 rascunhos de 15 a 17/09). Rascunho escrito pelo maestro e conferido pelo confere-carta.py. Recibo/resposta a acompanhar pelo Comunicador; bounce, se houver, vira linha propria."
2026-09-17,Timbre Games,Carta fria para Joe Nickolls (Co-Founder & President) - joe@timbregames.com,"Canada (Vancouver, BC)","email (carta fria com CV e carta em PDF, disparada pelo enviarRascunhos() do Vini)",,enviada,"CARTA FRIA ENVIADA as 17h4x UTC de 17/09 pelo Apps Script do Vini (lote de 40 rascunhos de 15 a 17/09). Rascunho escrito pelo maestro e conferido pelo confere-carta.py. Recibo/resposta a acompanhar pelo Comunicador; bounce, se houver, vira linha propria."
2026-09-17,Nine Dots Studio,Carta fria para Natasha Collin (COO and Executive Producer) - ncollin@ninedotsstudio.com,Canada (Quebec),"email (carta fria com CV e carta em PDF, disparada pelo enviarRascunhos() do Vini)",,enviada,"CARTA FRIA ENVIADA as 17h4x UTC de 17/09 pelo Apps Script do Vini (lote de 40 rascunhos de 15 a 17/09). Rascunho escrito pelo maestro e conferido pelo confere-carta.py. Recibo/resposta a acompanhar pelo Comunicador; bounce, se houver, vira linha propria."
2026-09-17,Threeclipse,Carta fria para Nathan White (Producer / Narrative (nos creditos do SYZYGY Tactics; Producer nos outros dois projetos)) - nathan.white@threeclipse.com,Canada (Montreal),"email (carta fria com CV e carta em PDF, disparada pelo enviarRascunhos() do Vini)",,enviada,"CARTA FRIA ENVIADA as 17h4x UTC de 17/09 pelo Apps Script do Vini (lote de 40 rascunhos de 15 a 17/09). Rascunho escrito pelo maestro e conferido pelo confere-carta.py. Recibo/resposta a acompanhar pelo Comunicador; bounce, se houver, vira linha propria."
2026-09-17,Forge Hammer Entertainment,"Carta fria para David Larochelle (CEO, Co-Founder & Technical Director (a home escreve Co-Fouder, erro de grafia deles)) - david_larochelle@forge-hammer.com",Canada (Quebec),"email (carta fria com CV e carta em PDF, disparada pelo enviarRascunhos() do Vini)",,enviada,"CARTA FRIA ENVIADA as 17h4x UTC de 17/09 pelo Apps Script do Vini (lote de 40 rascunhos de 15 a 17/09). Rascunho escrito pelo maestro e conferido pelo confere-carta.py. Recibo/resposta a acompanhar pelo Comunicador; bounce, se houver, vira linha propria."
2026-09-17,Raccoon Logic,Carta fria para Reid Schneider (Co-founder & Head of Studio / Executive Producer) - reid@raccoonlogic.com,Canada (Montreal),"email (carta fria com CV e carta em PDF, disparada pelo enviarRascunhos() do Vini)",,enviada,"CARTA FRIA ENVIADA as 17h4x UTC de 17/09 pelo Apps Script do Vini (lote de 40 rascunhos de 15 a 17/09). Rascunho escrito pelo maestro e conferido pelo confere-carta.py. Recibo/resposta a acompanhar pelo Comunicador; bounce, se houver, vira linha propria."
2026-09-17,Yellow Brick Games,Carta fria para Thomas Giroux (Co-founder & CEO) - tom@yellowbrickgames.ca,Canada (Quebec City + Montreal),"email (carta fria com CV e carta em PDF, disparada pelo enviarRascunhos() do Vini)",,enviada,"CARTA FRIA ENVIADA as 17h4x UTC de 17/09 pelo Apps Script do Vini (lote de 40 rascunhos de 15 a 17/09). Rascunho escrito pelo maestro e conferido pelo confere-carta.py. Recibo/resposta a acompanhar pelo Comunicador; bounce, se houver, vira linha propria."
2026-09-17,Root Motion Studio,Carta fria para Clemence Maurer (Creative Director (fundadora; ex Senior World Designer de Deus Ex e Subnautica 2)) - clem@rootmotion.games,Canada (Montreal),"email (carta fria com CV e carta em PDF, disparada pelo enviarRascunhos() do Vini)",,enviada,"CARTA FRIA ENVIADA as 17h4x UTC de 17/09 pelo Apps Script do Vini (lote de 40 rascunhos de 15 a 17/09). Rascunho escrito pelo maestro e conferido pelo confere-carta.py. Recibo/resposta a acompanhar pelo Comunicador; bounce, se houver, vira linha propria."
2026-09-17,Postmeridian,Carta fria para Wylem Decaille (Directeur Creatif) - wdecaille@postmeridian.co,Canada + Franca (estudio distribuido; membro da Guilde du jeu video du Quebec),"email (carta fria com CV e carta em PDF, disparada pelo enviarRascunhos() do Vini)",,enviada,"CARTA FRIA ENVIADA as 17h4x UTC de 17/09 pelo Apps Script do Vini (lote de 40 rascunhos de 15 a 17/09). Rascunho escrito pelo maestro e conferido pelo confere-carta.py. Recibo/resposta a acompanhar pelo Comunicador; bounce, se houver, vira linha propria."
2026-09-17,Le Catnip Collective,Carta fria para Daniel Harris (Cofounder) - dan@lecatnipcollective.com,"Canada (Montreal, QC)","email (carta fria com CV e carta em PDF, disparada pelo enviarRascunhos() do Vini)",,enviada,"CARTA FRIA ENVIADA as 17h4x UTC de 17/09 pelo Apps Script do Vini (lote de 40 rascunhos de 15 a 17/09). Rascunho escrito pelo maestro e conferido pelo confere-carta.py. Recibo/resposta a acompanhar pelo Comunicador; bounce, se houver, vira linha propria."
2026-09-17,Ludia,Carta fria para Junel Popp (Responsable des communications (Ludia Corporate)) - jpopp@ludia.com,"Canada (Montreal, QC)","email (carta fria com CV e carta em PDF, disparada pelo enviarRascunhos() do Vini)",,enviada,"CARTA FRIA ENVIADA as 17h4x UTC de 17/09 pelo Apps Script do Vini (lote de 40 rascunhos de 15 a 17/09). Rascunho escrito pelo maestro e conferido pelo confere-carta.py. Recibo/resposta a acompanhar pelo Comunicador; bounce, se houver, vira linha propria."
2026-09-17,No Deadlines Studio,Carta fria para Alexandre Blanchet (cofundador e Core Team (Developers) de Gear Up Einstein!) - ablanchet@nodeadlines.ca,"Canada (Montreal, QC)","email (carta fria com CV e carta em PDF, disparada pelo enviarRascunhos() do Vini)",,enviada,"CARTA FRIA ENVIADA as 17h4x UTC de 17/09 pelo Apps Script do Vini (lote de 40 rascunhos de 15 a 17/09). Rascunho escrito pelo maestro e conferido pelo confere-carta.py. Recibo/resposta a acompanhar pelo Comunicador; bounce, se houver, vira linha propria."
2026-09-17,Erupting Avocado,Carta fria para Francois Mathieu (Designer e cofundador) via caixa funcional - info@eruptingavocado.com,"Canada (Sherbrooke, QC)","email (carta fria com CV e carta em PDF, disparada pelo enviarRascunhos() do Vini)",,enviada,"CARTA FRIA ENVIADA as 17h43 UTC de 17/09 pelo Apps Script do Vini (lote de 40 rascunhos de 15 a 17/09), mensagem 1a0b077520cfaf98 no in:sent. Sem endereco de pessoa na casa: carta enderecada ao Francois pelo nome na caixa info@. Rascunho escrito pelo maestro e conferido pelo confere-carta.py. Recibo/resposta a acompanhar pelo Comunicador; bounce, se houver, vira linha propria."
2026-09-17,Animagency,Resposta a Tero Suomela (CEO / Creative Producer) - tero@animagency.fi,Finlandia (Vantaa),"email (resposta no fio da carta fria, enviada direto pelo maestro)",,enviada,"RESPOSTA POSITIVA RECEBIDA 22h54 UTC: Tero esta no Cartoon Forum, volta terca 22/09, quer um Google Meet curto e pediu os dados tambem em talent@. Respondido 23h1x (mensagem 1a0b19fb11539f46): obrigado, qualquer dia da semana que vem, tarde dele = manha do Brasil."
2026-09-17,Animagency,Dados para os produtores - talent@animagency.fi (cc tero@),Finlandia (Vantaa),"email (mensagem no fio, sem PDF, com portfolio e LinkedIn; CV esta no email ao Tero)",,enviada,"ENVIADA 23h1x a pedido do Tero (mensagem 1a0b19fcad18faeb). Conta como segunda mensagem da casa; teto da casa atingido para carta fria, mas o fio esta ABERTO e vivo."
2026-09-18,Lunar Animation Ltd,Application Form (candidatura espontanea) - Role applying for: 3D Modelling and Texture Artist; Primary skill set: Character Modelling,"Reino Unido (Sheffield, presencial)","Airtable (formulario embutido em lunaranimation.com/apply, share shri7OjUyyoWWxmsx)",,ENVIADA E CONFIRMADA,"ENVIADA as 03h13 UTC de 18/09 pelo maestro com at_fill2.js. PROVA DO SERVIDOR: POST /v0.3/view/viwH8Xm9LeV8x00K3/submitSharedForm respondeu 200 {msg:SUCCESS, rowId:recNaXibzfyqVURaA}; CV e carta subiram por completeMultipartUpload 200; tela final: 'Thank you for submitting the form!'. Respostas: Senior, 10 anos, Full-Time employed, Right to work = None UK or EU National, disponivel November 1 2026, faixa GBP 45.000-49.000 (regra 3 do BRIEFING: Reino Unido nunca abaixo de GBP 42.000), software MAYA (lista da casa nao tem ZBrush). Casa de animacao, vagas nomeadas sao de animator; entra como espontanea de modelagem, nao como personagem nomeado."
2026-09-18,ILM Sydney (grupo Disney),"Animator - ILM Sydney (Workday 10160535, postada HOJE 18/09, startDate 2026-09-18)","Australia (Sydney, presencial)","Workday (formulario, enviado pela automacao pela conta disney_workday, script wd_geral.js)",https://disney.wd5.myworkdayjobs.com/en-US/disneycareer/job/Sydney-Australia/Animator_10160535,ENVIADA E CONFIRMADA,"VAGA DE ARTE DO GRUPO DISNEY POSTADA HOJE e enviada na mesma rodada (regra 4 da rodada das casas grandes: vaga nova de arte da Disney, qualquer site do grupo, recebe candidatura na MESMA rodada). TRES PROVAS, nenhuma delas 'cliquei em submit': (1) texto do servidor depois do Submit - 'Application Submitted. Thank you for sharing your story with us! We've received your application.' e 'You have no more tasks'; (2) a Candidate Home do proprio Workday passou a listar 'Animator / 10160535 / Application Received / September 18, 2026' no topo das seis candidaturas dele; (3) recibo no Gmail de disney@myworkday.com as 11h23 UTC, assunto 'Your Disney Careers Application Is In!', citando a vaga Animator pelo nome (fio 1a0b4416d1a7319c). DATA REAL DE PUBLICACAO conferida no campo startDate da API do Workday (2026-09-18), nao no rotulo relativo 'Posted Today', que a campanha ja mediu como mentiroso na Blizzard. DISCIPLINA, dita sem maquiagem: NAO e vaga de personagem. E PORTA DE ENTRADA (prioridade 4 do BRIEF-GRANDES: outra funcao dentro do time de arte), e o requisito escrito e 'Bachelor's Degree or equivalent in Traditional Animation and 3 years experience OR at least 5 years of experience working in Cel, stop motion or computer animation' - o Vini nao e animador. O que o anuncio diz a favor: 'Animators create high quality motion of computer generated characters, creatures and objects' e a casa e a mesma ILM Sydney onde a Senior Modeler 10159882 foi enviada em 04/09 e recusada em 12/09, ou seja ha historico de recusa na casa e isto e uma segunda tentativa por outra porta. REVISAO LIDA CAMPO A CAMPO no ensaio seco antes do envio: CV anexado (44 KB), tres links (site, ArtStation, LinkedIn), grau B. - Bachelor's degree (Universidade Catolica de Pernambuco), autorizacao legal para trabalhar na Australia = No (verdade), consentimento de compartilhamento = Yes, genero 'Prefer not to respond', aviso previo 'Within 30 days of an offer', pretensao 'AUD 110,000' (politica de 04/09: sem faixa publicada, Australia AUD 110.000, que e o piso que viabiliza o visto). ARMADILHA NOVA MEDIDA E CORRIGIDA NO SCRIPT EXISTENTE: o locatario Disney da AUSTRALIA tem TRES perguntas obrigatorias no passo 3 que nenhum outro locatario Disney pediu - 'Do you have any relatives working with The Walt Disney Company...', 'Have you been interviewed by any employee (HR or otherwise) of The Walt Disney Company... before?' e 'Have you ever been convicted of a criminal offence?'. Nenhuma casa com as regras antigas do wd_geral.js ('are you related', 'relative or person with whom'), e sem elas o Save and Continue devolveu 'Errors Found' e o fluxo travou TRES vezes e parou sem enviar. As tres foram acrescentadas a tabela RESP do wd_geral.js (arquivo que ja existia; nenhum script novo foi escrito) com resposta verdadeira e conservadora: No, No, No. Dedupe antes do clique: 10160535 e ID INEDITO nos quatro arquivos e nao ha recibo dele no Gmail."
2026-09-18,Virtuos / Black Shamrock (Dublin),"Lead Character Artist - requisicao 2283 (Oracle Recruiting Cloud, publicada 17/09, relocation support)","Irlanda (Dublin, hibrido)","Oracle CX (formulario com codigo por e-mail, enviado pela automacao: apply_oracle.js, codigo lido no Gmail)",https://fa-exhj-saasfaprod1.fa.ocs.oraclecloud.com/hcmUI/CandidateExperience/en/sites/CX_1/job/2283,"ENVIADA E CONFIRMADA 11h49 UTC: modal 'You're all set, Vini!', POST 201 recruitingCEJobApplications, recibo 'Your recent job application for Lead Character Artist - 2283' (fio 1a0b459822f82a73). Carta carta_virtuos.pdf, CV, pretensao EUR 55.000 (base da regra, estudio grande, Europa), relocate Yes, permit: precisa Critical Skills Employment Permit"
2026-09-18,Sviper GmbH (Hamburgo),Speculative Application 858945 (Personio) - candidatura espontanea de personagem,"Alemanha (Hamburgo, hibrido)","Personio (formulario sem porteiro, enviado pela automacao: sviper_fill.js --submit)",https://sviper-gmbh.jobs.personio.com/job/858945,"ENVIADA E CONFIRMADA 11h52 UTC: POST 200 /api/v1/jobs/858945/application, tela 'THANK YOU We have received your application', formulario esvaziado. CV + carta_sviper.pdf + portfolio, pretensao EUR 45.000 com abertura, disponivel 2026-11-01"
2026-09-18,"TRIXTER (Munique e Berlim, A Cinesite Partner Company)",Speculative Job Application 2785192 (Personio via WordPress) - candidatura espontanea,"Alemanha (Munique/Berlim, freelance)",Formulario proprio da casa (Personio embutido; enviado pela automacao: trixter_fill.js --submit),https://www.trixter.de/jobs/job/speculative-job-application/,"ENVIADA E CONFIRMADA 14h51 UTC de 18/09: POST 200 em https://www.trixter.de/wp-content/themes/trixter/php/jobs/uploadFiles.php e POST 200 em .../php/jobs/uploadJobForm.php, e o texto NOVO da tela, literal: ""Message successfully sent. We appreciate that you've taken the time to write us. We'll get back to you very soon."" Requisicao Personio 2785192 (o campo escondido job_position_id da pagina vale 2785192), createdAt 2026-09-07, freelance, experienced, department Studio. Porta NOVA: o endereco antigo do painel (/speculative-job-application-2/) da 404 e o locatario Personio nao serve pagina hospedada (429 com redirect para personio.com); a porta viva e o formulario WordPress da casa. A parede de 06 e 08/09 (zero pedido de rede + 'Sorry, something went wrong') era a CA do proxy que o Chromium nao aceitava, destravada as 11h35 de hoje - mesma causa da Sviper. Eligibility to work in Germany = No, a verdade. Disponibilidade 01.11.2026. Pretensao com a abertura padrao e EUR 55.000 brutos/ano ou dia equivalente. CV e Cover Letter anexados e conferidos pelo nome na tela. RESSALVA: espontanea e freelance, nao vaga de personagem aberta; o formulario NAO limpa depois do clique, a prova e o POST e o texto novo. Ferramenta: /home/user/apply/trixter_fill.js"
2026-09-18,Netflix Animation Studios (Vancouver),"Environment Modeling Lead - Netflix Animation Studios (Workday JR42643, publicada HOJE 18/09, startDate 2026-09-18, hibrida 3 dias, faixa publicada CAD 119k-160k)","Canada (Vancouver, BC, hibrido)","Workday (formulario, enviado pela automacao pela conta netflix_workday, script wd_geral.js)",https://netflix.wd108.myworkdayjobs.com/en-US/Netflix/job/Vancouver/Environment-Modeling-Lead---Netflix-Animation-Studios_JR42643,"ENVIADA E CONFIRMADA 16h37 UTC: URL jobTasks/completed/application, tela 'Application Submitted. Your application has successfully been submitted. You have no more tasks.' Patrocinio = Yes (verdade), sem pergunta de pretensao no locatario. Nao e personagem: modelagem de ambiente, lead; entrou pela regra das casas grandes (Netflix + Vancouver + modelagem), 40 min depois da publicacao."
2026-09-18,Playdead (Copenhague),ZBrush Modeler - requisicao Breezy 3be060a4fcf301 (esculpir modelos organicos e arquitetonicos de mundo aberto),"Dinamarca (Copenhague, presencial)","Breezy (formulario sem porteiro, enviado pela automacao: apply_own.js + ans_playdead.json)",https://playdead.breezy.hr/p/3be060a4fcf301-zbrush-modeler/apply,ENVIADA E CONFIRMADA,"ENVIADA E CONFIRMADA 20h38 UTC de 18/09 com TRES PROVAS: (1) POST 204 em https://app.breezy.hr/api/apply/3be060a4fcf301; (2) URL final terminando em /apply/submitted e o texto literal da tela, 'Application Submitted Your application has been submitted successfully. Good luck!'; (3) recibo no Gmail as 20h38m58 de candidate-5023de215a1b01@playdead.breezy-mail.com, assunto 'Thank you for your application!' (fio 1a0b63e6a091f22e). DISCIPLINA, dita sem maquiagem: NAO e vaga de personagem, e AMBIENTE. O anuncio pede 'create and sculpt high quality architectural and organic models within a 3D open world environment' e as palavras character e creature nao aparecem uma vez. Entrou pela regra de 10/09 (ambiente entra por ULTIMO e SO quando nao houver nada de personagem na rodada): esta rodada leu 8.138 vagas por API em 612 quadros, 2.579 nos quadros das casas grandes, 298 em 136 quadros de cinco familias novas e 8 alertas do Gmail, e NAO existe vaga de personagem nova enviavel. A porta estava medida e parada desde 10/09 (item 50 da FILA-DO-VINI). O QUE PESA A FAVOR e raro nesta campanha: o proprio anuncio escreve 'We can offer relocation and visa support if required', e a regua de veto no corpo inteiro deu ZERO em authoriz, eligib, sponsor, work permit, must be based, LMIA, citizen e resident. RESPOSTAS, campo a campo, conferidas em ensaio seco e em captura de tela (own_playdead-zbrush_pre.png): CV anexado (Vini_Cavalcanti_CV.pdf, 45.459 B, e o proprio Breezy devolveu 200 no /api/portal/playdead/upload e PARSEOU o CV preenchendo Work History com E-Line Media, Angel Studios, PUGA Studios e Agencia Um); carta de 1.162 caracteres no campo Cover Letter com a frase fixa de portfolio, a linha afirmativa 'I am ready to move to Copenhagen for the role' e a frase de visto em UMA oracao; 'Are you willing to relocate to Copenhagen' = '3 - I am willing to move to Copenhagen'; 'Have you shipped a 3D game before' = 'Yes, 2-4' (resposta CONSERVADORA de proposito: o repositorio prova titulos e projetos, nao a contagem de jogos lancados, e inflar isso seria mentir num campo verificavel); anos de experiencia = 10; portfolio = artstation.com/viniciuscavalcanti; consentimento de GDPR marcado e CONFERIDO com leitura de volta (checked=true). Telefone NAO preenchido: o campo e opcional e o valor nao entra em arquivo de repositorio publico. SEM pergunta de pretensao e SEM pergunta de autorizacao de trabalho no formulario. ZERO iframe de captcha. DEDUPE NO MINUTO DO CLIQUE: o id 3be060a4fcf301 aparece em processados.csv e FILA-DO-VINI so como DESCARTE por disciplina (10/09), sem uma marca de envio, e o Gmail tem exatamente dois recibos anteriores da casa (06/09 Material and Texture d6b5a5e4f54a01 e 08/09 3D Environment a235c228566a01) e nenhum desta requisicao. FERRAMENTA: nenhum script novo. Foram acrescentadas tres capacidades ao apply_own.js, que ja existia (anexo por 'arquivos', caixa e radio por 'marcar', avanco de secao por 'proximo'), e o arquivo de respostas e /home/user/apply/ans_playdead.json"
2026-09-19,"31st Union (2K, San Mateo California)","Expert Character Artist - requisicao Greenhouse 7987184003 / internal_job_id 5882575003 / R_118673, publicada 18/09 22h40 UTC (first_published 2026-09-18T18:40:17-04:00), faixa publicada USD 127.500-188.700","EUA (San Mateo, California; presencial/hibrido 3 dias por semana)","Greenhouse (formulario, enviado pela automacao: apply-greenhouse.js + ans_31stunion.json, com codigo de seguranca lido no Gmail)",https://job-boards.greenhouse.io/31stunion/jobs/7987184003,"ENVIADA E CONFIRMADA 00h28 UTC de 19/09 com TRES PROVAS: (1) URL final https://job-boards.greenhouse.io/31stunion/jobs/7987184003/confirmation; (2) texto literal da tela, 'Thank you for applying. Your application has been received. If there is a fit, someone will be getting back to you.'; (3) email 'Security code for your application to 31st Union' de no-reply@us.greenhouse-mail.io recebido as 00h27m43, que prova que o POST chegou ao servidor. DISCIPLINA: personagem, e o corpo pede 'benchmark characters, creatures, and weapons from high-resolution sculpts through modeling, topology, UVs, bakes, texture painting, materials, and engine integration' com 8+ anos. VETO: a regua deu ZERO veto de residencia; a pergunta de patrocinio traz escrito 'Responding Yes to this question will not preclude you from consideration for employment'. Autorizacao respondida com a VERDADE: 'Are you legally authorized to work in the United States?' = No, 'Will you now or in the future require sponsorship' = Yes. Realocacao dita explicitamente: marcada a opcao 'Yes' em 'Are you local to the San Mateo, CA area (or open to relocation) and are willing to come into the office 3 days a week?' e o campo de localizacao atual diz 'I am ready to move to San Mateo, CA for the role'. Questionario demografico dos EUA deixado em branco de proposito, porque a propria pagina escreve 'PLEASE DO NOT COMPLETE THESE QUESTIONS IF YOU DO NOT RESIDE IN THE UNITED STATES' (campos voluntarios, sem asterisco). ARMADILHA MEDIDA: o MESMO requisito aparece em DOIS quadros de Greenhouse, 31stunion/7987184003 e 2k/7999902003, com ids de anuncio DIFERENTES e o MESMO internal_job_id 5882575003 e a MESMA requisicao R_118673 - e UMA vaga, nao duas, e enviar nos dois seria duplicata. Sem faixa inventada: a faixa vem publicada no anuncio."
2026-09-19,"Small Giant Games (Zynga / Take-Two, Helsinki)","Open Application - requisicao Greenhouse 5669163004, enviada como Senior 3D Character Artist / Character Modeler pela carta dedicada",Finlandia (Helsinki) - realocacao dita explicitamente na carta,"Greenhouse (formulario, enviado pela automacao: apply-greenhouse.js + ans_sgg.json, carta PROPRIA gerada por txt2pdf.js, com codigo de seguranca lido no Gmail)",https://job-boards.greenhouse.io/sggcareers/jobs/5669163004,"ENVIADA E CONFIRMADA 00h45 UTC de 19/09 com TRES PROVAS: (1) URL final https://job-boards.greenhouse.io/sggcareers/jobs/5669163004/confirmation; (2) texto literal da tela, 'Thank you for applying. Your application has been received. If there is a fit, someone will be getting back to you.'; (3) email 'Security code for your application to Small Giant Games' de no-reply@us.greenhouse-mail.io as 00h44m49. CASA 100% INEDITA: zero ocorrencia de 'Small Giant' e do id 5669163004 em enviados.csv, processados.csv, docs/index.html e FILA-DO-VINI.md, e zero fio no Gmail. PORQUE A CARTA E PROPRIA E NAO A GENERICA: o formulario tem SO nome, sobrenome, nome preferido, email, pais, telefone e dois anexos, mais uma pergunta voluntaria de identidade de genero - ZERO campo de texto livre. Sem carta dedicada a candidatura sairia MUDA sobre disciplina, realocacao e visto. A carta (carta_sgg.txt -> Vini_Cavalcanti_Cover_Letter_SmallGiant.pdf) diz 'I am ready to move to Helsinki for the role' como decisao, nomeia character art como a disciplina, declara que ele NAO e cidadao da UE e precisa de patrocinio com o caso academico de visto, e pede EUR 55.000 com a abertura 'open to aligning with your band for the role' pela politica de 04/09 (Europa ocidental, casa grande). REGUA DE VETO: o unico acerto foi 'citizenship status' DENTRO da clausula de nao discriminacao do empregador, que e o oposto de veto. CLASSIFICACAO HONESTA: a requisicao em si e GENERICA (Open Application), entao ela NAO conta como formulario de personagem no DAILY, mesmo a candidatura sendo de personagem por escrito. RESSALVA DE GRUPO: a 31st Union enviada 17 minutos antes e da 2K, tambem do grupo Take-Two; sao estudios e quadros de Greenhouse DIFERENTES, nao duplicata, mas fica registrado."
2026-09-19,"WildBrain Studios (Vancouver, British Columbia)","Senior Modeler/Surfacer (Feature - Environments) - requisicao TalentSoft 2026-5648, publicada 17/09, Feature, posicao SINDICALIZADA (IATSE Local 938), faixa publicada CAD 1.595 a 1.850 por semana em 40h (= CAD 82.940 a 96.200 por ano)","Canada (Vancouver, BC; Hybrid/Flexible) - realocacao dita explicitamente no campo Availability comment","TalentSoft (formulario com conta, enviado pela automacao: wb_fill.js pelo hb_run.sh, conta de candidato ja existente do envio de 27/08)",https://wildbrain-career.talent-soft.com/job/job-senior-modeler-surfacer-feature-environments-_5648.aspx,"ENVIADA E CONFIRMADA 01h42 UTC de 19/09. PROVA LITERAL DO SERVIDOR, na tela depois do Send: 'Personal information has been saved successfully. Your application to the 2026-5648 - Senior Modeler/Surfacer (Feature - Environments) job opening has been successfully sent' mais o cabecalho 'Thank you for your application!'. DISCIPLINA, dita sem maquiagem: e AMBIENTE, nao personagem - o anuncio pede 'Hard surface models in Maya according to model sheets', 'Sculpt models with Zbrush according to the references provided', 'Model trees procedurally with Houdini' e 'create Set models & Props'; ZERO ocorrencia de character ou creature no corpo. Entrou pela regra de 10/09 ao pe da letra (ambiente por ultimo e so quando nao ha porta de personagem enviavel na rodada): das 12 linhas do Job Board 2.0, as de personagem eram EA 215667 (veto escrito da casa), ICON 150 (parede de reCAPTCHA v2 na mao do Vini) e Folks REF19P (parede de DataDome medida hoje). O QUE PESA A FAVOR: Vancouver BC, que e a prioridade 1 do Vini; nivel Senior; efetiva e sindicalizada; faixa publicada; e o anuncio cita 'Knowledge of surfacing and grooming pipelines' em nice to have, que e disciplina dele. REGUA DE VETO: 6.181 caracteres de texto limpo, UM acerto e ele e falso positivo de ESTRUTURA ('hybrid' no campo Job location). ZERO VETO DE TEXTO. DEDUPE: o ID 5648 e INEDITO nos quatro arquivos; zero fio no Gmail em 3 dias; e o botao Apply ainda existia na vaga, que no TalentSoft SOME quando ja houve candidatura (armadilha de 08/09). A casa tem historico: Groom Supervisor CG 5580 enviada 27/08 e General Application, as duas ATIVAS. DUAS RESPOSTAS GUARDADAS NO PERFIL ESTAVAM ERRADAS E FORAM CORRIGIDAS NESTE ENVIO, e isso vale mais que a candidatura: o campo 'If relocation is required for this position, what is your situation?' estava em 'I am unable to relocate at this time' (opcao 2936) desde o envio de 27/08, ou seja o perfil dele dizia por escrito o CONTRARIO da ordem do Vini, e foi trocado para 'I am willing to relocate' (2937); e 'Salary expectations' estava em '$50.000 - $60.000' (2671), abaixo do piso de CAD 80.000 da regra de 04/09 e abaixo da faixa publicada da propria vaga, e foi trocado para '80.000 - $90.000' (2674), que e a base da faixa publicada. AUTORIZACAO COM A VERDADE: 'Are you eligible to work in Canada?' = 'I do not have a work permit' (opcao 2659), que ja estava certo. SEM CAPTCHA: zero iframe de captcha no formulario, zero obrigatorio vazio na leitura de volta. CV anexado pelo anexo guardado VINI-CAVALCANTI-CV.PDF. SEGUNDA PROVA, colhida depois do registro: recibo no Gmail as 01h42m55 UTC de 19/09, de studio.jobs@wildbrain.com, assunto 'WildBrain Studios: Your application for Senior Modeler/Surfacer (Feature - Environments)', corpo 'Thank you for taking the time to complete your application for Senior Modeler/Surfacer (Feature - Environments). Your profile will be reviewed by a member of our Talent Acquisition Team.' (thread 1a0b754b40d217a4). Sao DUAS das tres provas da regra de 07/09: texto na tela e email da casa."
2026-09-19,Undead Labs (Xbox Game Studios; Seattle WA / Champaign IL / Orlando FL),"General Interest Application - requisicao Greenhouse 4025972005 / internal_job_id 4029455005 / requisition_id 34, quadro undeadlabsllc; enviada como Senior 3D Character Artist / Character Modeler pela carta dedicada, departamento marcado Art","EUA (Seattle WA, Champaign IL e Orlando FL - as TRES marcadas, realocacao dita como decisao na carta)","Greenhouse (formulario, enviado pela automacao: apply-greenhouse.js + ans_undeadlabs.json pelo hb_run.sh, carta PROPRIA gerada por txt2pdf.js, com codigo de seguranca lido no Gmail)",https://job-boards.greenhouse.io/undeadlabsllc/jobs/4025972005,"ENVIADA E CONFIRMADA 02h47 UTC de 19/09. TRES PROVAS: (1) URL final https://job-boards.greenhouse.io/undeadlabsllc/jobs/4025972005/confirmation; (2) texto da tela 'Thank you for applying. Your application has been received. If there is a fit, someone will be getting back to you.'; (3) email 'Security code for your application to Undead Labs' de no-reply@us.greenhouse-mail.io em 19/09 02h46m09 UTC (thread 1a0b78e95d079edb). CASA 100% INEDITA: zero ocorrencia de 'undead labs'/'undeadlabs' e dos ids 4025972005 e 4029455005 em enviados.csv, processados.csv, docs/index.html e FILA-DO-VINI.md, e ZERO fio no Gmail. REGUA DE VETO: zero acerto dos 43 termos nos 1.836 caracteres do corpo da API, com CONTROLE POSITIVO na mesma casa e no mesmo endpoint (as irmas do quadro undeadlabsllc/mobentertainment dao acerto: 'proficiency in' e 'hybrid' aparecem em irmas de quadro do mesmo grupo de leitura), entao o zero e zero de verdade e nao leitura errada. AUTORIZACAO RESPONDIDA COM A VERDADE: 'Are you currently eligible to work in the United States of America?' = No; 'Do you now or in the future require visa sponsorship to continue working in the United States?' = Yes. Faixa: nao ha faixa publicada (rota espontanea), carta pede USD 100.000 pela regra de 04/09 (casa grande, EUA) com a abertura 'open to aligning with your band for the role'. Experiencia: a maior faixa oferecida pelo formulario e '7+' (as opcoes sao 1-2, 2-3, 3-4, 4-5, 5-6, 7+), marcada 7+ porque ele tem mais de dez anos. ACHADA PELA FONTE NOVA DESTA RODADA (gamejobs.co), pelo token de Greenhouse 'undeadlabsllc', que NAO estava no tokens-ats-1809.csv."
2026-09-19,"Plummy Games (Tallinn, Estonia / Chisinau, Moldova)","Open Application - requisicao Teamtailor 6670751 (uuid 3ac0709f-de90-4aed-95cf-af132b6ec7db), quadro plummygames; enviada como Senior 3D Character Artist / Character Modeler pela carta dedicada e pela resposta a pergunta 'Which position would you like to apply for?'",Estonia (Tallinn) e Remoto - locais Remote E Tallinn marcados; realocacao dita como decisao na carta e na resposta 1,"Teamtailor (formulario, enviado pela automacao: apply_teamtailor.js + ansq_plummy.json pelo hb_run.sh, carta PROPRIA em carta_plummy.txt)",https://plummygames.teamtailor.com/jobs/6670751-open-application,"ENVIADA E CONFIRMADA 03h00 UTC de 19/09. DUAS PROVAS: (1) URL final https://plummygames.teamtailor.com/jobs/6670751-open-application/applications/8856cdfa-5dd1-4168-bff5-fa7f5fc66180/thanks/23507d9401ad5db1d7a5c82a975445b8c9d138cf2c881fc6e84f76bf65f1976a; (2) texto da tela 'Applied to Open Application' com 'Thanks for applying. We have received your application and we will be reviewing it shortly.' - a tela NAO pediu 'Verify your email', que e o estado em que a candidatura do Teamtailor nao entra, e nenhum email de verificacao apareceu no Gmail. CASA 100% INEDITA: zero ocorrencia de 'plummy' em enviados.csv, processados.csv, docs/index.html e FILA-DO-VINI.md, e ZERO fio no Gmail. REGUA DE VETO: 3.133 caracteres de leitura valida, ZERO acerto dos 43 termos, com CONTROLE POSITIVO na IRMA do mesmo quadro (Product Manager 7489647 devolve 'hybrid'), entao o zero e zero de verdade. NOVE PERGUNTAS OBRIGATORIAS respondidas com a verdade: experiencia em gamedev=Yes; posicao=Senior 3D Character Artist/Character Modeler; LinkedIn e ArtStation; pais=Brazil (escolhido entre 196 radios de lista ESCONDIDA); ingles=Full professional proficiency; pretensao=3.750 EUR/mes (= EUR 45.000/ano, piso de casa pequena/media na Europa pela regra de 04/09); B2B se nao residir em Moldova ou Estonia=Yes (ele ja e contratado internacional remoto hoje); inicio=cerca de dois meses por causa do aviso previo. ARMADILHA MEDIDA: a pergunta de pretensao e do tipo NUMBER, entao a abertura 'open to aligning with your band for the role' NAO cabe nela - foi para a resposta de posicao e para a carta. ACHADA PELA FONTE NOVA DESTA RODADA (gamejobs.co), pelo token de Teamtailor 'plummygames', que NAO estava no tokens-ats-1809.csv."
2026-09-19,"Wonder Works Studio (Arlington, Texas - Remote, Any Location)","General Application - requisicao Breezy abffc4775170, quadro wonder-works-studio-inc; enviada como Senior 3D Character Artist / Character Modeler pela carta dedicada","EUA (Arlington TX) e REMOTO de qualquer lugar - o proprio quadro diz 'Arlington, TX - Remote (Any Location)'; realocacao dita como decisao na carta","Breezy (formulario, enviado pela automacao: apply_own.js + ans_wonderworks.json pelo hb_run.sh)",https://wonder-works-studio-inc.breezy.hr/p/abffc4775170-general-application,"ENVIADA E CONFIRMADA 03h27 UTC de 19/09. TRES PROVAS: (1) POST 204 em https://app.breezy.hr/api/apply/abffc4775170; (2) URL final .../apply/submitted; (3) texto da tela 'Application Submitted. Your application has been submitted successfully. Good luck!'. CASA 100% INEDITA: zero ocorrencia de 'wonder works'/'wonderworks' nos quatro arquivos. RESSALVA HONESTA, e ela e do tamanho da porta: a descricao da vaga vem VAZIA na API do Breezy (0 caractere) e a pagina da 824 caracteres de texto limpo, ABAIXO do piso de leitura valida - entao 'zero veto' aqui nao e medicao forte, e so a constatacao de que a casa nao escreveu frase nenhuma para vetar nem para confirmar. A publicacao e de 28/11/2023, quadro com UMA unica vaga. Tipo Full-Time. HONEYPOT CONFIRMADO E DEIXADO VAZIO: o campo hp_7f2b, o MESMO nome medido na Playdead em 06/09 - e uma isca de plataforma do Breezy, nao daquela casa. smsConsent (consentimento de SMS de marketing) e opcional e ficou DESMARCADO. Pretensao USD 85.000/ano (casa pequena/media nos EUA pela regra de 04/09), moeda USD e periodo Yearly escolhidos nos dois selects. Raca e genero respondidos com 'I don't wish to answer'. Endereco e telefone entraram pelos marcadores __ENDERECO__ e __TEL__, que leem o pessoal.json de fora do repositorio."
2026-09-19,Framestore (caixa de recrutamento),Carta fria - recruiters@framestore.com,Reino Unido (Londres),"email (carta fria com CV e carta em PDF, disparada pelo enviarRascunhos() do Vini)",,enviada,"CARTA FRIA ENVIADA as 01h24-01h26 UTC de 19/09 pelo Apps Script do Vini (lote de 26 rascunhos de 18 e 19/09), reconciliada pelo Comunicador na rodada das 03h05 pelo in:sent."
2026-09-19,Secret Level Studios,"Carta fria para (caixa de candidatura que a propria vaga designa, nao pessoa) (Art Lead / Art Director (Character Art) - vaga ABERTA e nomeada) - jobs@secretlevelstudios.com",Reino Unido (Letchworth Garden City),"email (carta fria com CV e carta em PDF, disparada pelo enviarRascunhos() do Vini)",,enviada,"CARTA FRIA ENVIADA as 01h24-01h26 UTC de 19/09 pelo Apps Script do Vini (lote de 26 rascunhos de 18 e 19/09), reconciliada pelo Comunicador na rodada das 03h05 pelo in:sent."
2026-09-19,The Chapel Films,Carta fria para Niklas Adolfsson (Executive Producer) - niklas@thechapelfilms.com,Suecia (Estocolmo),"email (carta fria com CV e carta em PDF, disparada pelo enviarRascunhos() do Vini)",,enviada,"CARTA FRIA ENVIADA as 01h24-01h26 UTC de 19/09 pelo Apps Script do Vini (lote de 26 rascunhos de 18 e 19/09), reconciliada pelo Comunicador na rodada das 03h05 pelo in:sent."
2026-09-19,Skjaldborn,Carta fria para Edith Marie Nielsen (Partner & Producer) - edith@skjaldborn.com,Dinamarca (Copenhague),"email (carta fria com CV e carta em PDF, disparada pelo enviarRascunhos() do Vini)",,enviada,"CARTA FRIA ENVIADA as 01h24-01h26 UTC de 19/09 pelo Apps Script do Vini (lote de 26 rascunhos de 18 e 19/09), reconciliada pelo Comunicador na rodada das 03h05 pelo in:sent."
2026-09-19,Expanse,Carta fria para Sigurd Sorlie (Pipeline and assets) - sigurd@expanse.no,Noruega (Oslo),"email (carta fria com CV e carta em PDF, disparada pelo enviarRascunhos() do Vini)",,enviada,"CARTA FRIA ENVIADA as 01h24-01h26 UTC de 19/09 pelo Apps Script do Vini (lote de 26 rascunhos de 18 e 19/09), reconciliada pelo Comunicador na rodada das 03h05 pelo in:sent."
2026-09-19,Anima Vitae,"Carta fria para Antti Haikala (Producer, CEO) - antti.haikala@anima.fi",Finlandia (Helsinque),"email (carta fria com CV e carta em PDF, disparada pelo enviarRascunhos() do Vini)",,enviada,"CARTA FRIA ENVIADA as 01h24-01h26 UTC de 19/09 pelo Apps Script do Vini (lote de 26 rascunhos de 18 e 19/09), reconciliada pelo Comunicador na rodada das 03h05 pelo in:sent."
2026-09-19,Tau Films,Carta fria - contact@taufilms.com,EUA,"email (carta fria com CV e carta em PDF, disparada pelo enviarRascunhos() do Vini)",,enviada,"CARTA FRIA ENVIADA as 01h24-01h26 UTC de 19/09 pelo Apps Script do Vini (lote de 26 rascunhos de 18 e 19/09), reconciliada pelo Comunicador na rodada das 03h05 pelo in:sent."
2026-09-19,EyeCandyFilm,Carta fria para Stefan Runeberg Fjeldmark (CEO & Director) - stefanfjeldmark@gmail.com,Dinamarca (Copenhague),"email (carta fria com CV e carta em PDF, disparada pelo enviarRascunhos() do Vini)",,enviada,"CARTA FRIA ENVIADA as 01h24-01h26 UTC de 19/09 pelo Apps Script do Vini (lote de 26 rascunhos de 18 e 19/09), reconciliada pelo Comunicador na rodada das 03h05 pelo in:sent."
2026-09-19,VirtX,Carta fria - hello@virtx.uk,Reino Unido,"email (carta fria com CV e carta em PDF, disparada pelo enviarRascunhos() do Vini)",,enviada,"CARTA FRIA ENVIADA as 01h24-01h26 UTC de 19/09 pelo Apps Script do Vini (lote de 26 rascunhos de 18 e 19/09), reconciliada pelo Comunicador na rodada das 03h05 pelo in:sent."
2026-09-19,Kelebek Media,Carta fria - info@kelebekmedia.com,Turquia (Istambul),"email (carta fria com CV e carta em PDF, disparada pelo enviarRascunhos() do Vini)",,enviada,"CARTA FRIA ENVIADA as 01h24-01h26 UTC de 19/09 pelo Apps Script do Vini (lote de 26 rascunhos de 18 e 19/09), reconciliada pelo Comunicador na rodada das 03h05 pelo in:sent."
2026-09-19,Lux Aeterna VFX,Carta fria - hello@lavfx.com,Reino Unido (Bristol),"email (carta fria com CV e carta em PDF, disparada pelo enviarRascunhos() do Vini)",,enviada,"CARTA FRIA ENVIADA as 01h24-01h26 UTC de 19/09 pelo Apps Script do Vini (lote de 26 rascunhos de 18 e 19/09), reconciliada pelo Comunicador na rodada das 03h05 pelo in:sent."
2026-09-19,Eye Present,Carta fria para Genevieve Dexter (CEO) - genevieve.dexter@eyepresent.co.uk,"Reino Unido (Hackney, Londres)","email (carta fria com CV e carta em PDF, disparada pelo enviarRascunhos() do Vini)",,enviada,"CARTA FRIA ENVIADA as 01h24-01h26 UTC de 19/09 pelo Apps Script do Vini (lote de 26 rascunhos de 18 e 19/09), reconciliada pelo Comunicador na rodada das 03h05 pelo in:sent."
2026-09-19,Mainframe Studios,Carta fria - info@mainframe.ca,Canada (Vancouver),"email (carta fria com CV e carta em PDF, disparada pelo enviarRascunhos() do Vini)",,enviada,"CARTA FRIA ENVIADA as 01h24-01h26 UTC de 19/09 pelo Apps Script do Vini (lote de 26 rascunhos de 18 e 19/09), reconciliada pelo Comunicador na rodada das 03h05 pelo in:sent."
2026-09-19,Spin VFX,Carta fria - careers@spinvfx.com,Canada (Toronto),"email (carta fria com CV e carta em PDF, disparada pelo enviarRascunhos() do Vini)",,enviada,"CARTA FRIA ENVIADA as 01h24-01h26 UTC de 19/09 pelo Apps Script do Vini (lote de 26 rascunhos de 18 e 19/09), reconciliada pelo Comunicador na rodada das 03h05 pelo in:sent."
2026-09-19,Allimator,"Carta fria para Alli Sadegiani (Diretor, animador e animation supervisor; dono da casa (""ALLIMATOR is a studio run by Alli Sadegiani"")) - info@allimator.com",Suecia (Estocolmo),"email (carta fria com CV e carta em PDF, disparada pelo enviarRascunhos() do Vini)",,enviada,"CARTA FRIA ENVIADA as 01h24-01h26 UTC de 19/09 pelo Apps Script do Vini (lote de 26 rascunhos de 18 e 19/09), reconciliada pelo Comunicador na rodada das 03h05 pelo in:sent."
2026-09-19,Fiilin Good Films,Carta fria para Juha Fiilin (NAO PUBLICADO - nem o site nem o diretorio escrevem um titulo; a casa leva o sobrenome dele e a imprensa o cita como voz da casa) - juha@fiilin.com,Finlandia (Helsinque),"email (carta fria com CV e carta em PDF, disparada pelo enviarRascunhos() do Vini)",,enviada,"CARTA FRIA ENVIADA as 01h24-01h26 UTC de 19/09 pelo Apps Script do Vini (lote de 26 rascunhos de 18 e 19/09), reconciliada pelo Comunicador na rodada das 03h05 pelo in:sent."
2026-09-19,Front VFX,Carta fria - jobs@frontvfx.com,Reino Unido,"email (carta fria com CV e carta em PDF, disparada pelo enviarRascunhos() do Vini)",,enviada,"CARTA FRIA ENVIADA as 01h24-01h26 UTC de 19/09 pelo Apps Script do Vini (lote de 26 rascunhos de 18 e 19/09), reconciliada pelo Comunicador na rodada das 03h05 pelo in:sent."
2026-09-19,sleetfleet,Carta fria para Teemu Leppala (CEO) - contact@sleetfleet.com,Finlandia (Helsinque),"email (carta fria com CV e carta em PDF, disparada pelo enviarRascunhos() do Vini)",,enviada,"CARTA FRIA ENVIADA as 01h24-01h26 UTC de 19/09 pelo Apps Script do Vini (lote de 26 rascunhos de 18 e 19/09), reconciliada pelo Comunicador na rodada das 03h05 pelo in:sent."
2026-09-19,Kool Produktion,"Carta fria para Frank Mosvold (NAO PUBLICADO - o diretorio da nome, telefone, email e link e NENHUM titulo) - fmosvold@online.no",Noruega,"email (carta fria com CV e carta em PDF, disparada pelo enviarRascunhos() do Vini)",,enviada,"CARTA FRIA ENVIADA as 01h24-01h26 UTC de 19/09 pelo Apps Script do Vini (lote de 26 rascunhos de 18 e 19/09), reconciliada pelo Comunicador na rodada das 03h05 pelo in:sent."
2026-09-19,GunHil,"Carta fria para Haukur Sigurjonsson (NAO PUBLICADO como titulo - o /about da casa diz ""joined GunHil to lead production and operate our Swedish wing"") - haukur@gunhil.com",Islandia (Reykjavik),"email (carta fria com CV e carta em PDF, disparada pelo enviarRascunhos() do Vini)",,enviada,"CARTA FRIA ENVIADA as 01h24-01h26 UTC de 19/09 pelo Apps Script do Vini (lote de 26 rascunhos de 18 e 19/09), reconciliada pelo Comunicador na rodada das 03h05 pelo in:sent."
2026-09-19,Awaceb,Carta fria para Thierry Boura (co-fundador e CEO) - thierryboura@awaceb.com,"Canada (Montreal, Mile End)","email (carta fria com CV e carta em PDF, disparada pelo enviarRascunhos() do Vini)",,enviada,"CARTA FRIA ENVIADA as 01h24-01h26 UTC de 19/09 pelo Apps Script do Vini (lote de 26 rascunhos de 18 e 19/09), reconciliada pelo Comunicador na rodada das 03h05 pelo in:sent."
2026-09-19,ManaVoid Entertainment,"Carta fria para Chris Chancey (co-fundador, President & CEO) - chancey@manavoid.com","Canada (Montreal, Mile End)","email (carta fria com CV e carta em PDF, disparada pelo enviarRascunhos() do Vini)",,enviada,"CARTA FRIA ENVIADA as 01h24-01h26 UTC de 19/09 pelo Apps Script do Vini (lote de 26 rascunhos de 18 e 19/09), reconciliada pelo Comunicador na rodada das 03h05 pelo in:sent."
2026-09-19,iwot Games Montreal,Carta fria para Stephane D'Astous (Director of Studio Operations) - sdastous@iwotgames.com,Canada (Montreal),"email (carta fria com CV e carta em PDF, disparada pelo enviarRascunhos() do Vini)",,enviada,"CARTA FRIA ENVIADA as 01h24-01h26 UTC de 19/09 pelo Apps Script do Vini (lote de 26 rascunhos de 18 e 19/09), reconciliada pelo Comunicador na rodada das 03h05 pelo in:sent."
2026-09-19,HeartLoop Games,"Carta fria para Elaine Gusella (Co-Founder, Strategy and Product Director) - elaine@heartloopgames.com",Canada (Montreal),"email (carta fria com CV e carta em PDF, disparada pelo enviarRascunhos() do Vini)",,enviada,"CARTA FRIA ENVIADA as 01h24-01h26 UTC de 19/09 pelo Apps Script do Vini (lote de 26 rascunhos de 18 e 19/09), reconciliada pelo Comunicador na rodada das 03h05 pelo in:sent."
2026-09-19,Wolf Haus Games,Carta fria para Michael W. Abbott (Co-Founder & COO) - abbott@wolfhausgames.com,Canada (Montreal),"email (carta fria com CV e carta em PDF, disparada pelo enviarRascunhos() do Vini)",,enviada,"CARTA FRIA ENVIADA as 01h24-01h26 UTC de 19/09 pelo Apps Script do Vini (lote de 26 rascunhos de 18 e 19/09), reconciliada pelo Comunicador na rodada das 03h05 pelo in:sent."
2026-09-19,Soliton Interactive,Carta fria para Catherine Messier (COO and Co-Founder) - catherine@solitoninteractive.com,Canada (Montreal),"email (carta fria com CV e carta em PDF, disparada pelo enviarRascunhos() do Vini)",,enviada,"CARTA FRIA ENVIADA as 01h24-01h26 UTC de 19/09 pelo Apps Script do Vini (lote de 26 rascunhos de 18 e 19/09), reconciliada pelo Comunicador na rodada das 03h05 pelo in:sent."
2026-09-19,Blackbird Interactive (Vancouver),"Register Your Interest / Speculative Applications (banco de talentos do Pinpoint, tema 2873) - candidatura espontanea com resumo de character art","Canada (Vancouver, BC - presencial ou remoto)",Pinpoint register-your-interest (enviado pela automacao: pin_interesse.js + ans_blackbird.json),https://blackbirdinteractive.pinpointhq.com/en/register-your-interest/new,ENVIADA E CONFIRMADA,"ENVIADA E CONFIRMADA as 05h2x UTC de 19/09 com TRES PROVAS: (1) POST 302 em https://blackbirdinteractive.pinpointhq.com/en/themes/2873/register-your-interest; (2) URL final /en/themes/2873/register-your-interest/thanks; (3) texto da tela ""Thanks. You have successfully registered your interest. Next Steps You will shortly receive a confirmation email, and will be notified of any roles that come along that meet your criteria."" ZERO iframe de captcha na pagina e no clique. CASA INEDITA: zero ocorrencia de ""Blackbird"" em enviados.csv, processados.csv, docs/index.html e FILA-DO-VINI.md, e ZERO fio no Gmail (busca por nome e busca por from:pinpointhq/pinpoint entre os 14 recibos de Pinpoint que a caixa tem). Regua de veto ZERO em 1.866 caracteres da pagina, que e rota espontanea e nao tem clausula de elegibilidade. Locations marcado Vancouver E Remote (a lista da casa oferece so esses dois). Departments deixado VAZIO DE PROPOSITO: o menu desta conta oferece Engineering, Finance, Marketing, Operations, Product e Sales e NAO tem bucket de Art - pedir opcao que nao existe e a armadilha medida na Brazen em 10/09. A disciplina, a realocacao para Vancouver, a falta de autorizacao no Canada com pedido de patrocinio e CAD 95.000 com a abertura da politica vao escritos no Personal Summary (2.104 caracteres), que neste formulario e o unico campo de texto livre. CV anexado com 200 no active_storage/direct_uploads. Achada pela rota nova: gamejobs.co nao a tem; ela saiu da sonda de register-your-interest nos 46 locatarios Pinpoint da lista de tokens."
2026-09-19,Curve Games / Curve Digital (Londres),"Register Your Interest / Speculative Applications (banco de talentos do Pinpoint, tema 683) - candidatura espontanea com resumo de character art",Reino Unido (Londres),Pinpoint register-your-interest (enviado pela automacao: pin_interesse.js + ans_curvedigital.json),https://curvedigital.pinpointhq.com/en/register-your-interest/new,ENVIADA E CONFIRMADA,"ENVIADA E CONFIRMADA as 05h3x UTC de 19/09 com TRES PROVAS: (1) POST 302 em https://curvedigital.pinpointhq.com/en/themes/683/register-your-interest; (2) URL final /en/themes/683/register-your-interest/thanks; (3) texto da tela ""Thanks. You have successfully registered your interest. Next Steps You will shortly receive a confirmation email..."" ZERO iframe de captcha. CASA INEDITA: zero ocorrencia de ""Curve Digital""/""Curve Games"" nos quatro arquivos e ZERO fio no Gmail. Regua ZERO em 1.829 caracteres. Locations marcado London (unica opcao da casa); Departments vazio pelo mesmo motivo da Blackbird. Realocacao para Londres, nao-cidadania UK/UE com pedido de patrocinio e GBP 50.000 com a abertura da politica escritos no Personal Summary (1.937 caracteres). RESSALVA HONESTA QUE ENFRAQUECE A PORTA: a Curve e PUBLISHER, nao estudio de desenvolvimento, entao a demanda interna de character art e menor que numa casa de producao - foi escolhida como segunda porta da rodada porque o lote de personagem NOMEADO estava medido e seco, nao por ser o melhor encaixe do mundo."
2026-09-19,Azra Games (Sacramento / California),"Open Applications (candidatura espontanea, Greenhouse azragamesoa 4345814007) - carta TAILORED de character art",EUA (California) - patrocinio pedido com a verdade na carta,Greenhouse job-boards (enviado pela automacao: apply-greenhouse.js + ans_azra.json + Vini_Cavalcanti_Cover_Letter_Azra.pdf),https://job-boards.greenhouse.io/azragamesoa/jobs/4345814007,ENVIADA E CONFIRMADA,"ENVIADA E CONFIRMADA as 06h45 UTC de 19/09 com TRES PROVAS: (1) URL final https://job-boards.greenhouse.io/azragamesoa/jobs/4345814007/confirmation; (2) TEXTO DO SERVIDOR ""Thank you for applying. Your application has been received. If there is a fit, someone will be getting back to you.""; (3) o codigo de seguranca do Greenhouse chegou na caixa as 06h44m59 (assunto ""Security code for your application to Azra Games - Open Application"", no-reply@us.greenhouse-mail.io) e foi digitado no formulario, que e o passo que o Greenhouse so pede quando a candidatura esta sendo aceita. FORMULARIO LIDO INTEIRO ANTES pela API com questions=true: obrigatorios First Name, Last Name, Email e Resume/CV; opcionais Phone, Cover Letter, LinkedIn Profile (question_6136249007) e Website (question_6136248007). ZERO pergunta de autorizacao de trabalho e ZERO texto livre no formulario, por isso a carta e tailored e leva a disciplina (personagem), a frase de realocacao, o pedido de patrocinio e a pretensao de USD 85.000 (casa media, politica de 04/09). Modo seco antes com leitura de volta campo a campo: 8 campos conferidos, CV e carta visiveis no formulario, zero campo invalido. REGUA DE VETO: ZERO acerto dos 42 termos em 1.027 caracteres, com controle positivo na Snowprint (que acusa located in, relocation, unable to support e fluent in). RESSALVA HONESTA QUE ENFRAQUECE A PORTA: o texto do anuncio tem so 477 caracteres na API, abaixo do piso de leitura valida, entao ""zero veto"" aqui e ausencia de frase e nao autorizacao escrita; e o quadro da casa tem UMA vaga so, que e esta espontanea. Casa 100% inedita nos quatro arquivos E no Gmail."
2026-09-19,"Tangelo Games (Barcelona, Espanha)","Join Tangelo Games - Open Application (candidatura espontanea, Personio 2780991) - carta TAILORED de character art","Espanha (Barcelona) - realocacao pedida por escrito, patrocinio pedido com a verdade","Personio hospedado (enviado pela automacao: tangelo_fill.js, molde do sviper_fill.js, + carta_tangelo.pdf)",https://tangelo-games.jobs.personio.com/job/2780991/apply,ENVIADA E CONFIRMADA,"ENVIADA E CONFIRMADA as 07h1x UTC de 19/09 com TRES PROVAS DO SERVIDOR: (1) POST 200 em https://tangelo-games.jobs.personio.com/api/v1/jobs/2780991/application; (2) TEXTO NOVO DA TELA, que nao existia no DOM antes do clique: ""Thank you for applying! Thanks for your interest in joining Tangelo Games and for taking the time to apply. We'll review your application and, if your profile matches what we're looking for, we'll get in touch with you to discuss the next steps.""; (3) formulario ESVAZIADO depois do clique e os DOIS anexos com POST 200 em /api/v1/documents (CV e carta). PORTEIRO: ZERO ocorrencia de recaptcha, hcaptcha, turnstile, datadome, perimeterx, sitekey, Security Checkpoint, cf-challenge e challenge-platform no HTML, e ZERO iframe - coerente com a medicao de 11/09 de que o Personio e a UNICA familia da campanha sem porteiro. FORMULARIO LIDO INTEIRO no HTML servido (73.596 bytes) ANTES de responder: first_name, last_name, email (obrigatorio), phone, available_from, salary_expectations, documents.cv e documents.other. NAO EXISTE campo de texto livre e NAO EXISTE doc-input-cover-letter, entao a carta foi em doc-input-other (a armadilha da KING Art de 07/09 proibe isso SO quando o campo de carta existe) e ela e o unico lugar do formulario com a disciplina (personagem), a frase de realocacao para Barcelona, a verdade sobre visto (nao e cidadao da UE, precisa de patrocinio) e a pretensao. Disponibilidade 2026-11-01, pretensao EUR 45.000 com a abertura de alinhamento (casa media na Europa ocidental, politica de 04/09). REGUA DE VETO: ZERO acerto dos 43 termos em 2.574 caracteres, com controle positivo na Snowprint. O anuncio NOMEIA arte: ""Whether your background is in Game Development, Art, Product, Marketing, Data, Player Support or another area of the mobile gaming industry"". Casa 100% inedita nos quatro arquivos E no Gmail. RESSALVA HONESTA: e casa de jogo social e casual, nao de producao AAA de personagem, entao a demanda interna de character art e menor - o gancho de encaixe e o orcamento apertado de mobile, que e onde metade do trabalho dele na E-Line e no Dice Dreams foi feito."
2026-09-19,Insomniac Games / Sony Interactive Entertainment (remoto EUA),Senior Facial Character TD (CONTRACT) - requisicao Greenhouse insomniac 6143980004 / internal_job_id 5200337004,"EUA (United States, Remote)",Greenhouse job-boards (enviado pela automacao: apply-greenhouse.js + ans_insomniac.json),https://job-boards.greenhouse.io/insomniac/jobs/6143980004,DUPLICATA - NAO CONTA NO PLACAR,"ENVIO TECNICAMENTE CONFIRMADO E MESMO ASSIM DUPLICATA, e o erro foi meu. O POST entrou (URL /jobs/6143980004/confirmation, tela 'Thank you for applying. Your application has been received.' e codigo de seguranca de no-reply@us.greenhouse-mail.io as 08h49 UTC), mas a MESMA requisicao ja havia recebido candidatura em 31/08, com recibo 'Thanks for Applying to Insomniac Games' de no-reply@us.greenhouse-mail.io em 31/08 as 15h12. O registro do envio de 31/08 existe SO no docs/index.html (linha 1930, entrada 'Insomniac Games (PlayStation)', done=true), descrito por TITULO e sem o id da requisicao. Nao reaplicar. Ver a linha de licao em processados.csv de 19/09 09h."
2026-09-19,"Elsewhere Entertainment (Activision, estudio novo de Varsovia e Malmo)",Senior (or above) Environment Artist- Terrain (req R027900),"Polonia (Varsovia) ou Suecia (Malmo), presencial 4 dias por semana",portal,https://xboxgaming.wd1.myworkdayjobs.com/External/job/Malm/Senior--or-above--Environment-Artist--Terrain_R027900,enviada,"TRES PROVAS INDEPENDENTES: (1) a Candidate Home do proprio locatario passou a listar 'Senior (or above) Environment Artist- Terrain / R027900 / Under Review / September 19, 2026' no topo das duas candidaturas ativas, ao lado da R028112 de 09/09; (2) recibo no Gmail de activision@myworkday.com as 11h34 UTC, assunto 'We've Got Your Activision Blizzard King Application', nomeando a vaga: 'We're reviewing your application for Senior (or above) Environment Artist- Terrain'; (3) captura wdg_abk_r027900_enviado.png. COMO A VAGA APARECEU, e isso e o achado da rodada: o locatario xboxgaming.wd1 tem SETE sites no robots.txt e a campanha varria SO o Blizzard_External_Careers. O site External tem 105 vagas e e onde vive a Activision e os estudios novos dela; foi varrido por API hoje pela primeira vez e esta requisicao (publicada 2026-08-19, campo startDate da API, 'Posted 30+ Days Ago') estava com ZERO ocorrencia em enviados.csv, processados.csv, docs/index.html e FILA-DO-VINI.md. Dedupe rodado duas vezes, por ID e pelo nome da casa (Elsewhere Entertainment e Activision), mais janela no Gmail: o historico da familia tem QUATRO candidaturas anteriores e nenhuma e esta (R028122 Associate Art Director recusada 14/09, R028112 Environment Artist Under Review desde 09/09, R028136 Character Artist StarCraft recusada HOJE as 08h08, R027817 Lead Character Artist Overwatch recusada 12/09). DISCIPLINA, com a ressalva honesta escrita: NAO e personagem. Entra pela prioridade 2 do BRIEF-GRANDES (arte proxima: modelagem e escultura) e o anuncio pede literalmente 'Create and refine large-scale terrain using engine tools and external sculpting software, shaping mountains, valleys, cliffs and natural landforms' e 'Proficiency in industry-standard terrain modeling software like, Gaia or World Creator'. Precedente da campanha: a Environment Artist R028112 da Blizzard foi enviada em 09/09 pelo mesmo locatario. REGUA DE VETO: zero veto de residencia no anuncio de 5.278 caracteres; o unico requisito duro e presenca, 'This role is based in our Warsaw, Poland office or in our Malmo, Sweden office and follows an onsite work schedule of four days per week', respondido com realocacao Yes. RESPONDIDO COM A VERDADE: 'Are you legally eligible to work in the country to which you are applying?' = No; 'Will you now, or in the future, require sponsorship for employment visa status' = Yes; 'Are you willing to relocate if required?' = Yes; ja trabalhou na Activision Blizzard/King = No; ja trabalhou na Microsoft = No; parente na empresa = No. Sem pergunta de pretensao neste formulario, entao nenhum numero foi inventado. DUAS ARMADILHAS NOVAS DE WORKDAY, as duas consertadas no wd_geral.js nesta rodada. (1) EDUCACAO: este site e o PRIMEIRO medido que faz 'Field of Study' e 'To (Actual or Expected)' OBRIGATORIOS, e o passo 2 devolveu 'Errors Found' com esses dois nomes. A campanha NAO tem esses dados conferidos - o mestrado na UNICAP e em Creative Industries e esta EM ANDAMENTO, e o ano esperado de conclusao nao esta escrito em lugar nenhum do repositorio nem no documento privado do Drive. Inventar ano em formulario e mentira, entao entrou a chave WD_EDU=DELETE, que remove o bloco de Educacao e deixa a formacao SO no CV anexado, que e o documento de registro. O Review mostra 'Education: No Response' de proposito. (2) FONTE: o rascunho herdado trazia 'How Did You Hear About Us?' = 'Job Board', que passava na lista de respostas verdadeiras do script e por isso nunca era refeita - so que esta vaga foi achada no Workday da PROPRIA casa, nao em quadro de terceiro. Entraram WD_FONTE=company (que poe a folha 'Company Website' acima das categorias, porque neste locatario a lista e PLANA e tem 'Company Website' e 'Job Board' no mesmo nivel) e WD_FONTE_REFAZ=1 (que refaz resposta ja gravada). Valor final conferido na tela: 'Company Website'."
2026-09-19,"Epic Games (Fortnite, Environment Art)",Principal Environment Artist (req Greenhouse epicgames 6121292004 / internal_job_id 5189997004),"EUA (Cary, Carolina do Norte, presencial)",portal,https://job-boards.greenhouse.io/embed/job_app?for=epicgames&token=6121292004,enviada,"TRES PROVAS: (1) URL final job-boards.greenhouse.io/embed/job_app/confirmation?for=epicgames&token=6121292004; (2) texto na tela 'Thank you for applying. Your application has been received and if it seems like a good fit for the position, we will contact you soon.'; (3) recibo de careers-noreply@epicgames.com as 12h37m05 UTC nomeando 'Principal Environment Artist'. Codigo de seguranca dSJocN2w lido no Gmail as 12h36m33 e queimado. PRIORIDADE 2 (ambiente) em casa grande, pela licao do 30o turno. DEDUPE: id 6121292004 sem nenhuma marca de envio nos quatro arquivos e ZERO recibo de Epic para esta vaga no Gmail (a caixa tem Modeling Outsource Lead 31/08 e 03/09, Hard Surface Outsource Lead 03/09 RECUSADA 14/09, e Senior Environment Artist 09/09 - nenhuma e esta requisicao). A irma 6130892004 'Multiple Locations' tem o MESMO internal_job_id 5189997004 e NAO foi tocada, pela regra 18. REGUA DE VETO no corpo de 7.900 chars: zero veto de residencia e zero veto de autorizacao; o unico casamento de 'authoriz' e o aviso antiagencia ('Epic does not accept any unsolicited resumes or approaches from any unauthorized third party'), falso positivo conhecido. PERSONAGEM NO CORPO, e pesa a favor: 'Push your artistic talent to the limit on a team of world-class environment, character and concept artists'. AUTORIZACAO DE TRABALHO COM A VERDADE: 'Do you now, or will you in the future, require sponsorship' = Yes (nao existe pergunta de 'legally authorized' neste formulario). Pretensao USD 100.000 escrita na carta (casa grande, sem faixa publicada). Carta propria com a disciplina na PRIMEIRA linha e o pedido de encaminhamento ao time de personagem (regra 13). RESSALVA HONESTA: e vaga de AMBIENTE e de nivel PRINCIPAL, e o anuncio pede '10 years of progressive professional experience creating real-time 3D environments' e portfolio de 'modular kits' e 'world-building', que ele NAO tem; a carta diz isso por escrito em vez de maquiar."
2026-09-19,Disney / ILM Vancouver (Industrial Light & Magic),Spark Animation 2026 - Expression of Interest - ILM Vancouver (req 10159838),"Canada (Vancouver, BC)",portal,https://disney.wd5.myworkdayjobs.com/en-US/disneycareer/job/Vancouver-BC-Canada/Spark-Animation-2026---Expression-of-Interest---ILM-Vancouver_10159838,enviada,"DUAS PROVAS NA HORA: (1) URL apos o submit disney.wd5.myworkdayjobs.com/en-US/disneycareer/jobTasks/completed/application com o texto 'Application Submitted. Thank you for sharing your story with us! We've received your application.'; (2) a Candidate Home do proprio locatario lista 'Spark Animation 2026 - Expression of Interest - ILM Vancouver / 10159838 / Application Received / September 19, 2026' na PRIMEIRA linha das 7 ativas. REGRA 14: casa Disney, vaga de arte, aplica na hora. PUBLICADA HOJE (startDate 2026-09-19) e ID INEDITO nos quatro arquivos. E ROTA ESPONTANEA de casa grande: o corpo diz 'We are currently hiring across various different departments and levels in Vancouver. If you don't see a vacancy that matches your profile, you can submit an Expression of Interest application here. We'll be looking at applications across the pipeline.' AUTORIZACAO COM A VERDADE: 'Are you legally authorized to work in the country/region in which this job is located?' = No. RESSALVA 1: o corpo tem 978 caracteres, abaixo do piso de leitura valida, entao 'zero veto' ali e ausencia de frase e nao autorizacao escrita. RESSALVA 2: o anuncio se dirige a quem passou no estande do Spark Animation 2026 ('Thanks for meeting us today at Spark Animation 2026!') e ele NAO esteve la; nada na candidatura afirma o contrario. RESSALVA 3, e e defeito nosso: a resposta de 'How Did You Hear About Us' ficou LinkedIn e a vaga foi achada no proprio Workday da Disney - ver o registro em processados.csv, o WD_FONTE=company nao funciona neste locatario porque a arvore dele NAO TEM a folha Company Website."
2026-09-19,"Activision / Infinity Ward (Call of Duty, estudio de Barcelona)",Environment Art Lead (req Workday xboxgaming.wd1/External R027811),"Espanha (Barcelona, presencial 5 dias por semana)",portal,https://xboxgaming.wd1.myworkdayjobs.com/External/job/Barcelona/Environment-Art-Lead_R027811,enviada,"TRES PROVAS: (1) URL apos o submit xboxgaming.wd1.myworkdayjobs.com/en-US/External/jobTasks/completed/application; (2) a Candidate Home do locatario lista 'Environment Art Lead / R027811 / Under Review / September 19, 2026' acima da R027900 de hoje e da R028112 de 09/09; (3) recibo de activision@myworkday.com as 13h01m53 UTC, assunto 'We've Got Your Activision Blizzard King Application', nomeando 'Environment Art Lead'. PRIORIDADE 2 em casa grande. DEDUPE: R027811 INEDITO nos quatro arquivos e sem recibo no Gmail. Publicada em 17/07 (startDate) e viva com canApply=true, ou seja DOIS MESES de vaga aberta invisivel para a campanha, pelo mesmo motivo da R027900: o site External do locatario xboxgaming.wd1 so era lido com filtro de personagem. REGUA DE VETO no corpo de 6.054 chars: ZERO veto de residencia e ZERO veto de autorizacao; o unico texto de elegibilidade e o paragrafo padrao de igualdade de oportunidades. AUTORIZACAO COM A VERDADE: 'Are you legally authorized to work...' = No e 'Will you now, or in the future, require sponsorship for employment visa status' = Yes; 'Are you willing to relocate if required' = Yes. Educacao removida com WD_EDU=DELETE (o ano de conclusao do mestrado nao esta conferido e nao se inventa); fonte respondida 'Company Website', que e a verdade porque a vaga foi achada no proprio Workday da casa. RESSALVA HONESTA E ELA E GRANDE: o corpo NAO cita personagem em nenhum ponto, e as duas exigencias de experiencia sao gates que ele nao cumpre - '7+ years of industry experience creating realistic environments for 3rd person games as a Sr. Artist or in an Art Leadership position' e '3+ years in a leadership position, supervising artists in creating realistic environments'. O portfolio dele e personagem estilizado, nao ambiente realista, e ele nunca supervisionou artista de ambiente. Entra como PORTA DE ENTRADA pela regra 13 e pela ordem de prioridade 2 em casa grande, nao como fit de curriculo. O que segura o caso: e Infinity Ward (Call of Duty), o time reporta ao 'Sr. Director of Technology and External Art' e o anuncio pede feedback a 'internal and external artists', que e de onde ele vem (outsourcing na PUGA)."
2026-09-19,Digital Domain 3.0 (Vancouver),"Facial Modeler - Assets Dept (job_id 25_2_1722, estudio VC)","Canada (Vancouver, BC, presencial)",portal,http://careers.digitaldomain.com/application.php?job_id=25_2_1722,enviada,"DUAS PROVAS DE SERVIDOR E UMA INFERIDA, dito sem maquiagem: (1) ORACULO MEDIDO ANTES DO ENVIO - POST incompleto em application_submit.php devolve HTTP 200 com o corpo literal 'error no job_id  or first or last ' (medido tres vezes: sem job_id, com job_id so, com job_id+email vazio), ou seja o ramo de erro NUNCA redireciona; (2) o POST completo (multipart, 31 campos, CV e Portfolio em PDF) devolveu HTTP 302 com corpo de tamanho ZERO, que e o ramo de sucesso e nao o de erro; (3) a unica pagina de confirmacao do site e http://careers.digitaldomain.com/thanks.html, com o texto literal 'Thank you for your interest in Digital Domain. Your materials will be reviewed shortly by one of our Recruiters. Should your skills and experience match any current openings, you will be contacted by a Recruiter for further consideration.' RESSALVA HONESTA: o cabecalho Location do 302 NAO foi capturado (faltou %{redirect_url} no comando) e este formulario legado NAO manda recibo por email, entao o elo 302 -> thanks.html e INFERIDO, nao medido. Zero captcha na pagina (grep de recaptcha/hcaptcha/turnstile/datadome = vazio). REGUA DE VETO: zero acerto dos 43 termos em 4.326 caracteres do PDF da vaga e zero na pagina do formulario (1.349 chars). PERSONAGEM: o corpo pede '3+ years of experience creating high resolution, photorealistic characters or creatures for feature films', 'hero head modeling', FACS, blendshapes, ZBrush e Maya - o titulo diz 'Facial Modeler' e nao 'Character', e essa e a unica reserva de classificacao. FAIXA PUBLICADA: 'Compensation Range: $25.00 per hour to $65.00 per hour ... in the state of California and the provinces of British Columbia and Quebec' - o formulario NAO tem campo de pretensao, nem de carta, nem de autorizacao de trabalho, entao nada foi declarado sobre visto porque nada foi perguntado. DOIS CAMPOS RESPONDIDOS COM CRITERIO, escritos aqui para auditoria: country='Other' (a lista tem so Australia/Canada/USA/UK/India/Other e nao tem Brasil) e state='Pernambuco' (a lista de estado e montada por JS e para country=Other so oferece 'Other'; mandei o nome verdadeiro da provincia em vez da categoria vazia). Disponibilidade 11/19/2026 pela convencao de ~2 meses do respostas-formularios.md. Marcados so os softwares do CV: maya, zbrush, houdini."
2026-09-19,Jam City (Narrative Game division),Principal 3D Generalist (Lever 14272af5-efc7-4150-8b59-dcabdaa8c578),"EUA (San Francisco, presencial)",portal,https://jobs.lever.co/jamcity/14272af5-efc7-4150-8b59-dcabdaa8c578/apply,enviada,"ENVIADA A MAO PELO VINI em 19/09 as 16h14 UTC, prova = captura da tela 'Application submitted!' do Lever; sem captcha desta vez; carta de 247 palavras (carta_jamcity.txt) no campo de cover letter, fonte LinkedIn, autorizacao No e patrocinio dito de frente"
2026-09-19,"Electronic Arts (EA SPORTS UFC, Vancouver)","Character Artist - EA Sports UFC (Avature 216159, Temporary Employee, hibrido, faixa publicada CAD 77.700-107.900)","Canada (Vancouver, British Columbia, hibrido)",portal,https://jobs.ea.com/en_US/careers/JobDetail/216159,ENVIADA E CONFIRMADA,"CANDIDATURA ENVIADA E CONFIRMADA em 19/09 as 17h2x UTC pelo Avature da EA, logado na conta de candidato da campanha. TRES PROVAS DO SERVIDOR: (1) URL final https://jobs.ea.com/en_US/careers/Success?jobId=216159&qtvc=08170432a6cd...; (2) TEXTO LITERAL NA TELA: 'Thanks for applying to Electronic Arts! We will take it from here. Our team (actual humans, not robots!) will review your application, and we will reach out if we find you are a match for the role.'; (3) a LISTA DE CANDIDATURAS DA PROPRIA CONTA passou de 'Character Artist - EA Sports UFC | 216159 | Open | Vancouver | EA Studios - SPORTS | 19-Sep-2026 | Finish your application' para 'No Pending Actions' na mesma linha. COMO FOI ACHADA, e e um FALSO ZERO CONSERTADO DUAS VEZES: o quadro da EA e Avature e cada vaga aparece em DUAS ancoras com o MESMO href, a do titulo e uma de texto 'More Information'; montar dicionario por href faz a segunda apagar o titulo das 300 vagas (armadilha ja registrada em 17/09) - e eu caí nela de novo nesta rodada, escrevi '300 vagas, ZERO da disciplina' e so o CONTROLE POSITIVO (nenhum titulo com a palavra artist em 300 vagas de uma casa que contrata arte) denunciou. Relido pelo SLUG DA URL: 39 acertos de arte e NOVE de personagem. Destes, 216159 e o UNICO com dedupe limpo (zero ocorrencia nos quatro arquivos). REGUA DE VETO no anuncio inteiro (7.164 caracteres, bem acima do piso de leitura): DOIS acertos e os dois FALSOS - 'francais' e o menu de idioma do proprio site e 'hybrid' e o Work Model. ZERO de authorization, sponsorship, visa, work permit, citizen, eligible, must reside. RESPOSTAS, todas a verdade: patrocinio de imigracao = YES ('Do you now or in the future require immigration sponsorship to work in the country you are applying to?' - ele e brasileiro e nao tem autorizacao no Canada), restricao que impeca trabalhar na EA = NO, realocacao = YES (ja vinha Yes do perfil), nunca trabalhou na EA = No, experiencia relevante = More Than 3 Years, 'completou bootcamp/diploma nos ultimos 18 meses' = No (o PG Dip fechou em 2022 e o mestrado esta em curso, nada COMPLETADO na janela), origem = EA Careers Website, certificacao de veracidade marcada, NDA de entrevista aceito. ANEXO: Vini_Cavalcanti_Portfolio.pdf no campo 22156; o CV ja vem do perfil da conta (Vini_Cavalcanti_CV.pdf) e o link do ArtStation ja estava no perfil. NAO anexei carta: o Cover_Letter.pdf generico nao da para ler nesta maquina (PDF de fonte embutida) e anexar as cegas seria pior. ZERO iframe de captcha na tela do formulario. PERSONAGEM COM TODAS AS LETRAS no corpo: 'create and develop characters using a combination of scan data, photography, reference material', 'character likeness, heads, bodies, hair, clothing, headgear', 'high-fidelity 3D modeling and digital sculpting, including high-poly to game-resolution workflows', Maya, ZBrush, Substance Painter. RESSALVA QUE ENFRAQUECE A CANDIDATURA, E ELA E GRAVE, DITA PARA QUEM REVISAR PODER DISCORDAR: a EA RECUSOU em 16/09 as DUAS irmas desta vaga, a Character Artist - EA Sports FC 215657 (temporaria) e a 215358 (efetiva), as duas em Vancouver, com o MESMO texto escrito - 'This position does not support relocation or immigration at this time' - e por causa disso o 17/09 FECHOU por decisao escrita as gemeas 215658 e 215661. Eu enviei mesmo assim, e a base e tripla: (a) a mesma carta de recusa diz 'This does not disqualify you from other openings'; (b) esta e outra franquia e outro time (UFC, nao FC) e requisicao inedita, entao o escopo literal de 'this position' e diferente; (c) o anuncio nao tem veto escrito nenhum. Ainda assim, o padrao medido e 2 de 2 recusadas por realocacao/imigracao no mesmo estudio e na mesma disciplina, entao a chance material aqui e BAIXA e quem quiser contar isso como tentativa contra veto tem argumento. SEGUNDA RESSALVA: o anuncio pede portfolio FOTORREALISTA ('photorealistic character creation', 'realistic skin, hair, clothing') e ele e de personagem ESTILIZADO. TERCEIRA: e Temporary Employee, nao efetiva. QUARTA, de registro: o bloco de Education do perfil da conta ja trazia mestrado com Graduation Date 2028-01 preenchido por uma rodada anterior; eu NAO toquei nele, para nao inventar ano de mestrado nem por acao nem por correcao no chute."
2026-09-19,Timberline Studio (grupo Kepler Interactive),"Connect (banco de talentos, Teamtailor) - departamento Art (256753), local de interesse Los Angeles","EUA (Los Angeles, CA; a casa diz ter time no mundo todo)",portal,https://timberline.teamtailor.com/connect,ENVIADA E CONFIRMADA,"CADASTRO COMPLETO NO BANCO DE TALENTOS, ENVIADO E CONFIRMADO em 19/09 as 17h5x UTC pelo tt6_completa.js, com CV anexado e questionario respondido. PROVAS: URL final /connect/dashboard com o texto 'Welcome to Connect'; a rede nao-GET registrou '302 POST /connect/candidates' mais dois '302 POST /connect/profile'; e o PERFIL FOI RELIDO DEPOIS DE RECARREGAR A PAGINA, devolvendo nome Vini, sobrenome Cavalcanti, telefone com +55 conferido digito a digito, e o CV: 'My CV vini_cavalcanti_cv.pdf'. QUESTIONARIO de 3 slides respondido: dados basicos, local de interesse (Los Angeles, dentro da lista de permissao) e pitch 'Senior 3D character artist, 10+ years on stylized characters for animation and games.'; o campo Address do questionario foi PULADO de proposito, porque endereco e decisao do Vini. Avisar de vagas novas = true. CASA 100% INEDITA na campanha: dedupe-agora.sh deu zero ocorrencia nos quatro arquivos, e zero fio no Gmail. POR QUE ESTA CASA: o site dela diz 'Timberline Studio is an independent game studio based out of Los Angeles, CA with team members around the world' e 'Our games focus on vibrant worlds with unexpected characters' - Beastro e The Red Lantern sao jogos de elenco estilizado, que e exatamente o portfolio dele. Pertence ao grupo KEPLER INTERACTIVE (o rodape do Connect lista Alpha Channel, Awaceb, Ebb Software, Shapefarm e Sloclap), e e locatario SEPARADO do keplerinteractive que a FILA-PERSONAGEM-1209.md tinha descartado como publisher. COMO FOI ACHADA: sondagem do /connect do Teamtailor com slugs gerados do censo-artstation-1709.csv (6.000+ slugs, familia nunca gerada a partir desse censo) - 8 rotas vivas em 6.000, e esta e a melhor. REGUA DE VETO em 22.173 caracteres: dois acertos e os dois sao o texto de GDPR ('if you are based in the EU / in the UK, you can lodge a complaint'), ou seja ZERO veto escrito. Zero token de captcha no HTML. CLASSIFICACAO HONESTA: o departamento e 'Art' e NAO existe departamento nem cargo de personagem neste quadro, entao esta NAO conta como formulario de personagem no DAILY, mesmo o pitch sendo de personagem por escrito. RESSALVA: a casa tem ZERO vaga aberta agora (o jobs.json devolve items vazio, medido no DADO e nao em casca de SPA), entao isto e fila de futuro, nao requisicao viva."
2026-09-19,Coatsink,"Connect (banco de talentos, Teamtailor) - departamento Art (240349) - CADASTRO CRIADO, PERFIL VAZIO","Reino Unido (Sunderland, Inglaterra)",portal,https://careers.coatsink.com/connect/candidates/new,enviada com ressalva,"CADASTRO CRIADO E CONFIRMADO em 19/09 as 16h5x UTC, MAS O PERFIL FICOU VAZIO, e a culpa e de metodo meu. TRES PROVAS de que a conta existe: (1) URL final https://careers.coatsink.com/connect/dashboard com o texto 'Welcome to Connect'; (2) recibo no Gmail as 16h58m55 UTC de no-reply@coatsinksoftware.teamtailor-mail.com, assunto 'Log in to Coatsink'; (3) uma SEGUNDA tentativa de cadastro, minutos depois, caiu no ramo de LOGIN e o servidor respondeu 'If we find a Connect account for contact@vinicavalcanti.art, a sign in link will be sent' - ou seja o proprio servidor afirma que a conta esta la. O QUE FICOU FALTANDO: nome, telefone, pitch e CV. O recibo chega com 'Hi ,' de nome vazio, que e o sintoma. O ERRO, escrito para nao se repetir: eu usei o apply_tt_connect.js, que faz SO o passo 1 e FECHA o navegador; e a sessao do cadastro e a UNICA chance de preencher o perfil, porque o link 'Log in to Connect' do email NAO autentica (testado aqui: o link abre e todo caminho /connect/* volta para a tela 'What interests you?', exatamente como o tt6_completa.js registra para 15 de 19 locatarios - a Coatsink e o 16o). REGRA QUE FICA: em locatario VIRGEM do Teamtailor Connect, rode tt6_completa.js DE PRIMEIRA; o apply_tt_connect.js queima a sessao e o perfil fica inalcancavel para sempre. CORRECAO DE REGISTRO que vale mais que o cadastro: o painel tinha a Coatsink como 'coatsink.careers.haileyhr.app, PAGE UNDER MAINTENANCE, COMING SOON, Open positions (0)' desde 07/09. A casa MUDOU DE ATS: hoje careers.coatsink.com e Teamtailor vivo, com 10 departamentos entre eles Art e Animation. REGUA DE VETO em 22.374 caracteres: dois acertos, os dois no texto de GDPR, ZERO veto escrito. Zero token de captcha. A casa tem ZERO vaga aberta (jobs.json com items vazio nos dois hosts). CLASSIFICACAO: Art espontanea, NAO conta como personagem."
2026-09-19,NOID Studio,"Candidatura espontanea - Department Asset, Position [Asset]Chara artist, Experience Senior (Gravity Forms gform_2)","Franca (Paris 9e, 4 rue Sainte-Cecile; presencial)",portal,https://www.noid-studio.com/contact-us/,ENVIADA E CONFIRMADA,"CANDIDATURA ESPONTANEA DE PERSONAGEM ENVIADA E CONFIRMADA em 19/09 as 18h5x UTC pelo noid_fill.js, no Gravity Forms do WordPress da propria casa. TEXTO LITERAL DA CONFIRMACAO NA TELA: ""Thank you for contacting us! We will respond shortly."" SEGUNDA PROVA: POST 200 para https://www.noid-studio.com/contact-us/ (a rede nao-GET registrou esse unico POST para o dominio DA CASA). TERCEIRA PROVA: o formulario SAIU DO DOM (#gform_2 ausente depois do clique) e o campo de e-mail voltou vazio - nao e formulario que apenas se limpou, a confirmacao do Gravity Forms substituiu o container. QUARTA PROVA, e e a mais forte porque vem da CASA e nao da tela: e-mail de jobs@noid-studio.com as 18h24m31 UTC, assunto 'Your job application', texto literal 'Thank you for your application. We will consider it and will not hesitate to contact you if we have any positions that match your profile. Have a nice day, Marion Mathiot' - e Marion Mathiot e a Production Manager que a propria pagina /about publica no organograma de sete, ou seja o recibo saiu de dentro do estudio. O QUE FOI DECLARADO: contato = 'Job & internship inquiries', Department = Asset, Position = '[Asset]Chara artist', Experience = Senior, CV anexado (Vini_Cavalcanti_CV.pdf, 45.459 bytes; o campo aceita 128 MB), URL Showreel = ArtStation, URL LinkedIn, consentimento 'Accept policy' marcado, e texto livre de 1.920 caracteres no campo 'Let the company know about your interest working there'. GANCHO COM A FRASE DA CASA, entre aspas no proprio texto: a /about diz que a NOID e ""an independent post-production studio"" que ""specialise in high-end visual effects and CG content for films and series"", e o cardapio de servicos lista ""Asset Creation"" e ""Creature Build"". REALOCACAO DITA SEM RODEIO (regra do Vini): 'I am ready to move for the role. Paris, on site, is what I want, not a fallback.' AUTORIZACAO DE TRABALHO PELA VERDADE, e nao havia campo obrigando: o texto declara que ele e brasileiro, NAO e cidadao da UE e precisaria de patrocinio de visto na Franca, com o caso academico de visto. Pretensao EUR 45.000 (casa pequena/media da Europa ocidental pela politica de 04/09) com a abertura de alinhamento. DEDUPE ZERO: nenhuma linha em enviados.csv, automacao/processados.csv, docs/index.html e FILA-DO-VINI.md (as ocorrencias de 'Noid' no repositorio sao POLYNOID, contact@polynoid.tv, outra casa), e o Gmail devolveu {} para 'noid OR noid-studio OR ""NOID Studio""' e para 'newer_than:2d (noid OR Karimi OR ""Sainte-Cecile"")'. PORTEIRO ZERO, medido e nao suposto: a unica ocorrencia de 'recaptcha' nos 804.452 caracteres da pagina e a regra de CSS .grecaptcha-badge{display:none} do tema; zero sitekey, zero grecaptcha.execute, zero iframe de anchor com o navegador aberto. REGUA DE VETO (automacao/regua-veto.py) em 3.288 caracteres da /contact/: ZERO acerto dos 43 termos. ARMADILHA MEDIDA E QUE FICA PARA A FAMILIA GRAVITY FORMS: os quatro campos de TEXTO 14 'Announce title', 16 'Department', 21 'Position' e 17 'Experience' sao a variante 'cheguei por uma vaga anunciada'; a logica condicional do GF os marca visible, mas o CSS do tema os mantem display:none e o fill() estoura 30 s em 'element is not visible'. Eles nao sao obrigatorios (ZERO gfield_required no formulario inteiro) e a candidatura espontanea se declara pelos tres SELECTS. A ISCA e o input_23, rotulado 'Phone' com a descricao 'This field is for validation purposes and should be left unchanged', e ficou vazia (conferido na leitura de volta). DUAS PORTAS PARA A MESMA COISA: /contact/ e gform_3 em frances (opcao 'Candidature') e /contact-us/ e gform_2 em ingles (opcao 'Job & internship inquiries'); foi usada a inglesa. CLASSIFICACAO: CONTA COMO FORMULARIO DE PERSONAGEM - a requisicao nao e generica, o cargo escolhido no proprio formulario e literalmente 'Chara artist' no departamento Asset, com nivel Senior. RESSALVA HONESTA: e casa de VFX de cinema e serie, ou seja trabalho FOTORREAL, e o portfolio dele e estilizado - o texto trata isso de frente citando os tres anos de PUGA como a travessia; e nao ha vaga ANUNCIADA de personagem (o poste-sitemap.xml tem so middle-senior-compositing-artist e dois de project coordinator), entao isto e fila de futuro, nao requisicao aberta. COMO A CASA ENTROU NA CAMPANHA: achado do Joe as 16h35 de hoje pelo Anim'annuaire da AFCA; ele guardou o nome de Abdou Karimi (Head of CG) sem email e escreveu que 'a porta desta casa e formulario, nao email, e ela vai para quem cuida de portal'. Esta linha e essa porta."
2026-09-19,Omeda Studios Limited,Senior Character Artist - Outsourcing (Breezy 02f381de451501; o mesmo anuncio do LinkedIn 4466902903),"Worldwide / 100% remoto sem restricao de local (Londres, GB como local secundario; horario alinhado ao Reino Unido 'or slightly later')",portal,https://omeda-studios-limited.breezy.hr/p/02f381de451501-senior-character-artist-outsourcing,ENVIADA E CONFIRMADA,"CANDIDATURA DE PERSONAGEM ENVIADA E CONFIRMADA em 19/09 as 20h10 UTC pelo apply_breezy.js, e ela RESOLVE a parede registrada as 12h48 de hoje. A PORTA: o Vini mandou o link direto do BREEZY as 20h00; o LinkedIn 4466902903 era offsite apply com o destino escondido atras do login e o careers.omedastudios.com (Teamtailor) dava 404 em todo caminho, e nenhuma das duas coisas importa porque o quadro de verdade da casa e outra familia: omeda-studios-limited.breezy.hr. O /json responde 200 e traz a requisicao 02f381de451501 com published_date 2026-09-19T08:26:32Z e first_publish_date 2026-09-18T15:02:09Z. QUATRO PROVAS, TRES DELAS DE SERVIDOR: (1) POST 204 em app.breezy.hr/api/apply/02f381de451501; (2) URL final /p/02f381de451501-senior-character-artist-outsourcing/apply/submitted; (3) texto do servidor na tela, literal: 'Application Submitted Your application has been submitted successfully. Good luck!'; (4) email de no-reply@omeda-studios-limited.breezy-mail.com as 20h10m12 UTC, assunto 'Complete your application for Senior Character Artist - Outsourcing', nomeando a vaga. O PORTEIRO E ZERO E FOI MEDIDO NO DOM VIVO, nao suposto do HTML: zero iframe de captcha em zero iframe na pagina, window.grecaptcha / hcaptcha / turnstile todos 'undefined', zero ocorrencia de recaptcha, hcaptcha, turnstile, sitekey e datadome no outerHTML, e zero script de terceiro de desafio. A ARMADILHA NOVA E GRANDE, E ELA NAO EXISTIA NO REGISTRO DA FAMILIA: o Breezy desta casa exige VERIFICACAO DE EMAIL POR CODIGO. O email de 20h10 nao e recibo, e 'One more step!' com um codigo de 4 digitos, e a pergunta por tras dele (rota /q/c6573b06e3ac01, lida pelo hidden 'questions') tem type=verification_code, required=true e MOVE_TO_STAGE_ID=APPLIED - ou seja, sem o codigo a candidatura NAO entra no estagio Applied, com POST 204 e 'Application Submitted' na tela do mesmo jeito. O codigo foi lido no Gmail e submetido pelo bz_form_fill.js as 20h1x, e o servidor respondeu 'Responses Submitted Your responses have been submitted successfully. Thanks!'. RESSALVA DE PROVA, dita sem maquiagem: ate o fim do turno NAO chegou o segundo email, o 'Thank you for your application' de candidate-<id>@<slug>.breezy-mail.com que a Playdead e a Warhorse mandaram - entao a entrada no estagio Applied e conclusao do move_to_stage_id mais a resposta de sucesso do servidor, e nao um recibo. CAMPOS, todos lidos de volta como IDENTICOS ao que foi mandado, DEPOIS do parse do CV: cName, cEmail, cResume (Vini_Cavalcanti_CV.pdf, 45.459 B, com POST 200 em app.breezy.hr/api/portal/omeda-studios-limited/upload), cSalary 42000 com salaryCurrency 'British Pound Sterling' lido de volta GBP e periodo 'Yearly' lido de volta yearly, cSummary 402 chars e cCoverLetter 1.561 chars. O honeypot hp_7f2b da plataforma ficou VAZIO e foi conferido. NAO HOUVE CAMPO NENHUM DE AUTORIZACAO DE TRABALHO, PATROCINIO, TELEFONE OU ENDERECO: o application_form da requisicao traz phone_number, address, work_history, education e preferred_location como 'hidden', e nao existe questionario proprio (experience=null). Por isso a verdade sobre visto foi escrita na CARTA, que e o unico texto livre: que ele nao e cidadao do Reino Unido, que qualquer arranjo presencial futuro exigiria patrocinio, e que remoto e o que ele quer. CARTA DE 250 PALAVRAS, no teto exato da regra de 10/09, sem emoji (campo de formulario e zero emoji), sem travessao, sem capslock e sem a palavra proibida. Ela cita a frase da casa entre aspas ('This is not a pure hero production role. At least half of your time is outsourcing: reviewing submissions, giving feedback, and holding the technical line') e responde a ela com os tres anos de outsourcing na PUGA Studios, que e o que o anuncio chama de 'Time at or with an external development partner is a real advantage here'. Gancho de fuso escrito com a frase deles: 'Working hours aligned with the UK, or slightly later' - ele trabalha de um fuso UTC-3, que e justamente o 'slightly later'. PRETENSAO GBP 42.000/ano pelo item 3 da politica de 04/09 (casa pequena ou media no Reino Unido, um degrau abaixo dos GBP 50.000 de casa grande): a propria lista de beneficios oferece 'EMI Stock Options', esquema que a lei britanica restringe a empresa com menos de 250 empregados, o que classifica a casa como pequena ou media; e 42.000 fica acima do piso geral do Skilled Worker, entao nao inviabiliza patrocinio. O anuncio nao publica faixa (salary_range.display vazio), logo a regra do item 1 nao se aplica. REGUA DE VETO rodada sobre o texto do BREEZY, como a ordem pediu: 4.769 caracteres, muito acima do piso de leitura valida, ZERO ACERTO dos 43 termos - e isso corrige de vez o falso positivo de manha, quando a regua na URL do LinkedIn devolveu tres acertos que eram o rodape de idiomas do proprio LinkedIn. O /json ainda desmente um detalhe do registro das 12h48: a vaga nao e 'Reino Unido', e location.country=worldwide com remote_details 'Fully remote, no location restrictions', e Londres entra so como local secundario, tambem remoto. DEDUPE: dedupe-agora.sh 02f381de451501 omeda deu ID INEDITO nos quatro arquivos, grep de omeda/predecessor em enviados.csv deu ZERO, e o Gmail com 'Omeda OR Predecessor OR breezy-mail newer_than:45d' devolveu oito fios, nenhum da Omeda antes de hoje (so o alerta do LinkedIn das 12h44) - os recibos de Breezy que existem sao de Playdead, Warhorse, AGBO, Walla Walla e Wonder Works. Casa 100 por cento inedita. RESSALVA HONESTA QUE ENFRAQUECE A CANDIDATURA, e ela e dupla e esta no proprio anuncio: (1) 'This is not a pure hero production role' - metade do trabalho e revisao, feedback e sign-off tecnico de parceiro, nao escultura, e o anuncio avisa 'If your ambition is to spend most of your week sculpting, this isn't the right role for you'; (2) pede 'A strong portfolio of realistic, game-ready characters' e o portfolio dele e ESTILIZADO - a carta diz isso por escrito em vez de esconder ('my strongest work is stylized, not photoreal'), mas quem for estrito tem argumento. A FAVOR: '5+ years in character art for games, with at least one shipped title', 'Expert knowledge of ZBrush, Substance Painter and Maya' e 'Hands-on Unreal Engine 5 experience' sao o nucleo dele, e 'Hair card and groom creation with FiberShop' no Nice to Have cai no diferencial de grooming em Houdini. FERRAMENTA QUE FICA: nasceu o automacao/apply_breezy.js, que e o arquivo que o BRIEFING registrava em 18/09 como CHAMADO PELA FILA E INEXISTENTE. Ele sobe o ANEXO ANTES de digitar (o Breezy parseia o CV e sobrescreve campo ja digitado, medido na Playdead), mede o porteiro no DOM vivo antes de tocar no formulario, falha alto se a isca hp_ foi preenchida, e espera pela PROVA em laco de 90 s em vez de pelo relogio."
2026-09-19,PVP MEDIA (Groupe PVP),"Candidature spontanee - formulario proprio da pagina Carriere (React/MUI, POST /api/forms/submit/carriere), campos Nom complet, Courriel, Message e anexo #cv","Canada (Matane, Quebec; sede social 296 rue Saint-Pierre)",portal,https://www.pvp.ca/fr/carriere,ENVIADA E CONFIRMADA,"CANDIDATURA ESPONTANEA ENVIADA E CONFIRMADA em 19/09 as 22h4x UTC pelo apply_own.js (ans_pvp.json), navegador de verdade com Xvfb, pgrep -c chrome = 0 antes das duas aberturas (seco e envio). TEXTO LITERAL DA TELA, em frances: 'Votre candidature a ete envoyee. Merci!' SEGUNDA PROVA: POST 200 em https://prod-pvp-media-admin-npamrcw6aq-nn.a.run.app//api/forms/submit/carriere?token=... e o servidor ECOOU o corpo enviado (name Vini Cavalcanti, email contact@vinicavalcanti.art, message). Anexo lido de volta antes do clique: Vini_Cavalcanti_CV.pdf 45.459 B. Zero iframe de captcha. COMO FOI ACHADA: repertorio da AQPM filtrado por _production_type=animation (33 membros em 4 paginas), 19 com site proprio, e so TRES com porta de carreiras - esta e a unica com formulario proprio COM CAMPO DE ARQUIVO. REGUA DE VETO: /fr/carriere 2.295 caracteres com ZERO acerto dos 62 termos; /en/career 1.984 caracteres com UM acerto e ele e a palavra 'Francais' do seletor de idioma no menu, falso positivo. A casa escreve com todas as letras 'Soumettez votre candidature a PVP MEDIA en remplissant les champs du formulaire ci-dessous' e 'PVP MEDIA est constamment a la recherche de nouveaux talents dans les domaines de la television, de l'animation et des nouveaux medias'. HONESTIDADE NO TEXTO ENVIADO: o campo Message declara que ele mora no Brasil, que precisaria de patrocinio de permissao de trabalho para se mudar para o Quebec e que trabalha em ingles e portugues, NAO em frances. CLASSIFICACAO HONESTA: NAO conta como formulario de personagem no DAILY - e espontanea generica, e a casa e produtora regional de televisao, animacao e novos midias, sem departamento de arte de personagem (a propria pagina lista cameramans, monteiros, sonoristas, recherchistes, programadores, dessinateurs, infographistes, animadores e integradores). RESSALVA QUE ENFRAQUECE: Quebec francofono, sem exigencia ESCRITA de frances no texto (entao nao ha veto escrito), mas na pratica o frances e provavel; e o campo Message tem limite de 1.000 caracteres, entao nao cabe carta. DEDUPE: zero ocorrencia de 'PVP MEDIA' em enviados.csv, docs/index.html e FILA-DO-VINI.md, zero fio no Gmail (busca 'pvp OR pvp.ca OR Matane' devolveu vazio); em processados.csv ha DUAS linhas anteriores, e nenhuma e candidatura - o censo da Guilde de 17/09 e a rodada do Joe de 20h35 de hoje, que guardou o NOME de Martine Cote (Superviseur des productions d'animation) sem email."
2026-09-20,Primal Shape S.r.l.,"Candidatura espontanea pelo GOOGLE FORM oficial da casa ('Primal Shape S.r.l. Recruiting / Recruiting form 2026'), posicao escolhida no radio: Modeling 3D","Italia (Torino, sede fiscal REA TO-1290805; e Napoles)",portal,https://www.primalshapestudio.com/work-with-us/,ENVIADA E CONFIRMADA,"ENVIADA E CONFIRMADA em 20/09 as 02h5x UTC pelo gform_apply.js (ans_primalshape.json), navegador de verdade com Xvfb, pgrep -c chrome = 0 antes das duas aberturas (seco e envio). TRES PROVAS DE SERVIDOR: (1) POST 200 em https://docs.google.com/forms/d/e/1FAIpQLSdJgb-dbwrWeDBQjfLx5H7BEspFe2n2UBBxXIo12P-ass3eIQ/formResponse; (2) TEXTO LITERAL DO SERVIDOR 'Primal Shape S.r.l. Recruiting / Your response has been recorded. / Submit another response / This form was created inside of Primal Shape.'; (3) veredito do script postOk=true urlOk=true. COMO FOI ACHADA: rodada do Joe das 00h35 pelo censo da Cartoon Italia; a pagina /work-with-us/ diz 'To apply for a position at Primal Shape, please fill the google form clicking here' e o link e forms.gle/5w3N5kcRW1LDdfK79, que resolve para o docs.google.com acima. REGUA DE VETO: 2.002 caracteres, ZERO ACERTO dos 82 termos. AS ONZE PERGUNTAS, lidas do FB_PUBLIC_LOAD_DATA_ antes de tocar no formulario, e as respostas: Name=Vini, Family Name=Cavalcanti, email=contact@vinicavalcanti.art, consentimento de uso dos dados='I agree', manter na base para oportunidades futuras='Yes', 'Do you have VISA/permission to work in Europe (Italy)'='No' (A VERDADE, e e o campo que mais pesa nesta casa), posicao='Modeling 3D', Years of experience=10, Showreel/Portfolio=https://www.artstation.com/viniciuscavalcanti. DUAS EM BRANCO DE PROPOSITO: 'Showreel Password' (nao ha portfolio protegido) e 'Your daily rate in Euros', que o proprio formulario marca como 'not mandatory - applicable only for short term jobs' e esta nao e candidatura de curto prazo - inventar diaria seria chutar numero verificavel. POR QUE 'Modeling 3D' E NAO OUTRA: a lista de radio nao tem 'Character Artist'; tem 'Character Design' (que nesta casa e design 2D) e 'Character TD' (rigging). Modeling 3D e a unica honesta para modelador 3D de personagem, e a escolha fica registrada para quem quiser discordar. GANCHO COM A FRASE DA CASA: a /work-with-us/ escreve 'From feature films and TV series to commercials and AAA games cinematics'. CLASSIFICACAO HONESTA: conta como FORMULARIO, NAO como formulario de personagem - e espontanea de arte, e a posicao escolhida e Modeling 3D, nao um cargo de personagem anunciado. RESSALVA QUE ENFRAQUECE: nao ha vaga anunciada nenhuma (o formulario e fila de futuro, 'Recruiting form 2026'), a casa e italiana e ele precisaria de patrocinio (respondido No), e o formulario NAO tem campo de anexo - nao foi possivel mandar CV nem carta, so o link do portfolio. CORRECAO DE REGISTRO: a ordem que me passou esta porta citava a frase 'We are always on the look for both local and remote talented Artists' como sendo desta pagina. ELA NAO ESTA NA PAGINA (busca literal por 'always on the look' devolveu vazio nos 91.482 bytes). O que a pagina diz de perto e 'we always try to offer flexible scheduling and remote work opportunities'. DEDUPE: zero ocorrencia de 'Primal Shape' e 'primalshape' em enviados.csv, zero na FILA-DO-VINI, zero fio no Gmail para 'primalshape OR Primal Shape OR bdossi'; as 5 linhas em processados.csv e as 3 em pessoas.csv sao do censo do Joe, nenhuma e candidatura."
2026-09-20,Red Rover Interactive,"Banco de talentos Teamtailor CONNECT, departamento ART (value 268592), conta criada com perfil, CV e questionario de 4 slides",Noruega/Reino Unido (locais oferecidos no proprio Connect: Oslo e Newcastle upon Tyne),portal,https://careers.redroverinteractive.com/connect,ENVIADA E CONFIRMADA,"CONTA DE CONNECT CRIADA E CONFIRMADA em 20/09 as 02h3x UTC pelo tt6_completa.js, navegador de verdade com Xvfb, pgrep -c chrome = 0 antes das duas aberturas (seco e envio). QUATRO PROVAS: (1) URL final https://careers.redroverinteractive.com/connect/dashboard com o texto 'Welcome to Connect / Your Profile'; (2) QUATRO respostas 302 de POST - /connect/candidates uma vez e /connect/profile tres vezes; (3) o CV RELIDO DEPOIS DE RECARREGAR a pagina devolve 'My CV vini_cavalcanti_cv.pdf'; (4) /connect/questions/start relido depois de recarregar devolve '4 slides Questions'. QUESTIONARIO DE 4 SLIDES RESPONDIDO: nome, sobrenome e telefone (digitos conferidos e +55 conferido); locais Oslo e Newcastle upon Tyne, os dois dentro da lista de permissao da campanha; pitch de personagem; e 'How many years of relevant experience do you have?' = 10. O campo Address do questionario foi PULADO DE PROPOSITO, porque endereco e decisao dele. COMO FOI ACHADA, e o metodo importa: cruzei os 173 tokens de teamtailor do tokens-ats-1809.csv contra enviados.csv e este e um dos dois que nao aparecem NEM pelo token NEM pelo nome de exibicao. A regra de 19/09 foi seguida ao pe da letra: em locatario VIRGEM do Connect roda-se o tt6_completa.js DE PRIMEIRA, porque a sessao do cadastro e a unica chance de preencher o perfil (foi assim que a Coatsink ficou com perfil vazio para sempre). CORRECAO DE REGISTRO QUE ESTA PORTA PRODUZ: a FILA-DO-VINI listava a Red Rover na fatia 'Porta e email, nao formulario (o Apps Script ja cuida)'. ISSO ESTAVA ERRADO - a casa tem Teamtailor Connect vivo com departamento Art, ou seja a porta E formulario. CLASSIFICACAO HONESTA: conta como FORMULARIO, NAO como personagem - o cardapio do Connect tem 9 itens e o departamento e 'Art', sem nenhum item que nomeie personagem. RESSALVA QUE ENFRAQUECE: e banco de talentos sem vaga anunciada; e a leitura de volta do PERFIL depois de recarregar devolveu {t:0}, ou seja o campo de telefone do PERFIL voltou vazio na releitura, embora o do QUESTIONARIO tenha sido preenchido e o CV esteja la. Quem for estrito conta o perfil como PARCIAL."
2026-09-20,ForthStar,"Banco de talentos Teamtailor CONNECT, departamento ART (value 397825, cardapio com 3D Artist, 3D Animator, Senior Artist, VFX Artist e UI Artist), conta criada com perfil e CV",Reino Unido (unico local oferecido no proprio Connect: Manchester),portal,https://forthstar.teamtailor.com/connect,"ENVIADA E CONFIRMADA (perfil completo, questionario PARCIAL)","CONTA DE CONNECT CRIADA E CONFIRMADA em 20/09 as 02h3x UTC pelo tt6_completa.js, na mesma sessao da Red Rover, navegador de verdade com Xvfb. PROVAS: (1) URL /connect/dashboard com 'Welcome to Connect / Your Profile'; (2) o script confirma SESSAO ABERTA por #candidate_first_name existir; (3) e a prova mais forte desta casa - o PERFIL RELIDO DEPOIS DE RECARREGAR devolve {n:Vini, s:Cavalcanti, t:13, e:'Olinda Pernambuco, Brazil'}, ou seja nome, sobrenome, telefone com 13 digitos e endereco de cidade sobreviveram ao recarregamento; (4) CV RELIDO DEPOIS DE RECARREGAR = 'My CV vini_cavalcanti_cv.pdf'. Local marcado: Manchester, dentro da lista de permissao. O QUE NAO SAIU, dito sem maquiagem: o questionario tem os mesmos 4 slides e SO O SLIDE 0 foi respondido (nome, sobrenome, telefone; Address pulado de proposito). No avanco para o slide 1 o Playwright morreu com 'Execution context was destroyed, most likely because of a navigation' e o script parou ali. Ou seja: a CONTA existe, o PERFIL esta preenchido e o CV esta anexado - o que ficou faltando e o pitch e os locais DENTRO DO QUESTIONARIO. Isso e melhor que a Coatsink (que ficou sem nada) e pior que a Red Rover (que fechou os 4 slides). Registro como enviada porque as quatro provas de conta e de CV sao de servidor, e registro a falha porque ela e real. DEDUPE: zero ocorrencia de 'forthstar' e 'ForthStar' em enviados.csv, docs/index.html, FILA-DO-VINI.md e processados.csv, e zero fio no Gmail. CLASSIFICACAO HONESTA: conta como FORMULARIO, NAO como personagem - o departamento e 'Art' e os cargos do cardapio sao 3D Artist, 3D Animator, Senior Artist, Senior UI Artist, UI Artist, VFX Artist e General Technical Artist; NENHUM nomeia personagem."
2026-09-18,Virtuos / Black Shamrock (Dublin),"Lead Character Artist, requisicao 2283 (Oracle Recruiting Cloud, site CX_1) - ENVIADA A MAO PELO VINI","Irlanda (Dublin), hibrido",vaga,https://fa-exhj-saasfaprod1.fa.ocs.oraclecloud.com/hcmUI/CandidateExperience/en/sites/CX_1/job/2283,"ENVIADA E CONFIRMADA (a mao, fora da automacao)","ENVIADA E CONFIRMADA em 18/09 as 11h49m18 UTC, A MAO PELO PROPRIO VINI, e registrada so em 20/09 (Jhon A, 38o turno). PROVA 1, tela da plataforma quando eu reabri a porta em 20/09 as 02h5x com navegador de verdade, na rota /job/2283/apply/section/1: TEXTO LITERAL 'You already applied for this job function.' PROVA 2, caixa: e-mail de exhj-saasfaprod1.fa.sender@workflow.mail.ap1.cloud.oracle.com de 18/09 as 11h49m18 UTC, assunto 'Your recent job application for Lead Character Artist - 2283', corpo 'We received your job application for Lead Character Artist - 2283', precedido de CINCO codigos de identidade entre 11h40 e 11h48, que sao as tentativas de login dele. E DE PERSONAGEM por titulo e por corpo: o anuncio pede a cadeia inteira, de conceito, referencia ou scan ate sculpting, modeling, texturing, grooming, otimizacao e implementacao em engine. POR QUE FALTAVA: o registro de 17/09 deixou a porta como 'porta-parada-na-permissao' (duas rotas de automacao negadas pelo classificador) e passou o dossie e a carta ao Vini; ele aplicou no dia seguinte e a linha nunca foi fechada. NAO SOMEI ESTA VAGA A NENHUMA DAILY: quem enviou foi ele, fora da automacao, e reabrir dia ja fechado por conta propria e pior que a lacuna. Ela entra aqui pelo DEDUPE, que e o que impede a terceira batida na mesma porta."
2026-09-20,Sphere Entertainment Co. (Sphere Studios),"Join our Network - banco de talentos, area escolhida ""Art, Design"" e local escolhido ""Burbank, California"" (Greenhouse sphereentertainment 5013167007)","EUA (Burbank, CA; o balcao tambem oferece Las Vegas, NV e Nova York, NY)",portal,https://job-boards.greenhouse.io/sphereentertainment/jobs/5013167007,ENVIADA E CONFIRMADA,"ENVIADA E CONFIRMADA em 20/09 as 04h5x UTC pela automacao (apply-greenhouse.js + ans_sphere.json). TRES PROVAS DO SERVIDOR: (1) TEXTO LITERAL NA TELA: ""Thank you for entertaining a career with us! We successfully received your application. We'll review your background and if the role is a match to your skills and experiences, we'll be in touch.""; (2) URL FINAL https://job-boards.greenhouse.io/embed/job_app/confirmation?for=sphereentertainment&token=5013167007 ; (3) o e-mail de codigo de seguranca ""Security code for your application to Sphere Entertainment Group, LLC"" de no-reply@us.greenhouse-mail.io as 04h56m24 UTC, que e a prova de que o POST chegou ao servidor. CASA 100% INEDITA: zero ocorrencia de ""Sphere Entertainment"" e do id 5013167007 em enviados.csv, e zero fio no Gmail para esta casa. CUIDADO DE HOMONIMO, e ele quase enganou o dedupe: o Gmail TEM fio de ""Sphere"", mas e a SPHERE ANIMATION do Canada (mculbert arroba sphereanimation.com), casa DIFERENTE, que respondeu em 18/09 ""We don't have any 3D Character design work as we are mainly a 2D studio"". Nao e a mesma empresa. COMO FOI ACHADA: varredura de ROTA ESPONTANEA sobre os 882 quadros da lista de tokens lendo o quadro INTEIRO (nao a janela por data), e dedupe pelo ID da requisicao e nao pelo token - a casa aparecia nos arquivos como fila antiga e o id 5013167007 nunca tinha sido enviado. RESPOSTAS, todas a verdade: patrocinio de imigracao nos EUA = Yes; ja trabalhou na organizacao (Radio City, Beacon, Chicago Theatre, Knicks, Rangers, Sphere) = No; area = Art, Design; local = Burbank, California. REGUA DE VETO em 4.768 caracteres: UM acerto, ""citizenship"", e ele esta DENTRO da clausula antidiscriminacao do empregador, que e o oposto de veto; ZERO de sponsorship, visa, work permit, must reside, eligible to work. CARTA: o formulario tem campo de texto de carta (aparece depois do clique em ""Enter manually"") e as frases obrigatorias do BRIEF-JHON foram escritas nele, 1.196 caracteres, 183 palavras, zero emoji - disciplina nomeada (character art, modelagem, texturizacao, look dev e groom), ""I am ready to move for the role"", declaracao de que ele NAO e cidadao nem residente dos EUA e precisa de patrocinio, e USD 100.000 com ""Open to aligning with your band for the role"". O PDF de carta generico NAO foi anexado de proposito: ele nao e legivel nesta maquina e anexar as cegas seria mandar documento nao conferido. RESSALVAS HONESTAS, e sao tres: (1) e BANCO DE TALENTOS, nao requisicao nomeada - a propria casa escreve ""Even if there is no current opening that matches your background, we encourage you to share your information"", entao NAO conta como formulario de personagem no placar do dia; (2) a Sphere e experiencia imersiva e midia (Sphere Las Vegas, MSG Networks), nao producao de personagem, e as unicas vagas de arte abertas hoje no quadro sao Art Director, Creative Director e Designer, nenhuma de modelagem; (3) o formulario nao tem campo de disciplina mais fino que ""Art, Design""."
2026-09-20,Swaybox Studios (Nova Orleans),"Unreal Generalist / Unreal Artist (Generalist), requisicao Greenhouse swayboxstudios 4390537009, publicada 01/09, PRESENCIAL","EUA (New Orleans, Louisiana; presencial, realocacao exigida pelo proprio anuncio)",vaga,https://job-boards.greenhouse.io/swayboxstudios/jobs/4390537009,ENVIADA E CONFIRMADA,"ENVIADA E CONFIRMADA em 20/09 as 05h2x UTC pela automacao (apply-greenhouse.js + ans_swaybox.json). TRES PROVAS DO SERVIDOR: (1) TEXTO LITERAL NA TELA: ""Thank you for applying. Your application has been received. If there is a fit, someone will be getting back to you.""; (2) URL FINAL https://job-boards.greenhouse.io/embed/job_app/confirmation?for=swayboxstudios&token=4390537009 ; (3) o e-mail ""Security code for your application to Swaybox Studios"" de no-reply@us.greenhouse-mail.io as 05h19m01 UTC. DEDUPE: o id 4390537009 tem ZERO ocorrencia nos quatro arquivos; a CASA nao e inedita e isso e o ponto delicado desta linha - a Senior CG Generalist (Modeler) 4337866009 foi enviada em 02/09 e RECUSADA em 05/09 as 17h15 por no-reply arroba swayboxstudios.com. POR QUE ENVIEI MESMO ASSIM, com o argumento inteiro para quem quiser discordar: a propria recusa escreve ""we encourage you to keep an eye on our career opportunities - your background may be a great fit for future openings"", esta e requisicao DIFERENTE e de disciplina diferente (ambiente e set extension em Unreal, nao modelagem de personagem), e a regua de veto nos 11.642 caracteres do anuncio deu QUATRO acertos e os QUATRO sao falso positivo (""proficiency in Unreal Engine"" duas vezes, que e requisito tecnico, e ""hybrid visual storytelling"" e ""hybrid workflows"", que nao sao modelo de trabalho) - ZERO de authorization, sponsorship, visa, work permit, citizen, must reside. RESPOSTAS, todas a verdade e duas delas caras: disposto a realocar para Nova Orleans = Yes; direito legal de trabalhar nos EUA = NO; vai precisar de patrocinio de visto = YES; indicado por alguem da Swaybox = ""No, I was not referred.""; 5+ anos em VFX de acao ao vivo, animacao, producao virtual ou cinematica = Yes (a base e The Wingfeather Saga na Angel Studios mais cinco anos de Senior na E-Line); anos de Unreal = 5; EEO respondido com recusa a autoidentificar. CARTA no campo de texto (1.447 caracteres, 232 palavras, zero emoji), com ""I am ready to move to New Orleans for the role"", a declaracao de que ele nao tem direito de trabalho nos EUA e precisa de patrocinio, USD 100.000 com a abertura padrao, e uma RESSALVA ESCRITA PARA A PROPRIA CASA: que o nucleo dele e arte de personagem e asset, e que rastreamento e trabalho de placa seriam terreno novo. RESSALVAS HONESTAS: (1) e AMBIENTE E PROP, a disciplina de ULTIMA prioridade pela regra de 10/09, e so entrou porque a rodada mediu ZERO porta de personagem enviavel; (2) e presencial nos EUA com patrocinio pedido, o caminho mais dificil que existe; (3) a casa ja recusou uma vez, entao a chance material aqui e baixa e isso fica dito; (4) o encaixe pede 5+ anos de VFX de ACAO AO VIVO e a experiencia dele e de animacao e jogos. CONTEXTO QUE VALE: a Swaybox esta em producao com DC Studios / Warner Bros Pictures Animation e a 6th and Idaho do Matt Reeves, escrito no proprio anuncio."
2026-09-20,"Hidden Acorn (Redwood City, California)","3D Character Artist in Unreal, requisicao GoHire 287431, quadro ogTHESQz, publicada 10/05/2026, Contract, tag do quadro 'Hybrid Remote', faixa publicada USD 2.000 a 5.000 por mes","EUA (Redwood City, California, Bay Area; carta diz por escrito 'I am ready to move to the Bay Area for the role' e declara que ele precisa de patrocinio)",vaga,https://jobs.gohire.io/hidden-acorn-ogthesqz/3d-character-artist-in-unreal-287431/,ENVIADA E CONFIRMADA,"ENVIADA E CONFIRMADA em 20/09 as 11h1x UTC pelo apply_gohire.js. PROVA DO SERVIDOR, e ela e do segundo tipo: o primeiro clique deixou o botao em SPINNER e o script leu a tela ANTES da resposta, registrando 'NAO CONFIRMADA' com a candidatura em voo. A segunda tentativa (gh_submit2.js, que espera a RESPOSTA em vez do relogio) recebeu do proprio servidor HTTP 422 com corpo {""error"": ""You have already applied for this job""} em api.gohire.io/apply?clientHash=ogTHESQz&jobId=287431 - ou seja o servidor da casa afirma que a candidatura JA EXISTE, o que prova o primeiro envio e ao mesmo tempo prova que a plataforma NAO aceita duplicata. Leitura de volta do formulario antes do clique: nome, sobrenome, email, telefone com bandeira iti__br conferida, carta na textarea 'Cover Letter' e CV anexado (upload-chunk 200, chave 2026-09-20/765488194211315.pdf). CASA 100% INEDITA: zero ocorrencia de 'Hidden Acorn' em enviados.csv, processados.csv, docs/index.html e FILA-DO-VINI.md, garra livre, e zero fio no Gmail. COMO FOI ACHADA: veia nova, o sitemap.txt da plataforma GoHire inteira (jobs.gohire.io/sitemap.txt, 20.470 URLs), que a campanha nunca tinha lido. REGUA DE VETO em 3.409 caracteres: UM acerto, 'based in', e ele vem de 'Hidden Acorn is a new game studio based in the San Francisco Bay Area', que descreve o estudio e nao veta residencia; ZERO veto de residencia e ZERO de autorizacao. DISCIPLINA: personagem puro - 'Sculpt high-poly characters in ZBrush: heroes, units, and creatures'. SALARIO: a faixa publicada e USD 2.000-5.000 POR MES; a regra de 04/09 manda pedir a base da faixa, mas a base (USD 24.000/ano) fica abaixo do piso legal da ocupacao, o que a propria regra proibe por inviabilizar patrocinio - o formulario NAO tem campo de pretensao, entao a questao nao precisou ser respondida e fica registrada para a proxima. RESSALVA HONESTA: requisicao de 10/05/2026, quatro meses de idade, e o anuncio tambem pede curriculo por e-mail para steven arroba hidden-acorn.com, ou seja o formulario pode nao ser a rota que eles leem."
2026-09-20,"Hug & Roll Gaming (Redwood City, California)","3D Character Artists, requisicao GoHire 296565, quadro 1jMwQhCO, publicada 05/08/2026, Full-time, tag do quadro 'Remote', faixa publicada USD 15 a 40 por hora","EUA (Redwood City, California; vaga marcada Remote no quadro; carta diz 'I am ready to move for the role' e declara que ele precisa de patrocinio)",vaga,https://jobs.gohire.io/hug-and-roll-gaming-1jmwqhco/3d-character-artists-296565/,ENVIADA E CONFIRMADA,"ENVIADA E CONFIRMADA em 20/09 as 11h2x UTC pelo apply_gohire.js --submit. DUAS PROVAS DE SERVIDOR: POST 200 em api.gohire.io/apply?clientHash=1jMwQhCO&jobId=296565 e o TEXTO LITERAL na tela depois da resposta, 'Application Sent! Congratulations, we've received your application for 3D Character Artists . You'll be notified by email with any updates about your application.' Leitura de volta antes do clique: os seis campos preenchidos, bandeira do telefone iti__br conferida, carta na textarea 'Cover Letter', CV anexado com upload-chunk 200. CASA 100% INEDITA: zero ocorrencia de 'Hug & Roll' / 'hug-and-roll' nos quatro arquivos, garra livre, zero fio no Gmail. COMO FOI ACHADA: mesma veia nova do sitemap.txt da plataforma GoHire. REGUA DE VETO em 2.065 caracteres: dois acertos, 'based in' ('a new game studio based in the San Francisco Bay Area', descricao do estudio) e 'proficiency in' ('Proficiency in ZBrush and Blender', ferramenta); ZERO veto de residencia e ZERO de autorizacao. DISCIPLINA: personagem em primeiro lugar e esta escrito - 'Model, sculpt, retopo, UV, and texture stylized characters and units' - com ambiente como trabalho secundario no mesmo anuncio; a carta ancora em personagem e cita a frase do estudio 'The art direction is stylized and cartoony, League of Legends, StarCraft, Overwatch'. SALARIO: faixa USD 15-40 por hora; a base (USD 15/h) fica abaixo do piso legal da ocupacao e a regra de 04/09 proibe pedir abaixo dele, mas o formulario NAO tem campo de pretensao e nada foi declarado. RESSALVA HONESTA E ELA E FORTE: esta casa e a Hidden Acorn sao as DUAS de Redwood City, as duas 'a new game studio based in the San Francisco Bay Area, building our first title: a competitive real-time strategy game', as duas com o mesmo par de vagas (personagem + UI/UX) e as duas em GoHire. Podem ser o MESMO time sob dois nomes, ou um renome. Sao contas, hashes e requisicoes diferentes, entao nao e duplicata de requisicao, mas se for a mesma casa as duas candidaturas chegam na mesma caixa."
2026-09-20,"Lightfold / Lightfold Games (Atlanta, Georgia)","3D Character Artist, requisicao GoHire 298040, quadro jOfu0GVr, criada 18/08/2026, Full-time, faixa publicada USD 60.000 a 80.000 por ano, DUAS posicoes (uma do elenco de jogadores, uma do catalogo de zumbis e monstros)","EUA (Atlanta, Georgia; hibrida no Old Fourth Ward; carta diz 'I am ready to move to Atlanta for the role' e declara que ele precisa de patrocinio de autorizacao de trabalho)",vaga,https://jobs.gohire.io/lightfold-jofu0gvr/3d-character-artist-298040/,ENVIADA E CONFIRMADA,"ENVIADA E CONFIRMADA em 20/09 as 12h5x UTC pelo gh_submit2.js. DUAS PROVAS DE SERVIDOR: POST 200 em api.gohire.io/apply?clientHash=jOfu0GVr&jobId=298040 com corpo {""userId"":""206760092"",""parsedStatus"":""Limit Crossed""}, e o TEXTO LITERAL DA TELA depois do clique: 'Application Sent! Congratulations, we've received your application for 3D Character Artist. You'll be notified by email with any updates about your application.'. RESSALVA HONESTA E ELA E FORTE: o CV foi anexado (upload-chunk 200, Vini_Cavalcanti_CV.pdf) mas A CARTA FOI SEM, por DEFEITO DO MEU PROPRIO SCRIPT - a leitura de volta imprimiu cover_letter => (VAZIO) e o script seguiu para o Submit. O gh_submit2.js tinha ficado so com o caminho label[for=<id>] e havia jogado fora as duas quedas de reserva do apply_gohire.js (closest('label') e innerText do div que embrulha); o ensaio com apply_gohire.js na MESMA vaga meia hora antes preencheu a carta certo. NAO DA PARA CORRIGIR REENVIANDO: o 422 'You already applied for this job' do GoHire recusa. Defeito consertado no gh_submit2.js nesta rodada, com aborto antes do Submit se a carta nao entrar. REGUA DE VETO: 6 acertos em 4.307 caracteres, todos falso positivo ('based in Atlanta, GA' x2 que e local de trabalho e nao exigencia de residencia, 'proficiency in 3D Modeling', 'hybrid' x3 que e modelo de trabalho); ZERO veto escrito de residencia ou autorizacao. DEDUPE: garra livre, dedupe-agora com ZERO marca de envio, e ZERO fio no Gmail para Lightfold. POR QUE ELA EXISTE: a rodada das 10h15 de hoje a tinha descartado 'por nivel e geografia' e as DUAS razoes estavam erradas - o anuncio nao nomeia nivel nenhum e a mesma rodada enviou duas vagas dos EUA (Redwood City)."
2026-09-20,"Mighty Kingdom (Adelaide, South Australia)","Expressions of Interest (banco de talentos), requisicao Recruiterflow 29, Full Time, tag do quadro 'Adelaide Hybrid or Remote across Australia'",Australia (Adelaide; Oceania esta no escopo pela regra 5 do BRIEFING) - resumo e as duas perguntas abertas dizem 'I am ready to move for the role' e declaram sem rodeio que ele NAO tem autorizacao de trabalho australiana e precisa de patrocinio,vaga,https://recruiterflow.com/mightykingdom/jobs/29,ENVIADA E CONFIRMADA,"ENVIADA E CONFIRMADA em 20/09 as 14h5x UTC pelo apply_recruiterflow.js --submit (script NOVO, familia NOVA). DUAS PROVAS DE SERVIDOR: (1) POST 200 em https://recruiterflow.com/mightykingdom/jobs/29/submit-application com corpo literal {""RESULT"":""SUCCESS""}; (2) TEXTO NA TELA depois da resposta: 'Thank you for applying. We will contact you shortly.' CASA 100% INEDITA: zero ocorrencia de 'Mighty Kingdom' em enviados.csv, processados.csv, docs/index.html e FILA-DO-VINI.md (so uma linha de triagem em automacao/fila-oceania.csv marcada 'sem-arte' e uma em triagem-oceania.md), garra.sh livre e ZERO fio no Gmail. FAMILIA DE ATS INEDITA: Recruiterflow, que aparecia duas vezes em CSV de fila e nunca tinha sido trabalhada; ZERO captcha (nenhum iframe de captcha, nenhum g-recaptcha, nenhum grecaptcha no DOM). REGUA DE VETO em 772 caracteres do anuncio: UM acerto, 'hybrid', e ele e a tag de modelo de trabalho e nao exigencia de residencia; ZERO veto escrito de residencia ou de autorizacao. CAMPOS, todos LIDOS DE VOLTA antes do clique: nome, email, telefone com DIAL CODE +55 conferido na tela, cidade/estado/CEP, pais Brazil escolhido no menu, LinkedIn, Summary com a carta de personagem (148 palavras, frase fixa de portfolio incluida), pergunta 'which area of work/skillsets' (330 caracteres, personagem em primeiro lugar), pergunta obrigatoria 'What has attracted you' (419 caracteres), 'Are you open to contract or freelance work?' = Yes, 'Have you played any of our games?' = No (resposta verdadeira; as opcoes eram 'Yes, I have played them extensively', 'Yes, briefly', 'No, but have read up on them', 'No'), 'Preferred contact method' = Email, CV anexado com POST 200 em /api/file/upload. RESSALVA HONESTA: NAO e vaga de personagem, e banco de talentos - conta como formulario pela regra 4 do BRIEF-JHON, nao entra na conta de personagem do dia. Segunda ressalva: a tag diz 'Remote across Australia', ou seja o trabalho remoto deles e dentro da Australia; nao e veto escrito, mas o caso dele depende de realocacao com patrocinio e isso esta dito no texto que foi enviado."
2026-09-20,"Cinnamon (cinnamonsoftware, Londres, Reino Unido)","General Application (banco de talentos), requisicao Teamtailor 7824035, publicada 30/05/2026, estudio de Roblox","Reino Unido (Londres) - carta diz 'I am ready to move for the role', repete a frase fixa de realocacao e declara que ele NAO tem autorizacao de trabalho no Reino Unido e precisa de patrocinio",vaga,https://cinnamonsoftware.teamtailor.com/jobs/7824035-general-application,ENVIADA E CONFIRMADA,"ENVIADA E CONFIRMADA em 20/09 as 15h0x UTC pelo apply_teamtailor.js --submit. DUAS PROVAS: (1) URL FINAL de confirmacao com id de candidatura proprio, https://cinnamonsoftware.teamtailor.com/jobs/7824035-general-application/applications/e45a14c0-f2dd-4b51-bcb2-4983838d85f4/thanks/...; (2) TEXTO LITERAL NA TELA: 'Applied to General Application' e 'Thanks for applying We have received your application and we will be reviewing it shortly.' CASA 100% INEDITA: zero ocorrencia de 'Cinnamon' em enviados.csv, processados.csv e docs/index.html, garra.sh livre, ZERO fio no Gmail. COMO FOI ACHADA: planilha comunitaria da regra 16 (gviz em CSV), que NAO tinha sido lida hoje por nenhuma rodada - o cruzamento por casa INEDITA achou 42 casas de arte no escopo nos ultimos 25 dias e esta e uma delas (a linha da planilha era 'VFX Artist', e o quadro inteiro tem 9 vagas, entre elas a General Application). REGUA DE VETO em 451 caracteres: ZERO ACERTO dos 110 termos. CAMPOS LIDOS DE VOLTA antes do clique: nome, email, telefone '+55 81 ...' com bandeira do Brasil conferida na captura, endereco escolhido DA LISTA ('Olinda Pernambuco, Brazil', com o visto de confirmacao), CV anexado com resume_remote_url de 127 caracteres, CARTA de 247 palavras na textarea 'Cover letter' CONFERIDA NA CAPTURA antes do Submit, consentimento marcado. Zero pergunta customizada e zero captcha. RESSALVA HONESTA: NAO e vaga de personagem, e General Application - conta como formulario pela regra 4 do BRIEF-JHON e nao entra na conta de personagem do dia. Segunda ressalva: e estudio de Roblox, e a carta ancora nisso de proposito ('stylized, readable characters built to a tight polygon and texture budget'), mas o catalogo de vagas deles hoje nao tem NENHUMA vaga de arte 3D aberta alem de 'Roblox Environment Artist / Map Builder' (ambiente, fora pela ordem de 10/09) e 'VFX Artist'."
2026-09-21,David Grette Studio (davidgrette.com),"3D Character Artist (Senior-Middle, Remote) - formulario proprio Contact Form 7 6.1.7, id 8891 na pagina /vacancies/; anuncio tambem no LinkedIn jobPosting 4449456287",Remoto do mundo inteiro - o anuncio escreve 'Remote work from anywhere in the world'; regua de veto: ZERO acerto dos 110 termos em 8.016 caracteres. A mensagem diz 'I am ready to move for the role' para o caso de a vaga virar presencial e declara sem rodeio que ele precisaria de patrocinio de visto nesse caso,vaga,https://davidgrette.com/vacancies/,ENVIADA E CONFIRMADA,"ENVIADA E CONFIRMADA em 21/09 as 00h5x UTC. PROVA LITERAL DO SERVIDOR, resposta REST do proprio Contact Form 7: {""contact_form_id"":8891,""status"":""mail_sent"",""message"":""Done!"",""posted_data_hash"":""cf0b8c5e74896c4e26414e6aefe693c0"",""into"":""#wpcf7-f8891-p8818-o1"",""invalid_fields"":[]} e a classe do formulario virando 'wpcf7-form sent'. PERSONAGEM. Campos enviados: your-name, your-vacation, your-email, your-links, your-portfolio, your-comment. Zero captcha na porta (nenhum campo _wpcf7_recaptcha_response no HTML). ATENCAO: o apply_cf7.js imprimiu 'NAO ENVIADO' e isso e FALSO NEGATIVO do detector dele, nao do envio - ver a linha de achado-de-medidor em processados.csv."
2026-09-21,"Naphora Games Group (naphora.com; sede na Arabia Saudita, contratacao EMEA)","3D Artist, requisicao Greenhouse 4795080101 / internal_job_id 4795080101, first_published e updated_at 2026-09-18T09:45:00-04:00, local declarado 'EMEA'; o anuncio no LinkedIn (4469178052) sai marcado Espanha e Portugal","EMEA remoto (Espanha e Portugal sao os locais anunciados e os dois estao no escopo) - regua de veto: 6.153 caracteres e UM acerto, e ele e falso positivo ('Strong proficiency in Blender, Maya'). Zero exigencia de residencia, zero de autorizacao. No unico campo de texto livre (Portfolio Link) a resposta diz 'I am ready to move for the role' e declara que ele precisaria de patrocinio de visto",vaga,https://naphora.com/careers/4795080101,ENVIADA E CONFIRMADA,"ENVIADA E CONFIRMADA em 21/09 as 01h3x UTC. PROVA LITERAL DO SERVIDOR: POST https://naphora.com/api/greenhouse/jobs/4795080101/apply devolveu HTTP 201 com corpo {""success"":true}. NAO E DE PERSONAGEM e eu digo na primeira linha: o titulo e '3D Artist' generalista de jogo mobile, e o corpo pede 'Create props, environments, and characters based on the needs and visual direction of each game'. RESSALVA HONESTA: a casa e a Naphora Games Group, que se descreve como '#1 Mobile Game Studio in Saudi Arabia & MENA' - a Arabia Saudita NAO esta na lista de paises do escopo; o que coloca a vaga dentro do escopo e o local de contratacao (EMEA, anunciado em Espanha e Portugal). ACHADO DE MECANISMO: o formulario e Greenhouse mas passa por um PROXY do proprio site (/api/greenhouse/jobs/<id>/apply, com mapped_url_token=naphora_website) e por isso NAO pede o codigo de seguranca por email que trava a campanha nos quadros diretos do Greenhouse. RECIBO NO GMAIL CONFIRMADO as 00h45m05 UTC de 21/09: no-reply@eu.greenhouse-mail.io, assunto 'Thank you for applying to Naphora Games Group', corpo 'Thanks for applying to Naphora Games Group. Your application has been received and we will review it right away.' - ou seja o POST pelo proxy da casa chega mesmo no Greenhouse (instancia EU) e gera a mesma trilha de um envio direto, SEM o codigo de seguranca."
2026-09-21,Fracture Labs / DECIMATED (decimated.net; Estonia),"3D Character Artist - questionario oficial do anuncio (Typeform QsfV01 'Unreal Engine Specialist', 14 perguntas), que e a rota que o proprio anuncio manda usar: 'To apply, please fill out this questionnaire'","Estonia (o anuncio nao declara local nem remoto) - regua de veto: ZERO acerto dos 118 termos em 2.054 caracteres do corpo do anuncio lido no navegador (a pagina e Vue e o curl nao traz o corpo). PERSONAGEM PURO: 'Create highly-original, next-gen game character art', 'Translate concept and reference artwork into 3D', Maya, ZBrush, Substance Painter, Marvelous Designer, hair spline-based e creature modeling como preferidos. Respostas com a verdade: specialized in = characters, level = senior, anos = 10-20, cidade atual com 'ready to move for the role; I would need work sponsorship', pretensao 'Open to aligning with your band; around USD 4,000/month (EUR 45,000/year)' pela regra de casa pequena na Europa",vaga,https://www.decimated.net/jobs/,ENVIADA (tela de confirmacao),"ENVIADA em 21/09 as 01h5x UTC pelo Magico. PROVA: tela de agradecimento do proprio Typeform depois do clique em Submit, texto literal 'Thanks for completing this typeform' (o thankyou_screen do Typeform so nasce depois do POST de responses aceito). RESSALVA DE METODO: o filtro de rede do script nao capturou o POST de responses, entao a prova e de tela e nao de servidor; nao reenviar para tirar a duvida. As 14 respostas foram lidas de volta IDENTICAS e as 3 escolhas conferidas por aria-checked (A characters, D 10-20, C senior). Discord deixado vazio (opcional). ROTA DO SITE MEDIDA E DESCARTADA: o formulario proprio #jobForm (POST /feedback) NAO exige captcha na primeira tentativa (o reCAPTCHA fica display:none e so e cobrado pelo JS a partir da 3a tentativa), e o servidor VALIDA sem captcha - devolveu 422 com {'name':['The name format is invalid.'],'message':['The message must not be greater than 255 characters.']} - mas, com nome e mensagem aceitos, devolveu HTTP 500 'Server Error' duas vezes seguidas: rota quebrada do lado deles, nada entregue por ali. A pagina 'que nao hidrata' HIDRATA com o navegador headed e espera por condicao (os 16 cards de vaga renderizam em menos de 10 s); o que estava escondido e que a descricao e o gatilho 'Leave a request' ficam dentro do acordeao do card (.job__caption)."
2026-09-21,HARI (Studio HARI / Hari Studios; hari-studios.com; Paris 75011),"Candidature spontanee (banco de talentos oficial, vacancy_id 424047, slug vq5r6pyaexgpammv-candidature-spontanee), com CV e as 6 perguntas do formulario respondidas","Franca (Paris 11e, 166 Bd Voltaire; o campo Localisation da casa oferece Paris, Angouleme e Remote)","portal (Flatchr - careers.flatchr.io, familia de ATS que a campanha nunca tinha trabalhado)",https://careers.flatchr.io/fr/company/haristudios/vacancy/vq5r6pyaexgpammv-candidature-spontanee/apply,ENVIADA (HTTP 200 do servidor + recibo independente no Gmail),"ENVIADA em 21/09 as 03h05 UTC. PROVA DE SERVIDOR, DUAS INDEPENDENTES: (1) POST https://careers.flatchr.io/vacancy/vq5r6pyaexgpammv-candidature-spontanee devolveu HTTP 200 com corpo JSON da vaga (o proprio JS do quadro so navega para /apply/success quando status===200); (2) recibo no Gmail as 03h05m52s de thread-gj29nxl@mail.flatchr.io, assunto 'Merci pour votre candidature chez Hari Studios !', texto literal 'Nous avons bien recu votre candidature pour le poste de Candidature spontanee.'. POR QUE ESTA PORTA VALE: o formulario da espontanea tem campo OBRIGATORIO Specialites (tag, multipla) cujas opcoes incluem Character Modeling, Texturing, Look Dev, Visual Development, Hair, Cloth e Rig - ou seja e banco de talentos COM departamento de personagem declarado pela propria casa. Marcadas as quatro que ele sustenta: Visual Development, Character Modeling, Texturing e Look Dev. GANCHO, colado da pagina aberta e conferida (careers.flatchr.io/fr/company/haristudios/): 'Vous rejoignez un studio 3D de 200 passionnes, artistes et techniciens, qui place la narration au coeur du reacteur. Chaque personnage, chaque episode, chaque plan est un defi creatif'. Estudio do Grizzy & les Lemmings (Grizzyverse). CAMPOS RESPONDIDOS: Localisation = Paris;Remote (realocacao explicita); Specialites = as quatro acima; Logiciels = Houdini;Maya;Photoshop;ZBrush; Niveau d'experience = Senior; Ecole = ver ressalva; link extra = vinicavalcanti.com; Liens utiles = LinkedIn e ArtStation; motivacao em frances com a frase obrigatoria 'I am ready to move for the role' e a verdade sobre visto ('je ne suis pas citoyen de l'Union europeenne et j'aurais besoin d'un parrainage de visa'). CV anexado (200 aceito com o arquivo no multipart). RESSALVA HONESTA, e ela e a mais importante: o campo OBRIGATORIO 'Ecole' so oferece escolas francesas (MOPA, ArtFX, Rubika, Gobelins, ESMA, Emile Cohl, Ecole des Nouvelles Images, Parallel 14, Georges Melies) e ele nao frequentou nenhuma. NAO foi marcada nenhuma delas. A resposta enviada foi a verdade em texto livre: 'Aucune de ces ecoles (formation au Bresil)', e o corpo da motivacao repete isso por escrito. Isso e legitimo na plataforma e nao gambiarra: o proprio JSON que o servidor devolveu no 200 mostra que as tags desta casa sao 'multiple':true e 'creatable':true, ou seja aceitam valor novo. Mesmo assim, se o filtro interno deles procurar egresso de escola francesa, esta candidatura cai nesse filtro. SEGUNDA RESSALVA: o corpo do 200 e o objeto da VAGA e nao um id de candidato, entao a prova que fecha o caso e o recibo do Gmail e nao o 200 sozinho. DEDUPE ANTES DO ENVIO: garra 'livre'; zero ocorrencia de 'studiohari', 'hari-studios' e 'haristudios' em enviados.csv, automacao/processados.csv e docs/index.html (os 4/55/30 acertos de 'hari' sao subcadeia de outras palavras, conferidos um a um); Gmail com 'hari OR haristudios OR flatchr OR ""Studio Hari""' devolveu ZERO fio antes do envio. NOTA DE ENDERECO, licao do Joe de hoje confirmada por mim: studiohari.com em https:// da erro 60 de certificado (000, zero byte) e NAO e dominio morto - em http:// com -L abre 200 em hari-studios.com."
2026-09-14,"Guerrilla Games (pessoa: Arno Schmitz, Lead Character Artist)",info@arnoschmitz.com,"Senior Character Artist - Wingfeather Saga credit - stylized + grooming (carta fria do lote 39, 14/09 17h54-18h00 UTC; lembrete de 7 dias em 21/09 11h1x para quem nao respondeu)",aguardando
2026-09-14,MADFINGER Games (pessoa: Eva Balvircakova),ebalvircakova@madfingergames.com,"Senior Character Artist - Wingfeather Saga credit - stylized + grooming (carta fria do lote 39, 14/09 17h54-18h00 UTC; lembrete de 7 dias em 21/09 11h1x para quem nao respondeu)",recusado (veto escrito de patrocinio em 15/09)
2026-09-14,"Polyester Studio (pessoa: Giles Sander, Senior Producer)",giles@polyesterstudio.com,"Senior Character Artist - Wingfeather Saga credit - stylized + grooming (carta fria do lote 39, 14/09 17h54-18h00 UTC; lembrete de 7 dias em 21/09 11h1x para quem nao respondeu)","recusado (time completo, porta aberta; respondido 15/09)"
2026-09-14,Concept Art House (pessoa: Jake Fishman),jake.fishman@conceptarthouse.com,"Senior Character Artist - Wingfeather Saga credit - stylized + grooming (carta fria do lote 39, 14/09 17h54-18h00 UTC; lembrete de 7 dias em 21/09 11h1x para quem nao respondeu)",aguardando
2026-09-14,"Team Reptile (pessoa: Tim Remmers, cofundador)",tim@team-reptile.com,"Senior Character Artist - Wingfeather Saga credit - stylized + grooming (carta fria do lote 39, 14/09 17h54-18h00 UTC; lembrete de 7 dias em 21/09 11h1x para quem nao respondeu)",aguardando
2026-09-14,"Animal Logic / Netflix Animation (pessoa: Curtis Andrus, groom artist)",curtis.andrus@animallogic.ca,"Senior Character Artist - Wingfeather Saga credit - stylized + grooming (carta fria do lote 39, 14/09 17h54-18h00 UTC; lembrete de 7 dias em 21/09 11h1x para quem nao respondeu)",aguardando
2026-09-14,"HundredStar Games (respondeu Fiona, recrutamento)",jobs@hundredstar.games,"Senior Character Artist - Wingfeather Saga credit - stylized + grooming (carta fria do lote 39, 14/09 17h54-18h00 UTC; lembrete de 7 dias em 21/09 11h1x para quem nao respondeu)",recusado (projeto realista; respondido 16/09)
2026-09-14,Hyper Luminal Games,info@hyperluminalgames.com,"Senior Character Artist - Wingfeather Saga credit - stylized + grooming (carta fria do lote 39, 14/09 17h54-18h00 UTC; lembrete de 7 dias em 21/09 11h1x para quem nao respondeu)",aguardando
2026-09-14,Cahoots Studios,jobs@cahootsstudios.com,"Senior Character Artist - Wingfeather Saga credit - stylized + grooming (carta fria do lote 39, 14/09 17h54-18h00 UTC; lembrete de 7 dias em 21/09 11h1x para quem nao respondeu)",aguardando (auto-resposta de recebimento em 14/09)
2026-09-14,Vertpaint Studios,services@vertpaint.com,"Senior Character Artist - Wingfeather Saga credit - stylized + grooming (carta fria do lote 39, 14/09 17h54-18h00 UTC; lembrete de 7 dias em 21/09 11h1x para quem nao respondeu)",aguardando
2026-09-14,314 Arts,hello@314arts.com,"Senior Character Artist - Wingfeather Saga credit - stylized + grooming (carta fria do lote 39, 14/09 17h54-18h00 UTC; lembrete de 7 dias em 21/09 11h1x para quem nao respondeu)","bounce 550, endereco morto"
2026-09-14,"IO Interactive (pessoa: Beatrice Harty, Lead Character Artist)",contact@beaharty.com,"Senior Character Artist - Wingfeather Saga credit - stylized + grooming (carta fria do lote 39, 14/09 17h54-18h00 UTC; lembrete de 7 dias em 21/09 11h1x para quem nao respondeu)",aguardando
2026-09-14,Rodeo FX,flord@rodeofx.com,"Senior Character Artist - Wingfeather Saga credit - stylized + grooming (carta fria do lote 39, 14/09 17h54-18h00 UTC; lembrete de 7 dias em 21/09 11h1x para quem nao respondeu)","bounce 550, endereco morto"
2026-09-14,"Coffee Stain North (pessoa: Maria Sjoman, HR)",maria.sjoman@coffeestain.com,"Senior Character Artist - Wingfeather Saga credit - stylized + grooming (carta fria do lote 39, 14/09 17h54-18h00 UTC; lembrete de 7 dias em 21/09 11h1x para quem nao respondeu)",aguardando
2026-09-14,Stellar Creative Lab,hello@stellarcreativelab.com,"Senior Character Artist - Wingfeather Saga credit - stylized + grooming (carta fria do lote 39, 14/09 17h54-18h00 UTC; lembrete de 7 dias em 21/09 11h1x para quem nao respondeu)",aguardando
2026-09-14,Frontier Developments,ebaldino@frontier.co.uk,"Senior Character Artist - Wingfeather Saga credit - stylized + grooming (carta fria do lote 39, 14/09 17h54-18h00 UTC; lembrete de 7 dias em 21/09 11h1x para quem nao respondeu)",recusado (recusa da candidatura de Experienced Character Artist em 20/09)
2026-09-14,Studio Pupil (pessoa: Dario van Vree),dario@studiopupil.com,"Senior Character Artist - Wingfeather Saga credit - stylized + grooming (carta fria do lote 39, 14/09 17h54-18h00 UTC; lembrete de 7 dias em 21/09 11h1x para quem nao respondeu)",aguardando
2026-09-14,Mindbender (pessoa: Michael),michael@mindbender.com,"Senior Character Artist - Wingfeather Saga credit - stylized + grooming (carta fria do lote 39, 14/09 17h54-18h00 UTC; lembrete de 7 dias em 21/09 11h1x para quem nao respondeu)","recusado (time completo, porta aberta; respondido 15/09)"
2026-09-14,"Hyper Games (pessoa: Are Sundnes, CEO)",are@hypergames.no,"Senior Character Artist - Wingfeather Saga credit - stylized + grooming (carta fria do lote 39, 14/09 17h54-18h00 UTC; lembrete de 7 dias em 21/09 11h1x para quem nao respondeu)",aguardando
2026-09-14,Snowcloud Films (pessoa: Petter Lindblad),petter.lindblad@snowcloud.se,"Senior Character Artist - Wingfeather Saga credit - stylized + grooming (carta fria do lote 39, 14/09 17h54-18h00 UTC; lembrete de 7 dias em 21/09 11h1x para quem nao respondeu)",aguardando
2026-09-14,Rain Games (pessoa: Peter Wingaard),peter@rain-games.com,"Senior Character Artist - Wingfeather Saga credit - stylized + grooming (carta fria do lote 39, 14/09 17h54-18h00 UTC; lembrete de 7 dias em 21/09 11h1x para quem nao respondeu)",aguardando
2026-09-14,Denda Games (pessoa: Karlijn Walters),karlijn@denda.com,"Senior Character Artist - Wingfeather Saga credit - stylized + grooming (carta fria do lote 39, 14/09 17h54-18h00 UTC; lembrete de 7 dias em 21/09 11h1x para quem nao respondeu)",aguardando
2026-09-14,"LudoCraft (pessoa: Tony Manninen, CEO)",tony.manninen@ludocraft.com,"Senior Character Artist - Wingfeather Saga credit - stylized + grooming (carta fria do lote 39, 14/09 17h54-18h00 UTC; lembrete de 7 dias em 21/09 11h1x para quem nao respondeu)",aguardando
2026-09-14,3D Picnic (pessoa: Joost),joost@3dpicnic.nl,"Senior Character Artist - Wingfeather Saga credit - stylized + grooming (carta fria do lote 39, 14/09 17h54-18h00 UTC; lembrete de 7 dias em 21/09 11h1x para quem nao respondeu)",recusado (faz o personagem ele mesmo; respondido 15/09)
2026-09-14,Monobanda (pessoa: Simon van der Linden),simon@monobanda.nl,"Senior Character Artist - Wingfeather Saga credit - stylized + grooming (carta fria do lote 39, 14/09 17h54-18h00 UTC; lembrete de 7 dias em 21/09 11h1x para quem nao respondeu)",aguardando
2026-09-14,Dirk Interactive,contact@dirkinteractive.com,"Senior Character Artist - Wingfeather Saga credit - stylized + grooming (carta fria do lote 39, 14/09 17h54-18h00 UTC; lembrete de 7 dias em 21/09 11h1x para quem nao respondeu)",aguardando
2026-09-14,"Boulder Media (pessoa: Gillian Comerford, Creative Director)",Gillian.Comerford@bouldermedia.tv,"Senior Character Artist - Wingfeather Saga credit - stylized + grooming (carta fria do lote 39, 14/09 17h54-18h00 UTC; lembrete de 7 dias em 21/09 11h1x para quem nao respondeu)",recusado (sem 3D na grade do ano; respondido 15/09)
2026-09-14,"elk.Studios (pessoa: Andrew Hamilton, Creative Director)",andrew.hamilton@elkstudios.tv,"Senior Character Artist - Wingfeather Saga credit - stylized + grooming (carta fria do lote 39, 14/09 17h54-18h00 UTC; lembrete de 7 dias em 21/09 11h1x para quem nao respondeu)",aguardando
2026-09-14,"Dog Ears (pessoa: John McDaid, Creative Director)",john@cheersdogears.com,"Senior Character Artist - Wingfeather Saga credit - stylized + grooming (carta fria do lote 39, 14/09 17h54-18h00 UTC; lembrete de 7 dias em 21/09 11h1x para quem nao respondeu)",aguardando
2026-09-14,"ALT Animation (pessoa: Lee McQuade, Creative Director)",lee@altanimation.com,"Senior Character Artist - Wingfeather Saga credit - stylized + grooming (carta fria do lote 39, 14/09 17h54-18h00 UTC; lembrete de 7 dias em 21/09 11h1x para quem nao respondeu)",aguardando
2026-09-14,"Pikkukala (pessoa: Veronica Lassenius, Creative Director)",veronica@pikkukala.com,"Senior Character Artist - Wingfeather Saga credit - stylized + grooming (carta fria do lote 39, 14/09 17h54-18h00 UTC; lembrete de 7 dias em 21/09 11h1x para quem nao respondeu)",aguardando
2026-09-14,Treehouse Republic (pessoa: Dale Robinson),dale@treehouserepublic.com,"Senior Character Artist - Wingfeather Saga credit - stylized + grooming (carta fria do lote 39, 14/09 17h54-18h00 UTC; lembrete de 7 dias em 21/09 11h1x para quem nao respondeu)",aguardando (OOO ate 15/09)
2026-09-14,"Wiggleywoo (pessoa: Susan Broe, Producer e cofundadora)",susan@wiggleywoo.com,"Senior Character Artist - Wingfeather Saga credit - stylized + grooming (carta fria do lote 39, 14/09 17h54-18h00 UTC; lembrete de 7 dias em 21/09 11h1x para quem nao respondeu)",recusado (casa 2D e contratacao so na Irlanda por incentivo fiscal; respondido 21/09)
2026-09-14,"UFX Studios (espontanea, escritorio de Bruxelas)",vfx_hr@ufxstudios.com,"Senior Character Artist - Wingfeather Saga credit - stylized + grooming (carta fria do lote 39, 14/09 17h54-18h00 UTC; lembrete de 7 dias em 21/09 11h1x para quem nao respondeu)",aguardando
2026-09-21,"Electronic Arts (EA SPORTS FC, EA Studios - SPORTS)","Senior Character Artist - EA Sports FC, requisicao 215788 (efetiva, Regular Employee, hibrida)","Canada (Vancouver, BC)","portal (Avature, jobs.ea.com, pela conta de candidato da campanha)",https://jobs.ea.com/en_US/careers/JobDetail/Senior-Character-Artist/215788,ENVIADA E CONFIRMADA,"ENVIADA 21/09 as 12h5x UTC, com prova de servidor DUPLA. (1) O POST do passo final do wizard (botao 2680-save na tela ApplicationEEO?jobId=215788) devolveu HTTP 302 e a pagina seguinte diz, literal: ""Thanks for applying to Electronic Arts! We'll take it from here."" (2) Recibo no Gmail as 12:57:11Z de EAcareers@ea.com, assunto ""Thanks for applying to Senior Character Artist - EA Sports FC (Req ID 215788) at Electronic Arts!"", thread 1a0c40ab8dc2ed58. A PAREDE DE DUAS SEMANAS CAIU E NAO ERA CAPTCHA NEM REDE: o botao Next da tela de informacoes gerais, que devolvia Internal server error em cinco tentativas em dois dias, hoje devolveu HTTP 302 e avancou para ApplicationEEO. Os tres obrigatorios que estavam vazios foram respondidos (7836 = EA Careers Website; 17623 = More Than 3 Years; 17624 = No) e a leitura de volta deu zero obrigatorio visivel vazio. AUTORIZACAO COM A VERDADE: 3679-2 ""Do you now or in the future require immigration sponsorship to work in the country you are applying to?"" = Yes; 3679-3 restricao = No; 3684 ""I certify that all information on this application is true and complete"" = marcado. Faixa publicada pela EA CAD 114.300 a 156.200. Dedupe: 215788 nao tinha nenhuma ocorrencia em enviados.csv; a lista de candidaturas da propria conta mostra 215358 e 215657 (Character Artist, outro nivel) e 215660 (Environment Artist) ja enviadas, e a 215788 e requisicao propria e senior. RESSALVA ESCRITA: duas entradas antigas do painel chamavam a 215788 de repetida da 215358 do mesmo time; a fila revalidada em 16/09 desfez essa leitura por ID e nivel, e foi a fila que eu segui."
