estudio,pais,cidade,site,ja_na_campanha,tem_vaga_disciplina,url_da_vaga,veto_encontrado,observacao
Foxie Ventures,Austrália,Adelaide,https://www.foxieventures.com/,nao,sim,https://www.foxieventures.com/jobs/,NENHUM dos 11 termos,"MEDIA (ambiente). Environment Artist, Adelaide, Full Time. O quadro trata as posicoes como Express Interest. Busca literal dos 11 termos: nenhum. | ficha: https://3dvf.com/en/studio/foxie-ventures/"
Gradient Effects,EUA,Los Angeles,https://www.gradientfx.com/,nao,sim,https://www.gradientfx.com/jobs/,NENHUM dos 11 termos,"ALTA. 3D MODELER - Los Angeles. Anuncio integral lido: Maya, ZBrush, MudBox, Mari, materiais/shader/look development. Candidatura em https://gradientfx.com/application/. Busca literal dos 11 termos na pagina inteira: nenhum. Diz apenas NO PHONE CALLS e que nao aceita walk-in. | ficha: https://3dvf.com/en/studio/gradient-effects/"
GFactory,França,Lyon,https://www.the-gfactory.com/fr/,nao,sim,https://www.the-gfactory.com/fr/jobs/,"french (falso positivo: descreve a empresa como french art outsourcing studio, nao exige idioma)","MEDIA (ambiente). 3D ENVIRONMENT ARTIST MID/SENIOR, remote freelancer. Ambiente, entao MEDIA pela regra. Formato freelance, nao fixo. Unico dos 11 termos que aparece e french, e no contexto da descricao da empresa. | ficha: https://3dvf.com/en/studio/the-gfactory/"
Jungler,França,Saint Denis La plaine,https://www.jungler.tv/,nao,sim,https://www.jungler.tv/jobs,NENHUM dos 11 termos,"ALTA (pool de perfis, nao vaga datada). Pagina lista perfis procurados com botao Apply por perfil, entre eles 3D Look Dev, 3D Modeling - Characters, 3D Surfacing e Groom Artist, todos em La Plaine St-Denis. NAO e anuncio datado, e captacao permanente por perfil. Busca literal dos 11 termos: nenhum. | ficha: https://3dvf.com/en/studio/jungler/"
37Degrees Studio,Nova Zelândia,Wellington,https://37degrees-studio.com/,nao,sim,https://37degrees-studio.com/careers/,"NENHUM dos 11 termos, mas ver observacao","MEDIA (ambiente). SENIOR MATTE PAINTER/ENVIRONMENT ARTIST, Wellington. Nenhum dos 11 termos aparece, porem o texto diz literalmente Operating fully in-office from Wellington NZ e pede que o candidato informe your visa situation for working in New Zealand. Nao e veto escrito, e restricao presencial declarada. Candidatura por email. | ficha: https://3dvf.com/en/studio/37degrees-studio/"
Massive Entertainment,Suécia,Malmö,https://www.massive.se/,nao,sim,https://www.massive.se/job/lead-character-artist-744000144027102/,NENHUM dos 11 termos,"ALTA. Lead Character Artist, Malmo, The Division 2 (Ubisoft). Anuncio integral lido: Maya/3ds Max/ZBrush/Substance, personagem 3D puro. Busca literal dos 11 termos de veto: nenhum. Quadro tem 7 vagas. | ficha: https://3dvf.com/en/studio/massive-entertainment/"
Studio Rakete,Alemanha,Hamburg,http://www.studiorakete.de/,sim,nao,https://www.studiorakete.de/en/job/,NENHUM dos 17 termos,"MEDIDO 08/09: pagina de carreiras https://www.studiorakete.de/en/job/ lida por curl (804 caracteres de texto) e NENHUM titulo da disciplina (personagem, criatura, modelagem, textura, look dev, surfacing, grooming, visual development, generalista 3D, hard surface, props, ambiente, lideranca de arte 3D) aparece nela. | ficha: https://3dvf.com/en/studio/studio-rakete/"
Trixter,Alemanha,Munich,https://www.trixter.de/,sim,nao,https://www.trixter.de/jobs/,NENHUM dos 17 termos,"MEDIDO 08/09: pagina de carreiras https://www.trixter.de/jobs/ lida por curl (5024 caracteres de texto) e NENHUM titulo da disciplina (personagem, criatura, modelagem, textura, look dev, surfacing, grooming, visual development, generalista 3D, hard surface, props, ambiente, lideranca de arte 3D) aparece nela. | ficha: https://3dvf.com/en/studio/trixter/"
3p Studio,Austrália,Brisbane,https://www.3pstudio.com.au/,nao,nao,https://www.3pstudio.com.au/jobs,NENHUM dos 17 termos,"MEDIDO 08/09: pagina de carreiras https://www.3pstudio.com.au/jobs lida por curl (49817 caracteres de texto) e NENHUM titulo da disciplina (personagem, criatura, modelagem, textura, look dev, surfacing, grooming, visual development, generalista 3D, hard surface, props, ambiente, lideranca de arte 3D) aparece nela. | ficha: https://3dvf.com/en/studio/3p-studio/"
Blackbird VFX,Austrália,Sydney,https://blackbird.la/,sim,site-fora-do-ar,,nao aplicavel — site nao respondeu,"RE-TESTADO 08/09 com o protocolo de duas variacoes (com e sem www, com e sem barra final, https sempre, User-Agent de Chrome, e http como ultimo recurso): 3 enderecos tentados, nenhum respondeu. Tentativas: https://blackbird.la/ SSLError | https://www.blackbird.la/ SSLError | http://blackbird.la/ HTTP 403 | ficha: https://3dvf.com/en/studio/blackbird-vfx/"
Blowfish Studios,Austrália,Sydney,https://www.blowfishstudios.com/,nao,nao_encontrada,,,"Pagina de carreiras lida (https://www.blowfishstudios.com/careers): nenhum titulo da disciplina no HTML. Pode ser quadro carregado por JavaScript, que nao da para ler sem navegador. | ficha: https://3dvf.com/en/studio/blowfish-studios/"
Cheeky Little,Austrália,Manly,https://www.cheekylittle.com.au/,sim,nao,https://cheekylittle.com.au/careers/,NENHUM dos 17 termos,"MEDIDO 08/09: pagina de carreiras https://cheekylittle.com.au/careers/ lida por curl (1504 caracteres de texto) e NENHUM titulo da disciplina (personagem, criatura, modelagem, textura, look dev, surfacing, grooming, visual development, generalista 3D, hard surface, props, ambiente, lideranca de arte 3D) aparece nela. | ficha: https://3dvf.com/en/studio/cheeky-little/"
Cumulus VFX,Austrália,Byron Bay,https://www.cumulusvfx.com/,nao,site-fora-do-ar,,nao aplicavel — site nao respondeu,"RE-TESTADO 08/09 com o protocolo de duas variacoes (com e sem www, com e sem barra final, https sempre, User-Agent de Chrome, e http como ultimo recurso): 3 enderecos tentados, nenhum respondeu. Tentativas: https://www.cumulusvfx.com/ HTTP 200 | https://cumulusvfx.com/ HTTP 200 | http://www.cumulusvfx.com/ HTTP 403 | ficha: https://3dvf.com/en/studio/cumulus-vfx/"
Cutting Edge Post,Austrália,Sydney,https://www.cuttingedge.com.au/,nao,site-fora-do-ar,,nao aplicavel — site nao respondeu,"RE-TESTADO 08/09 com o protocolo de duas variacoes (com e sem www, com e sem barra final, https sempre, User-Agent de Chrome, e http como ultimo recurso): 3 enderecos tentados, nenhum respondeu. Tentativas: https://www.cuttingedge.com.au/ SSLError | https://cuttingedge.com.au/ SSLError | http://www.cuttingedge.com.au/ HTTP 403 | ficha: https://3dvf.com/en/studio/cutting-edge-post/"
Eye Candy Animation,Austrália,Braddon,https://eyecandyanimation.com/,nao,site-fora-do-ar,,nao aplicavel — site nao respondeu,"RE-TESTADO 08/09 com o protocolo de duas variacoes (com e sem www, com e sem barra final, https sempre, User-Agent de Chrome, e http como ultimo recurso): 3 enderecos tentados, nenhum respondeu. Tentativas: https://eyecandyanimation.com/ HTTP 403 | https://www.eyecandyanimation.com/ HTTP 403 | http://eyecandyanimation.com/ HTTP 403 | ficha: https://3dvf.com/en/studio/eye-candy-animation/"
Fin Design + Effects,Austrália,Sydney,https://www.findesign.com.au/,sim,nao,https://www.findesign.com.au/careers,NENHUM dos 17 termos,"MEDIDO 08/09: pagina de carreiras https://www.findesign.com.au/careers lida por curl (2270 caracteres de texto) e NENHUM titulo da disciplina (personagem, criatura, modelagem, textura, look dev, surfacing, grooming, visual development, generalista 3D, hard surface, props, ambiente, lideranca de arte 3D) aparece nela. | ficha: https://3dvf.com/en/studio/fin-design-effects/"
Flying Bark,Austrália,Alexandria,https://www.flyingbark.com.au/,sim,nao,,nao se aplica (sem vaga da disciplina),"MEDIDO 08/09 pela API publica do ATS (bamboohr:flyingbark, bamboohr:staticfe, bamboohr:resources, bamboohr:bhrpendo, bamboohr:images7): quadro devolveu 10 vaga(s) e NENHUMA e da disciplina (personagem, modelagem, textura, material, lookdev, surfacing, groom, sculpt, visual development). Afirmacao medida, nao presumida. | ficha: https://3dvf.com/en/studio/flying-bark/"
Goodman Brothers,Austrália,Sydney,https://www.goodmanbrothers.com/,nao,nao_encontrada,,nao aplicavel — quadro nao localizado,"MEDIDO 08/09: o site RESPONDE (https://www.goodmanbrothers.com/), mas nao achei pagina de carreiras. Varri os links da home, chutei 14 caminhos (/careers, /jobs, /join-us, /recrutement, /nous-rejoindre, /carrieres, /vacancies e afins) e li o sitemap.xml e o robots.txt; o sitemap nao tem URL de carreiras. Nenhuma devolveu quadro de vagas. | ficha: https://3dvf.com/en/studio/goodman-brothers/"
Jumbla,Austrália,Melbourne,https://www.jumbla.com/,nao,nao_encontrada,,,"Pagina de carreiras lida (https://www.jumbla.com/careers): nenhum titulo da disciplina no HTML. Pode ser quadro carregado por JavaScript, que nao da para ler sem navegador. | ficha: https://3dvf.com/en/studio/jumbla/"
Luma Pictures,Austrália,Melbourne,https://www.lumapictures.com/,sim,nao,https://www.lumapictures.com/careers,NENHUM dos 17 termos,"MEDIDO 08/09: pagina de carreiras https://www.lumapictures.com/careers lida por curl (3036 caracteres de texto) e NENHUM titulo da disciplina (personagem, criatura, modelagem, textura, look dev, surfacing, grooming, visual development, generalista 3D, hard surface, props, ambiente, lideranca de arte 3D) aparece nela. ATENCAO: a pagina traz caracteres Unicode invisiveis; foram ignorados e o texto foi lido sem eles. | ficha: https://3dvf.com/en/studio/luma-pictures/"
Mighty Nice,Austrália,Chippendale,https://mightynice.com.au/,sim,site-fora-do-ar,,nao aplicavel — site nao respondeu,"RE-TESTADO 08/09 com o protocolo de duas variacoes (com e sem www, com e sem barra final, https sempre, User-Agent de Chrome, e http como ultimo recurso): 3 enderecos tentados, nenhum respondeu. Tentativas: https://mightynice.com.au/ HTTP 202 | https://www.mightynice.com.au/ HTTP 202 | http://mightynice.com.au/ HTTP 403 | ficha: https://3dvf.com/en/studio/mighty-nice/"
Mode Games,Austrália,Sydney,https://mode-games.com/,nao,nao_encontrada,,,"Pagina de carreiras lida (https://mode-games.com/jobs): nenhum titulo da disciplina no HTML. Pode ser quadro carregado por JavaScript, que nao da para ler sem navegador. | ficha: https://3dvf.com/en/studio/mode-games/"
Pixel Zoo Animation Studios,Austrália,Brisbane,https://www.pixelzoo.com.au/,sim,nao,https://pixelzoo.com.au/careers/,NENHUM dos 17 termos,"MEDIDO 08/09: pagina de carreiras https://pixelzoo.com.au/careers/ lida por curl (8846 caracteres de texto) e NENHUM titulo da disciplina (personagem, criatura, modelagem, textura, look dev, surfacing, grooming, visual development, generalista 3D, hard surface, props, ambiente, lideranca de arte 3D) aparece nela. | ficha: https://3dvf.com/en/studio/pixel-zoo-animation-studios/"
Plastic Wax,Austrália,Sydney,https://www.plasticwax.com/,sim,nao,https://www.plasticwax.com/careers,NENHUM dos 17 termos,"MEDIDO 08/09: pagina de carreiras https://www.plasticwax.com/careers lida por curl (289716 caracteres de texto) e NENHUM titulo da disciplina (personagem, criatura, modelagem, textura, look dev, surfacing, grooming, visual development, generalista 3D, hard surface, props, ambiente, lideranca de arte 3D) aparece nela. ATENCAO: a pagina traz caracteres Unicode invisiveis; foram ignorados e o texto foi lido sem eles. | ficha: https://3dvf.com/en/studio/plastic-wax/"
Resin,Austrália,Adelaide,https://www.resin.tv/,nao,nao_encontrada,,nao aplicavel — quadro nao localizado,"MEDIDO 08/09: o site RESPONDE (https://www.resin.com.au/), mas nao achei pagina de carreiras. Varri os links da home, chutei 14 caminhos (/careers, /jobs, /join-us, /recrutement, /nous-rejoindre, /carrieres, /vacancies e afins) e li o sitemap.xml e o robots.txt; o sitemap nao tem URL de carreiras. Nenhuma devolveu quadro de vagas. | ficha: https://3dvf.com/en/studio/resin/"
Rising Sun Pictures,Austrália,Adelaide,https://www.rsp.com.au/,sim,precisa-de-navegador,https://careers.pitchblackcompany.com/rsp/,nao verificavel por API,"MEDIDO 08/09: mesmo quadro SuccessFactors do grupo Pitch Black. O sitemap lista Senior Modelling Artist e Senior Look Development Artist em Adelaide, mas as fichas devolvem ""The system cant display the job at this time"". PRECISA DE NAVEGADOR. | ficha: https://3dvf.com/en/studio/rising-sun-pictures/"
Rotor Studios,Austrália,Sydney,https://www.rotorstudios.com/,nao,nao_encontrada,,,"Pagina de carreiras lida (https://rotorstudios.elmotalent.com.au/careers/careers/jobs): nenhum titulo da disciplina no HTML. Pode ser quadro carregado por JavaScript, que nao da para ler sem navegador. | ficha: https://3dvf.com/en/studio/rotor-studios/"
Spinifex Group,Austrália,Sydney,https://www.spinifexgroup.com/,nao,nao,https://spinifexgroup.com:443/careers,NENHUM dos 17 termos,"MEDIDO 08/09: pagina de carreiras https://spinifexgroup.com:443/careers lida por curl (14398 caracteres de texto) e NENHUM titulo da disciplina (personagem, criatura, modelagem, textura, look dev, surfacing, grooming, visual development, generalista 3D, hard surface, props, ambiente, lideranca de arte 3D) aparece nela. | ficha: https://3dvf.com/en/studio/spinifex-group/"
Studio Hackett,Austrália,Sydney,https://www.studiohackett.com/,nao,nao_encontrada,,nao aplicavel — quadro nao localizado,"MEDIDO 08/09: o site RESPONDE (https://tlcphotographyatx.com/), mas nao achei pagina de carreiras. Varri os links da home, chutei 14 caminhos (/careers, /jobs, /join-us, /recrutement, /nous-rejoindre, /carrieres, /vacancies e afins) e li o sitemap.xml e o robots.txt; o sitemap nao tem URL de carreiras. Nenhuma devolveu quadro de vagas. | ficha: https://3dvf.com/en/studio/studio-hackett/"
Studio Pancho,Austrália,Melbourne,https://www.pancho.com.au/,nao,nao,https://pancho.com.au,NENHUM dos 17 termos,"MEDIDO 08/09: pagina de carreiras https://pancho.com.au lida por curl (555436 caracteres de texto) e NENHUM titulo da disciplina (personagem, criatura, modelagem, textura, look dev, surfacing, grooming, visual development, generalista 3D, hard surface, props, ambiente, lideranca de arte 3D) aparece nela. | ficha: https://3dvf.com/en/studio/studio-pancho/"
Sweaty Chair,Austrália,Sydney,https://www.sweatychair.com/,nao,nao_encontrada,,,"Pagina de carreiras lida (https://www.sweatychair.com/careers): nenhum titulo da disciplina no HTML. Pode ser quadro carregado por JavaScript, que nao da para ler sem navegador. | ficha: https://3dvf.com/en/studio/sweaty-chair/"
The Post Lounge,Austrália,Redfern Collingwood Brisbane,https://www.thepostlounge.com/,nao,nao_encontrada,,,"Pagina de carreiras lida (https://www.thepostlounge.com/jobs): nenhum titulo da disciplina no HTML. Pode ser quadro carregado por JavaScript, que nao da para ler sem navegador. | ficha: https://3dvf.com/en/studio/the-post-lounge/"
Vandal,Austrália,Sydney,https://www.vandal.sydney/,nao,nao_encontrada,,nao aplicavel — quadro nao localizado,"MEDIDO 08/09: o site RESPONDE (https://www.vandal.au/), mas nao achei pagina de carreiras. Varri os links da home, chutei 14 caminhos (/careers, /jobs, /join-us, /recrutement, /nous-rejoindre, /carrieres, /vacancies e afins) e li o sitemap.xml e o robots.txt; o sitemap nao tem URL de carreiras. Nenhuma devolveu quadro de vagas. Tentados: https://www.vandal.au/jobs, https://www.vandal.au/jobs/. | ficha: https://3dvf.com/en/studio/vandal/"
Arx Anima,Áustria,Vienne,https://www.arxanima.com/,sim,precisa-de-navegador,https://www.arxanima.com/career,nao verificavel por curl,"MEDIDO 08/09: a pagina de carreiras responde HTTP 200 mas o corpo tem apenas 1608 caracteres de texto depois de tirar script e style, ou seja o quadro monta em JavaScript e o curl nao le a lista. Nao registrei como sem vaga. PRECISA DE NAVEGADOR. | ficha: https://3dvf.com/en/studio/arx-anima/"
Big Bad Boo Studios,Áustria / Canadá,Vancouver Vienne,https://www.bigbadboo.com/,nao,nao,https://bigbadboo.com/careers/,NENHUM dos 17 termos,"MEDIDO 08/09: pagina de carreiras https://bigbadboo.com/careers/ lida por curl (10880 caracteres de texto) e NENHUM titulo da disciplina (personagem, criatura, modelagem, textura, look dev, surfacing, grooming, visual development, generalista 3D, hard surface, props, ambiente, lideranca de arte 3D) aparece nela. | ficha: https://3dvf.com/en/studio/big-bad-boo-studios/"
MULTI AWESOME STUDIO e.U.,Áustria,Hallein,https://multiawesome.eu/,nao,nao_encontrada,,nao aplicavel — quadro nao localizado,"MEDIDO 08/09: o site RESPONDE (https://multiawesome.eu/), mas nao achei pagina de carreiras. Varri os links da home, chutei 14 caminhos (/careers, /jobs, /join-us, /recrutement, /nous-rejoindre, /carrieres, /vacancies e afins) e li o sitemap.xml e o robots.txt; o sitemap nao tem URL de carreiras. Nenhuma devolveu quadro de vagas. | ficha: https://3dvf.com/en/studio/multi-ytdqyf-hallein/"
Benuts,Bélgica,La Hulpe,https://benuts.be/,nao,nao_encontrada,,nao aplicavel — quadro nao localizado,"MEDIDO 08/09: o site RESPONDE (https://benuts-cgev.com/), mas nao achei pagina de carreiras. Varri os links da home, chutei 14 caminhos (/careers, /jobs, /join-us, /recrutement, /nous-rejoindre, /carrieres, /vacancies e afins) e li o sitemap.xml e o robots.txt; o sitemap nao tem URL de carreiras. Nenhuma devolveu quadro de vagas. | ficha: https://3dvf.com/en/studio/benuts/"
Digital District,Bélgica / França,Paris Mumbai Wavre,https://www.digital-district.fr/,nao,site-fora-do-ar,,nao aplicavel — site nao respondeu,"RE-TESTADO 08/09 com o protocolo de duas variacoes (com e sem www, com e sem barra final, https sempre, User-Agent de Chrome, e http como ultimo recurso): 3 enderecos tentados, nenhum respondeu. Tentativas: https://www.digital-district.fr/ SSLError | https://digital-district.fr/ SSLError | http://www.digital-district.fr/ HTTP 403 | ficha: https://3dvf.com/en/studio/digital-district/"
Dreamwall,Bélgica,Charleroi,https://www.dreamwall.be/,sim,nao,https://www.dreamwall.be/en/jobs,NENHUM dos 17 termos,"MEDIDO 08/09: pagina de carreiras https://www.dreamwall.be/en/jobs lida por curl (20577 caracteres de texto) e NENHUM titulo da disciplina (personagem, criatura, modelagem, textura, look dev, surfacing, grooming, visual development, generalista 3D, hard surface, props, ambiente, lideranca de arte 3D) aparece nela. | ficha: https://3dvf.com/en/studio/dreamwall/"
EVO,Bélgica,Froyennes,https://www.evolutioncom.eu/,nao,nao_encontrada,,,"Pagina de carreiras lida (https://www.evolutioncom.eu/recrutement/): nenhum titulo da disciplina no HTML. Pode ser quadro carregado por JavaScript, que nao da para ler sem navegador. | ficha: https://3dvf.com/en/studio/evo-nxeincbwe-froyennes/"
Komposit,Bélgica,Namur,https://www.komposit.be,nao,nao_encontrada,,nao aplicavel — quadro nao localizado,"MEDIDO 08/09: o site RESPONDE (https://www.komposit.be/), mas nao achei pagina de carreiras. Varri os links da home, chutei 14 caminhos (/careers, /jobs, /join-us, /recrutement, /nous-rejoindre, /carrieres, /vacancies e afins) e li o sitemap.xml e o robots.txt; o sitemap nao tem URL de carreiras. Nenhuma devolveu quadro de vagas. | ficha: https://3dvf.com/en/studio/komposit/"
Nozon,Bélgica,Bruxelles,https://www.nozon.com/,nao,site-fora-do-ar,,nao aplicavel — site nao respondeu,"RE-TESTADO 08/09 com o protocolo de duas variacoes (com e sem www, com e sem barra final, https sempre, User-Agent de Chrome, e http como ultimo recurso): 3 enderecos tentados, nenhum respondeu. Tentativas: https://www.nozon.com/ SSLError | https://nozon.com/ SSLError | http://www.nozon.com/ HTTP 403 | ficha: https://3dvf.com/en/studio/nozon/"
nWave Studios,Bélgica,Forest,https://www.nwave.com/,sim,nao,,nao se aplica (sem vaga da disciplina),"MEDIDO 08/09 pela API publica do ATS (bamboohr:nwave): quadro devolveu 4 vaga(s) e NENHUMA e da disciplina (personagem, modelagem, textura, material, lookdev, surfacing, groom, sculpt, visual development). Afirmacao medida, nao presumida. | ficha: https://3dvf.com/en/studio/nwave/"
UFX Studios,Bélgica,Bruxelles,http://www.ufxstudios.com/,nao,sim,https://ufxstudios.com/job/environment-artist-houdini-mid-senior/,NENHUM dos 17 termos,"ALTA, ALVO NOVO e REVIVIDO: esta linha estava marcada site-fora-do-ar e o site responde. Environment Artist (Houdini) Mid/Senior, Bruxelas, Belgica. O anuncio diz Contract: Freelance, Duration: available as soon as possible. Sem ATS: quadro em HTML proprio, legivel por curl. Anuncio integral lido (5.806 caracteres): ambientes fotorrealistas em Houdini, terreno, vegetacao, scattering procedural, preparo de assets para luz e render. Busca literal dos 17 termos no anuncio inteiro: NENHUM casou. Sem faixa publicada. | ficha: https://3dvf.com/en/studio/umedia/"
Tornado Studios,Bulgária,Ruse,https://tornado-studios.com/,nao,nao_encontrada,,nao aplicavel — quadro nao localizado,"MEDIDO 08/09: o site RESPONDE (https://tornado-studios.com/), mas nao achei pagina de carreiras. Varri os links da home, chutei 14 caminhos (/careers, /jobs, /join-us, /recrutement, /nous-rejoindre, /carrieres, /vacancies e afins) e li o sitemap.xml e o robots.txt; o sitemap nao tem URL de carreiras. Nenhuma devolveu quadro de vagas. | ficha: https://3dvf.com/en/studio/tornado-studios/"
10th Ave Animation,Canadá,St-Augustin-de-Desmaures,https://10ave.com/en/,sim,site-fora-do-ar,,nao aplicavel — site nao respondeu,"RE-TESTADO 08/09 com o protocolo de duas variacoes (com e sem www, com e sem barra final, https sempre, User-Agent de Chrome, e http como ultimo recurso): 5 enderecos tentados, nenhum respondeu. Tentativas: https://10ave.com/en/ HTTP 202 | https://10ave.com/en HTTP 202 | https://www.10ave.com/en/ HTTP 202 | https://www.10ave.com/en HTTP 202 | http://10ave.com/en/ HTTP 403 | ficha: https://3dvf.com/en/studio/10th-ave-animation/"
A Thinking Ape,Canadá,Vancouver,https://athinkingape.com/,nao,nao,,nao se aplica (sem vaga da disciplina),"MEDIDO 08/09 pela API publica do ATS (greenhouse:athinkingape): quadro devolveu 1 vaga(s) e NENHUMA e da disciplina (personagem, modelagem, textura, material, lookdev, surfacing, groom, sculpt, visual development). Afirmacao medida, nao presumida. | ficha: https://3dvf.com/en/studio/a-thinking-ape/"
AA Studios,Canadá,Montreal,https://www.aastudios.ca,nao,nao,https://www.aastudios.ca/careers,NENHUM dos 17 termos,"MEDIDO 08/09: pagina de carreiras https://www.aastudios.ca/careers lida por curl (193597 caracteres de texto) e NENHUM titulo da disciplina (personagem, criatura, modelagem, textura, look dev, surfacing, grooming, visual development, generalista 3D, hard surface, props, ambiente, lideranca de arte 3D) aparece nela. | ficha: https://3dvf.com/en/studio/aa-studio/"
Alter Ego,Canadá,Toronto,https://www.alteregopost.com/,nao,nao,https://www.alteregopost.com/careers,NENHUM dos 17 termos,"MEDIDO 08/09: a pagina de carreiras e so um convite generico (""Want to unleash your alter ego? Join our team of talented colourists, vfx artists and motion designers"") com o formulario de General Inquiries. ""CG Artist"" que casou vinha da LISTA DE EQUIPE, nao de uma vaga. Escritorios em Los Angeles, Toronto e Vancouver. | ficha: https://3dvf.com/en/studio/alter-ego/"
Animatrik Film Design,Canadá,Vancouver,https://www.animatrik.com/,nao,nao,https://www.animatrik.com/careers,NENHUM dos 17 termos,"MEDIDO 08/09: pagina de carreiras https://www.animatrik.com/careers lida por curl (21116 caracteres de texto) e NENHUM titulo da disciplina (personagem, criatura, modelagem, textura, look dev, surfacing, grooming, visual development, generalista 3D, hard surface, props, ambiente, lideranca de arte 3D) aparece nela. | ficha: https://3dvf.com/en/studio/animatrik-film-design/"
Animism Studios,Canadá,Vancouver,https://animism.studio/,nao,site-fora-do-ar,,nao aplicavel — site nao respondeu,"RE-TESTADO 08/09 com o protocolo de duas variacoes (com e sem www, com e sem barra final, https sempre, User-Agent de Chrome, e http como ultimo recurso): 3 enderecos tentados, nenhum respondeu. Tentativas: https://animism.studio/ ConnectionError | https://www.animism.studio/ ReadTimeout | http://animism.studio/ HTTP 403 | ficha: https://3dvf.com/en/studio/animism-studios/"
Aptitude X,Canadá,Montréal,https://www.aptitudex.com/,nao,precisa-de-navegador,https://www.aptitudex.com/careers,nao verificavel por curl,"MEDIDO 08/09: a pagina de carreiras responde HTTP 200 mas o corpo tem apenas 1291 caracteres de texto depois de tirar script e style, ou seja o quadro monta em JavaScript e o curl nao le a lista. Nao registrei como sem vaga. PRECISA DE NAVEGADOR. | ficha: https://3dvf.com/en/studio/aptitude-x/"
Artifex Studios,Canadá,Vancouver,https://www.artifexstudios.com/,sim,nao_encontrada,,nao aplicavel — quadro nao localizado,"MEDIDO 08/09: o site RESPONDE (https://www.healthypetfoodsinc.com/dogs), mas nao achei pagina de carreiras. Varri os links da home, chutei 14 caminhos (/careers, /jobs, /join-us, /recrutement, /nous-rejoindre, /carrieres, /vacancies e afins) e li o sitemap.xml e o robots.txt; o sitemap nao tem URL de carreiras. Nenhuma devolveu quadro de vagas. | ficha: https://3dvf.com/en/studio/artifex-studios/"
Atmosphere Visual Effects,Canadá,Vancouver,https://www.atmosphere-vfx.com/,nao,precisa-de-navegador,https://www.atmosphere-vfx.com/jobs,nao verificavel por curl,"MEDIDO 08/09: a pagina de carreiras responde HTTP 200 mas o corpo tem apenas 464 caracteres de texto depois de tirar script e style, ou seja o quadro monta em JavaScript e o curl nao le a lista. Nao registrei como sem vaga. PRECISA DE NAVEGADOR. | ficha: https://3dvf.com/en/studio/atmosphere-visual-effects/"
Bardel Entertainment,Canadá,Montréal Vancouver,https://bardel.ca/,nao,site-fora-do-ar,,nao aplicavel — site nao respondeu,"RE-TESTADO 08/09 com o protocolo de duas variacoes (com e sem www, com e sem barra final, https sempre, User-Agent de Chrome, e http como ultimo recurso): 3 enderecos tentados, nenhum respondeu. Tentativas: https://bardel.ca/ HTTP 403 | https://www.bardel.ca/ HTTP 403 | http://bardel.ca/ HTTP 403 | ficha: https://3dvf.com/en/studio/bardel-entertainment/"
Barnstorm VFX,Canadá,Vancouver,https://www.barnstormvfx.com/,sim,sim,https://barnstormvfx.bamboohr.com/careers/176,sem termo de veto; DUPLICATA,"MEDIDO 08/09 pela API do BambooHR (token barnstormvfx, 12 vagas). Uma da disciplina: Lead Creature Artist / Artiste principal de creatures, Montreal (176). DUPLICATA: JA ESTA NO PAINEL, marcada como a-mao por reCAPTCHA de caixa do BambooHR. | ficha: https://3dvf.com/en/studio/barnstorm-vfx/"
Beenox,Canadá,Quebec,https://beenox.com/en/,nao,nao,https://careers.beenox.com/us/en/search-results,nao se aplica (sem vaga da disciplina),"MEDIDO 08/09: o quadro da Beenox e Phenom (site BEENUS) e os dados vem embutidos no HTML em eagerLoadRefineSearch, legiveis por curl. 13 vagas, todas encaminhando para o Workday xboxgaming. Consultei tambem a API do Workday (xboxgaming/External) com os termos character artist, modeler, modelling, look development, texture artist e groom: as unicas artisticas de todo o grupo Activision sao de ILUMINACAO e VFX (Senior Expert Lighting Artist Quebec, Expert Lighting Artist Toronto, Lead/Senior Lighting e VFX em Middleton). NENHUMA da disciplina. | ficha: https://3dvf.com/en/studio/beenox/"
Big Jump Entertainment,Canadá,Ottawa,https://bigjumpent.com/,nao,nao_encontrada,,,"Pagina de carreiras lida (https://bigjumpent.com/careers/): nenhum titulo da disciplina no HTML. Pode ser quadro carregado por JavaScript, que nao da para ler sem navegador. | ficha: https://3dvf.com/en/studio/big-jump-entertainment/"
Big Studios Inc,Canadá,Toronto,https://www.bigstudios.com/,nao,nao_encontrada,,nao aplicavel — quadro nao localizado,"MEDIDO 08/09: o site RESPONDE (https://www.bigstudios.com/), mas nao achei pagina de carreiras. Varri os links da home, chutei 14 caminhos (/careers, /jobs, /join-us, /recrutement, /nous-rejoindre, /carrieres, /vacancies e afins) e li o sitemap.xml e o robots.txt; o sitemap nao tem URL de carreiras. Nenhuma devolveu quadro de vagas. | ficha: https://3dvf.com/en/studio/big-studios-inc/"
BKOM Studios,Canadá,Quebec,https://www.bkomstudios.com/,nao,precisa-de-navegador,https://jobs.bkom.com/jobs/Careers,nao verificavel por curl,"MEDIDO 08/09: a pagina de carreiras responde HTTP 200 mas o corpo tem apenas 623 caracteres de texto depois de tirar script e style, ou seja o quadro monta em JavaScript e o curl nao le a lista. Nao registrei como sem vaga. PRECISA DE NAVEGADOR. | ficha: https://3dvf.com/en/studio/bkmo-studios/"
Blackbird Interactive,Canadá,Vancouver,https://blackbirdinteractive.com/,sim,nao,https://jobs.lever.co/blackbirdinteractive,DUPLICATA ja tratada pela campanha,"MEDIDO 08/09 pela API do Lever: o quadro da Blackbird Interactive nao traz vaga datada da disciplina; a porta viva e a General Application de Vancouver, que JA ESTA NO PAINEL com formulario preenchido a mao. | ficha: https://3dvf.com/en/studio/blackbird-interactive/"
BLVD,Canadá,Montreal,https://blvd-mtl.com/,nao,nao_encontrada,,nao aplicavel — quadro nao localizado,"MEDIDO 08/09: o site RESPONDE (https://www.rodeofx.com/audio), mas nao achei pagina de carreiras. Varri os links da home, chutei 14 caminhos (/careers, /jobs, /join-us, /recrutement, /nous-rejoindre, /carrieres, /vacancies e afins) e li o sitemap.xml e o robots.txt; o sitemap nao tem URL de carreiras. Nenhuma devolveu quadro de vagas. Tentados: https://www.rodeofx.com/about/careers, https://www.rodeofx.com/career, https://www.rodeofx.com/careers, https://www.rodeofx.com/careers/, https://www.rodeofx.com/carrieres, https://www.rodeofx.com/company/careers. | ficha: https://3dvf.com/en/studio/blvd/"
Bron Animation,Canadá,Burnaby,https://bronstudios.com/,nao,site-fora-do-ar,,nao aplicavel — site nao respondeu,"RE-TESTADO 08/09 com o protocolo de duas variacoes (com e sem www, com e sem barra final, https sempre, User-Agent de Chrome, e http como ultimo recurso): 3 enderecos tentados, nenhum respondeu. Tentativas: https://bronstudios.com/ HTTP 525 | https://www.bronstudios.com/ HTTP 403 | http://bronstudios.com/ HTTP 403 | ficha: https://3dvf.com/en/studio/bron-studios/"
BUF Montreal,Canadá,Montreal,https://www.buf.com/,sim,nao,https://buf.com/jobs/,NENHUM dos 17 termos,"MEDIDO 08/09: pagina de carreiras https://buf.com/jobs/ lida por curl (614 caracteres de texto) e NENHUM titulo da disciplina (personagem, criatura, modelagem, textura, look dev, surfacing, grooming, visual development, generalista 3D, hard surface, props, ambiente, lideranca de arte 3D) aparece nela. | ficha: https://3dvf.com/en/studio/buf-montreal/"
By The Booth,Canadá,Toronto,https://bythebooth.com/,nao,nao_encontrada,,nao aplicavel — quadro nao localizado,"MEDIDO 08/09: o site RESPONDE (https://www.bythebooth.com/), mas nao achei pagina de carreiras. Varri os links da home, chutei 14 caminhos (/careers, /jobs, /join-us, /recrutement, /nous-rejoindre, /carrieres, /vacancies e afins) e li o sitemap.xml e o robots.txt; o sitemap nao tem URL de carreiras. Nenhuma devolveu quadro de vagas. | ficha: https://3dvf.com/en/studio/by-the-booth/"
Cartoon Conrad Productions,Canadá,Beaver Bank,https://cartoonconrad.com/,nao,precisa-de-navegador,https://cartoonconrad.com/contact/jobs.html,nao verificavel por curl,"MEDIDO 08/09: a pagina de carreiras responde HTTP 200 mas o corpo tem apenas 918 caracteres de texto depois de tirar script e style, ou seja o quadro monta em JavaScript e o curl nao le a lista. Nao registrei como sem vaga. PRECISA DE NAVEGADOR. | ficha: https://3dvf.com/en/studio/cartoon-conrad-productions/"
Chuck Gammage Animation,Canadá,Toronto,https://www.cganim.com/,nao,nao_encontrada,,nao aplicavel — quadro nao localizado,"MEDIDO 08/09: o site RESPONDE (https://www.cganim.com/), mas nao achei pagina de carreiras. Varri os links da home, chutei 14 caminhos (/careers, /jobs, /join-us, /recrutement, /nous-rejoindre, /carrieres, /vacancies e afins) e li o sitemap.xml e o robots.txt; o sitemap nao tem URL de carreiras. Nenhuma devolveu quadro de vagas. | ficha: https://3dvf.com/en/studio/chuck-gammage-animation/"
Cinesite,Canadá,Vancouver,https://www.cinesite.com/,sim,nao,https://cinesite.com/careers/,NENHUM dos 17 termos,"MEDIDO 08/09: pagina de carreiras https://cinesite.com/careers/ lida por curl (2539 caracteres de texto) e NENHUM titulo da disciplina (personagem, criatura, modelagem, textura, look dev, surfacing, grooming, visual development, generalista 3D, hard surface, props, ambiente, lideranca de arte 3D) aparece nela. | ficha: https://3dvf.com/en/studio/cinesite/"
Company 3,Canadá,Los Angeles,https://www.company3.com/,nao,nao_encontrada,,,"Pagina de carreiras lida (https://www.company3.com/careers/): nenhum titulo da disciplina no HTML. Pode ser quadro carregado por JavaScript, que nao da para ler sem navegador. | ficha: https://3dvf.com/en/studio/company-three/"
Copernicus Animation Studios,Canadá,Halifax,https://www.copernicusstudios.com/,sim,site-fora-do-ar,,nao aplicavel — site nao respondeu,"RE-TESTADO 08/09 com o protocolo de duas variacoes (com e sem www, com e sem barra final, https sempre, User-Agent de Chrome, e http como ultimo recurso): 3 enderecos tentados, nenhum respondeu. Tentativas: https://www.copernicusstudios.com/ HTTP 202 | https://copernicusstudios.com/ HTTP 202 | http://copernicusstudios.com/ HTTP 403 | ficha: https://3dvf.com/en/studio/copernicus-animation-studios/"
CoSA Visual Effects,Canadá,Vancouver,https://cosavfx.com/,nao,site-fora-do-ar,,nao aplicavel — site nao respondeu,"RE-TESTADO 08/09 com o protocolo de duas variacoes (com e sem www, com e sem barra final, https sempre, User-Agent de Chrome, e http como ultimo recurso): 3 enderecos tentados, nenhum respondeu. Tentativas: https://cosavfx.com/ SSLError | https://www.cosavfx.com/ SSLError | http://cosavfx.com/ HTTP 403 | ficha: https://3dvf.com/en/studio/cosa-visual-effects/"
Crafty Apes,Canadá,Vancouver,https://www.craftyapes.com/,sim,precisa-de-navegador,https://craftyapes.com/career,nao verificavel por curl,"MEDIDO 08/09: a pagina de carreiras responde HTTP 200 mas o corpo tem apenas 1001 caracteres de texto depois de tirar script e style, ou seja o quadro monta em JavaScript e o curl nao le a lista. Nao registrei como sem vaga. PRECISA DE NAVEGADOR. | ficha: https://3dvf.com/en/studio/crafty-apes/"
Deluxe Animation,Canadá,Toronto,https://www.deluxeanimation.com/,nao,site-fora-do-ar,,nao aplicavel — site nao respondeu,"RE-TESTADO 08/09 com o protocolo de duas variacoes (com e sem www, com e sem barra final, https sempre, User-Agent de Chrome, e http como ultimo recurso): 3 enderecos tentados, nenhum respondeu. Tentativas: https://www.deluxeanimation.com/ ProxyError | https://deluxeanimation.com/ ProxyError | http://deluxeanimation.com/ ConnectionError | ficha: https://3dvf.com/en/studio/deluxe-animation/"
Digital Dimension,Canadá,Montreal,https://www.digitaldimension.com/,sim,nao,https://digitaldimension.com/careers,NENHUM dos 17 termos,"MEDIDO 08/09: pagina de carreiras https://digitaldimension.com/careers lida por curl (29737 caracteres de texto) e NENHUM titulo da disciplina (personagem, criatura, modelagem, textura, look dev, surfacing, grooming, visual development, generalista 3D, hard surface, props, ambiente, lideranca de arte 3D) aparece nela. | ficha: https://3dvf.com/en/studio/digital-dimension/"
Digital Ronin,Canadá,Hammonds Plains,https://digitalronin.ca/#home,nao,nao_encontrada,,nao aplicavel — quadro nao localizado,"MEDIDO 08/09: o site RESPONDE (https://digitalronin.ca/), mas nao achei pagina de carreiras. Varri os links da home, chutei 14 caminhos (/careers, /jobs, /join-us, /recrutement, /nous-rejoindre, /carrieres, /vacancies e afins) e li o sitemap.xml e o robots.txt; o sitemap nao tem URL de carreiras. Nenhuma devolveu quadro de vagas. | ficha: https://3dvf.com/en/studio/digital-ronin/"
DNEG,Canadá,Vancouver,https://www.dneg.com/,sim,sim,https://jobs.jobvite.com/double-negative-visual-effects/search,"VARIA POR VAGA - uma tem veto ESCRITO de patrocinio, ver observacao","MEDIDO 08/09 pelo Jobvite, E O JOBVITE RESPONDEU AO CURL NESTE AMBIENTE (contraria o aviso da rodada anterior): jobs.jobvite.com/double-negative-visual-effects/search devolveu HTTP 200 com 62 vagas no HTML. Da disciplina: (1) Modeleur de personnages - Character Modeler, DNEG Animation, MONTREAL, Hybrid Remote, ooyGAfwW - busca literal dos termos: ZERO, JA CONHECIDA pela campanha; (2) Groom TD (DNEG ANIM), Londres, Hybrid Remote, oQKJAfwD - ZERO termos, JA CONHECIDA; (3) Facial Modeller (DNEG VFX), Londres, oF9Yyfw4, Expression of Interest - ZERO termos, NOVA para a campanha; (4) Lead LookDev TD (DNEG VFX), oLCvzfwb, NOVA mas o proprio anuncio diz ""This role is currently not open""; (5) Character Modeller for VFX style Creatures, Londres, ovLGAfwg - DESCARTE COM VETO ESCRITO: ""Candidates must be local to London to come in the office 3x a week and must be eligible to work in the UK without visa sponsorship""; (6) Character Modeler (DNEG Animation) em Mumbai/Chennai/Bengaluru - fora de escopo. | ficha: https://3dvf.com/en/studio/dneg/"
Down Smash Studios,Canadá,Richmond Hill,https://www.downsmashstudios.com/#/home,nao,nao_encontrada,,nao aplicavel — quadro nao localizado,"MEDIDO 08/09: o site RESPONDE (https://www.downsmashstudios.com/), mas nao achei pagina de carreiras. Varri os links da home, chutei 14 caminhos (/careers, /jobs, /join-us, /recrutement, /nous-rejoindre, /carrieres, /vacancies e afins) e li o sitemap.xml e o robots.txt; o sitemap tem 1 URL(s) parecidas com carreiras. Nenhuma devolveu quadro de vagas. Tentados: http://downsmashstudios.com/#/careers. | ficha: https://3dvf.com/en/studio/down-smash-studios/"
Drink Box Studios,Canadá,Toronto,https://drinkboxstudios.com/blog/,sim,site-fora-do-ar,,nao aplicavel — site nao respondeu,"RE-TESTADO 08/09 com o protocolo de duas variacoes (com e sem www, com e sem barra final, https sempre, User-Agent de Chrome, e http como ultimo recurso): 5 enderecos tentados, nenhum respondeu. Tentativas: https://drinkboxstudios.com/blog/ HTTP 404 | https://drinkboxstudios.com/blog HTTP 404 | https://www.drinkboxstudios.com/blog/ HTTP 404 | https://www.drinkboxstudios.com/blog HTTP 404 | http://drinkboxstudios.com/blog/ HTTP 403 | ficha: https://3dvf.com/en/studio/drink-box-studios/"
Eggplant Picture &#038; Sound,Canadá,Toronto Eggplant Picture & Sound,https://www.eggplantps.com/,nao,nao_encontrada,,nao aplicavel — quadro nao localizado,"MEDIDO 08/09: o site RESPONDE (https://www.eggplantps.com/), mas nao achei pagina de carreiras. Varri os links da home, chutei 14 caminhos (/careers, /jobs, /join-us, /recrutement, /nous-rejoindre, /carrieres, /vacancies e afins) e li o sitemap.xml e o robots.txt; o sitemap nao tem URL de carreiras. Nenhuma devolveu quadro de vagas. | ficha: https://3dvf.com/en/studio/eggplant-picture-sound/"
Electronic Arts Vancouver,Canadá,Burnaby,https://www.ea.com/,sim,nao,https://www.ea.com/careers,NENHUM dos 17 termos,"MEDIDO 08/09: pagina de carreiras https://www.ea.com/careers lida por curl (25197 caracteres de texto) e NENHUM titulo da disciplina (personagem, criatura, modelagem, textura, look dev, surfacing, grooming, visual development, generalista 3D, hard surface, props, ambiente, lideranca de arte 3D) aparece nela. | ficha: https://3dvf.com/en/studio/electronic-arts-vancouver/"
Elliot Animation,Canadá,Toronto,https://elliottanimation.ca/,nao,nao_encontrada,,nao aplicavel — quadro nao localizado,"MEDIDO 08/09: o site RESPONDE (https://elliottanimation.ca/), mas nao achei pagina de carreiras. Varri os links da home, chutei 14 caminhos (/careers, /jobs, /join-us, /recrutement, /nous-rejoindre, /carrieres, /vacancies e afins) e li o sitemap.xml e o robots.txt; o sitemap nao tem URL de carreiras. Nenhuma devolveu quadro de vagas. Tentados: https://elliottanimation.ca/about/careers, https://elliottanimation.ca/career, https://elliottanimation.ca/careers, https://elliottanimation.ca/careers/, https://elliottanimation.ca/carrieres, https://elliottanimation.ca/company/careers. | ficha: https://3dvf.com/en/studio/elliot-animation/"
FatBelly VFX,Canadá,Vancouver,,nao,nao_encontrada,https://www.fatbellyvfx.com/,nao aplicavel — quadro nao localizado,"MEDIDO 08/09: a ficha do 3DVF nao publica site, mas o dominio https://www.fatbellyvfx.com/ responde HTTP 200 (titulo: ""Home | Fatbelly VFX""). Nao foi varrido em busca de quadro de vagas nesta rodada. | ficha: https://3dvf.com/en/studio/fatbelly-vfx/"
Felix &#038; Paul Studios,Canadá,Montreal Felix & Paul Studios,https://www.felixandpaul.com/,nao,nao,,nao se aplica (sem vaga da disciplina),"MEDIDO 08/09 pela API publica do ATS (bamboohr:resources, bamboohr:felixandpaul): quadro devolveu 0 vaga(s) e NENHUMA e da disciplina (personagem, modelagem, textura, material, lookdev, surfacing, groom, sculpt, visual development). Afirmacao medida, nao presumida. | ficha: https://3dvf.com/en/studio/felix-paul-studios/"
Folks VFX,Canadá,Toronto,https://folksvfx.com/,nao,precisa-de-navegador,https://careers.folksvfx.com/,nao verificavel por API,"MEDIDO 08/09: a Folks VFX pertence ao grupo Pitch Black Company e o quadro e SAP SuccessFactors (careers.folksvfx.com, career17.sapsf.com). A listagem so monta em JavaScript e o curl traz so o gestor de cookies. O sitemap do grupo (careers.pitchblackcompany.com/sitemap.xml, 16 vagas) lista duas da disciplina, mas as duas sao da irma Rising Sun Pictures em ADELAIDE (Senior Modelling Artist 603269517 e Senior Look Development Artist 601725117) e as duas paginas devolvem ""The system cant display the job at this time"", ou seja o sitemap esta velho. PRECISA DE NAVEGADOR para o veredito. | ficha: https://3dvf.com/en/studio/folks-vfx/"
Fort York VFX,Canadá,Toronto,https://www.fortyork.tv/,nao,nao_encontrada,,nao aplicavel — quadro nao localizado,"MEDIDO 08/09: o site RESPONDE (https://www.fortyork.tv/), mas nao achei pagina de carreiras. Varri os links da home, chutei 14 caminhos (/careers, /jobs, /join-us, /recrutement, /nous-rejoindre, /carrieres, /vacancies e afins) e li o sitemap.xml e o robots.txt; o sitemap tem 1 URL(s) parecidas com carreiras. Nenhuma devolveu quadro de vagas. Tentados: https://www.fortyork.tv/careers. | ficha: https://3dvf.com/en/studio/fort-york-vfx/"
Framestore,Canadá,Montreal,https://www.framestore.com/,sim,sim,https://framestore.recruitee.com/o/modeleurse-3d-3d-modeller-contrat-court-terme,NENHUM dos 17 termos,"ALTA. Recruitee (token framestore) respondeu 200 com 53 vagas. DUAS vagas VIVAS da disciplina em escopo: ""3D Modeller - Short term contract"" (Montreal, Canada) e ""Blender Generalist - Visual Development Artist"" (Montreal). Busca literal dos 17 termos nos dois anuncios integrais: NENHUM casou em nenhum dos dois. RESSALVA HONESTA: a terceira, ""Visual Development Artist - AI & Generative Tools"" (Londres), NAO e vaga - o proprio anuncio abre dizendo ""This isn't a live vacancy - it's an invitation"", e banco de talentos. Creature FX TD (Montreal/Londres, e Senior em Melbourne) e simulacao e fica de fora da disciplina; a Creature FX TD de Mumbai esta fora do escopo geografico. DUPLICATA: casa ja conhecida da campanha. | ficha: https://3dvf.com/en/studio/framestore/"
Frima Studio,Canadá,Quebec,https://www.frimastudio.com/en/,sim,nao,https://frimastudio.com/en/careers/,NENHUM dos 17 termos,"MEDIDO 08/09: pagina de carreiras https://frimastudio.com/en/careers/ lida por curl (17519 caracteres de texto) e NENHUM titulo da disciplina (personagem, criatura, modelagem, textura, look dev, surfacing, grooming, visual development, generalista 3D, hard surface, props, ambiente, lideranca de arte 3D) aparece nela. | ficha: https://3dvf.com/en/studio/frima-studio/"
Fuse FX,Canadá,Vancouver,https://fusefx.com/,nao,precisa-de-navegador,https://folksvfx.com/careers/,nao verificavel por curl,"MEDIDO 08/09: a pagina de carreiras responde HTTP 200 mas o corpo tem apenas 666 caracteres de texto depois de tirar script e style, ou seja o quadro monta em JavaScript e o curl nao le a lista. Nao registrei como sem vaga. PRECISA DE NAVEGADOR. | ficha: https://3dvf.com/en/studio/fuse-fx/"
Gallus Entertainment,Canadá,Sudbury,https://gallusentertainment.com/,nao,site-fora-do-ar,,nao aplicavel — site nao respondeu,"RE-TESTADO 08/09 com o protocolo de duas variacoes (com e sem www, com e sem barra final, https sempre, User-Agent de Chrome, e http como ultimo recurso): 3 enderecos tentados, nenhum respondeu. Tentativas: https://gallusentertainment.com/ ProxyError | https://www.gallusentertainment.com/ ProxyError | http://gallusentertainment.com/ ConnectionError | ficha: https://3dvf.com/en/studio/gallus-entertainment/"
Gasket Games,Canadá,Vancouver,https://www.gasketgames.com/,nao,nao,,nao se aplica (sem vaga da disciplina),"MEDIDO 08/09 pela API publica do ATS (bamboohr:gasketgames, bamboohr:staticfe, bamboohr:resources, bamboohr:bhrpendo, bamboohr:images3): quadro devolveu 0 vaga(s) e NENHUMA e da disciplina (personagem, modelagem, textura, material, lookdev, surfacing, groom, sculpt, visual development). Afirmacao medida, nao presumida. | ficha: https://3dvf.com/en/studio/gasket-games/"
Goldtooth,Canadá,Vancouver,https://goldtooth.com/,nao,nao_encontrada,,,"Pagina de carreiras lida (https://goldtooth.com/careers/): nenhum titulo da disciplina no HTML. Pode ser quadro carregado por JavaScript, que nao da para ler sem navegador. | ficha: https://3dvf.com/en/studio/goldtooth/"
Guru Studio,Canadá,Toronto,https://gurustudio.com/,sim,nao,,nao se aplica (sem vaga da disciplina),"MEDIDO 08/09 pela API publica do ATS (bamboohr:gurustudio): quadro devolveu 3 vaga(s) e NENHUMA e da disciplina (personagem, modelagem, textura, material, lookdev, surfacing, groom, sculpt, visual development). Afirmacao medida, nao presumida. | ficha: https://3dvf.com/en/studio/guru-studio/"
Head Gear Animation,Canadá,Toronto,https://www.headgearanimation.com/,nao,nao_encontrada,,nao aplicavel — quadro nao localizado,"MEDIDO 08/09: o site RESPONDE (https://www.headgearanimation.com/), mas nao achei pagina de carreiras. Varri os links da home, chutei 14 caminhos (/careers, /jobs, /join-us, /recrutement, /nous-rejoindre, /carrieres, /vacancies e afins) e li o sitemap.xml e o robots.txt; o sitemap nao tem URL de carreiras. Nenhuma devolveu quadro de vagas. | ficha: https://3dvf.com/en/studio/head-gear-animation/"
Hoplite Studio,Canadá,Montréal,https://hoplitevfx.com/,nao,nao_encontrada,,nao aplicavel — quadro nao localizado,"MEDIDO 08/09: o site RESPONDE (https://hoplitevfx.com/), mas nao achei pagina de carreiras. Varri os links da home, chutei 14 caminhos (/careers, /jobs, /join-us, /recrutement, /nous-rejoindre, /carrieres, /vacancies e afins) e li o sitemap.xml e o robots.txt; o sitemap nao tem URL de carreiras. Nenhuma devolveu quadro de vagas. | ficha: https://3dvf.com/en/studio/hoplite/"
Hothead Games,Canadá,Vancouver,https://hotheadgames.com/,sim,nao,https://www.hotheadgames.com/careers,NENHUM dos 17 termos,"MEDIDO 08/09: pagina de carreiras https://www.hotheadgames.com/careers lida por curl (109401 caracteres de texto) e NENHUM titulo da disciplina (personagem, criatura, modelagem, textura, look dev, surfacing, grooming, visual development, generalista 3D, hard surface, props, ambiente, lideranca de arte 3D) aparece nela. ATENCAO: a pagina traz caracteres Unicode invisiveis; foram ignorados e o texto foi lido sem eles. | ficha: https://3dvf.com/en/studio/hothead-games/"
House Of Cool,Canadá,Toronto,https://houseofcool.com/,sim,precisa-de-navegador,https://www.houseofcool.com/cool-jobs,nao verificavel por curl,"MEDIDO 08/09: a pagina de carreiras responde HTTP 200 mas o corpo tem apenas 943 caracteres de texto depois de tirar script e style, ou seja o quadro monta em JavaScript e o curl nao le a lista. Nao registrei como sem vaga. PRECISA DE NAVEGADOR. | ficha: https://3dvf.com/en/studio/house-of-cool/"
Huminah Huminah Animation,Canadá,Dartmouth,https://hhanimation.com/MainPage/,nao,site-fora-do-ar,,nao aplicavel — site nao respondeu,"RE-TESTADO 08/09 com o protocolo de duas variacoes (com e sem www, com e sem barra final, https sempre, User-Agent de Chrome, e http como ultimo recurso): 5 enderecos tentados, nenhum respondeu. Tentativas: https://hhanimation.com/MainPage/ HTTP 403 | https://hhanimation.com/MainPage HTTP 403 | https://www.hhanimation.com/MainPage/ HTTP 403 | https://www.hhanimation.com/MainPage HTTP 403 | http://hhanimation.com/MainPage/ HTTP 403 | ficha: https://3dvf.com/en/studio/huminah-huminah-animation/"
Hybride,Canadá,Montreal,https://hybride.com/,sim,nao,https://hybride.com/en/careers,NENHUM dos 17 termos,"MEDIDO 08/09: pagina de carreiras https://hybride.com/en/careers lida por curl (6301 caracteres de texto) e NENHUM titulo da disciplina (personagem, criatura, modelagem, textura, look dev, surfacing, grooming, visual development, generalista 3D, hard surface, props, ambiente, lideranca de arte 3D) aparece nela. | ficha: https://3dvf.com/en/studio/hybride/"
Ice VFX,Canadá,Montreal,https://www.icevfx.com/,nao,nao_encontrada,,nao aplicavel — quadro nao localizado,"MEDIDO 08/09: o site RESPONDE (https://www.icevfx.com/), mas nao achei pagina de carreiras. Varri os links da home, chutei 14 caminhos (/careers, /jobs, /join-us, /recrutement, /nous-rejoindre, /carrieres, /vacancies e afins) e li o sitemap.xml e o robots.txt; o sitemap nao tem URL de carreiras. Nenhuma devolveu quadro de vagas. | ficha: https://3dvf.com/en/studio/ice-vfx/"
ICON Creative Studio,Canadá,Vancouver Vancouver,https://www.iconcreativestudio.com/,sim,sim,https://iconcreative.bamboohr.com/careers/136,sem termo de veto; DUPLICATA com candidatura ja enviada,"MEDIDO 08/09 pela API do BambooHR (token iconcreative, 28 vagas). Uma da disciplina: Intermediate Modeling/Texture Artist, Vancouver (136). DUPLICATA: JA ENVIADA em 31/08 e marcada no painel como duplicata confirmada. NAO REENVIAR. | ficha: https://3dvf.com/en/studio/icon-creative-studio/"
Image Engine,Canadá,Vancouver,https://image-engine.com/,sim,sim,https://imageengine.bamboohr.com/careers,DUAS COM VETO DE RESIDENCIA JA REGISTRADO PELA CAMPANHA,"MEDIDO 08/09 pela API do BambooHR (token imageengine, 23 vagas). Tres da disciplina: General Application - Assets Modeling/Texturing/LookDev/Grooming (21), Look Development Artist Senior contrato curto (28) e Texture & Look Development Artist Mid contrato curto (183), todas em Vancouver. DUPLICATA: as tres JA ESTAO NO PAINEL, e as de numero 28 e 183 ja estao marcadas la com VETO DE RESIDENCIA ESCRITO. | ficha: https://3dvf.com/en/studio/image-engine/"
Industrial Brothers,Canadá,Toronto,https://www.industrialbrothers.com/,sim,precisa-de-navegador,https://industrialbrothers.humi.ca/job-board,nao verificavel por curl,"MEDIDO 08/09: a pagina de carreiras responde HTTP 200 mas o corpo tem apenas 335 caracteres de texto depois de tirar script e style, ou seja o quadro monta em JavaScript e o curl nao le a lista. Nao registrei como sem vaga. PRECISA DE NAVEGADOR. | ficha: https://3dvf.com/en/studio/industrial-brothers/"
IOM Media,Canadá,Halifax,https://www.iom-media.com/,sim,nao,,nao se aplica (sem vaga da disciplina),"MEDIDO 08/09 pela API publica do ATS (bamboohr:iommediaventures): quadro devolveu 1 vaga(s) e NENHUMA e da disciplina (personagem, modelagem, textura, material, lookdev, surfacing, groom, sculpt, visual development). Afirmacao medida, nao presumida. | ficha: https://3dvf.com/en/studio/iom-media/"
Jam Filled Entertainment,Canadá,Ottawa,https://www.jamfilled.com/,sim,nao,,nao se aplica (sem vaga da disciplina),"MEDIDO 08/09 pela API publica do ATS (greenhouse:jamfilled): quadro devolveu 1 vaga(s) e NENHUMA e da disciplina (personagem, modelagem, textura, material, lookdev, surfacing, groom, sculpt, visual development). Afirmacao medida, nao presumida. | ficha: https://3dvf.com/en/studio/jam-filled-entertainment/"
Kalos Studios,Canadá,Vancouver,https://www.kalosstudios.com/,nao,nao,https://www.kalosstudios.com/apply,NENHUM dos 17 termos,"MEDIDO 08/09: pagina de carreiras https://www.kalosstudios.com/apply lida por curl (30871 caracteres de texto) e NENHUM titulo da disciplina (personagem, criatura, modelagem, textura, look dev, surfacing, grooming, visual development, generalista 3D, hard surface, props, ambiente, lideranca de arte 3D) aparece nela. | ficha: https://3dvf.com/en/studio/kalos-studios/"
Kerosene VFX,Canadá,Toronto,https://www.kerosenevfx.com/,sim,nao,https://www.kerosenevfx.com/about/careers,NENHUM dos 17 termos,"MEDIDO 08/09: pagina de carreiras https://www.kerosenevfx.com/about/careers lida por curl (297105 caracteres de texto) e NENHUM titulo da disciplina (personagem, criatura, modelagem, textura, look dev, surfacing, grooming, visual development, generalista 3D, hard surface, props, ambiente, lideranca de arte 3D) aparece nela. | ficha: https://3dvf.com/en/studio/kerosene-vfx/"
Key Frame Digital,Canadá,St Catharines,https://keyframe.ca/,sim,site-fora-do-ar,,nao aplicavel — site nao respondeu,"RE-TESTADO 08/09 com o protocolo de duas variacoes (com e sem www, com e sem barra final, https sempre, User-Agent de Chrome, e http como ultimo recurso): 3 enderecos tentados, nenhum respondeu. Tentativas: https://keyframe.ca/ SSLError | https://www.keyframe.ca/ SSLError | http://keyframe.ca/ HTTP 403 | ficha: https://3dvf.com/en/studio/key-frame-digital/"
Klei Entertainment,Canadá,Vancouver,https://www.klei.com/,sim,precisa-de-navegador,https://www.klei.com/careers/,nao verificavel por curl,"MEDIDO 08/09: a pagina de carreiras responde HTTP 200 mas o corpo tem apenas 1080 caracteres de texto depois de tirar script e style, ou seja o quadro monta em JavaScript e o curl nao le a lista. Nao registrei como sem vaga. PRECISA DE NAVEGADOR. | ficha: https://3dvf.com/en/studio/klei-entertainment/"
Kreaturz,Canadá,Blainville,https://kreaturz.com/,nao,nao_encontrada,,nao aplicavel — quadro nao localizado,"MEDIDO 08/09: o site RESPONDE (https://www.kreaturz.com/), mas nao achei pagina de carreiras. Varri os links da home, chutei 14 caminhos (/careers, /jobs, /join-us, /recrutement, /nous-rejoindre, /carrieres, /vacancies e afins) e li o sitemap.xml e o robots.txt; o sitemap nao tem URL de carreiras. Nenhuma devolveu quadro de vagas. | ficha: https://3dvf.com/en/studio/kreaturz/"
L&rsquo;Atelier Animation,Canadá,Montréal L'Atelier Animation,https://www.latelieranimation.com/,sim,nao,https://latelieranimation.com/career/,NENHUM dos 17 termos,"MEDIDO 08/09: pagina de carreiras https://latelieranimation.com/career/ lida por curl (21064 caracteres de texto) e NENHUM titulo da disciplina (personagem, criatura, modelagem, textura, look dev, surfacing, grooming, visual development, generalista 3D, hard surface, props, ambiente, lideranca de arte 3D) aparece nela. | ficha: https://3dvf.com/en/studio/latelier-animation/"
Linetest,Canadá,Vancouver,https://linetest.tv/,nao,nao_encontrada,,nao aplicavel — quadro nao localizado,"MEDIDO 08/09: o site RESPONDE (https://www.linetest.tv/), mas nao achei pagina de carreiras. Varri os links da home, chutei 14 caminhos (/careers, /jobs, /join-us, /recrutement, /nous-rejoindre, /carrieres, /vacancies e afins) e li o sitemap.xml e o robots.txt; o sitemap nao tem URL de carreiras. Nenhuma devolveu quadro de vagas. | ficha: https://3dvf.com/en/studio/linetest/"
Little Blackstone Studios,Canadá,Toronto,https://www.littleblackstone.ca/lbs2014/,nao,site-fora-do-ar,,nao aplicavel — site nao respondeu,"RE-TESTADO 08/09 com o protocolo de duas variacoes (com e sem www, com e sem barra final, https sempre, User-Agent de Chrome, e http como ultimo recurso): 5 enderecos tentados, nenhum respondeu. Tentativas: https://www.littleblackstone.ca/lbs2014/ HTTP 404 | https://www.littleblackstone.ca/lbs2014 HTTP 404 | https://littleblackstone.ca/lbs2014/ HTTP 404 | https://littleblackstone.ca/lbs2014 HTTP 404 | http://littleblackstone.ca/lbs2014/ HTTP 403 | ficha: https://3dvf.com/en/studio/little-blackstone-studios/"
Lux Visual Effects,Canadá,Squamish,https://www.luxvfx.com/,nao,nao_encontrada,,nao aplicavel — quadro nao localizado,"MEDIDO 08/09: o site RESPONDE (https://www.luxvfx.com/), mas nao achei pagina de carreiras. Varri os links da home, chutei 14 caminhos (/careers, /jobs, /join-us, /recrutement, /nous-rejoindre, /carrieres, /vacancies e afins) e li o sitemap.xml e o robots.txt; o sitemap nao tem URL de carreiras. Nenhuma devolveu quadro de vagas. | ficha: https://3dvf.com/en/studio/lux-visual-effects/"
Mainframe Studios,Canadá,Vancouver,https://www.mainframe.ca/,sim,precisa-de-navegador,https://www.mainframe.ca/careers/,nao verificavel por curl,"MEDIDO 08/09: a pagina de carreiras responde HTTP 200 mas o corpo tem apenas 782 caracteres de texto depois de tirar script e style, ou seja o quadro monta em JavaScript e o curl nao le a lista. Nao registrei como sem vaga. PRECISA DE NAVEGADOR. | ficha: https://3dvf.com/en/studio/mainframe-studios/"
Mavericks VFX,Canadá,Toronto,https://mavericks-vfx.com/,nao,nao,https://mavericks-vfx.com/opportunities/,NENHUM dos 17 termos,"MEDIDO 08/09: pagina de carreiras https://mavericks-vfx.com/opportunities/ lida por curl (483 caracteres de texto) e NENHUM titulo da disciplina (personagem, criatura, modelagem, textura, look dev, surfacing, grooming, visual development, generalista 3D, hard surface, props, ambiente, lideranca de arte 3D) aparece nela. | ficha: https://3dvf.com/en/studio/mavericks-vfx/"
MELS,Canadá,Montreal,https://www.mels-studios.com/,nao,precisa-de-navegador,https://mels-studios.com/en/careers/,"ATS mal atribuido, medicao invalidada","MEDIDO 08/09 e CORRIGIDO: meu detector casou a MELS com o SmartRecruiters do VIDEOTRON (empresa-mae de telecom), que tem 72 vagas mas ZERO mencao a MELS. NAO e o quadro da MELS. Nao registro como porta morta nem como sem vaga: PRECISA DE NAVEGADOR. | ficha: https://3dvf.com/en/studio/mels/"
Mercury Filmworks,Canadá,Ottawa,https://mercuryfilmworks.com/,nao,nao,,nao se aplica (sem vaga da disciplina),"MEDIDO 08/09 pela API publica do ATS (bamboohr:mercuryfilmworks): quadro devolveu 1 vaga(s) e NENHUMA e da disciplina (personagem, modelagem, textura, material, lookdev, surfacing, groom, sculpt, visual development). Afirmacao medida, nao presumida. | ficha: https://3dvf.com/en/studio/mercury-filmworks/"
META Productions,Canadá,Calgary,https://metaproductions.tv/,nao,nao_encontrada,,nao aplicavel — quadro nao localizado,"MEDIDO 08/09: o site RESPONDE (https://www.metaproductions.tv/), mas nao achei pagina de carreiras. Varri os links da home, chutei 14 caminhos (/careers, /jobs, /join-us, /recrutement, /nous-rejoindre, /carrieres, /vacancies e afins) e li o sitemap.xml e o robots.txt; o sitemap nao tem URL de carreiras. Nenhuma devolveu quadro de vagas. | ficha: https://3dvf.com/en/studio/meta-productions/"
Moment Factory,Canadá,Montreal,https://www.momentfactory.com/,nao,nao_encontrada,,,"Pagina de carreiras lida (https://www.momentfactory.com/pages/careers): nenhum titulo da disciplina no HTML. Pode ser quadro carregado por JavaScript, que nao da para ler sem navegador. | ficha: https://3dvf.com/en/studio/moment-factory/"
Monsters Aliens Robots Zombies VFX,Canadá,Toronto,https://monstersaliensrobotszombies.com/,nao,precisa-de-navegador,https://monstersaliensrobotszombies.humi.ca/job-board,nao verificavel por curl,"MEDIDO 08/09: a pagina de carreiras responde HTTP 200 mas o corpo tem apenas 36 caracteres de texto depois de tirar script e style, ou seja o quadro monta em JavaScript e o curl nao le a lista. Nao registrei como sem vaga. PRECISA DE NAVEGADOR. | ficha: https://3dvf.com/en/studio/monsters-aliens-robots-zombies-vfx/"
MOOV Studio,Canadá,Quebec,https://www.moovstudio.com/index.html,nao,site-fora-do-ar,,nao aplicavel — site nao respondeu,"RE-TESTADO 08/09 com o protocolo de duas variacoes (com e sem www, com e sem barra final, https sempre, User-Agent de Chrome, e http como ultimo recurso): 5 enderecos tentados, nenhum respondeu. Tentativas: https://www.moovstudio.com/index.html ConnectionError | https://www.moovstudio.com/index.html/ ReadTimeout | https://moovstudio.com/index.html ReadTimeout | https://moovstudio.com/index.html/ ReadTimeout | http://moovstudio.com/index.html HTTP 403 | ficha: https://3dvf.com/en/studio/moov-studio/"
Morro Images,Canadá,St. Catharines,https://www.morroimages.com/,nao,site-fora-do-ar,,nao aplicavel — site nao respondeu,"RE-TESTADO 08/09 com o protocolo de duas variacoes (com e sem www, com e sem barra final, https sempre, User-Agent de Chrome, e http como ultimo recurso): 3 enderecos tentados, nenhum respondeu. Tentativas: https://www.morroimages.com/ SSLError | https://morroimages.com/ SSLError | http://morroimages.com/ HTTP 403 | ficha: https://3dvf.com/en/studio/morro-images/"
Motive Video Game Studio,Canadá,Montreal,https://www.ea.com/ea-studios/motive,sim,nao,https://www.ea.com/ea-studios/motive/careers,NENHUM dos 17 termos,"MEDIDO 08/09: pagina de carreiras https://www.ea.com/ea-studios/motive/careers lida por curl (26811 caracteres de texto) e NENHUM titulo da disciplina (personagem, criatura, modelagem, textura, look dev, surfacing, grooming, visual development, generalista 3D, hard surface, props, ambiente, lideranca de arte 3D) aparece nela. | ficha: https://3dvf.com/en/studio/motive-video-game-studio/"
Mr X,Canadá,Toronto,https://www.mrxfx.com/,nao,precisa-de-navegador,https://mrxfx.com/careers-mrxfx/,nao verificavel por curl,"MEDIDO 08/09: a pagina de carreiras responde HTTP 200 mas o corpo tem apenas 918 caracteres de texto depois de tirar script e style, ou seja o quadro monta em JavaScript e o curl nao le a lista. Nao registrei como sem vaga. PRECISA DE NAVEGADOR. | ficha: https://3dvf.com/en/studio/mr-x/"
Next Level Games,Canadá,Vancouver,https://www.nextlevelgames.com/,sim,nao_encontrada,,nao aplicavel — quadro nao localizado,"MEDIDO 08/09: o site RESPONDE (https://nextlevelgames.com/), mas nao achei pagina de carreiras. Varri os links da home, chutei 14 caminhos (/careers, /jobs, /join-us, /recrutement, /nous-rejoindre, /carrieres, /vacancies e afins) e li o sitemap.xml e o robots.txt; o sitemap nao tem URL de carreiras. Nenhuma devolveu quadro de vagas. | ficha: https://3dvf.com/en/studio/next-level-games/"
On Animations Studios,Canadá,Montreal,https://www.onanimationstudios.com/,nao,nao_encontrada,,,"Pagina de carreiras lida (https://www.onanimationstudios.com/#section-emplois): nenhum titulo da disciplina no HTML. Pode ser quadro carregado por JavaScript, que nao da para ler sem navegador. | ficha: https://3dvf.com/en/studio/on-animations-studios/"
Pipeline Studios,Canadá,Hamilton,https://www.pipelinestudios.com/,sim,nao_encontrada,,nao aplicavel — quadro nao localizado,"MEDIDO 08/09: o site RESPONDE (https://www.pipelinestudios.com/), mas nao achei pagina de carreiras. Varri os links da home, chutei 14 caminhos (/careers, /jobs, /join-us, /recrutement, /nous-rejoindre, /carrieres, /vacancies e afins) e li o sitemap.xml e o robots.txt; o sitemap nao tem URL de carreiras. Nenhuma devolveu quadro de vagas. | ficha: https://3dvf.com/en/studio/pipeline-studios/"
Piranha Games,Canadá,Burnaby,https://piranhagames.com/,sim,nao,https://www.piranhagames.com/careers/,NENHUM dos 17 termos,"MEDIDO 08/09: pagina de carreiras https://www.piranhagames.com/careers/ lida por curl (5466 caracteres de texto) e NENHUM titulo da disciplina (personagem, criatura, modelagem, textura, look dev, surfacing, grooming, visual development, generalista 3D, hard surface, props, ambiente, lideranca de arte 3D) aparece nela. | ficha: https://3dvf.com/en/studio/piranha-games/"
Pix Ray VFX,Canadá,Toronto,https://www.pixray.ca/,nao,precisa-de-navegador,https://www.pixray.ca/join-us,nao verificavel por curl,"MEDIDO 08/09: a pagina de carreiras responde HTTP 200 mas o corpo tem apenas 988 caracteres de texto depois de tirar script e style, ou seja o quadro monta em JavaScript e o curl nao le a lista. Nao registrei como sem vaga. PRECISA DE NAVEGADOR. | ficha: https://3dvf.com/en/studio/pix-ray-vfx/"
Pixels &#038; Coffee Media,Canadá,Cambridge Pixels & Coffee Media,https://www.pixelsncoffee.com/,nao,site-fora-do-ar,,nao aplicavel — site nao respondeu,"RE-TESTADO 08/09 com o protocolo de duas variacoes (com e sem www, com e sem barra final, https sempre, User-Agent de Chrome, e http como ultimo recurso): 3 enderecos tentados, nenhum respondeu. Tentativas: https://www.pixelsncoffee.com/ ProxyError | https://pixelsncoffee.com/ ProxyError | http://pixelsncoffee.com/ ConnectionError | ficha: https://3dvf.com/en/studio/pixels-coffee-media/"
Playfight VFX,Canadá,Toronto,https://www.playfight.com/,sim,nao_encontrada,,nao aplicavel — quadro nao localizado,"MEDIDO 08/09: o site RESPONDE (https://www.playfight.com/), mas nao achei pagina de carreiras. Varri os links da home, chutei 14 caminhos (/careers, /jobs, /join-us, /recrutement, /nous-rejoindre, /carrieres, /vacancies e afins) e li o sitemap.xml e o robots.txt; o sitemap nao tem URL de carreiras. Nenhuma devolveu quadro de vagas. | ficha: https://3dvf.com/en/studio/play-fight/"
Portfolio Entertainment,Canadá,Toronto,https://www.portfolioentertainment.com/,nao,nao_encontrada,,,"Pagina de carreiras lida (https://9story.com/careers/): nenhum titulo da disciplina no HTML. Pode ser quadro carregado por JavaScript, que nao da para ler sem navegador. | ficha: https://3dvf.com/en/studio/portfolio-entertainment/"
Pureblink,Canadá,Toronto,https://pureblink.digital/,nao,nao_encontrada,,nao aplicavel — quadro nao localizado,"MEDIDO 08/09: o site RESPONDE (https://home.pureblink.digital), mas nao achei pagina de carreiras. Varri os links da home, chutei 14 caminhos (/careers, /jobs, /join-us, /recrutement, /nous-rejoindre, /carrieres, /vacancies e afins) e li o sitemap.xml e o robots.txt; o sitemap nao tem URL de carreiras. Nenhuma devolveu quadro de vagas. | ficha: https://3dvf.com/en/studio/pureblink/"
Raynault VFX,Canadá,Montreal,https://www.raynault.com/,nao,nao,https://www.raynault.com/careers,nao se aplica (todas as vagas marcadas CLOSED),"MEDIDO 08/09: a pagina de carreiras da Raynault e legivel por curl e lista as posicoes com rotulo de estado. TODAS aparecem como CLOSED (Senior CG Generalist, Mid/Senior Digital Matte Painter, Senior Digital Compositor - Lead). O unico item OPEN e ""No openings? Submit your application today!"", ou seja candidatura espontanea. NENHUMA vaga da disciplina aberta. | ficha: https://3dvf.com/en/studio/raynault-vfx/"
Rayon FX,Canadá,Montreal,https://www.rayonfx.com/,nao,nao,https://www.rayonfx.com/careers,NENHUM dos 17 termos,"MEDIDO 08/09: pagina de carreiras https://www.rayonfx.com/careers lida por curl (259687 caracteres de texto) e NENHUM titulo da disciplina (personagem, criatura, modelagem, textura, look dev, surfacing, grooming, visual development, generalista 3D, hard surface, props, ambiente, lideranca de arte 3D) aparece nela. | ficha: https://3dvf.com/en/studio/rayon-fx/"
Reactiv,Canadá,Toronto,https://www.getreactiv.com/,sim,precisa-de-navegador,https://www.getreactiv.com/careers,nao verificavel por curl,"MEDIDO 08/09: a pagina de carreiras responde HTTP 200 mas o corpo tem apenas 422 caracteres de texto depois de tirar script e style, ou seja o quadro monta em JavaScript e o curl nao le a lista. Nao registrei como sem vaga. PRECISA DE NAVEGADOR. | ficha: https://3dvf.com/en/studio/reactiv/"
Real by Fake,Canadá,Montreal,https://www.realbyfake.com/,nao,nao_encontrada,,nao aplicavel — quadro nao localizado,"MEDIDO 08/09: o site RESPONDE (https://www.realbyfake.com/), mas nao achei pagina de carreiras. Varri os links da home, chutei 14 caminhos (/careers, /jobs, /join-us, /recrutement, /nous-rejoindre, /carrieres, /vacancies e afins) e li o sitemap.xml e o robots.txt; o sitemap nao tem URL de carreiras. Nenhuma devolveu quadro de vagas. | ficha: https://3dvf.com/en/studio/real-by-fake/"
ReDefine,Canadá,Montreal,https://redefine.co/,nao,nao_encontrada,,,"Pagina de carreiras lida (https://redefine.co/join-us): nenhum titulo da disciplina no HTML. Pode ser quadro carregado por JavaScript, que nao da para ler sem navegador. | ficha: https://3dvf.com/en/studio/redefine/"
REDLAB,Canadá,Toronto,https://www.redlabto.com/,nao,precisa-de-navegador,https://tinyurl.com/redcareers,nao verificavel por curl,"MEDIDO 08/09: a pagina de carreiras responde HTTP 200 mas o corpo tem apenas 36 caracteres de texto depois de tirar script e style, ou seja o quadro monta em JavaScript e o curl nao le a lista. Nao registrei como sem vaga. PRECISA DE NAVEGADOR. | ficha: https://3dvf.com/en/studio/redlab/"
Reel FX,Canadá,Montreal,https://www.reelfx.com/,sim,nao,https://www.reelfx.com/careers/,NENHUM dos 17 termos,"MEDIDO 08/09: pagina de carreiras https://www.reelfx.com/careers/ lida por curl (67676 caracteres de texto) e NENHUM titulo da disciplina (personagem, criatura, modelagem, textura, look dev, surfacing, grooming, visual development, generalista 3D, hard surface, props, ambiente, lideranca de arte 3D) aparece nela. | ficha: https://3dvf.com/en/studio/reel-fx/"
Relic Entertainment,Canadá,Vancouver,https://www.relic.com/,sim,nao,,nao se aplica (sem vaga da disciplina),"MEDIDO 08/09 pela API publica do ATS (bamboohr:relicentertainment): quadro devolveu 1 vaga(s) e NENHUMA e da disciplina (personagem, modelagem, textura, material, lookdev, surfacing, groom, sculpt, visual development). Afirmacao medida, nao presumida. | ficha: https://3dvf.com/en/studio/relic-entertainment/"
Rigbox Studio,Canadá,Montreal,https://rigbox.studio/,nao,nao_encontrada,,nao aplicavel — quadro nao localizado,"MEDIDO 08/09: o site RESPONDE (https://www.rigbox.studio/), mas nao achei pagina de carreiras. Varri os links da home, chutei 14 caminhos (/careers, /jobs, /join-us, /recrutement, /nous-rejoindre, /carrieres, /vacancies e afins) e li o sitemap.xml e o robots.txt; o sitemap nao tem URL de carreiras. Nenhuma devolveu quadro de vagas. | ficha: https://3dvf.com/en/studio/rigbox-studio/"
Rocket Science VFX,Canadá,Toronto,https://www.rsvfx.com/,nao,nao_encontrada,,,"Pagina de carreiras lida (https://www.rsvfx.com/careers/): nenhum titulo da disciplina no HTML. Pode ser quadro carregado por JavaScript, que nao da para ler sem navegador. | ficha: https://3dvf.com/en/studio/rocket-science-vfx/"
Rodeo FX,Canadá,Montreal Spécialities Publicités Séries VFX – Effets Visuels,https://www.rodeofx.com/,sim,nao_encontrada,,nao aplicavel — quadro nao localizado,"MEDIDO 08/09: o site RESPONDE (https://www.rodeofx.com/), mas nao achei pagina de carreiras. Varri os links da home, chutei 14 caminhos (/careers, /jobs, /join-us, /recrutement, /nous-rejoindre, /carrieres, /vacancies e afins) e li o sitemap.xml e o robots.txt; o sitemap nao tem URL de carreiras. Nenhuma devolveu quadro de vagas. Tentados: https://www.rodeofx.com/about/careers, https://www.rodeofx.com/career, https://www.rodeofx.com/careers, https://www.rodeofx.com/careers/, https://www.rodeofx.com/carrieres, https://www.rodeofx.com/company/careers. | ficha: https://3dvf.com/en/studio/rodeo-fx/"
Savian,Canadá,Edmonton,https://savian.ca/,sim,nao,https://savian.ca/careers,NENHUM dos 17 termos,"MEDIDO 08/09: pagina de carreiras https://savian.ca/careers lida por curl (3243 caracteres de texto) e NENHUM titulo da disciplina (personagem, criatura, modelagem, textura, look dev, surfacing, grooming, visual development, generalista 3D, hard surface, props, ambiente, lideranca de arte 3D) aparece nela. | ficha: https://3dvf.com/en/studio/savian/"
Scanline VFX,Canadá,Vancouver,https://www.scanlinevfx.com/,nao,nao,,nao se aplica (sem vaga da disciplina),"MEDIDO 08/09: a Scanline VFX hoje e EYELINE STUDIOS (Netflix) e eyelinestudios.com/careers e SPA React que vem vazia no curl. Fui pela porta certa: o quadro real e o Eightfold da Netflix. API oficial https://explore.jobs.netflix.net/api/apply/v2/jobs?domain=netflix.com&query=eyeline devolve 3 vagas (HR Business Partner Coreia, Manager Talent Knowledge, Specialist Studio Communications) e NENHUMA e da disciplina. Afirmacao medida. | ficha: https://3dvf.com/en/studio/scanline-vfx/"
SHED,Canadá,Montreal,https://www.shedmtl.com/,sim,precisa-de-navegador,https://www.shedmtl.com/en/jobs,nao verificavel por curl,"MEDIDO 08/09: a pagina de carreiras responde HTTP 200 mas o corpo tem apenas 1474 caracteres de texto depois de tirar script e style, ou seja o quadro monta em JavaScript e o curl nao le a lista. Nao registrei como sem vaga. PRECISA DE NAVEGADOR. | ficha: https://3dvf.com/en/studio/shed/"
Side FX,Canadá,Toronto,https://www.sidefx.com/,nao,nao,,nao se aplica (sem vaga da disciplina),"MEDIDO 08/09 pela API publica do ATS (bamboohr:22sidefx, bamboohr:2Fsidefx, bamboohr:sidefx): quadro devolveu 3 vaga(s) e NENHUMA e da disciplina (personagem, modelagem, textura, material, lookdev, surfacing, groom, sculpt, visual development). Afirmacao medida, nao presumida. | ficha: https://3dvf.com/en/studio/side-fx/"
Side Street Post &#038; VFX,Canadá,Vancouver Side Street Post & VFX,https://sidestreetpost.com/,nao,site-fora-do-ar,,nao aplicavel — site nao respondeu,"RE-TESTADO 08/09 com o protocolo de duas variacoes (com e sem www, com e sem barra final, https sempre, User-Agent de Chrome, e http como ultimo recurso): 3 enderecos tentados, nenhum respondeu. Tentativas: https://sidestreetpost.com/ HTTP 404 | https://www.sidestreetpost.com/ HTTP 404 | http://sidestreetpost.com/ HTTP 403 | ficha: https://3dvf.com/en/studio/side-street-post-vfx/"
Singing Frog Studio,Canadá,Montreal,https://www.singingfrogstudio.com/,nao,nao,https://www.singingfrogstudio.com/carriere,NENHUM dos 17 termos,"MEDIDO 08/09: pagina de carreiras https://www.singingfrogstudio.com/carriere lida por curl (182812 caracteres de texto) e NENHUM titulo da disciplina (personagem, criatura, modelagem, textura, look dev, surfacing, grooming, visual development, generalista 3D, hard surface, props, ambiente, lideranca de arte 3D) aparece nela. ATENCAO: a pagina traz caracteres Unicode invisiveis; foram ignorados e o texto foi lido sem eles. | ficha: https://3dvf.com/en/studio/singing-frog-studio/"
Sinking Ship Entertainment,Canadá,Toronto,https://www.sinkingship.ca/,nao,nao_encontrada,,nao aplicavel — quadro nao localizado,"MEDIDO 08/09: o site RESPONDE (https://www.sinkingship.ca/), mas nao achei pagina de carreiras. Varri os links da home, chutei 14 caminhos (/careers, /jobs, /join-us, /recrutement, /nous-rejoindre, /carrieres, /vacancies e afins) e li o sitemap.xml e o robots.txt; o sitemap nao tem URL de carreiras. Nenhuma devolveu quadro de vagas. | ficha: https://3dvf.com/en/studio/sinking-ship-entertainment/"
SkyBox Labs,Canadá,Burnaby,https://skyboxlabs.com/,nao,nao,https://api.lever.co/v0/postings/skyboxlabs,nao se aplica (sem vaga da disciplina),"MEDIDO 08/09 pela API do Lever (token skyboxlabs): 3 vagas, todas em Burnaby BC - Security Analyst, Senior Gameplay Software Engineer (UE5) e Senior Technical Artist (UE5). NENHUMA da disciplina (arte tecnica nao e modelagem/textura). | ficha: https://3dvf.com/en/studio/skybox-labs/"
Slap Happy Cartoons,Canadá,Vancouver,https://slaphappycartoons.com/,nao,precisa-de-navegador,https://slaphappycartoons.com/careers/,nao verificavel por curl,"MEDIDO 08/09: a pagina de carreiras responde HTTP 200 mas o corpo tem apenas 132 caracteres de texto depois de tirar script e style, ou seja o quadro monta em JavaScript e o curl nao le a lista. Nao registrei como sem vaga. PRECISA DE NAVEGADOR. | ficha: https://3dvf.com/en/studio/slap-happy-cartoons/"
Smiley Guy Studios,Canadá,Toronto,https://smileyguystudios.com/,nao,nao_encontrada,,nao aplicavel — quadro nao localizado,"MEDIDO 08/09: o site RESPONDE (https://smileyguystudios.com/), mas nao achei pagina de carreiras. Varri os links da home, chutei 14 caminhos (/careers, /jobs, /join-us, /recrutement, /nous-rejoindre, /carrieres, /vacancies e afins) e li o sitemap.xml e o robots.txt; o sitemap nao tem URL de carreiras. Nenhuma devolveu quadro de vagas. | ficha: https://3dvf.com/en/studio/smiley-guy-studios/"
Smoking Gun Interactive,Canadá,Vancouver,https://www.smokingguninc.com/,sim,nao,https://smokingguninc.com/careers/,NENHUM dos 17 termos,"MEDIDO 08/09: pagina de carreiras https://smokingguninc.com/careers/ lida por curl (7074 caracteres de texto) e NENHUM titulo da disciplina (personagem, criatura, modelagem, textura, look dev, surfacing, grooming, visual development, generalista 3D, hard surface, props, ambiente, lideranca de arte 3D) aparece nela. ATENCAO: a pagina traz caracteres Unicode invisiveis; foram ignorados e o texto foi lido sem eles. | ficha: https://3dvf.com/en/studio/smoking-gun-interactive/"
Soho VFX,Canadá,Toronto,https://sohovfx.com/,nao,precisa-de-navegador,https://sohovfx.com/join-us/,nao verificavel por curl,"MEDIDO 08/09: a pagina de carreiras responde HTTP 200 mas o corpo tem apenas 1505 caracteres de texto depois de tirar script e style, ou seja o quadro monta em JavaScript e o curl nao le a lista. Nao registrei como sem vaga. PRECISA DE NAVEGADOR. | ficha: https://3dvf.com/en/studio/soho-vfx/"
Sony Pictures Imageworks,Canadá,Vancouver,https://www.imageworks.com/,sim,sim,https://job-boards.greenhouse.io/sonypicturesimageworks,NENHUM termo de veto nos titulos; DUPLICATA PESADA,"MEDIDO 08/09 pela API do Greenhouse (token sonypicturesimageworks, 53 vagas). SEIS da disciplina, todas em escopo: Senior Look Development Artist (Montreal, 7529417003), Environment Artist (Vancouver, 6669063003), Experienced Modeler (Vancouver, 4363749003), Experienced Texture Artist (Vancouver, 4363799003), Look Development Artist (Vancouver, 6659179003), Modeler (Vancouver, 4363748003), Texture Artist (Vancouver, 4363798003). DUPLICATA TOTAL: cruzei as SETE referencias contra docs/index.html, enviados.csv e processados.csv e TODAS JA ESTAO NA CAMPANHA, varias com candidatura ja enviada e confirmada (4363749003 inclusive com registro de envio repetido por erro). NAO SAO ALVOS NOVOS. | ficha: https://3dvf.com/en/studio/sony-pictures-imageworks/"
Spin VFX,Canadá,Toronto,https://www.spinvfx.com/,nao,nao_encontrada,,,"Pagina de carreiras lida (https://www.spinvfx.com/spin-careers/): nenhum titulo da disciplina no HTML. Pode ser quadro carregado por JavaScript, que nao da para ler sem navegador. | ficha: https://3dvf.com/en/studio/spine-vfx/"
Squeeze,Canadá,Montreal,https://www.squeezestudio.com/,sim,nao,,nao se aplica (sem vaga da disciplina),"MEDIDO 08/09 pela API publica do ATS (recruitee:squeezestudio): quadro devolveu 2 vaga(s) e NENHUMA e da disciplina (personagem, modelagem, textura, material, lookdev, surfacing, groom, sculpt, visual development). Afirmacao medida, nao presumida. | ficha: https://3dvf.com/en/studio/squeeze/"
Starno,Canadá,Montreal,https://www.starno.net/,nao,nao,https://www.starno.net/careers,NENHUM dos 17 termos,"MEDIDO 08/09: pagina de carreiras https://www.starno.net/careers lida por curl (5172 caracteres de texto) e NENHUM titulo da disciplina (personagem, criatura, modelagem, textura, look dev, surfacing, grooming, visual development, generalista 3D, hard surface, props, ambiente, lideranca de arte 3D) aparece nela. | ficha: https://3dvf.com/en/studio/starno/"
Stellar Creative Lab Inc.,Canadá,Vancouver,https://www.stellarcreativelab.com/,sim,precisa-de-navegador,https://www.stellarcreativelab.com/work-with-us,nao verificavel por curl,"MEDIDO 08/09: a pagina de carreiras responde HTTP 200 mas o corpo tem apenas 629 caracteres de texto depois de tirar script e style, ou seja o quadro monta em JavaScript e o curl nao le a lista. Nao registrei como sem vaga. PRECISA DE NAVEGADOR. | ficha: https://3dvf.com/en/studio/stellar-creative-lab-inc/"
Stereo D,Canadá,Toronto,https://www.stereodllc.com/,nao,site-fora-do-ar,,nao aplicavel — site nao respondeu,"RE-TESTADO 08/09 com o protocolo de duas variacoes (com e sem www, com e sem barra final, https sempre, User-Agent de Chrome, e http como ultimo recurso): 3 enderecos tentados, nenhum respondeu. Tentativas: https://www.stereodllc.com/ ConnectionError | https://stereodllc.com/ ReadTimeout | http://stereodllc.com/ HTTP 403 | ficha: https://3dvf.com/en/studio/stereo-d/"
Stormborn Studios,Canadá,Vancouver,https://stormbornvfx.com/,nao,site-fora-do-ar,,nao aplicavel — site nao respondeu,"RE-TESTADO 08/09 com o protocolo de duas variacoes (com e sem www, com e sem barra final, https sempre, User-Agent de Chrome, e http como ultimo recurso): 3 enderecos tentados, nenhum respondeu. Tentativas: https://stormbornvfx.com/ ConnectionError | https://www.stormbornvfx.com/ ReadTimeout | http://stormbornvfx.com/ HTTP 403 | ficha: https://3dvf.com/en/studio/stormborn-studios/"
Studio Feather,Canadá,Toronto,https://studiofeather.com/,nao,nao_encontrada,,nao aplicavel — quadro nao localizado,"MEDIDO 08/09: o site RESPONDE (https://studiofeather.com/), mas nao achei pagina de carreiras. Varri os links da home, chutei 14 caminhos (/careers, /jobs, /join-us, /recrutement, /nous-rejoindre, /carrieres, /vacancies e afins) e li o sitemap.xml e o robots.txt; o sitemap nao tem URL de carreiras. Nenhuma devolveu quadro de vagas. | ficha: https://3dvf.com/en/studio/studio-feather/"
Switch VFX Animation,Canadá,Toronto,https://www.switchent.com/,nao,nao_encontrada,,nao aplicavel — quadro nao localizado,"MEDIDO 08/09: o site RESPONDE (https://www.switchent.com/), mas nao achei pagina de carreiras. Varri os links da home, chutei 14 caminhos (/careers, /jobs, /join-us, /recrutement, /nous-rejoindre, /carrieres, /vacancies e afins) e li o sitemap.xml e o robots.txt; o sitemap nao tem URL de carreiras. Nenhuma devolveu quadro de vagas. | ficha: https://3dvf.com/en/studio/switch-vfx-animation/"
Tantrum,Canadá,Toronto,https://www.tantrum.studio/,nao,nao_encontrada,,nao aplicavel — quadro nao localizado,"MEDIDO 08/09: o site RESPONDE (https://www.tantrum.studio/), mas nao achei pagina de carreiras. Varri os links da home, chutei 14 caminhos (/careers, /jobs, /join-us, /recrutement, /nous-rejoindre, /carrieres, /vacancies e afins) e li o sitemap.xml e o robots.txt; o sitemap nao tem URL de carreiras. Nenhuma devolveu quadro de vagas. | ficha: https://3dvf.com/en/studio/tantrum/"
Taqqut Productions,Canadá,Toronto,https://taqqut.com/,nao,nao_encontrada,,,"Pagina de carreiras lida (https://taqqut.com/careers/): nenhum titulo da disciplina no HTML. Pode ser quadro carregado por JavaScript, que nao da para ler sem navegador. | ficha: https://3dvf.com/en/studio/taqqut-productions/"
Tendril,Canadá,Toronto,https://tendril.ca/,sim,precisa-de-navegador,https://tendril.ca/careers,nao verificavel por curl,"MEDIDO 08/09: a pagina de carreiras responde HTTP 200 mas o corpo tem apenas 139 caracteres de texto depois de tirar script e style, ou seja o quadro monta em JavaScript e o curl nao le a lista. Nao registrei como sem vaga. PRECISA DE NAVEGADOR. | ficha: https://3dvf.com/en/studio/tendril/"
The Embassy VFX,Canadá,Vancouver,https://theembassyvfx.com/,sim,nao,,nao se aplica (sem vaga da disciplina),"MEDIDO 08/09 pela API publica do ATS (bamboohr:theembassy): quadro devolveu 5 vaga(s) e NENHUMA e da disciplina (personagem, modelagem, textura, material, lookdev, surfacing, groom, sculpt, visual development). Afirmacao medida, nao presumida. | ficha: https://3dvf.com/en/studio/the-embassy-vfx/"
The Juggernaut,Canadá,Toronto,https://www.thejuggernaut.ca,sim,nao_encontrada,,nao aplicavel — quadro nao localizado,"MEDIDO 08/09: o site RESPONDE (https://www.thejuggernaut.ca/), mas nao achei pagina de carreiras. Varri os links da home, chutei 14 caminhos (/careers, /jobs, /join-us, /recrutement, /nous-rejoindre, /carrieres, /vacancies e afins) e li o sitemap.xml e o robots.txt; o sitemap nao tem URL de carreiras. Nenhuma devolveu quadro de vagas. | ficha: https://3dvf.com/en/studio/the-juggernaut/"
The Sequence Group,Canadá,Vancouver,https://thesequencegroup.com/,sim,precisa-de-navegador,https://thesequencegroup.com/jobs,nao verificavel por curl,"MEDIDO 08/09: a pagina de carreiras responde HTTP 200 mas o corpo tem apenas 679 caracteres de texto depois de tirar script e style, ou seja o quadro monta em JavaScript e o curl nao le a lista. Nao registrei como sem vaga. PRECISA DE NAVEGADOR. | ficha: https://3dvf.com/en/studio/the-sequence-group/"
Titmouse,Canadá,Vancouver,https://titmouse.net/,nao,precisa-de-navegador,https://titmouse.net/careers/,nao verificavel por curl,"MEDIDO 08/09: a pagina de carreiras responde HTTP 200 mas o corpo tem apenas 1560 caracteres de texto depois de tirar script e style, ou seja o quadro monta em JavaScript e o curl nao le a lista. Nao registrei como sem vaga. PRECISA DE NAVEGADOR. | ficha: https://3dvf.com/en/studio/titmouse/"
Tonic DNA,Canadá,Montreal,https://www.tonicdna.com/,sim,nao,https://tonicdna.com/en/talent/,NENHUM dos 17 termos,"MEDIDO 08/09: pagina de carreiras https://tonicdna.com/en/talent/ lida por curl (18903 caracteres de texto) e NENHUM titulo da disciplina (personagem, criatura, modelagem, textura, look dev, surfacing, grooming, visual development, generalista 3D, hard surface, props, ambiente, lideranca de arte 3D) aparece nela. | ficha: https://3dvf.com/en/studio/tonic-dna/"
Torpedo Pictures,Canadá,Toronto,https://www.torpedopictures.ca/,nao,precisa-de-navegador,https://www.torpedopictures.ca/jobs,nao verificavel por curl,"MEDIDO 08/09: a pagina de carreiras responde HTTP 200 mas o corpo tem apenas 311 caracteres de texto depois de tirar script e style, ou seja o quadro monta em JavaScript e o curl nao le a lista. Nao registrei como sem vaga. PRECISA DE NAVEGADOR. | ficha: https://3dvf.com/en/studio/torpido-pictures/"
TouTenKartoon,Canadá,Montreal,https://toutenkartoon.ca/,nao,site-fora-do-ar,,nao aplicavel — site nao respondeu,"RE-TESTADO 08/09 com o protocolo de duas variacoes (com e sem www, com e sem barra final, https sempre, User-Agent de Chrome, e http como ultimo recurso): 3 enderecos tentados, nenhum respondeu. Tentativas: https://toutenkartoon.ca/ ProxyError | https://www.toutenkartoon.ca/ ProxyError | http://toutenkartoon.ca/ ConnectionError | ficha: https://3dvf.com/en/studio/toutenkartoon/"
Unstandard Studio,Canadá,Québec City,https://www.unstandardstudio.com,nao,nao_encontrada,,nao aplicavel — quadro nao localizado,"MEDIDO 08/09: o site RESPONDE (https://www.unstandardstudio.com/), mas nao achei pagina de carreiras. Varri os links da home, chutei 14 caminhos (/careers, /jobs, /join-us, /recrutement, /nous-rejoindre, /carrieres, /vacancies e afins) e li o sitemap.xml e o robots.txt; o sitemap nao tem URL de carreiras. Nenhuma devolveu quadro de vagas. | ficha: https://3dvf.com/en/studio/unstandard-studio/"
Volta,Canadá,Quebec,https://www.volta.ca/,nao,nao_encontrada,,,"Pagina de carreiras lida (https://www.volta.ca/careers/): nenhum titulo da disciplina no HTML. Pode ser quadro carregado por JavaScript, que nao da para ler sem navegador. | ficha: https://3dvf.com/en/studio/volta/"
Waterproof Studios,Canadá,Vancouver,https://waterproofstudios.com/,sim,nao,https://waterproofstudios.com/careers,NENHUM dos 17 termos,"MEDIDO 08/09: pagina de carreiras https://waterproofstudios.com/careers lida por curl (11391 caracteres de texto) e NENHUM titulo da disciplina (personagem, criatura, modelagem, textura, look dev, surfacing, grooming, visual development, generalista 3D, hard surface, props, ambiente, lideranca de arte 3D) aparece nela. | ficha: https://3dvf.com/en/studio/waterproof-studios/"
WGames,Canadá,Toronto,https://wgames.com/,nao,nao_encontrada,,,ATS detectado (bamboohr/bamboohr) e consultado por API: nenhuma vaga da disciplina no retorno. | ficha: https://3dvf.com/en/studio/wgames/
WildBrain,Canadá,Toronto,https://www.wildbrain.com/,sim,nao,,nao se aplica (sem vaga da disciplina),"MEDIDO 08/09 pela API publica do ATS (smartrecruiters:wildbrain, talentsoft:wildbrain-career, jobsatteamtailor:smartrecruiters, jobsatteamtailor:talent-soft): quadro devolveu 18 vaga(s) e NENHUMA e da disciplina (personagem, modelagem, textura, material, lookdev, surfacing, groom, sculpt, visual development). Afirmacao medida, nao presumida. | ficha: https://3dvf.com/en/studio/wildbrain/"
Wonderslust,Canadá,Halifax,https://www.wonderlustmedia.ca/,nao,nao_encontrada,,nao aplicavel — quadro nao localizado,"MEDIDO 08/09: o site RESPONDE (https://www.wonderlust.work/), mas nao achei pagina de carreiras. Varri os links da home, chutei 14 caminhos (/careers, /jobs, /join-us, /recrutement, /nous-rejoindre, /carrieres, /vacancies e afins) e li o sitemap.xml e o robots.txt; o sitemap nao tem URL de carreiras. Nenhuma devolveu quadro de vagas. | ficha: https://3dvf.com/en/studio/wonderslust/"
Yeti Farm Creative,Canadá,Kelowna,https://www.yetifarmcreative.com/,nao,precisa-de-navegador,https://artistsanimation.com/careers/,nao verificavel por curl,"MEDIDO 08/09: a pagina de carreiras responde HTTP 200 mas o corpo tem apenas 1548 caracteres de texto depois de tirar script e style, ou seja o quadro monta em JavaScript e o curl nao le a lista. Nao registrei como sem vaga. PRECISA DE NAVEGADOR. | ficha: https://3dvf.com/en/studio/yeti-farm-creative/"
Yowza ! Animation,Canadá,Toronto,https://yowzaanimation.com/,nao,precisa-de-navegador,https://yowzaanimation.com/careers/,nao verificavel por curl,"MEDIDO 08/09: a pagina de carreiras responde HTTP 200 mas o corpo tem apenas 851 caracteres de texto depois de tirar script e style, ou seja o quadro monta em JavaScript e o curl nao le a lista. Nao registrei como sem vaga. PRECISA DE NAVEGADOR. | ficha: https://3dvf.com/en/studio/yowza-animation/"
Zink,Canadá,Toronto,https://www.zink.ca,nao,nao_encontrada,,nao aplicavel — quadro nao localizado,"MEDIDO 08/09: o site RESPONDE (https://www.zink.ca/), mas nao achei pagina de carreiras. Varri os links da home, chutei 14 caminhos (/careers, /jobs, /join-us, /recrutement, /nous-rejoindre, /carrieres, /vacancies e afins) e li o sitemap.xml e o robots.txt; o sitemap nao tem URL de carreiras. Nenhuma devolveu quadro de vagas. | ficha: https://3dvf.com/en/studio/zink/"
Zoic Studios,Canadá,Vancouver,https://www.zoicstudios.com/,sim,nao_encontrada,,nao aplicavel — quadro nao localizado,"MEDIDO 08/09: o site RESPONDE (https://www.zoicstudios.com/), mas nao achei pagina de carreiras. Varri os links da home, chutei 14 caminhos (/careers, /jobs, /join-us, /recrutement, /nous-rejoindre, /carrieres, /vacancies e afins) e li o sitemap.xml e o robots.txt; o sitemap nao tem URL de carreiras. Nenhuma devolveu quadro de vagas. | ficha: https://3dvf.com/en/studio/zoic-studios/"
Kredenc,Chéquia,Prague,https://kredenc.studio/,nao,site-fora-do-ar,,nao aplicavel — site nao respondeu,"RE-TESTADO 08/09 com o protocolo de duas variacoes (com e sem www, com e sem barra final, https sempre, User-Agent de Chrome, e http como ultimo recurso): 3 enderecos tentados, nenhum respondeu. Tentativas: https://kredenc.studio/ ProxyError | https://www.kredenc.studio/ ProxyError | http://kredenc.studio/ ConnectionError | ficha: https://3dvf.com/en/studio/kredenc/"
The Mill,Coreia do Sul / Reino Unido / Bélgica / França,Liège Seoul Paris Bengaluru London,https://themill.com/,sim,nao,https://www.themill.com/careers,NENHUM dos 17 termos,"MEDIDO 08/09: pagina de carreiras https://www.themill.com/careers lida por curl (2397 caracteres de texto) e NENHUM titulo da disciplina (personagem, criatura, modelagem, textura, look dev, surfacing, grooming, visual development, generalista 3D, hard surface, props, ambiente, lideranca de arte 3D) aparece nela. | ficha: https://3dvf.com/en/studio/the-mill/"
VCR WORKS,Coreia do Sul,Séoul,https://vcrworks.kr,nao,nao_encontrada,,nao aplicavel — quadro nao localizado,"MEDIDO 08/09: o site RESPONDE (https://vcrworks.kr/), mas nao achei pagina de carreiras. Varri os links da home, chutei 14 caminhos (/careers, /jobs, /join-us, /recrutement, /nous-rejoindre, /carrieres, /vacancies e afins) e li o sitemap.xml e o robots.txt; o sitemap nao tem URL de carreiras. Nenhuma devolveu quadro de vagas. | ficha: https://3dvf.com/en/studio/vcr-works/"
3D Realms,Dinamarca,Aalborg,https://3drealms.com/,nao,nao,https://3drealms.com/wp-content/uploads/2023/07/join-us.png,NENHUM dos 17 termos,"MEDIDO 08/09: pagina de carreiras https://3drealms.com/wp-content/uploads/2023/07/join-us.png lida por curl (24190 caracteres de texto) e NENHUM titulo da disciplina (personagem, criatura, modelagem, textura, look dev, surfacing, grooming, visual development, generalista 3D, hard surface, props, ambiente, lideranca de arte 3D) aparece nela. | ficha: https://3dvf.com/en/studio/3d-realms/"
Animated Learning Lab,Dinamarca,Viborg,https://www.animatedlearning.dk,nao,nao_encontrada,,nao aplicavel — quadro nao localizado,"MEDIDO 08/09: o site RESPONDE (https://animatedlearning.dk/), mas nao achei pagina de carreiras. Varri os links da home, chutei 14 caminhos (/careers, /jobs, /join-us, /recrutement, /nous-rejoindre, /carrieres, /vacancies e afins) e li o sitemap.xml e o robots.txt; o sitemap nao tem URL de carreiras. Nenhuma devolveu quadro de vagas. | ficha: https://3dvf.com/en/studio/animated-learning-lab/"
Anne Hoberg Illustration,Dinamarca,Viborg,https://www.annehoberg.com,nao,nao_encontrada,,nao aplicavel — quadro nao localizado,"MEDIDO 08/09: o site RESPONDE (https://www.annehoberg.com/), mas nao achei pagina de carreiras. Varri os links da home, chutei 14 caminhos (/careers, /jobs, /join-us, /recrutement, /nous-rejoindre, /carrieres, /vacancies e afins) e li o sitemap.xml e o robots.txt; o sitemap nao tem URL de carreiras. Nenhuma devolveu quadro de vagas. | ficha: https://3dvf.com/en/studio/anne-hoberg-illustration/"
Bacon X,Dinamarca,Frederiksberg,https://baconx.com/,nao,nao_encontrada,,nao aplicavel — quadro nao localizado,"MEDIDO 08/09: o site RESPONDE (https://www.baconx.com/), mas nao achei pagina de carreiras. Varri os links da home, chutei 14 caminhos (/careers, /jobs, /join-us, /recrutement, /nous-rejoindre, /carrieres, /vacancies e afins) e li o sitemap.xml e o robots.txt; o sitemap nao tem URL de carreiras. Nenhuma devolveu quadro de vagas. | ficha: https://3dvf.com/en/studio/bacon-x-2/"
Copenhagen Bombay,Dinamarca,Copenhagen,https://copenhagenbombay.com/,nao,site-fora-do-ar,,nao aplicavel — site nao respondeu,"RE-TESTADO 08/09 com o protocolo de duas variacoes (com e sem www, com e sem barra final, https sempre, User-Agent de Chrome, e http como ultimo recurso): 3 enderecos tentados, nenhum respondeu. Tentativas: https://copenhagenbombay.com/ HTTP 202 | https://www.copenhagenbombay.com/ HTTP 202 | http://copenhagenbombay.com/ HTTP 403 | ficha: https://3dvf.com/en/studio/copenhagen-bombay/"
Doktor,Dinamarca,Viborg,https://www.playdoktor.com,nao,site-fora-do-ar,,nao aplicavel — site nao respondeu,"RE-TESTADO 08/09 com o protocolo de duas variacoes (com e sem www, com e sem barra final, https sempre, User-Agent de Chrome, e http como ultimo recurso): 3 enderecos tentados, nenhum respondeu. Tentativas: https://www.playdoktor.com/ ProxyError | https://playdoktor.com/ ProxyError | http://playdoktor.com/ ConnectionError | ficha: https://3dvf.com/en/studio/doktor/"
Drawesome Pictures,Dinamarca,Viborg,https://www.drawesomefilms.com,nao,nao_encontrada,,nao aplicavel — quadro nao localizado,"MEDIDO 08/09: o site RESPONDE (https://www.drawesomefilms.com/), mas nao achei pagina de carreiras. Varri os links da home, chutei 14 caminhos (/careers, /jobs, /join-us, /recrutement, /nous-rejoindre, /carrieres, /vacancies e afins) e li o sitemap.xml e o robots.txt; o sitemap nao tem URL de carreiras. Nenhuma devolveu quadro de vagas. | ficha: https://3dvf.com/en/studio/drawesome-pictures/"
Dupondi Studio,Dinamarca,Viborg,https://www.dupondi.dk,nao,site-fora-do-ar,,nao aplicavel — site nao respondeu,"RE-TESTADO 08/09 com o protocolo de duas variacoes (com e sem www, com e sem barra final, https sempre, User-Agent de Chrome, e http como ultimo recurso): 3 enderecos tentados, nenhum respondeu. Tentativas: https://www.dupondi.dk/ SSLError | https://dupondi.dk/ SSLError | http://dupondi.dk/ HTTP 403 | ficha: https://3dvf.com/en/studio/dupondi-studio/"
Dystopian Creatives,Dinamarca,Aarhus,https://dystopiancreatives.com/,nao,site-fora-do-ar,,nao aplicavel — site nao respondeu,"RE-TESTADO 08/09 com o protocolo de duas variacoes (com e sem www, com e sem barra final, https sempre, User-Agent de Chrome, e http como ultimo recurso): 3 enderecos tentados, nenhum respondeu. Tentativas: https://dystopiancreatives.com/ ProxyError | https://www.dystopiancreatives.com/ ProxyError | http://dystopiancreatives.com/ ConnectionError | ficha: https://3dvf.com/en/studio/dystopian-creatives/"
Eye Candy Film,Dinamarca,Copenhagen,https://www.eyecandyfilm.dk/,nao,nao_encontrada,,nao aplicavel — quadro nao localizado,"MEDIDO 08/09: o site RESPONDE (https://www.eyecandyfilm.dk/), mas nao achei pagina de carreiras. Varri os links da home, chutei 14 caminhos (/careers, /jobs, /join-us, /recrutement, /nous-rejoindre, /carrieres, /vacancies e afins) e li o sitemap.xml e o robots.txt; o sitemap nao tem URL de carreiras. Nenhuma devolveu quadro de vagas. | ficha: https://3dvf.com/en/studio/eye-candy-film/"
Ghost VFX,Dinamarca,Copenhagen,https://ghost.dk/,nao,site-fora-do-ar,,nao aplicavel — site nao respondeu,"RE-TESTADO 08/09 com o protocolo de duas variacoes (com e sem www, com e sem barra final, https sempre, User-Agent de Chrome, e http como ultimo recurso): 3 enderecos tentados, nenhum respondeu. Tentativas: https://ghost.dk/ SSLError | https://www.ghost.dk/ SSLError | http://ghost.dk/ HTTP 403 | ficha: https://3dvf.com/en/studio/ghost-vfx/"
Gimmick VFX,Dinamarca,Copenhagen,https://gimmickvfx.com/,nao,nao_encontrada,,nao aplicavel — quadro nao localizado,"MEDIDO 08/09: o site RESPONDE (https://www.gimmick.dk/), mas nao achei pagina de carreiras. Varri os links da home, chutei 14 caminhos (/careers, /jobs, /join-us, /recrutement, /nous-rejoindre, /carrieres, /vacancies e afins) e li o sitemap.xml e o robots.txt; o sitemap nao tem URL de carreiras. Nenhuma devolveu quadro de vagas. | ficha: https://3dvf.com/en/studio/gimmick-vfx/"
Good Job Studios,Dinamarca,Viborg,https://www.goodjobstudios.com,sim,nao_encontrada,,nao aplicavel — quadro nao localizado,"MEDIDO 08/09: o site RESPONDE (https://goodjobstudios.com/), mas nao achei pagina de carreiras. Varri os links da home, chutei 14 caminhos (/careers, /jobs, /join-us, /recrutement, /nous-rejoindre, /carrieres, /vacancies e afins) e li o sitemap.xml e o robots.txt; o sitemap nao tem URL de carreiras. Nenhuma devolveu quadro de vagas. | ficha: https://3dvf.com/en/studio/good-job-studios/"
Happy Flyfish,Dinamarca,Viborg,https://www.happyflyfish.dk,nao,site-fora-do-ar,,nao aplicavel — site nao respondeu,"RE-TESTADO 08/09 com o protocolo de duas variacoes (com e sem www, com e sem barra final, https sempre, User-Agent de Chrome, e http como ultimo recurso): 3 enderecos tentados, nenhum respondeu. Tentativas: https://www.happyflyfish.dk/ SSLError | https://happyflyfish.dk/ SSLError | http://happyflyfish.dk/ HTTP 403 | ficha: https://3dvf.com/en/studio/happy-flyfish/"
Hide The Zebra,Dinamarca,Copenhagen,https://www.hidethezebra.com/,nao,site-fora-do-ar,,nao aplicavel — site nao respondeu,"RE-TESTADO 08/09 com o protocolo de duas variacoes (com e sem www, com e sem barra final, https sempre, User-Agent de Chrome, e http como ultimo recurso): 3 enderecos tentados, nenhum respondeu. Tentativas: https://www.hidethezebra.com/ SSLError | https://hidethezebra.com/ SSLError | http://hidethezebra.com/ HTTP 403 | ficha: https://3dvf.com/en/studio/hide-the-zebra/"
Hydralab,Dinamarca,Copenhagen,https://cph.hydralab.com/,nao,nao_encontrada,,nao aplicavel — quadro nao localizado,"MEDIDO 08/09: o site RESPONDE (https://cph.hydralab.com/), mas nao achei pagina de carreiras. Varri os links da home, chutei 14 caminhos (/careers, /jobs, /join-us, /recrutement, /nous-rejoindre, /carrieres, /vacancies e afins) e li o sitemap.xml e o robots.txt; o sitemap nao tem URL de carreiras. Nenhuma devolveu quadro de vagas. | ficha: https://3dvf.com/en/studio/hydralab/"
IO Interactive,Dinamarca,Copenhagen,https://www.ioi.dk/,sim,precisa-de-navegador,https://ioi.dk/careers/,nao aplicavel — quadro nao cedeu texto,"MEDIDO 08/09: ioi.dk/careers responde 200 com 304 KB, mas e aplicacao Nuxt e a lista de vagas so existe depois do JavaScript: nao ha um unico titulo de vaga no HTML cru. Os links /careers/craft/environment-art-at-ioi e afins sao ARTIGOS editoriais, nao vagas. FALTA: abrir ioi.dk/careers no navegador e ler o quadro (escritorios Copenhague, Malmo, Barcelona, Brighton). | ficha: https://3dvf.com/en/studio/io-interactive/"
Ja Film,Dinamarca,Aarhus,https://www.jafilm.dk/,nao,nao_encontrada,,nao aplicavel — quadro nao localizado,"MEDIDO 08/09: o site RESPONDE (https://www.jafilm.dk/), mas nao achei pagina de carreiras. Varri os links da home, chutei 14 caminhos (/careers, /jobs, /join-us, /recrutement, /nous-rejoindre, /carrieres, /vacancies e afins) e li o sitemap.xml e o robots.txt; o sitemap nao tem URL de carreiras. Nenhuma devolveu quadro de vagas. | ficha: https://3dvf.com/en/studio/ja-film/"
Jody prody,Dinamarca,Viborg,https://www.jodyprody.com,nao,nao_encontrada,,nao aplicavel — quadro nao localizado,"MEDIDO 08/09: o site RESPONDE (https://jodyprody.com/), mas nao achei pagina de carreiras. Varri os links da home, chutei 14 caminhos (/careers, /jobs, /join-us, /recrutement, /nous-rejoindre, /carrieres, /vacancies e afins) e li o sitemap.xml e o robots.txt; o sitemap nao tem URL de carreiras. Nenhuma devolveu quadro de vagas. | ficha: https://3dvf.com/en/studio/jody-prody/"
Kiloo,Dinamarca,Aarhus,https://www.kiloogames.com/,nao,nao_encontrada,,nao aplicavel — quadro nao localizado,"MEDIDO 08/09: o site RESPONDE (https://www.kiloo.com/), mas nao achei pagina de carreiras. Varri os links da home, chutei 14 caminhos (/careers, /jobs, /join-us, /recrutement, /nous-rejoindre, /carrieres, /vacancies e afins) e li o sitemap.xml e o robots.txt; o sitemap nao tem URL de carreiras. Nenhuma devolveu quadro de vagas. | ficha: https://3dvf.com/en/studio/kiloo/"
Logic Artists,Dinamarca,Copenhagen,https://www.logicartists.com/,nao,site-fora-do-ar,,nao aplicavel — site nao respondeu,"RE-TESTADO 08/09 com o protocolo de duas variacoes (com e sem www, com e sem barra final, https sempre, User-Agent de Chrome, e http como ultimo recurso): 3 enderecos tentados, nenhum respondeu. Tentativas: https://www.logicartists.com/ HTTP 503 | https://logicartists.com/ HTTP 503 | http://logicartists.com/ HTTP 403 | ficha: https://3dvf.com/en/studio/logic-artists/"
M2 Film,Dinamarca,Aarhus,https://www.m2film.dk/,nao,nao_encontrada,,,"Pagina de carreiras lida (https://m2film.dk/jobs/): nenhum titulo da disciplina no HTML. Pode ser quadro carregado por JavaScript, que nao da para ler sem navegador. | ficha: https://3dvf.com/en/studio/m2-film/"
Mads Juul Storyboard,Dinamarca,Viborg,https://www.mjstoryboard.blogspot.com,nao,site-fora-do-ar,,nao aplicavel — site nao respondeu,"RE-TESTADO 08/09 com o protocolo de duas variacoes (com e sem www, com e sem barra final, https sempre, User-Agent de Chrome, e http como ultimo recurso): 3 enderecos tentados, nenhum respondeu. Tentativas: https://www.mjstoryboard.blogspot.com/ SSLError | https://mjstoryboard.blogspot.com/ HTTP 404 | http://mjstoryboard.blogspot.com/ HTTP 403 | ficha: https://3dvf.com/en/studio/mads-juul-storyboard/"
Nice Ninja,Dinamarca,Copenhagen,https://niceninja.com/,nao,nao_encontrada,,nao aplicavel — quadro nao localizado,"MEDIDO 08/09: o site RESPONDE (https://niceninja.dk/), mas nao achei pagina de carreiras. Varri os links da home, chutei 14 caminhos (/careers, /jobs, /join-us, /recrutement, /nous-rejoindre, /carrieres, /vacancies e afins) e li o sitemap.xml e o robots.txt; o sitemap nao tem URL de carreiras. Nenhuma devolveu quadro de vagas. | ficha: https://3dvf.com/en/studio/nice-ninja/"
Nørlum,Dinamarca,Viborg,https://www.noerlum.com/,nao,nao_encontrada,,nao aplicavel — quadro nao localizado,"MEDIDO 08/09: o site RESPONDE (https://www.noerlum.com/), mas nao achei pagina de carreiras. Varri os links da home, chutei 14 caminhos (/careers, /jobs, /join-us, /recrutement, /nous-rejoindre, /carrieres, /vacancies e afins) e li o sitemap.xml e o robots.txt; o sitemap nao tem URL de carreiras. Nenhuma devolveu quadro de vagas. | ficha: https://3dvf.com/en/studio/norlum/"
Ouros Animation,Dinamarca,Viborg,https://www.ouros.net,nao,nao_encontrada,,nao aplicavel — quadro nao localizado,"MEDIDO 08/09: o site RESPONDE (https://www.ouros.net/), mas nao achei pagina de carreiras. Varri os links da home, chutei 14 caminhos (/careers, /jobs, /join-us, /recrutement, /nous-rejoindre, /carrieres, /vacancies e afins) e li o sitemap.xml e o robots.txt; o sitemap nao tem URL de carreiras. Nenhuma devolveu quadro de vagas. | ficha: https://3dvf.com/en/studio/ouros-animation/"
Paracosmic Studios,Dinamarca,Viborg,https://www.paracosmicstudios.dk,nao,site-fora-do-ar,,nao aplicavel — site nao respondeu,"RE-TESTADO 08/09 com o protocolo de duas variacoes (com e sem www, com e sem barra final, https sempre, User-Agent de Chrome, e http como ultimo recurso): 3 enderecos tentados, nenhum respondeu. Tentativas: https://www.paracosmicstudios.dk/ ProxyError | https://paracosmicstudios.dk/ ProxyError | http://paracosmicstudios.dk/ ConnectionError | ficha: https://3dvf.com/en/studio/paracosmic-studios/"
Quick Draw,Dinamarca,Viborg,https://www.jonasmjensen.blogspot.com,nao,nao_encontrada,,nao aplicavel — quadro nao localizado,"MEDIDO 08/09: o site RESPONDE (https://jonasmjensen.blogspot.com/), mas nao achei pagina de carreiras. Varri os links da home, chutei 14 caminhos (/careers, /jobs, /join-us, /recrutement, /nous-rejoindre, /carrieres, /vacancies e afins) e li o sitemap.xml e o robots.txt; o sitemap nao tem URL de carreiras. Nenhuma devolveu quadro de vagas. | ficha: https://3dvf.com/en/studio/quick-draw/"
Re:Frame Studio,Dinamarca,Viborg,https://www.reframestudio.dk,nao,nao_encontrada,,nao aplicavel — quadro nao localizado,"MEDIDO 08/09: o site RESPONDE (https://www.reframestudio.dk/), mas nao achei pagina de carreiras. Varri os links da home, chutei 14 caminhos (/careers, /jobs, /join-us, /recrutement, /nous-rejoindre, /carrieres, /vacancies e afins) e li o sitemap.xml e o robots.txt; o sitemap nao tem URL de carreiras. Nenhuma devolveu quadro de vagas. | ficha: https://3dvf.com/en/studio/reframe-studio/"
Reto Moto,Dinamarca,Copenhagen,https://www.reto.dk/,nao,nao_encontrada,,nao aplicavel — quadro nao localizado,"MEDIDO 08/09: o site RESPONDE (https://reto.dk/), mas nao achei pagina de carreiras. Varri os links da home, chutei 14 caminhos (/careers, /jobs, /join-us, /recrutement, /nous-rejoindre, /carrieres, /vacancies e afins) e li o sitemap.xml e o robots.txt; o sitemap nao tem URL de carreiras. Nenhuma devolveu quadro de vagas. | ficha: https://3dvf.com/en/studio/reto-moto/"
Rokoko,Dinamarca,Copenhagen,https://www.rokoko.com,nao,nao,https://careers.rokoko.com/,nao se aplica (quadro vazio),MEDIDO 08/09 pelo Teamtailor: sitemap responde 200 e nao lista NENHUMA vaga. Quadro vazio. | ficha: https://3dvf.com/en/studio/rokoko/
Sammy Torres,Dinamarca,Viborg,https://www.sammytorres.wixsite.com/portfolio,nao,nao_encontrada,,nao aplicavel — quadro nao localizado,"MEDIDO 08/09: o site RESPONDE (https://sammytorres.wixsite.com/portfolio), mas nao achei pagina de carreiras. Varri os links da home, chutei 14 caminhos (/careers, /jobs, /join-us, /recrutement, /nous-rejoindre, /carrieres, /vacancies e afins) e li o sitemap.xml e o robots.txt; o sitemap nao tem URL de carreiras. Nenhuma devolveu quadro de vagas. | ficha: https://3dvf.com/en/studio/sammy-torres/"
Slipgate Ironworks,Dinamarca,Aalborg,https://www.slipgate-ironworks.com/,sim,nao,https://www.slipgate-ironworks.com/careers/,NENHUM dos 17 termos,"MEDIDO 08/09: pagina de carreiras https://www.slipgate-ironworks.com/careers/ lida por curl (573151 caracteres de texto) e NENHUM titulo da disciplina (personagem, criatura, modelagem, textura, look dev, surfacing, grooming, visual development, generalista 3D, hard surface, props, ambiente, lideranca de arte 3D) aparece nela. | ficha: https://3dvf.com/en/studio/slipgate-ironworks/"
Sun Creature,Dinamarca,Copenhagen,https://suncreature.com/,sim,nao_encontrada,,nao aplicavel — quadro nao localizado,"MEDIDO 08/09: o site RESPONDE (https://suncreature.com/), mas nao achei pagina de carreiras. Varri os links da home, chutei 14 caminhos (/careers, /jobs, /join-us, /recrutement, /nous-rejoindre, /carrieres, /vacancies e afins) e li o sitemap.xml e o robots.txt; o sitemap nao tem URL de carreiras. Nenhuma devolveu quadro de vagas. | ficha: https://3dvf.com/en/studio/sun-creature/"
SYBO Games,Dinamarca,Copenhagen,https://sybogames.com/,nao,nao,https://sybo.teamtailor.com/jobs,nao se aplica (sem vaga da disciplina),"MEDIDO 08/09 pelo sitemap do Teamtailor (o jobs.json devolvia 0 falso): 5 vagas - Game Engineer Tech Pod, Game Engineer, Technical Animator, UI/UX Designer e Marketing Artist. NENHUMA da disciplina. | ficha: https://3dvf.com/en/studio/sybo-games/"
TGB VFX,Dinamarca,Copenhagen,https://www.tgbvfx.com/,nao,site-fora-do-ar,,nao aplicavel — site nao respondeu,"RE-TESTADO 08/09 com o protocolo de duas variacoes (com e sem www, com e sem barra final, https sempre, User-Agent de Chrome, e http como ultimo recurso): 3 enderecos tentados, nenhum respondeu. Tentativas: https://www.tgbvfx.com/ SSLError | https://tgbvfx.com/ SSLError | http://tgbvfx.com/ HTTP 403 | ficha: https://3dvf.com/en/studio/tgb-vfx/"
Tumblehead Animation,Dinamarca,Viborg,https://www.tumblehead.com/,sim,nao_encontrada,,nao aplicavel — quadro nao localizado,"MEDIDO 08/09: o site RESPONDE (https://www.tumblehead.com/), mas nao achei pagina de carreiras. Varri os links da home, chutei 14 caminhos (/careers, /jobs, /join-us, /recrutement, /nous-rejoindre, /carrieres, /vacancies e afins) e li o sitemap.xml e o robots.txt; o sitemap nao tem URL de carreiras. Nenhuma devolveu quadro de vagas. | ficha: https://3dvf.com/en/studio/tumblehead-animation/"
Unity Technologies,Dinamarca,Copenhagen,https://unity.com/,nao,nao_encontrada,,,"Pagina de carreiras lida (https://unity.com/careers): nenhum titulo da disciplina no HTML. Pode ser quadro carregado por JavaScript, que nao da para ler sem navegador. | ficha: https://3dvf.com/en/studio/unity-technologies/"
Vizlab Studios,Dinamarca,Viborg,https://vizlabstudios.com/,nao,nao_encontrada,,nao aplicavel — quadro nao localizado,"MEDIDO 08/09: o site RESPONDE (https://vizlabstudios.com/), mas nao achei pagina de carreiras. Varri os links da home, chutei 14 caminhos (/careers, /jobs, /join-us, /recrutement, /nous-rejoindre, /carrieres, /vacancies e afins) e li o sitemap.xml e o robots.txt; o sitemap nao tem URL de carreiras. Nenhuma devolveu quadro de vagas. | ficha: https://3dvf.com/en/studio/vizlab-studios/"
Wil Film,Dinamarca,Copenhagen,https://www.wilfilm.dk/,nao,nao_encontrada,,,"Pagina de carreiras lida (https://www.wilfilm.dk/jobs/): nenhum titulo da disciplina no HTML. Pode ser quadro carregado por JavaScript, que nao da para ler sem navegador. | ficha: https://3dvf.com/en/studio/wil-film/"
X Hamburg,Dinamarca,Frederiksberg Bacon X,https://baconx.com/,nao,nao_encontrada,,nao aplicavel — quadro nao localizado,"MEDIDO 08/09: o site RESPONDE (https://www.baconx.com/), mas nao achei pagina de carreiras. Varri os links da home, chutei 14 caminhos (/careers, /jobs, /join-us, /recrutement, /nous-rejoindre, /carrieres, /vacancies e afins) e li o sitemap.xml e o robots.txt; o sitemap nao tem URL de carreiras. Nenhuma devolveu quadro de vagas. | ficha: https://3dvf.com/en/studio/bacon-x/"
Triton Digital,Eslováquia,Bratislava,https://www.triton.digital/,nao,nao_encontrada,,nao aplicavel — quadro nao localizado,"MEDIDO 08/09: o site RESPONDE (https://www.triton.digital/), mas nao achei pagina de carreiras. Varri os links da home, chutei 14 caminhos (/careers, /jobs, /join-us, /recrutement, /nous-rejoindre, /carrieres, /vacancies e afins) e li o sitemap.xml e o robots.txt; o sitemap nao tem URL de carreiras. Nenhuma devolveu quadro de vagas. | ficha: https://3dvf.com/en/studio/triton-digital/"
3D2D Frente,Espanha,Madrid,https://www.3d2dfrente.com/,nao,site-fora-do-ar,,nao aplicavel — site nao respondeu,"RE-TESTADO 08/09 com o protocolo de duas variacoes (com e sem www, com e sem barra final, https sempre, User-Agent de Chrome, e http como ultimo recurso): 3 enderecos tentados, nenhum respondeu. Tentativas: https://www.3d2dfrente.com/ ConnectionError | https://3d2dfrente.com/ ReadTimeout | http://3d2dfrente.com/ HTTP 403 | ficha: https://3dvf.com/en/studio/3d2d-frente/"
3Doubles Produciiones,Espanha,Santa Cruz de Tenerife,https://www.3doubles.com/,sim,precisa-de-navegador,https://app.sesametime.com/jobs/3doublesproducciones/all,nao verificavel por curl,"MEDIDO 08/09: a pagina de carreiras responde HTTP 200 mas o corpo tem apenas 8 caracteres de texto depois de tirar script e style, ou seja o quadro monta em JavaScript e o curl nao le a lista. Nao registrei como sem vaga. PRECISA DE NAVEGADOR. | ficha: https://3dvf.com/en/studio/3doubles-produciiones/"
ATLANTIS Animation,Espanha,Santa Cruz de Tenerife Spécialités Animation 3D Long métrage Séries ATLANTIS Ani,https://atlantisanimation.com/,nao,precisa-de-navegador,https://atlantisanimation.com/careers/,nao verificavel por curl,"MEDIDO 08/09: a pagina de carreiras responde HTTP 200 mas o corpo tem apenas 844 caracteres de texto depois de tirar script e style, ou seja o quadro monta em JavaScript e o curl nao le a lista. Nao registrei como sem vaga. PRECISA DE NAVEGADOR. | ficha: https://3dvf.com/en/studio/atlantis-animation-tenerife/"
B-WATER ANIMATION STUDIOS,Espanha,Santa Cruz de Tenerife,https://b-waterstudios.com/#,sim,precisa-de-navegador,https://b-waterstudios.com/work-with-us/,nao verificavel por curl,"MEDIDO 08/09: a pagina de carreiras responde HTTP 200 mas o corpo tem apenas 787 caracteres de texto depois de tirar script e style, ou seja o quadro monta em JavaScript e o curl nao le a lista. Nao registrei como sem vaga. PRECISA DE NAVEGADOR. | ficha: https://3dvf.com/en/studio/b-water-animation-studios/"
Birdland Animation,Espanha,Las Palmas de Gran Canaria,https://birdlandanimation.com/,nao,site-fora-do-ar,,nao aplicavel — site nao respondeu,"RE-TESTADO 08/09 com o protocolo de duas variacoes (com e sem www, com e sem barra final, https sempre, User-Agent de Chrome, e http como ultimo recurso): 3 enderecos tentados, nenhum respondeu. Tentativas: https://birdlandanimation.com/ SSLError | https://www.birdlandanimation.com/ SSLError | http://birdlandanimation.com/ HTTP 403 | ficha: https://3dvf.com/en/studio/birdland-animation/"
El Ranchito VFX,Espanha,Madrid,https://www.elranchito.es/,sim,precisa-de-navegador,https://elranchito.es/join-us/,nao verificavel por curl,"MEDIDO 08/09: a pagina de carreiras responde HTTP 200 mas o corpo tem apenas 968 caracteres de texto depois de tirar script e style, ou seja o quadro monta em JavaScript e o curl nao le a lista. Nao registrei como sem vaga. PRECISA DE NAVEGADOR. | ficha: https://3dvf.com/en/studio/el-ranchito-vfx/"
Fortiche,Espanha / França,Las Palmas de Gran Canaria Montpellier Paris,https://forticheprod.com/,sim,nao,https://forticheprod.com/become-a-forticher/,NENHUM dos 17 termos,"MEDIDO 08/09: pagina de carreiras https://forticheprod.com/become-a-forticher/ lida por curl (44831 caracteres de texto) e NENHUM titulo da disciplina (personagem, criatura, modelagem, textura, look dev, surfacing, grooming, visual development, generalista 3D, hard surface, props, ambiente, lideranca de arte 3D) aparece nela. | ficha: https://3dvf.com/en/studio/fortiche/"
Free Your Mind,Espanha,Madrid,https://www.fym.tv/,nao,nao_encontrada,,nao aplicavel — quadro nao localizado,"MEDIDO 08/09: o site RESPONDE (https://www.fym.tv/), mas nao achei pagina de carreiras. Varri os links da home, chutei 14 caminhos (/careers, /jobs, /join-us, /recrutement, /nous-rejoindre, /carrieres, /vacancies e afins) e li o sitemap.xml e o robots.txt; o sitemap nao tem URL de carreiras. Nenhuma devolveu quadro de vagas. | ficha: https://3dvf.com/en/studio/free-your-mind/"
Hampa Animation Studio,Espanha,Valencia,https://www.hampastudio.com/,sim,nao,https://hampastudio.teamtailor.com/jobs,nao se aplica (sem vaga da disciplina),MEDIDO 08/09 pelo sitemap do Teamtailor: 2 vagas - Pipeline Software Developer e 2D Animator/Artists for various projects. NENHUMA da disciplina (a segunda e 2D). | ficha: https://3dvf.com/en/studio/hampa-animation-studio/
i-Real Studios,Espanha,Madrid,https://www.i-realstudios.com/,nao,site-fora-do-ar,,nao aplicavel — site nao respondeu,"RE-TESTADO 08/09 com o protocolo de duas variacoes (com e sem www, com e sem barra final, https sempre, User-Agent de Chrome, e http como ultimo recurso): 3 enderecos tentados, nenhum respondeu. Tentativas: https://www.i-realstudios.com/ ConnectionError | https://i-realstudios.com/ ReadTimeout | http://i-realstudios.com/ HTTP 403 | ficha: https://3dvf.com/en/studio/i-real-studios/"
Illusorium Studios,Espanha,Madrid,https://illusoriumstudios.com/,sim,nao,https://illusoriumstudios.com/careers/,NENHUM dos 17 termos,"MEDIDO 08/09: pagina de carreiras https://illusoriumstudios.com/careers/ lida por curl (9452 caracteres de texto) e NENHUM titulo da disciplina (personagem, criatura, modelagem, textura, look dev, surfacing, grooming, visual development, generalista 3D, hard surface, props, ambiente, lideranca de arte 3D) aparece nela. | ficha: https://3dvf.com/en/studio/illusorium/"
Keytoon,Espanha,Valencia,https://www.keytoon.com/,sim,precisa-de-navegador,https://www.keytoon.com/empleo,nao verificavel por curl,"MEDIDO 08/09: a pagina de carreiras responde HTTP 200 mas o corpo tem apenas 576 caracteres de texto depois de tirar script e style, ou seja o quadro monta em JavaScript e o curl nao le a lista. Nao registrei como sem vaga. PRECISA DE NAVEGADOR. | ficha: https://3dvf.com/en/studio/keytoon/"
La Huella FX,Espanha,Madrid,https://www.lahuellafx.com/,nao,nao_encontrada,,nao aplicavel — quadro nao localizado,"MEDIDO 08/09: o site RESPONDE (https://www.lahuellafx.com/), mas nao achei pagina de carreiras. Varri os links da home, chutei 14 caminhos (/careers, /jobs, /join-us, /recrutement, /nous-rejoindre, /carrieres, /vacancies e afins) e li o sitemap.xml e o robots.txt; o sitemap nao tem URL de carreiras. Nenhuma devolveu quadro de vagas. | ficha: https://3dvf.com/en/studio/la-huella-fx/"
Lanczos,Espanha,Madrid,https://www.lanczos.tv/,nao,nao_encontrada,,nao aplicavel — quadro nao localizado,"MEDIDO 08/09: o site RESPONDE (https://www.lanczos.tv/), mas nao achei pagina de carreiras. Varri os links da home, chutei 14 caminhos (/careers, /jobs, /join-us, /recrutement, /nous-rejoindre, /carrieres, /vacancies e afins) e li o sitemap.xml e o robots.txt; o sitemap nao tem URL de carreiras. Nenhuma devolveu quadro de vagas. | ficha: https://3dvf.com/en/studio/lanczos/"
Mediatonic,Espanha,Madrid,https://www.mediatonicgames.com/,nao,nao_encontrada,,,"Pagina de carreiras lida (https://www.epicgames.com/site/en-US/careers/jobs?company=Mediatonic&amp;gh_src=1d0ec4e74us): nenhum titulo da disciplina no HTML. Pode ser quadro carregado por JavaScript, que nao da para ler sem navegador. | ficha: https://3dvf.com/en/studio/mediatonic-3/"
Mediatonic,Espanha,Madrid,https://www.mediatonicgames.com/,nao,nao_encontrada,,,"Pagina de carreiras lida (https://www.epicgames.com/site/en-US/careers/jobs?company=Mediatonic&amp;gh_src=1d0ec4e74us): nenhum titulo da disciplina no HTML. Pode ser quadro carregado por JavaScript, que nao da para ler sem navegador. | ficha: https://3dvf.com/en/studio/mediatonic/"
Morgana Studios,Espanha,Madrid,https://www.morganastudios.com/,sim,nao,https://morganastudios.com/careers/,NENHUM dos 17 termos,"MEDIDO 08/09: pagina de carreiras https://morganastudios.com/careers/ lida por curl (6463 caracteres de texto) e NENHUM titulo da disciplina (personagem, criatura, modelagem, textura, look dev, surfacing, grooming, visual development, generalista 3D, hard surface, props, ambiente, lideranca de arte 3D) aparece nela. | ficha: https://3dvf.com/en/studio/morgana-studios/"
Onirikal Studio,Espanha,Barcelona,https://www.onirikal.com/,nao,site-fora-do-ar,,nao aplicavel — site nao respondeu,"RE-TESTADO 08/09 com o protocolo de duas variacoes (com e sem www, com e sem barra final, https sempre, User-Agent de Chrome, e http como ultimo recurso): 3 enderecos tentados, nenhum respondeu. Tentativas: https://www.onirikal.com/ SSLError | https://onirikal.com/ SSLError | http://onirikal.com/ HTTP 403 | ficha: https://3dvf.com/en/studio/onirikal-studio/"
Raised By Monsters,Espanha,Madrid,,nao,nao_encontrada,https://www.raisedbymonsters.eu/,nao aplicavel — quadro nao localizado,"MEDIDO 08/09: a ficha do 3DVF nao publica site, mas o dominio https://www.raisedbymonsters.eu/ responde HTTP 200 (titulo: ""Realtime Development &amp; Video Games – Unreal Engine Studi""). Nao foi varrido em busca de quadro de vagas nesta rodada. | ficha: https://3dvf.com/en/studio/raised-by-monsters/"
Serena,Espanha,Madrid,https://www.serena.tv/,nao,nao_encontrada,,nao aplicavel — quadro nao localizado,"MEDIDO 08/09: o site RESPONDE (https://www.serena.tv/), mas nao achei pagina de carreiras. Varri os links da home, chutei 14 caminhos (/careers, /jobs, /join-us, /recrutement, /nous-rejoindre, /carrieres, /vacancies e afins) e li o sitemap.xml e o robots.txt; o sitemap nao tem URL de carreiras. Nenhuma devolveu quadro de vagas. | ficha: https://3dvf.com/en/studio/serena/"
The Frank Barton Company,Espanha,Madrid,https://www.thefrankbartoncompany.com/,sim,nao_encontrada,,nao aplicavel — quadro nao localizado,"MEDIDO 08/09: o site RESPONDE (https://www.thefrankbartoncompany.com/), mas nao achei pagina de carreiras. Varri os links da home, chutei 14 caminhos (/careers, /jobs, /join-us, /recrutement, /nous-rejoindre, /carrieres, /vacancies e afins) e li o sitemap.xml e o robots.txt; o sitemap nao tem URL de carreiras. Nenhuma devolveu quadro de vagas. | ficha: https://3dvf.com/en/studio/the-frank-barton-company/"
The SPA Studios,Espanha,Madrid,https://www.thespastudios.com/,nao,site-fora-do-ar,,nao aplicavel — site nao respondeu,"RE-TESTADO 08/09 com o protocolo de duas variacoes (com e sem www, com e sem barra final, https sempre, User-Agent de Chrome, e http como ultimo recurso): 3 enderecos tentados, nenhum respondeu. Tentativas: https://www.thespastudios.com/ HTTP 403 | https://thespastudios.com/ HTTP 403 | http://thespastudios.com/ HTTP 403 | ficha: https://3dvf.com/en/studio/the-spa-studios/"
Twin Pines VFX,Espanha,Madrid,https://www.twinpines.es/,sim,precisa-de-navegador,https://www.twinpines.es/recruitment,nao verificavel por curl,"MEDIDO 08/09: a pagina de carreiras responde HTTP 200 mas o corpo tem apenas 529 caracteres de texto depois de tirar script e style, ou seja o quadro monta em JavaScript e o curl nao le a lista. Nao registrei como sem vaga. PRECISA DE NAVEGADOR. | ficha: https://3dvf.com/en/studio/twin-pines-vfx/"
USER T38,Espanha,Madrid,https://www.usert38.com/,sim,nao_encontrada,,nao aplicavel — quadro nao localizado,"MEDIDO 08/09: o site RESPONDE (https://usert38.com/), mas nao achei pagina de carreiras. Varri os links da home, chutei 14 caminhos (/careers, /jobs, /join-us, /recrutement, /nous-rejoindre, /carrieres, /vacancies e afins) e li o sitemap.xml e o robots.txt; o sitemap nao tem URL de carreiras. Nenhuma devolveu quadro de vagas. | ficha: https://3dvf.com/en/studio/user-t38/"
Virtual Art,Espanha,Valencia,https://www.virtualart.es/,nao,nao_encontrada,,nao aplicavel — quadro nao localizado,"MEDIDO 08/09: o site RESPONDE (https://virtualart.es/), mas nao achei pagina de carreiras. Varri os links da home, chutei 14 caminhos (/careers, /jobs, /join-us, /recrutement, /nous-rejoindre, /carrieres, /vacancies e afins) e li o sitemap.xml e o robots.txt; o sitemap nao tem URL de carreiras. Nenhuma devolveu quadro de vagas. | ficha: https://3dvf.com/en/studio/virtual-art/"
A52,EUA,Los Angeles,https://www.a52.com/,nao,nao_encontrada,,nao aplicavel — quadro nao localizado,"MEDIDO 08/09: o site RESPONDE (https://makemake.com/visual-effects/work/filter/featured/), mas nao achei pagina de carreiras. Varri os links da home, chutei 14 caminhos (/careers, /jobs, /join-us, /recrutement, /nous-rejoindre, /carrieres, /vacancies e afins) e li o sitemap.xml e o robots.txt; o sitemap nao tem URL de carreiras. Nenhuma devolveu quadro de vagas. | ficha: https://3dvf.com/en/studio/a52/"
After Party,EUA,New York,https://www.afterpartyvfx.com/,nao,nao,https://www.afterpartyvfx.com/careers,NENHUM dos 17 termos,"MEDIDO 08/09: pagina de carreiras https://www.afterpartyvfx.com/careers lida por curl (8829 caracteres de texto) e NENHUM titulo da disciplina (personagem, criatura, modelagem, textura, look dev, surfacing, grooming, visual development, generalista 3D, hard surface, props, ambiente, lideranca de arte 3D) aparece nela. | ficha: https://3dvf.com/en/studio/after-party/"
Alkemy X,EUA / Países Baixos / Canadá,New York Philadelphie Amsterdam Burbank Vancouver,https://www.alkemy-x.com,nao,nao,https://alkemyxinc.applytojob.com/,NENHUM dos 17 termos,"MEDIDO 08/09: quadro JazzHR (alkemyxinc.applytojob.com) respondeu 200 e a lista inteira de Current Openings tem UMA vaga: ""Visual Effects Production Intern"", remoto. Producao, nao e da disciplina. | ficha: https://3dvf.com/en/studio/alkemy-x/"
Alt.vfx,EUA / Austrália,Melbourne Sydney Brisbane Los Angeles Tokyo,https://altvfx.com/,sim,nao,https://www.altvfx.com/careers/,NENHUM dos 17 termos,"MEDIDO 08/09: pagina de carreiras https://www.altvfx.com/careers/ lida por curl (1317 caracteres de texto) e NENHUM titulo da disciplina (personagem, criatura, modelagem, textura, look dev, surfacing, grooming, visual development, generalista 3D, hard surface, props, ambiente, lideranca de arte 3D) aparece nela. | ficha: https://3dvf.com/en/studio/alt-fx/"
Animasia Studio,EUA,Los Angeles Kuala Lumpur,https://www.animasia-studio.com/,nao,nao_encontrada,,nao aplicavel — quadro nao localizado,"MEDIDO 08/09: o site RESPONDE (https://animasia-studio.com/), mas nao achei pagina de carreiras. Varri os links da home, chutei 14 caminhos (/careers, /jobs, /join-us, /recrutement, /nous-rejoindre, /carrieres, /vacancies e afins) e li o sitemap.xml e o robots.txt; o sitemap nao tem URL de carreiras. Nenhuma devolveu quadro de vagas. | ficha: https://3dvf.com/en/studio/animasia-studio/"
Armada Content Company,EUA,No data was found,http://www.armada.company,nao,site-fora-do-ar,,nao aplicavel — site nao respondeu,"RE-TESTADO 08/09 com o protocolo de duas variacoes (com e sem www, com e sem barra final, https sempre, User-Agent de Chrome, e http como ultimo recurso): 3 enderecos tentados, nenhum respondeu. Tentativas: https://www.armada.company/ ConnectionError | https://armada.company/ ReadTimeout | http://armada.company/ HTTP 403 | ficha: https://3dvf.com/en/studio/armada-content-company/"
Artemple-Hollywood,EUA,Culver City,https://www.artemplehollywood.com,nao,nao_encontrada,,,"Pagina de carreiras lida (https://www.artemplehollywood.com/careers): nenhum titulo da disciplina no HTML. Pode ser quadro carregado por JavaScript, que nao da para ler sem navegador. | ficha: https://3dvf.com/en/studio/artemple-hollywood/"
Artjail,EUA / Canadá,Santa Monica New York Toronto,https://Artjail.com/,sim,precisa-de-navegador,https://artjail.com/careers,nao verificavel por curl,"MEDIDO 08/09: a pagina de carreiras responde HTTP 200 mas o corpo tem apenas 510 caracteres de texto depois de tirar script e style, ou seja o quadro monta em JavaScript e o curl nao le a lista. Nao registrei como sem vaga. PRECISA DE NAVEGADOR. | ficha: https://3dvf.com/en/studio/artjail/"
Atomic Cartoon,EUA / Canadá,Burbank CA Ottawa Vancouver,https://atomiccartoons.com/,sim,precisa-de-navegador,https://atomiccartoons.com/careers,nao verificavel por curl,"MEDIDO 08/09: a pagina de carreiras responde HTTP 200 mas o corpo tem apenas 1665 caracteres de texto depois de tirar script e style, ou seja o quadro monta em JavaScript e o curl nao le a lista. Nao registrei como sem vaga. PRECISA DE NAVEGADOR. | ficha: https://3dvf.com/en/studio/atomic-cartoon/"
Attack Motion Design,EUA,Chicago,https://www.attackmotiondesign.com/,nao,nao_encontrada,,nao aplicavel — quadro nao localizado,"MEDIDO 08/09: o site RESPONDE (https://fullnelson.studio//), mas nao achei pagina de carreiras. Varri os links da home, chutei 14 caminhos (/careers, /jobs, /join-us, /recrutement, /nous-rejoindre, /carrieres, /vacancies e afins) e li o sitemap.xml e o robots.txt; o sitemap nao tem URL de carreiras. Nenhuma devolveu quadro de vagas. | ficha: https://3dvf.com/en/studio/attack-motion-design/"
Austin Visual,EUA,Austin,https://austinvisuals.com/,nao,site-fora-do-ar,,nao aplicavel — site nao respondeu,"RE-TESTADO 08/09 com o protocolo de duas variacoes (com e sem www, com e sem barra final, https sempre, User-Agent de Chrome, e http como ultimo recurso): 3 enderecos tentados, nenhum respondeu. Tentativas: https://austinvisuals.com/ HTTP 403 | https://www.austinvisuals.com/ HTTP 403 | http://austinvisuals.com/ HTTP 403 | ficha: https://3dvf.com/en/studio/austin-visual/"
Awesome Incorporated,EUA,Atlanta,https://www.awesomeinc.com/,nao,nao,https://awesomeinc.com/careers,NENHUM dos 17 termos,"MEDIDO 08/09: pagina de carreiras https://awesomeinc.com/careers lida por curl (459 caracteres de texto) e NENHUM titulo da disciplina (personagem, criatura, modelagem, textura, look dev, surfacing, grooming, visual development, generalista 3D, hard surface, props, ambiente, lideranca de arte 3D) aparece nela. | ficha: https://3dvf.com/en/studio/awesome-incorporated/"
Base fx,EUA,Los Angeles Xiamen Wuxi Kuala Lumpur Beijing,https://www.base-fx.com/,nao,site-fora-do-ar,,nao aplicavel — site nao respondeu,"RE-TESTADO 08/09 com o protocolo de duas variacoes (com e sem www, com e sem barra final, https sempre, User-Agent de Chrome, e http como ultimo recurso): 3 enderecos tentados, nenhum respondeu. Tentativas: https://www.base-fx.com/ SSLError | https://base-fx.com/ SSLError | http://base-fx.com/ HTTP 403 | ficha: https://3dvf.com/en/studio/base-fx/"
Bento Box Entertainment,EUA,Atlanta North Hollywood,https://www.bentoboxent.com/,nao,nao,,nao se aplica (sem vaga da disciplina),"MEDIDO 08/09 pela API publica do ATS (lever:bentoboxent): quadro devolveu 1 vaga(s) e NENHUMA e da disciplina (personagem, modelagem, textura, material, lookdev, surfacing, groom, sculpt, visual development). Afirmacao medida, nao presumida. | ficha: https://3dvf.com/en/studio/bento-box-entertainment/"
Binyan,EUA / Reino Unido / Austrália,Dubaï Prahran Londres New York Erskineville,https://binyanstudios.com/,nao,nao_encontrada,,,"Pagina de carreiras lida (https://www.binyanstudios.com/what-we-do/#careers): nenhum titulo da disciplina no HTML. Pode ser quadro carregado por JavaScript, que nao da para ler sem navegador. | ficha: https://3dvf.com/en/studio/binyan/"
BioWare,EUA / Canadá,Austin Edmonton,https://www.bioware.com/,nao,nao_encontrada,,,"Pagina de carreiras lida (https://www.bioware.com/careers/): nenhum titulo da disciplina no HTML. Pode ser quadro carregado por JavaScript, que nao da para ler sem navegador. | ficha: https://3dvf.com/en/studio/bioware/"
Blue Sky Studios,EUA,"Greenwich, Blue Sky",https://blueskystudios.com/,nao,site-fora-do-ar,,nao aplicavel — site nao respondeu,"RE-TESTADO 08/09 com o protocolo de duas variacoes (com e sem www, com e sem barra final, https sempre, User-Agent de Chrome, e http como ultimo recurso): 3 enderecos tentados, nenhum respondeu. Tentativas: https://blueskystudios.com/ ProxyError | https://www.blueskystudios.com/ ProxyError | http://blueskystudios.com/ ConnectionError | ficha: https://3dvf.com/en/studio/blue-sky/"
Blur Studio,EUA,Culver City,https://blur.com/,sim,nao,https://blur.com/careers,NENHUM dos 17 termos,"MEDIDO 08/09: pagina de carreiras https://blur.com/careers lida por curl (2976 caracteres de texto) e NENHUM titulo da disciplina (personagem, criatura, modelagem, textura, look dev, surfacing, grooming, visual development, generalista 3D, hard surface, props, ambiente, lideranca de arte 3D) aparece nela. | ficha: https://3dvf.com/en/studio/blur-studio/"
Bot VFX,EUA,Atlanta,https://botvfx.com/,nao,nao_encontrada,,,"Pagina de carreiras lida (https://botvfx.com/jobs/): nenhum titulo da disciplina no HTML. Pode ser quadro carregado por JavaScript, que nao da para ler sem navegador. | ficha: https://3dvf.com/en/studio/bot-vfx/"
Brainstorm Digital,EUA,New York,https://www.brainstorm-digital.com/,nao,nao_encontrada,,,"Pagina de carreiras lida (https://www.brainstorm-digital.com/careers): nenhum titulo da disciplina no HTML. Pode ser quadro carregado por JavaScript, que nao da para ler sem navegador. | ficha: https://3dvf.com/en/studio/brainstorm-digital/"
Brazen Animation,EUA,Dallas,https://www.brazenanimation.com/,nao,nao_encontrada,,,"Pagina de carreiras lida (https://www.brazenanimation.com/careers/): nenhum titulo da disciplina no HTML. Pode ser quadro carregado por JavaScript, que nao da para ler sem navegador. | ficha: https://3dvf.com/en/studio/brazen-animation/"
Brickyard VFX,EUA,Boston,https://www.brickyardvfx.com/,nao,nao_encontrada,,nao aplicavel — quadro nao localizado,"MEDIDO 08/09: o site RESPONDE (https://brickyardvfx.com/), mas nao achei pagina de carreiras. Varri os links da home, chutei 14 caminhos (/careers, /jobs, /join-us, /recrutement, /nous-rejoindre, /carrieres, /vacancies e afins) e li o sitemap.xml e o robots.txt; o sitemap nao tem URL de carreiras. Nenhuma devolveu quadro de vagas. | ficha: https://3dvf.com/en/studio/brickyard-vfx/"
BWA Studios,EUA,New York,https://www.bwastudios.com/,nao,nao,https://www.bwastudios.com/about/careers,NENHUM dos 17 termos,"MEDIDO 08/09: pagina Wix que responde 200. ""Look Development"" e ""Character Design"" que casaram sao itens da lista de SERVICOS do estudio, nao vagas. Nao ha quadro de vagas no HTML. | ficha: https://3dvf.com/en/studio/bwa-studios/"
Cadence Effects,EUA,New Lebanon,https://cadence-effects.com/,nao,nao_encontrada,,nao aplicavel — quadro nao localizado,"MEDIDO 08/09: o site RESPONDE (https://www.cadence-effects.com/), mas nao achei pagina de carreiras. Varri os links da home, chutei 14 caminhos (/careers, /jobs, /join-us, /recrutement, /nous-rejoindre, /carrieres, /vacancies e afins) e li o sitemap.xml e o robots.txt; o sitemap nao tem URL de carreiras. Nenhuma devolveu quadro de vagas. | ficha: https://3dvf.com/en/studio/cadence-effects/"
Calabash Animation,EUA,Chicago,https://calabashanimation.com,sim,nao,https://calabashanimation.com/careers/,NENHUM dos 17 termos,"MEDIDO 08/09: pagina de carreiras https://calabashanimation.com/careers/ lida por curl (6210 caracteres de texto) e NENHUM titulo da disciplina (personagem, criatura, modelagem, textura, look dev, surfacing, grooming, visual development, generalista 3D, hard surface, props, ambiente, lideranca de arte 3D) aparece nela. | ficha: https://3dvf.com/en/studio/calabash-animation/"
Cannonball VFX,EUA,Portland,https://www.cannonballvfx.com,nao,nao_encontrada,,nao aplicavel — quadro nao localizado,"MEDIDO 08/09: o site RESPONDE (https://www.cannonballvfx.com/), mas nao achei pagina de carreiras. Varri os links da home, chutei 14 caminhos (/careers, /jobs, /join-us, /recrutement, /nous-rejoindre, /carrieres, /vacancies e afins) e li o sitemap.xml e o robots.txt; o sitemap nao tem URL de carreiras. Nenhuma devolveu quadro de vagas. | ficha: https://3dvf.com/en/studio/cannonball-vfx/"
Cantina Creative,EUA,Los Angeles,https://www.cantinacreative.com/,nao,nao_encontrada,,,"Pagina de carreiras lida (https://www.cantinacreative.com/careerspage): nenhum titulo da disciplina no HTML. Pode ser quadro carregado por JavaScript, que nao da para ler sem navegador. | ficha: https://3dvf.com/en/studio/cantina-creative/"
Carbon,EUA,Los Angeles,https://www.carbonvfx.com/,nao,nao,https://heycarbon.com/contact/careers/,NENHUM dos 17 termos,"MEDIDO 08/09: pagina de carreiras https://heycarbon.com/contact/careers/ lida por curl (4042 caracteres de texto) e NENHUM titulo da disciplina (personagem, criatura, modelagem, textura, look dev, surfacing, grooming, visual development, generalista 3D, hard surface, props, ambiente, lideranca de arte 3D) aparece nela. | ficha: https://3dvf.com/en/studio/carbon/"
Cartoon Network Studios,EUA,Burbank,https://www.cartoonnetworkstudios.com/,nao,site-fora-do-ar,,nao aplicavel — site nao respondeu,"RE-TESTADO 08/09 com o protocolo de duas variacoes (com e sem www, com e sem barra final, https sempre, User-Agent de Chrome, e http como ultimo recurso): 3 enderecos tentados, nenhum respondeu. Tentativas: https://www.cartoonnetworkstudios.com/ HTTP 429 | https://cartoonnetworkstudios.com/ HTTP 429 | http://cartoonnetworkstudios.com/ HTTP 403 | ficha: https://3dvf.com/en/studio/cartoon-network-studios/"
CBS VFX,EUA,Los Angeles,https://www.cbs-vfx.com,nao,nao_encontrada,,nao aplicavel — quadro nao localizado,"MEDIDO 08/09: o site RESPONDE (https://cbs-vfx.com/), mas nao achei pagina de carreiras. Varri os links da home, chutei 14 caminhos (/careers, /jobs, /join-us, /recrutement, /nous-rejoindre, /carrieres, /vacancies e afins) e li o sitemap.xml e o robots.txt; o sitemap nao tem URL de carreiras. Nenhuma devolveu quadro de vagas. | ficha: https://3dvf.com/en/studio/cbs-vfx/"
Chicken Bone VF,EUA,Los Angeles,https://chickenbonefx.com/,nao,site-fora-do-ar,,nao aplicavel — site nao respondeu,"RE-TESTADO 08/09 com o protocolo de duas variacoes (com e sem www, com e sem barra final, https sempre, User-Agent de Chrome, e http como ultimo recurso): 3 enderecos tentados, nenhum respondeu. Tentativas: https://chickenbonefx.com/ HTTP 200 | https://www.chickenbonefx.com/ HTTP 200 | http://chickenbonefx.com/ HTTP 403 | ficha: https://3dvf.com/en/studio/chicken-bone-vfx/"
CineMagix Labs,EUA,North Miami,https://www.cinemagixlabs.com/,nao,nao_encontrada,,,"Pagina de carreiras lida (https://www.cinemagixlabs.com/careers): nenhum titulo da disciplina no HTML. Pode ser quadro carregado por JavaScript, que nao da para ler sem navegador. | ficha: https://3dvf.com/en/studio/cinemagix-labs/"
Clear Angle Studios,EUA / Reino Unido / Canadá,London Atlanta Los Angeles Vancouver,https://www.clearanglestudios.co.uk/,nao,nao_encontrada,,,"Pagina de carreiras lida (https://www.clearanglestudios.co.uk/career-opportunities/): nenhum titulo da disciplina no HTML. Pode ser quadro carregado por JavaScript, que nao da para ler sem navegador. | ficha: https://3dvf.com/en/studio/clear-angle-studios/"
Control Shift Video,EUA,Houston,https://controlshiftvideo.com/,nao,nao_encontrada,,,"Pagina de carreiras lida (https://controlshiftvideo.com/careers): nenhum titulo da disciplina no HTML. Pode ser quadro carregado por JavaScript, que nao da para ler sem navegador. | ficha: https://3dvf.com/en/studio/control-shift-video/"
Dark Catt Studios,EUA,Chicago,https://darkcatt.com/,nao,nao_encontrada,,,"Pagina de carreiras lida (https://darkcatt.com/careers.html): nenhum titulo da disciplina no HTML. Pode ser quadro carregado por JavaScript, que nao da para ler sem navegador. | ficha: https://3dvf.com/en/studio/dark-catt-studios/"
Day for Nite,EUA,Los Angeles,https://www.dayfornite.com,sim,nao,https://www.dayfornite.com/jobs,NENHUM dos 17 termos,"MEDIDO 08/09: pagina de carreiras https://www.dayfornite.com/jobs lida por curl (166683 caracteres de texto) e NENHUM titulo da disciplina (personagem, criatura, modelagem, textura, look dev, surfacing, grooming, visual development, generalista 3D, hard surface, props, ambiente, lideranca de arte 3D) aparece nela. | ficha: https://3dvf.com/en/studio/day-for-nite/"
Deeproot Studios,EUA,Sandy,https://deeprootstudios.com/,nao,site-fora-do-ar,,nao aplicavel — site nao respondeu,"RE-TESTADO 08/09 com o protocolo de duas variacoes (com e sem www, com e sem barra final, https sempre, User-Agent de Chrome, e http como ultimo recurso): 3 enderecos tentados, nenhum respondeu. Tentativas: https://deeprootstudios.com/ HTTP 200 | https://www.deeprootstudios.com/ HTTP 200 | http://deeprootstudios.com/ HTTP 403 | ficha: https://3dvf.com/en/studio/deeproot-studios/"
Deluxe,EUA,Burbank,https://www.bydeluxe.com/,nao,nao,,nao se aplica (sem vaga da disciplina),"MEDIDO 08/09 pela API publica do ATS (workday:bydeluxe/Deluxe_External): quadro devolveu 7 vaga(s) e NENHUMA e da disciplina (personagem, modelagem, textura, material, lookdev, surfacing, groom, sculpt, visual development). Afirmacao medida, nao presumida. | ficha: https://3dvf.com/en/studio/deluxe/"
Digital Brew,EUA,Orlando,https://www.digitalbrew.com/,nao,nao_encontrada,,,"Pagina de carreiras lida (https://www.digitalbrew.com/careers/): nenhum titulo da disciplina no HTML. Pode ser quadro carregado por JavaScript, que nao da para ler sem navegador. | ficha: https://3dvf.com/en/studio/digital-brew/"
Digital Domain,EUA,Los Angeles,https://www.digitaldomain.com/,sim,nao,https://digitaldomain.com,NENHUM dos 17 termos,"MEDIDO 08/09: pagina de carreiras https://digitaldomain.com lida por curl (3739 caracteres de texto) e NENHUM titulo da disciplina (personagem, criatura, modelagem, textura, look dev, surfacing, grooming, visual development, generalista 3D, hard surface, props, ambiente, lideranca de arte 3D) aparece nela. | ficha: https://3dvf.com/en/studio/digital-domain/"
Digital Frontier FX,EUA,Los Angeles,https://www.digitalfrontierfx.com/,nao,nao_encontrada,,,"Pagina de carreiras lida (mailto:jobs@digitalfrontierfx.com): nenhum titulo da disciplina no HTML. Pode ser quadro carregado por JavaScript, que nao da para ler sem navegador. | ficha: https://3dvf.com/en/studio/digital-frontier-fx/"
Digital Image Studios,EUA,Michigan,https://www.dimage.com/,nao,nao_encontrada,,,"Pagina de carreiras lida (https://www.dimage.com/careers/): nenhum titulo da disciplina no HTML. Pode ser quadro carregado por JavaScript, que nao da para ler sem navegador. | ficha: https://3dvf.com/en/studio/digital-image-studios/"
Digital Kitchen,EUA,Los Angeles,https://thisisdk.com,nao,nao_encontrada,,nao aplicavel — quadro nao localizado,"MEDIDO 08/09: o site RESPONDE (https://www.thisisdk.com/), mas nao achei pagina de carreiras. Varri os links da home, chutei 14 caminhos (/careers, /jobs, /join-us, /recrutement, /nous-rejoindre, /carrieres, /vacancies e afins) e li o sitemap.xml e o robots.txt; o sitemap nao tem URL de carreiras. Nenhuma devolveu quadro de vagas. | ficha: https://3dvf.com/en/studio/digital-kitchen/"
DreamWorks Animation,EUA,Glendale,https://www.dreamworks.com/,sim,nao,https://www.dreamworks.com/careers,NENHUM dos 17 termos,"MEDIDO 08/09: pagina de carreiras https://www.dreamworks.com/careers lida por curl (25668 caracteres de texto) e NENHUM titulo da disciplina (personagem, criatura, modelagem, textura, look dev, surfacing, grooming, visual development, generalista 3D, hard surface, props, ambiente, lideranca de arte 3D) aparece nela. | ficha: https://3dvf.com/en/studio/dreamworks-animation/"
East of LA VFX,EUA,Burbank,https://www.eastoflavfx.com,nao,nao,https://www.eastoflavfx.com/jobs,NENHUM dos 17 termos,"MEDIDO 08/09: pagina de carreiras https://www.eastoflavfx.com/jobs lida por curl (5456 caracteres de texto) e NENHUM titulo da disciplina (personagem, criatura, modelagem, textura, look dev, surfacing, grooming, visual development, generalista 3D, hard surface, props, ambiente, lideranca de arte 3D) aparece nela. | ficha: https://3dvf.com/en/studio/east-of-la-vfx/"
East Side Effects,EUA,New York,https://www.ese.nyc/,nao,nao_encontrada,,,"Pagina de carreiras lida (https://ese.nyc/jobs/): nenhum titulo da disciplina no HTML. Pode ser quadro carregado por JavaScript, que nao da para ler sem navegador. | ficha: https://3dvf.com/en/studio/east-side-effects/"
Eight VFX,EUA,Los Angeles,https://www.eightvfx.com/,nao,site-fora-do-ar,,nao aplicavel — site nao respondeu,"RE-TESTADO 08/09 com o protocolo de duas variacoes (com e sem www, com e sem barra final, https sempre, User-Agent de Chrome, e http como ultimo recurso): 3 enderecos tentados, nenhum respondeu. Tentativas: https://www.eightvfx.com/ SSLError | https://eightvfx.com/ SSLError | http://eightvfx.com/ HTTP 403 | ficha: https://3dvf.com/en/studio/eight-vfx/"
Element X,EUA,Dallas,https://elementxcreative.com/,nao,nao_encontrada,,nao aplicavel — quadro nao localizado,"MEDIDO 08/09: o site RESPONDE (https://elementxcreative.com/), mas nao achei pagina de carreiras. Varri os links da home, chutei 14 caminhos (/careers, /jobs, /join-us, /recrutement, /nous-rejoindre, /carrieres, /vacancies e afins) e li o sitemap.xml e o robots.txt; o sitemap nao tem URL de carreiras. Nenhuma devolveu quadro de vagas. | ficha: https://3dvf.com/en/studio/element-x/"
Evening Star,EUA,Los Angeles,https://eveningstar.studio/,nao,nao_encontrada,,,"Pagina de carreiras lida (https://eveningstar.studio/careers.html): nenhum titulo da disciplina no HTML. Pode ser quadro carregado por JavaScript, que nao da para ler sem navegador. | ficha: https://3dvf.com/en/studio/evening-star/"
Evil Eye Pictures,EUA,San Francisco,https://www.evileyepictures.com/,nao,nao_encontrada,,,"Pagina de carreiras lida (https://www.evileyepictures.com/jobs/no-open-positions): nenhum titulo da disciplina no HTML. Pode ser quadro carregado por JavaScript, que nao da para ler sem navegador. | ficha: https://3dvf.com/en/studio/evil-eye-pictures/"
Factory VFX,EUA,San Francisco,https://www.factoryvfx.com/,nao,nao_encontrada,,,"Pagina de carreiras lida (https://www.factoryvfx.com/jobs.html): nenhum titulo da disciplina no HTML. Pode ser quadro carregado por JavaScript, que nao da para ler sem navegador. | ficha: https://3dvf.com/en/studio/factory-vfx/"
Fern,EUA,Atlanta,https://www.fern.team/,nao,nao_encontrada,,nao aplicavel — quadro nao localizado,"MEDIDO 08/09: o site RESPONDE (https://www.fern.team/), mas nao achei pagina de carreiras. Varri os links da home, chutei 14 caminhos (/careers, /jobs, /join-us, /recrutement, /nous-rejoindre, /carrieres, /vacancies e afins) e li o sitemap.xml e o robots.txt; o sitemap nao tem URL de carreiras. Nenhuma devolveu quadro de vagas. | ficha: https://3dvf.com/en/studio/fern/"
Flavor,EUA,Los Angeles,https://flavor.tv/,nao,nao,https://www.flavor.tv/jobs,NENHUM dos 17 termos,"MEDIDO 08/09: pagina de carreiras https://www.flavor.tv/jobs lida por curl (18410 caracteres de texto) e NENHUM titulo da disciplina (personagem, criatura, modelagem, textura, look dev, surfacing, grooming, visual development, generalista 3D, hard surface, props, ambiente, lideranca de arte 3D) aparece nela. ATENCAO: a pagina traz caracteres Unicode invisiveis; foram ignorados e o texto foi lido sem eles. | ficha: https://3dvf.com/en/studio/flavor/"
Fox VFX lab,EUA,Los Angeles,https://www.foxvfxlab.com/,nao,nao_encontrada,,,"Pagina de carreiras lida (https://www.ilm.com/careers/): nenhum titulo da disciplina no HTML. Pode ser quadro carregado por JavaScript, que nao da para ler sem navegador. | ficha: https://3dvf.com/en/studio/fox-vfx-lab/"
Furious FX,EUA,Burbank,https://www.furiousvfx.com/,nao,nao,https://firmatabuilder.com/ru-ru.html,NENHUM dos 17 termos,"MEDIDO 08/09: pagina de carreiras https://firmatabuilder.com/ru-ru.html lida por curl (40536 caracteres de texto) e NENHUM titulo da disciplina (personagem, criatura, modelagem, textura, look dev, surfacing, grooming, visual development, generalista 3D, hard surface, props, ambiente, lideranca de arte 3D) aparece nela. | ficha: https://3dvf.com/en/studio/furious-fx/"
Fuse Animation,EUA,Minneapolis,https://www.fuseanimation.com/,nao,nao,https://www.fuseanimation.com/about/careers/,NENHUM dos 17 termos,"MEDIDO 08/09: pagina de carreiras https://www.fuseanimation.com/about/careers/ lida por curl (11341 caracteres de texto) e NENHUM titulo da disciplina (personagem, criatura, modelagem, textura, look dev, surfacing, grooming, visual development, generalista 3D, hard surface, props, ambiente, lideranca de arte 3D) aparece nela. | ficha: https://3dvf.com/en/studio/fuse-animation/"
Green Gold Animation,EUA / Singapura,Hyderabad Los Angeles Singapore,https://www.greengold.tv/,nao,nao,https://www.greengold.tv/careers.php,"eligib=2(VETO ESCRITO); authoriz=3(falso positivo, texto sobre pirataria de IP)","FORA DO ESCOPO GEOGRAFICO e com veto escrito. O quadro tem varias vagas da disciplina (3D Set Modeling, 3D Character Texturing, 3D Grooming Artist, Visual Development), mas TODAS sao em Hyderabad e o anuncio diz, colado: ""Candidates from India are eligible to apply"". A ficha do 3DVF lista EUA/Singapura, a pagina de carreiras nao: e India. O termo authoriz casa 3 vezes, mas em ""Identify unauthorized uploads and infringements of company content/IP"", que e falso positivo. | ficha: https://3dvf.com/en/studio/green-gold-animation/"
Halon Entertainment,EUA,Los Angeles,https://www.halon.com,nao,nao_encontrada,,nao aplicavel — quadro nao localizado,"MEDIDO 08/09: o site RESPONDE (https://halon.com/), mas nao achei pagina de carreiras. Varri os links da home, chutei 14 caminhos (/careers, /jobs, /join-us, /recrutement, /nous-rejoindre, /carrieres, /vacancies e afins) e li o sitemap.xml e o robots.txt; o sitemap nao tem URL de carreiras. Nenhuma devolveu quadro de vagas. | ficha: https://3dvf.com/en/studio/halon-entertainment/"
Hoax Films,EUA,Los Angeles,https://hoaxfilms.com/,nao,site-fora-do-ar,,nao aplicavel — site nao respondeu,"RE-TESTADO 08/09 com o protocolo de duas variacoes (com e sem www, com e sem barra final, https sempre, User-Agent de Chrome, e http como ultimo recurso): 3 enderecos tentados, nenhum respondeu. Tentativas: https://hoaxfilms.com/ HTTP 403 | https://www.hoaxfilms.com/ HTTP 403 | http://hoaxfilms.com/ HTTP 403 | ficha: https://3dvf.com/en/studio/hoax-films/"
Hook,EUA,Ann Arbor,https://byhook.com/,sim,nao,https://byhook.com/careers,NENHUM dos 17 termos,"MEDIDO 08/09: pagina de carreiras https://byhook.com/careers lida por curl (14001 caracteres de texto) e NENHUM titulo da disciplina (personagem, criatura, modelagem, textura, look dev, surfacing, grooming, visual development, generalista 3D, hard surface, props, ambiente, lideranca de arte 3D) aparece nela. | ficha: https://3dvf.com/en/studio/hook/"
Hootenanny,EUA,Chicago,https://www.hootenanny.tv/,nao,nao_encontrada,,nao aplicavel — quadro nao localizado,"MEDIDO 08/09: o site RESPONDE (https://www.hootenanny.tv/), mas nao achei pagina de carreiras. Varri os links da home, chutei 14 caminhos (/careers, /jobs, /join-us, /recrutement, /nous-rejoindre, /carrieres, /vacancies e afins) e li o sitemap.xml e o robots.txt; o sitemap nao tem URL de carreiras. Nenhuma devolveu quadro de vagas. | ficha: https://3dvf.com/en/studio/hootenanny/"
Hydraulx,EUA,Los Angeles,https://www.hydraulx.com/,sim,nao,https://www.hydraulx.com/careers1/senior-modeler/,work permit=1(VETO ESCRITO); resident=1(VETO ESCRITO),"VAGA DA DISCIPLINA VIVA mas com VETO ESCRITO. Senior Modeler e Mid Modeler (Vancouver). Anuncios integrais lidos (2.388 e 2.387 caracteres). A frase inteira, colada: ""Must be a current BC resident, or hold a current work permit"". Casa dois dos 17 termos de uma vez, work permit e resident, e e veto de verdade, nao falso positivo. DUPLICATA: casa ja conhecida da campanha. | ficha: https://3dvf.com/en/studio/hydraulx/"
iBelieveInSwordfish,EUA,San Rafael,https://www.swordfish-sf.com/,nao,nao_encontrada,,nao aplicavel — quadro nao localizado,"MEDIDO 08/09: o site RESPONDE (https://www.ibelieveinswordfish.com/), mas nao achei pagina de carreiras. Varri os links da home, chutei 14 caminhos (/careers, /jobs, /join-us, /recrutement, /nous-rejoindre, /carrieres, /vacancies e afins) e li o sitemap.xml e o robots.txt; o sitemap nao tem URL de carreiras. Nenhuma devolveu quadro de vagas. | ficha: https://3dvf.com/en/studio/ibelieveinswordfish/"
ILM (Industrial Light &#038; Magic),EUA / Reino Unido / Austrália / Canadá,Mumbai Vancouver San Francisco Moore Park Londres ILM (Industrial Light & Magic),https://www.ilm.com,sim,nao,https://www.ilm.com/careers/,NENHUM dos 17 termos,"MEDIDO 08/09: pagina de carreiras https://www.ilm.com/careers/ lida por curl (11144 caracteres de texto) e NENHUM titulo da disciplina (personagem, criatura, modelagem, textura, look dev, surfacing, grooming, visual development, generalista 3D, hard surface, props, ambiente, lideranca de arte 3D) aparece nela. | ficha: https://3dvf.com/en/studio/ilm/"
Imaginary Forces,EUA,Los Angeles,https://www.imaginaryforces.com/,nao,nao,https://imaginaryforces.com/careers,NENHUM dos 17 termos,"MEDIDO 08/09: pagina de carreiras https://imaginaryforces.com/careers lida por curl (607 caracteres de texto) e NENHUM titulo da disciplina (personagem, criatura, modelagem, textura, look dev, surfacing, grooming, visual development, generalista 3D, hard surface, props, ambiente, lideranca de arte 3D) aparece nela. | ficha: https://3dvf.com/en/studio/imaginary-forces/"
Indigo Studios,EUA,Atlanta,https://www.indigostudios.com/,nao,nao_encontrada,,,"Pagina de carreiras lida (mailto:careers@indigostudios.com): nenhum titulo da disciplina no HTML. Pode ser quadro carregado por JavaScript, que nao da para ler sem navegador. | ficha: https://3dvf.com/en/studio/indigo-studios/"
Infusion Studios,EUA,Portland,https://www.infusionstudios3d.com/,nao,nao_encontrada,,,"Pagina de carreiras lida (https://www.infusionstudios3d.com/careers): nenhum titulo da disciplina no HTML. Pode ser quadro carregado por JavaScript, que nao da para ler sem navegador. | ficha: https://3dvf.com/en/studio/infusion-studios/"
Ingenuity Studios,EUA,Los Angeles,https://www.ingenuitystudios.com/,nao,nao_encontrada,,,"Pagina de carreiras lida (https://www.ingenuitystudios.com/careers): nenhum titulo da disciplina no HTML. Pode ser quadro carregado por JavaScript, que nao da para ler sem navegador. | ficha: https://3dvf.com/en/studio/ingenuity-studios/"
Jamm,EUA,Culver City,https://www.jamm.la,nao,site-fora-do-ar,,nao aplicavel — site nao respondeu,"RE-TESTADO 08/09 com o protocolo de duas variacoes (com e sem www, com e sem barra final, https sempre, User-Agent de Chrome, e http como ultimo recurso): 3 enderecos tentados, nenhum respondeu. Tentativas: https://www.jamm.la/ SSLError | https://jamm.la/ SSLError | http://jamm.la/ HTTP 403 | ficha: https://3dvf.com/en/studio/jamm/"
Janimation,EUA,Dallas,https://www.janimation.com/,nao,nao,https://www.janimation.com/contact/jobs/,NENHUM dos 17 termos,"MEDIDO 08/09: pagina de carreiras https://www.janimation.com/contact/jobs/ lida por curl (3562 caracteres de texto) e NENHUM titulo da disciplina (personagem, criatura, modelagem, textura, look dev, surfacing, grooming, visual development, generalista 3D, hard surface, props, ambiente, lideranca de arte 3D) aparece nela. | ficha: https://3dvf.com/en/studio/janimation/"
Kevin,EUA,Los Angeles,https://yourstrulykevin.com/,nao,nao_encontrada,,nao aplicavel — quadro nao localizado,"MEDIDO 08/09: o site RESPONDE (https://www.yourstrulykevin.com/), mas nao achei pagina de carreiras. Varri os links da home, chutei 14 caminhos (/careers, /jobs, /join-us, /recrutement, /nous-rejoindre, /carrieres, /vacancies e afins) e li o sitemap.xml e o robots.txt; o sitemap nao tem URL de carreiras. Nenhuma devolveu quadro de vagas. | ficha: https://3dvf.com/en/studio/kevin/"
Laika,EUA,Portland,https://www.laika.com/,nao,nao_encontrada,,,"Pagina de carreiras lida (https://www.laika.com/careers): nenhum titulo da disciplina no HTML. Pode ser quadro carregado por JavaScript, que nao da para ler sem navegador. | ficha: https://3dvf.com/en/studio/laika/"
Legend 3D,EUA,Los Angeles,https://legend3d.com/,nao,site-fora-do-ar,,nao aplicavel — site nao respondeu,"RE-TESTADO 08/09 com o protocolo de duas variacoes (com e sem www, com e sem barra final, https sempre, User-Agent de Chrome, e http como ultimo recurso): 3 enderecos tentados, nenhum respondeu. Tentativas: https://legend3d.com/ HTTP 403 | https://www.legend3d.com/ HTTP 403 | http://legend3d.com/ HTTP 403 | ficha: https://3dvf.com/en/studio/legend-3d/"
Lerfilm Inc.,EUA,Burbank,https://www.lerfilm.com/,nao,nao_encontrada,,nao aplicavel — quadro nao localizado,"MEDIDO 08/09: o site RESPONDE (https://www.lerfilm.com/), mas nao achei pagina de carreiras. Varri os links da home, chutei 14 caminhos (/careers, /jobs, /join-us, /recrutement, /nous-rejoindre, /carrieres, /vacancies e afins) e li o sitemap.xml e o robots.txt; o sitemap nao tem URL de carreiras. Nenhuma devolveu quadro de vagas. | ficha: https://3dvf.com/en/studio/lerfilm-inc/"
Leviathan,EUA,Chicago,https://www.lvthn.com/,nao,nao,https://www.lvthn.com/careers,NENHUM dos 17 termos,"MEDIDO 08/09: pagina de carreiras https://www.lvthn.com/careers lida por curl (828 caracteres de texto) e NENHUM titulo da disciplina (personagem, criatura, modelagem, textura, look dev, surfacing, grooming, visual development, generalista 3D, hard surface, props, ambiente, lideranca de arte 3D) aparece nela. | ficha: https://3dvf.com/en/studio/leviathan/"
Little Fluffy Clouds Animation,EUA,San Francisco,https://littlefluffyclouds.com/,nao,nao_encontrada,,nao aplicavel — quadro nao localizado,"MEDIDO 08/09: o site RESPONDE (https://littlefluffyclouds.com/), mas nao achei pagina de carreiras. Varri os links da home, chutei 14 caminhos (/careers, /jobs, /join-us, /recrutement, /nous-rejoindre, /carrieres, /vacancies e afins) e li o sitemap.xml e o robots.txt; o sitemap nao tem URL de carreiras. Nenhuma devolveu quadro de vagas. | ficha: https://3dvf.com/en/studio/little-fluffy-clouds-animation/"
Lola Visual Effects,EUA,Los Angeles,https://lolavfx.com,nao,nao_encontrada,,nao aplicavel — quadro nao localizado,"MEDIDO 08/09: o site RESPONDE (https://lolavfx.com/), mas nao achei pagina de carreiras. Varri os links da home, chutei 14 caminhos (/careers, /jobs, /join-us, /recrutement, /nous-rejoindre, /carrieres, /vacancies e afins) e li o sitemap.xml e o robots.txt; o sitemap nao tem URL de carreiras. Nenhuma devolveu quadro de vagas. | ficha: https://3dvf.com/en/studio/lola-visual-effects/"
Magnopus,EUA,Los Angeles,https://www.magnopus.com/,nao,nao,,nao se aplica (sem vaga da disciplina),"MEDIDO 08/09 pela API publica do ATS (lever:magnopus): quadro devolveu 5 vaga(s) e NENHUMA e da disciplina (personagem, modelagem, textura, material, lookdev, surfacing, groom, sculpt, visual development). Afirmacao medida, nao presumida. | ficha: https://3dvf.com/en/studio/magnopus/"
Mammal Studios,EUA,Los Angeles,https://www.mammalstudios.com/,nao,nao_encontrada,,nao aplicavel — quadro nao localizado,"MEDIDO 08/09: o site RESPONDE (https://www.mammalstudios.com/), mas nao achei pagina de carreiras. Varri os links da home, chutei 14 caminhos (/careers, /jobs, /join-us, /recrutement, /nous-rejoindre, /carrieres, /vacancies e afins) e li o sitemap.xml e o robots.txt; o sitemap nao tem URL de carreiras. Nenhuma devolveu quadro de vagas. | ficha: https://3dvf.com/en/studio/mammal-studios/"
ManvsMachine,EUA,Los Angeles,https://mvsm.com/,sim,nao,https://mvsm.com/jobs,NENHUM dos 17 termos,"MEDIDO 08/09: pagina de carreiras https://mvsm.com/jobs lida por curl (9934 caracteres de texto) e NENHUM titulo da disciplina (personagem, criatura, modelagem, textura, look dev, surfacing, grooming, visual development, generalista 3D, hard surface, props, ambiente, lideranca de arte 3D) aparece nela. | ficha: https://3dvf.com/en/studio/manvsmachine/"
Mikros Animation,EUA / Reino Unido / França / Canadá,London Bangalore Culver City Montreal Paris,https://www.mikrosanimation.com,sim,precisa-de-navegador,https://www.mikrosanimation.com/en/people-and-culture/careers/,nao verificavel por curl,"MEDIDO 08/09: a pagina de carreiras responde HTTP 200 mas o corpo tem apenas 643 caracteres de texto depois de tirar script e style, ou seja o quadro monta em JavaScript e o curl nao le a lista. Nao registrei como sem vaga. PRECISA DE NAVEGADOR. | ficha: https://3dvf.com/en/studio/mikros-animation/"
Mirada,EUA,Los Angeles,https://www.mirada.com/,sim,nao,https://mirada.com/talent/,NENHUM dos 17 termos,"MEDIDO 08/09: pagina de carreiras https://mirada.com/talent/ lida por curl (11804 caracteres de texto) e NENHUM titulo da disciplina (personagem, criatura, modelagem, textura, look dev, surfacing, grooming, visual development, generalista 3D, hard surface, props, ambiente, lideranca de arte 3D) aparece nela. | ficha: https://3dvf.com/en/studio/mirada/"
MOONDOG Animation Studio,EUA,Mt. Pleasant,https://www.moondoganimation.com/,nao,nao_encontrada,,nao aplicavel — quadro nao localizado,"MEDIDO 08/09: o site RESPONDE (https://www.moondoganimation.com/), mas nao achei pagina de carreiras. Varri os links da home, chutei 14 caminhos (/careers, /jobs, /join-us, /recrutement, /nous-rejoindre, /carrieres, /vacancies e afins) e li o sitemap.xml e o robots.txt; o sitemap nao tem URL de carreiras. Nenhuma devolveu quadro de vagas. | ficha: https://3dvf.com/en/studio/moondog-animation-studio/"
Moonlight FX,EUA,Houston,https://moonlightfx.com/,nao,nao_encontrada,,nao aplicavel — quadro nao localizado,"MEDIDO 08/09: o site RESPONDE (https://moonlightfx.com/), mas nao achei pagina de carreiras. Varri os links da home, chutei 14 caminhos (/careers, /jobs, /join-us, /recrutement, /nous-rejoindre, /carrieres, /vacancies e afins) e li o sitemap.xml e o robots.txt; o sitemap nao tem URL de carreiras. Nenhuma devolveu quadro de vagas. | ficha: https://3dvf.com/en/studio/moonlight-fx/"
Mousetrappe,EUA,Burbank,https://www.mousetrappe.com/,nao,nao_encontrada,,nao aplicavel — quadro nao localizado,"MEDIDO 08/09: o site RESPONDE (https://www.mousetrappe.com/), mas nao achei pagina de carreiras. Varri os links da home, chutei 14 caminhos (/careers, /jobs, /join-us, /recrutement, /nous-rejoindre, /carrieres, /vacancies e afins) e li o sitemap.xml e o robots.txt; o sitemap nao tem URL de carreiras. Nenhuma devolveu quadro de vagas. | ficha: https://3dvf.com/en/studio/mousetrappe/"
Muse VFX,EUA,Los Angeles,https://www.musevfx.com,nao,site-fora-do-ar,,nao aplicavel — site nao respondeu,"RE-TESTADO 08/09 com o protocolo de duas variacoes (com e sem www, com e sem barra final, https sempre, User-Agent de Chrome, e http como ultimo recurso): 3 enderecos tentados, nenhum respondeu. Tentativas: https://www.musevfx.com/ HTTP 404 | https://musevfx.com/ HTTP 404 | http://musevfx.com/ HTTP 403 | ficha: https://3dvf.com/en/studio/muse-vfx/"
Netflix Animation Studios,EUA / Austrália / Canadá,Burbank Vancouver Sydney,https://www.netflixanimation.com/,sim,precisa-de-navegador,https://explore.jobs.netflix.net/careers?pid=790304017378&amp;Teams=Feature%20Animation&amp;domain=netflix.com&amp;sort_by=relevance&amp;triggerGoButton=false,nao aplicavel — quadro nao cedeu texto,MEDIDO 08/09: a pagina de carreiras https://explore.jobs.netflix.net/careers?pid=790304017378&amp;Teams=Feature%20Animation&amp;domain=netflix.com&amp;sort_by=relevance&amp;triggerGoButton=false responde HTTP 200 mas a lista de vagas so e montada por JavaScript (marcador de quadro embutido no HTML). FALTA: abrir no navegador. | ficha: https://3dvf.com/en/studio/animal-logic/
New Wave Entertainment,EUA,Burbank,https://www.nwe.com/,nao,nao_encontrada,,nao aplicavel — quadro nao localizado,"MEDIDO 08/09: o site RESPONDE (https://www.nwe.com/), mas nao achei pagina de carreiras. Varri os links da home, chutei 14 caminhos (/careers, /jobs, /join-us, /recrutement, /nous-rejoindre, /carrieres, /vacancies e afins) e li o sitemap.xml e o robots.txt; o sitemap nao tem URL de carreiras. Nenhuma devolveu quadro de vagas. | ficha: https://3dvf.com/en/studio/new-wave-entertainment/"
Nice Shoes,EUA,New York,https://www.niceshoes.com/,sim,site-fora-do-ar,,nao aplicavel — site nao respondeu,"RE-TESTADO 08/09 com o protocolo de duas variacoes (com e sem www, com e sem barra final, https sempre, User-Agent de Chrome, e http como ultimo recurso): 3 enderecos tentados, nenhum respondeu. Tentativas: https://www.niceshoes.com/ HTTP 202 | https://niceshoes.com/ HTTP 202 | http://niceshoes.com/ HTTP 403 | ficha: https://3dvf.com/en/studio/nice-shoes/"
Nickelodeon Animation,EUA,Burbank,https://www.nickanimation.com/,nao,nao_encontrada,,nao aplicavel — quadro nao localizado,"MEDIDO 08/09: o site RESPONDE (https://www.nick.com/), mas nao achei pagina de carreiras. Varri os links da home, chutei 14 caminhos (/careers, /jobs, /join-us, /recrutement, /nous-rejoindre, /carrieres, /vacancies e afins) e li o sitemap.xml e o robots.txt; o sitemap nao tem URL de carreiras. Nenhuma devolveu quadro de vagas. | ficha: https://3dvf.com/en/studio/nickelodeon-animation/"
Nomad,EUA,Los Angeles,https://nomadedit.com/,nao,nao_encontrada,,nao aplicavel — quadro nao localizado,"MEDIDO 08/09: o site RESPONDE (https://www.nomadedit.com/), mas nao achei pagina de carreiras. Varri os links da home, chutei 14 caminhos (/careers, /jobs, /join-us, /recrutement, /nous-rejoindre, /carrieres, /vacancies e afins) e li o sitemap.xml e o robots.txt; o sitemap nao tem URL de carreiras. Nenhuma devolveu quadro de vagas. | ficha: https://3dvf.com/en/studio/nomad/"
Ntropic,EUA,San Francisco,https://www.ntropic.com/,nao,nao_encontrada,,nao aplicavel — quadro nao localizado,"MEDIDO 08/09: o site RESPONDE (https://www.ntropic.com/), mas nao achei pagina de carreiras. Varri os links da home, chutei 14 caminhos (/careers, /jobs, /join-us, /recrutement, /nous-rejoindre, /carrieres, /vacancies e afins) e li o sitemap.xml e o robots.txt; o sitemap nao tem URL de carreiras. Nenhuma devolveu quadro de vagas. | ficha: https://3dvf.com/en/studio/ntropic/"
One Tree Forest Films,EUA,Chicago,https://www.onetreeforestfilms.com/,nao,site-fora-do-ar,,nao aplicavel — site nao respondeu,"RE-TESTADO 08/09 com o protocolo de duas variacoes (com e sem www, com e sem barra final, https sempre, User-Agent de Chrome, e http como ultimo recurso): 3 enderecos tentados, nenhum respondeu. Tentativas: https://www.onetreeforestfilms.com/ HTTP 202 | https://onetreeforestfilms.com/ HTTP 202 | http://onetreeforestfilms.com/ HTTP 403 | ficha: https://3dvf.com/en/studio/one-tree-forest-films/"
Opsis,EUA,Los Angeles,https://www.opsis-hq.com,nao,nao_encontrada,,nao aplicavel — quadro nao localizado,"MEDIDO 08/09: o site RESPONDE (https://opsisstudios.com), mas nao achei pagina de carreiras. Varri os links da home, chutei 14 caminhos (/careers, /jobs, /join-us, /recrutement, /nous-rejoindre, /carrieres, /vacancies e afins) e li o sitemap.xml e o robots.txt; o sitemap nao tem URL de carreiras. Nenhuma devolveu quadro de vagas. | ficha: https://3dvf.com/en/studio/opsis/"
Picture Shop,EUA,Burbank,https://www.pictureshop.com/,nao,nao,https://www.pictureshop.com/get-in-touch,NENHUM dos 17 termos,"MEDIDO 08/09: pagina de carreiras https://www.pictureshop.com/get-in-touch lida por curl (10930 caracteres de texto) e NENHUM titulo da disciplina (personagem, criatura, modelagem, textura, look dev, surfacing, grooming, visual development, generalista 3D, hard surface, props, ambiente, lideranca de arte 3D) aparece nela. | ficha: https://3dvf.com/en/studio/picture-shop/"
Picturemill,EUA,Los Angeles,https://www.picturemill.com/,nao,nao_encontrada,,nao aplicavel — quadro nao localizado,"MEDIDO 08/09: o site RESPONDE (https://picturemill.com/), mas nao achei pagina de carreiras. Varri os links da home, chutei 14 caminhos (/careers, /jobs, /join-us, /recrutement, /nous-rejoindre, /carrieres, /vacancies e afins) e li o sitemap.xml e o robots.txt; o sitemap nao tem URL de carreiras. Nenhuma devolveu quadro de vagas. | ficha: https://3dvf.com/en/studio/picturemill/"
Pixar Animation Studios,EUA,Emeryville,https://www.pixar.com/,sim,precisa-de-navegador,https://pixar.wd5.myworkdayjobs.com/Pixar_External_Career_Site,"API instavel, medicao nao reproduzida","MEDIDO 08/09 e HONESTO SOBRE A FALHA: o Workday da Pixar (tenant pixar, site Pixar_External_Career_Site) respondeu uma vez com 1 vaga e depois passou a devolver HTTP 422 em todas as consultas seguintes, inclusive com searchText vazio. NAO tenho medicao reproduzivel. PRECISA DE NAVEGADOR. | ficha: https://3dvf.com/en/studio/pixar-animation-studios/"
Pixlhut,EUA,Detroit,https://www.pixlhut.com/,nao,nao_encontrada,,,"Pagina de carreiras lida (https://www.pixlhut.com/careers): nenhum titulo da disciplina no HTML. Pode ser quadro carregado por JavaScript, que nao da para ler sem navegador. | ficha: https://3dvf.com/en/studio/pixlhut/"
Possible,EUA,Los Angeles,https://www.possibleproductions.com,nao,nao_encontrada,,nao aplicavel — quadro nao localizado,"MEDIDO 08/09: o site RESPONDE (https://www.possibleproductions.com/), mas nao achei pagina de carreiras. Varri os links da home, chutei 14 caminhos (/careers, /jobs, /join-us, /recrutement, /nous-rejoindre, /carrieres, /vacancies e afins) e li o sitemap.xml e o robots.txt; o sitemap tem 1 URL(s) parecidas com carreiras. Nenhuma devolveu quadro de vagas. Tentados: https://psbl.co/careers. | ficha: https://3dvf.com/en/studio/possible/"
Powerhouse Animation Studios,EUA,Austin,https://www.powerhouseanimation.com/,nao,nao_encontrada,,,"Pagina de carreiras lida (https://www.powerhouseanimation.com/careers/): nenhum titulo da disciplina no HTML. Pode ser quadro carregado por JavaScript, que nao da para ler sem navegador. | ficha: https://3dvf.com/en/studio/powerhouse-animation-studios/"
Primal Screen,EUA,Atlanta,https://www.primalscreen.com/,nao,nao_encontrada,,nao aplicavel — quadro nao localizado,"MEDIDO 08/09: o site RESPONDE (https://www.primalscreen.com/), mas nao achei pagina de carreiras. Varri os links da home, chutei 14 caminhos (/careers, /jobs, /join-us, /recrutement, /nous-rejoindre, /carrieres, /vacancies e afins) e li o sitemap.xml e o robots.txt; o sitemap nao tem URL de carreiras. Nenhuma devolveu quadro de vagas. Tentados: https://www.primalscreen.com/about/careers, https://www.primalscreen.com/career, https://www.primalscreen.com/careers, https://www.primalscreen.com/careers/, https://www.primalscreen.com/carrieres, https://www.primalscreen.com/company/careers. | ficha: https://3dvf.com/en/studio/primal-screen/"
Prologue,EUA,Los Angeles,https://www.prologue.com/,nao,nao_encontrada,,nao aplicavel — quadro nao localizado,"MEDIDO 08/09: o site RESPONDE (https://prologue.com/), mas nao achei pagina de carreiras. Varri os links da home, chutei 14 caminhos (/careers, /jobs, /join-us, /recrutement, /nous-rejoindre, /carrieres, /vacancies e afins) e li o sitemap.xml e o robots.txt; o sitemap nao tem URL de carreiras. Nenhuma devolveu quadro de vagas. | ficha: https://3dvf.com/en/studio/prologue/"
Proof,EUA,Los Angeles,https://www.proof-inc.com/,nao,nao_encontrada,,,"Pagina de carreiras lida (https://www.proof-inc.com/about--join-us): nenhum titulo da disciplina no HTML. Pode ser quadro carregado por JavaScript, que nao da para ler sem navegador. | ficha: https://3dvf.com/en/studio/proof/"
Psyop,EUA,Los Angeles,https://www.psyop.com/,sim,nao_encontrada,,nao aplicavel — quadro nao localizado,"MEDIDO 08/09: o site RESPONDE (https://www.psyop.com/), mas nao achei pagina de carreiras. Varri os links da home, chutei 14 caminhos (/careers, /jobs, /join-us, /recrutement, /nous-rejoindre, /carrieres, /vacancies e afins) e li o sitemap.xml e o robots.txt; o sitemap nao tem URL de carreiras. Nenhuma devolveu quadro de vagas. | ficha: https://3dvf.com/en/studio/psyop/"
Red Storm,EUA,Cary,https://www.ubisoft.com/fr-FR/studio/red-storm.aspx,sim,nao,https://www.ubisoft.com/fr-fr/company/careers,NENHUM dos 17 termos,"MEDIDO 08/09: pagina de carreiras https://www.ubisoft.com/fr-fr/company/careers lida por curl (1507 caracteres de texto) e NENHUM titulo da disciplina (personagem, criatura, modelagem, textura, look dev, surfacing, grooming, visual development, generalista 3D, hard surface, props, ambiente, lideranca de arte 3D) aparece nela. | ficha: https://3dvf.com/en/studio/red-storm/"
Refuge VFX,EUA,Portland,https://www.refugevfx.com/,nao,nao_encontrada,,,"Pagina de carreiras lida (https://www.refugevfx.com/careers): nenhum titulo da disciplina no HTML. Pode ser quadro carregado por JavaScript, que nao da para ler sem navegador. | ficha: https://3dvf.com/en/studio/refuge-vfx/"
Rethink Studios,EUA,Chicago,https://www.rethinkstudios.tv/,nao,site-fora-do-ar,,nao aplicavel — site nao respondeu,"RE-TESTADO 08/09 com o protocolo de duas variacoes (com e sem www, com e sem barra final, https sempre, User-Agent de Chrome, e http como ultimo recurso): 3 enderecos tentados, nenhum respondeu. Tentativas: https://www.rethinkstudios.tv/ HTTP 403 | https://rethinkstudios.tv/ HTTP 403 | http://rethinkstudios.tv/ HTTP 403 | ficha: https://3dvf.com/en/studio/rethink-studios/"
Rhythm &#038; Hues Studios,EUA,Los Angeles Rhythm & Hues Studios,https://www.rhythm.com/,nao,site-fora-do-ar,,nao aplicavel — site nao respondeu,"RE-TESTADO 08/09 com o protocolo de duas variacoes (com e sem www, com e sem barra final, https sempre, User-Agent de Chrome, e http como ultimo recurso): 3 enderecos tentados, nenhum respondeu. Tentativas: https://www.rhythm.com/ ProxyError | https://rhythm.com/ ProxyError | http://rhythm.com/ ConnectionError | ficha: https://3dvf.com/en/studio/rhythm-hues-studios/"
Richter Studios,EUA,Chicago,https://www.richterstudios.com/,nao,nao_encontrada,,,"Pagina de carreiras lida (https://www.richterstudios.com/about/careers/): nenhum titulo da disciplina no HTML. Pode ser quadro carregado por JavaScript, que nao da para ler sem navegador. | ficha: https://3dvf.com/en/studio/richter-studios/"
Roof Studio,EUA,Brooklyn,https://www.roofstudio.tv/,nao,nao_encontrada,,nao aplicavel — quadro nao localizado,"MEDIDO 08/09: o site RESPONDE (https://www.roofstudio.tv/), mas nao achei pagina de carreiras. Varri os links da home, chutei 14 caminhos (/careers, /jobs, /join-us, /recrutement, /nous-rejoindre, /carrieres, /vacancies e afins) e li o sitemap.xml e o robots.txt; o sitemap nao tem URL de carreiras. Nenhuma devolveu quadro de vagas. | ficha: https://3dvf.com/en/studio/roof-studio/"
Run Kick Shout,EUA,Chicago,https://www.runkickshout.com/,nao,nao_encontrada,,nao aplicavel — quadro nao localizado,"MEDIDO 08/09: o site RESPONDE (https://www.runkickshout.com/), mas nao achei pagina de carreiras. Varri os links da home, chutei 14 caminhos (/careers, /jobs, /join-us, /recrutement, /nous-rejoindre, /carrieres, /vacancies e afins) e li o sitemap.xml e o robots.txt; o sitemap nao tem URL de carreiras. Nenhuma devolveu quadro de vagas. | ficha: https://3dvf.com/en/studio/run-kick-shout/"
Salt Studios,EUA,New York,https://www.salt-studios.com/,nao,site-fora-do-ar,,nao aplicavel — site nao respondeu,"RE-TESTADO 08/09 com o protocolo de duas variacoes (com e sem www, com e sem barra final, https sempre, User-Agent de Chrome, e http como ultimo recurso): 3 enderecos tentados, nenhum respondeu. Tentativas: https://www.salt-studios.com/ ConnectionError | https://salt-studios.com/ ReadTimeout | http://salt-studios.com/ HTTP 403 | ficha: https://3dvf.com/en/studio/salt-studios/"
Sans Strings Studio,EUA,San Francisco,https://sansstrings.studio/,sim,nao,https://sansstrings.studio/careers/,NENHUM dos 17 termos,"MEDIDO 08/09: pagina de carreiras https://sansstrings.studio/careers/ lida por curl (20740 caracteres de texto) e NENHUM titulo da disciplina (personagem, criatura, modelagem, textura, look dev, surfacing, grooming, visual development, generalista 3D, hard surface, props, ambiente, lideranca de arte 3D) aparece nela. | ficha: https://3dvf.com/en/studio/sans-strings-studio/"
Sarofsky,EUA,Chicago,https://www.sarofsky.com/,nao,nao_encontrada,,,"Pagina de carreiras lida (https://www.sarofsky.com/careers): nenhum titulo da disciplina no HTML. Pode ser quadro carregado por JavaScript, que nao da para ler sem navegador. | ficha: https://3dvf.com/en/studio/sarofsky/"
Shade VFX,EUA,Los Angeles,https://www.shadevfx.com/,nao,site-fora-do-ar,,nao aplicavel — site nao respondeu,"RE-TESTADO 08/09 com o protocolo de duas variacoes (com e sem www, com e sem barra final, https sempre, User-Agent de Chrome, e http como ultimo recurso): 3 enderecos tentados, nenhum respondeu. Tentativas: https://www.shadevfx.com/ HTTP 403 | https://shadevfx.com/ HTTP 403 | http://shadevfx.com/ HTTP 403 | ficha: https://3dvf.com/en/studio/shade-vfx/"
Shadowmachine,EUA,Los Angeles,https://www.shadowmachine.com/,nao,nao,https://www.shadowmachine.com/jobs,NENHUM dos 17 termos,"MEDIDO 08/09: pagina de carreiras https://www.shadowmachine.com/jobs lida por curl (344510 caracteres de texto) e NENHUM titulo da disciplina (personagem, criatura, modelagem, textura, look dev, surfacing, grooming, visual development, generalista 3D, hard surface, props, ambiente, lideranca de arte 3D) aparece nela. | ficha: https://3dvf.com/en/studio/shadowmachine/"
Skydance Media,EUA,Los Angeles,https://www.skydancemedia.com/,nao,sim,https://skydance.com/job-listings/,"NENHUM termo de veto nos anuncios lidos (o unico ""authoriz"" e aviso antifraude)","MEDIDO 08/09 pelo quadro proprio (30 vagas, HTML legivel por curl, sem precisar de navegador). SKYDANCE ANIMATION MADRID e o filao: Senior Grooming TD (9ad28cab, ALTA, groom+lookdev de cabelo), Environment Modeling Artist (ebbcdae8, hibrido #LI-Hybrid), Senior Environment Surfacing Artist (90d2f2b7), Environment Surfacing Lead Artist (f3ee86d4), Environment Surfacing Artist (c5793932 - NOVA para a campanha), Junior Environment Surfacing Artist (4c18ce73 - NOVA, nivel junior), Character Surfacing Trainee (7b435bb2 - NOVA mas exige estar matriculado no ultimo ano e 3 meses presenciais). Anuncios integrais lidos. Busca literal nos quatro principais: authoriz/eligib/sponsor/work permit/must be based/LMIA/days a week/French/francais/resident = so ""unauthorized person"" do aviso antifraude. DUPLICATA: 9ad28cab, ebbcdae8, 90d2f2b7, f3ee86d4 JA ESTAO NO PAINEL. NOVAS: c5793932, 4c18ce73, 7b435bb2, f5cdab33. | ficha: https://3dvf.com/en/studio/skydance-media/"
Southbay VFX,EUA,Los Angeles,https://www.southbayfx.com/,nao,site-fora-do-ar,,nao aplicavel — site nao respondeu,"RE-TESTADO 08/09 com o protocolo de duas variacoes (com e sem www, com e sem barra final, https sempre, User-Agent de Chrome, e http como ultimo recurso): 3 enderecos tentados, nenhum respondeu. Tentativas: https://www.southbayfx.com/ ConnectionError | https://southbayfx.com/ ReadTimeout | http://southbayfx.com/ HTTP 403 | ficha: https://3dvf.com/en/studio/southbay-vfx/"
Sperasoft,EUA,San Jose,https://sperasoft.com,sim,precisa-de-navegador,https://apply.workable.com/,nao aplicavel — porta nao testada,"MEDIDO 08/09: a Sperasoft manda o quadro para apply.workable.com, que esta BLOQUEADO pelo proxy de saida desta sessao. Registro como EXIGE CLIQUE e NAO como porta fechada: nao foi possivel testar. FALTA: abrir o quadro no navegador. | ficha: https://3dvf.com/en/studio/sperasoft/"
Sprite Animation Studios,EUA,Los Angeles,https://www.spriteanimation.com/,nao,nao,https://www.spriteanimation.com/about/careers,NENHUM dos 17 termos,"MEDIDO 08/09: pagina de carreiras https://www.spriteanimation.com/about/careers lida por curl (267873 caracteres de texto) e NENHUM titulo da disciplina (personagem, criatura, modelagem, textura, look dev, surfacing, grooming, visual development, generalista 3D, hard surface, props, ambiente, lideranca de arte 3D) aparece nela. ATENCAO: a pagina traz caracteres Unicode invisiveis; foram ignorados e o texto foi lido sem eles. | ficha: https://3dvf.com/en/studio/sprite-animation-studios/"
Stargate Studios,EUA,Los Angeles,https://www.stargatestudios.net/,nao,nao_encontrada,,nao aplicavel — quadro nao localizado,"MEDIDO 08/09: o site RESPONDE (https://www.stargatestudios.net/), mas nao achei pagina de carreiras. Varri os links da home, chutei 14 caminhos (/careers, /jobs, /join-us, /recrutement, /nous-rejoindre, /carrieres, /vacancies e afins) e li o sitemap.xml e o robots.txt; o sitemap nao tem URL de carreiras. Nenhuma devolveu quadro de vagas. | ficha: https://3dvf.com/en/studio/stargate-studios/"
Superseed Studios,EUA,Irvine,https://superseedstudios.com/,sim,nao,https://www.superseedstudios.com/jobs,NENHUM dos 17 termos,"MEDIDO 08/09: pagina de carreiras https://www.superseedstudios.com/jobs lida por curl (695 caracteres de texto) e NENHUM titulo da disciplina (personagem, criatura, modelagem, textura, look dev, surfacing, grooming, visual development, generalista 3D, hard surface, props, ambiente, lideranca de arte 3D) aparece nela. | ficha: https://3dvf.com/en/studio/superseed-studios/"
Tau Films,EUA / Canadá,Pékin Kuala Lumpur Los Angeles Hyderabad Mumbai Vancouver,https://taufilms.com/,nao,nao_encontrada,,,"Pagina de carreiras lida (https://taufilms.com/careers): nenhum titulo da disciplina no HTML. Pode ser quadro carregado por JavaScript, que nao da para ler sem navegador. | ficha: https://3dvf.com/en/studio/tau-films/"
Taylor James,EUA,New York,https://www.taylorjames.com/,nao,nao_encontrada,,nao aplicavel — quadro nao localizado,"MEDIDO 08/09: o site RESPONDE (https://www.taylorjames.com/), mas nao achei pagina de carreiras. Varri os links da home, chutei 14 caminhos (/careers, /jobs, /join-us, /recrutement, /nous-rejoindre, /carrieres, /vacancies e afins) e li o sitemap.xml e o robots.txt; o sitemap nao tem URL de carreiras. Nenhuma devolveu quadro de vagas. | ficha: https://3dvf.com/en/studio/taylor-james-2/"
Taylor James,EUA,New York,https://www.taylorjames.com/,nao,nao_encontrada,,nao aplicavel — quadro nao localizado,"MEDIDO 08/09: o site RESPONDE (https://www.taylorjames.com/), mas nao achei pagina de carreiras. Varri os links da home, chutei 14 caminhos (/careers, /jobs, /join-us, /recrutement, /nous-rejoindre, /carrieres, /vacancies e afins) e li o sitemap.xml e o robots.txt; o sitemap nao tem URL de carreiras. Nenhuma devolveu quadro de vagas. | ficha: https://3dvf.com/en/studio/taylor-james/"
The Molecule VFX,EUA,Los Angeles,https://www.themolecule.com/,nao,nao_encontrada,,nao aplicavel — quadro nao localizado,"MEDIDO 08/09: o site RESPONDE (https://themolecule.com/), mas nao achei pagina de carreiras. Varri os links da home, chutei 14 caminhos (/careers, /jobs, /join-us, /recrutement, /nous-rejoindre, /carrieres, /vacancies e afins) e li o sitemap.xml e o robots.txt; o sitemap nao tem URL de carreiras. Nenhuma devolveu quadro de vagas. | ficha: https://3dvf.com/en/studio/the-molecule-vfx/"
The Third Floor,EUA,Los Angeles,https://www.thethirdfloorinc.com/,sim,nao,https://thethirdfloorinc.com/careers/,NENHUM dos 17 termos,"MEDIDO 08/09: pagina de carreiras https://thethirdfloorinc.com/careers/ lida por curl (1584 caracteres de texto) e NENHUM titulo da disciplina (personagem, criatura, modelagem, textura, look dev, surfacing, grooming, visual development, generalista 3D, hard surface, props, ambiente, lideranca de arte 3D) aparece nela. | ficha: https://3dvf.com/en/studio/the-third-floor/"
Theory Studios,EUA,Orlando,https://theorystudios.com/,sim,nao,https://www.theorystudios.com/jobs/none,NENHUM dos 17 termos,"MEDIDO 08/09: pagina de carreiras https://www.theorystudios.com/jobs/none lida por curl (58999 caracteres de texto) e NENHUM titulo da disciplina (personagem, criatura, modelagem, textura, look dev, surfacing, grooming, visual development, generalista 3D, hard surface, props, ambiente, lideranca de arte 3D) aparece nela. | ficha: https://3dvf.com/en/studio/theory-studios/"
TiltShift,EUA,Los Angeles,https://www.tilt-shift.com,nao,site-fora-do-ar,,nao aplicavel — site nao respondeu,"RE-TESTADO 08/09 com o protocolo de duas variacoes (com e sem www, com e sem barra final, https sempre, User-Agent de Chrome, e http como ultimo recurso): 3 enderecos tentados, nenhum respondeu. Tentativas: https://www.tilt-shift.com/ SSLError | https://tilt-shift.com/ SSLError | http://tilt-shift.com/ HTTP 403 | ficha: https://3dvf.com/en/studio/tiltshift/"
Tippett Studio,EUA / Canadá,Toronto,https://www.tippett.com/,sim,precisa-de-navegador,https://www.tippett.com/careers/,nao verificavel por curl,"MEDIDO 08/09: a pagina de carreiras responde HTTP 200 mas o corpo tem apenas 1443 caracteres de texto depois de tirar script e style, ou seja o quadro monta em JavaScript e o curl nao le a lista. Nao registrei como sem vaga. PRECISA DE NAVEGADOR. | ficha: https://3dvf.com/en/studio/tippett-studio/"
Trace VFX,EUA,New York,https://www.tracevfx.com/,nao,site-fora-do-ar,,nao aplicavel — site nao respondeu,"RE-TESTADO 08/09 com o protocolo de duas variacoes (com e sem www, com e sem barra final, https sempre, User-Agent de Chrome, e http como ultimo recurso): 3 enderecos tentados, nenhum respondeu. Tentativas: https://www.tracevfx.com/ ProxyError | https://tracevfx.com/ ProxyError | http://tracevfx.com/ ConnectionError | ficha: https://3dvf.com/en/studio/trace-vfx/"
Uncharted Territory,EUA,Los Angeles,https://www.uncharted-territory.com/,nao,nao,https://www.uncharted-territory.com/jobs,NENHUM dos 17 termos,"MEDIDO 08/09: pagina de carreiras https://www.uncharted-territory.com/jobs lida por curl (256873 caracteres de texto) e NENHUM titulo da disciplina (personagem, criatura, modelagem, textura, look dev, surfacing, grooming, visual development, generalista 3D, hard surface, props, ambiente, lideranca de arte 3D) aparece nela. | ficha: https://3dvf.com/en/studio/uncharted-territory/"
VFX Legion,EUA,Burbank,https://www.vfxlegion.com/,sim,nao,https://vfxlegion.com/join-us/,NENHUM dos 17 termos,"MEDIDO 08/09: pagina de carreiras https://vfxlegion.com/join-us/ lida por curl (6155 caracteres de texto) e NENHUM titulo da disciplina (personagem, criatura, modelagem, textura, look dev, surfacing, grooming, visual development, generalista 3D, hard surface, props, ambiente, lideranca de arte 3D) aparece nela. | ficha: https://3dvf.com/en/studio/vfx-legion/"
VFX Pick,EUA,Oklahoma City,https://www.vfxpick.com/,nao,nao_encontrada,,nao aplicavel — quadro nao localizado,"MEDIDO 08/09: o site RESPONDE (https://vfxpick.com/), mas nao achei pagina de carreiras. Varri os links da home, chutei 14 caminhos (/careers, /jobs, /join-us, /recrutement, /nous-rejoindre, /carrieres, /vacancies e afins) e li o sitemap.xml e o robots.txt; o sitemap nao tem URL de carreiras. Nenhuma devolveu quadro de vagas. | ficha: https://3dvf.com/en/studio/vfx-pick/"
Virtuos,EUA / Singapura / Polônia / Irlanda / França / Canadá,Chengdu City Kuala Lumpur Los Angeles Montreal Dublin Singapore Ho Chi Minh City,https://www.virtuosgames.com/,sim,site-fora-do-ar,,nao aplicavel — site nao respondeu,"RE-TESTADO 08/09 com o protocolo de duas variacoes (com e sem www, com e sem barra final, https sempre, User-Agent de Chrome, e http como ultimo recurso): 3 enderecos tentados, nenhum respondeu. Tentativas: https://www.virtuosgames.com/ HTTP 403 | https://virtuosgames.com/ HTTP 403 | http://virtuosgames.com/ HTTP 403 | ficha: https://3dvf.com/en/studio/virtuos/"
Walt Disney Animation Studios,EUA,Burbank,https://www.disneyanimation.com/,nao,nao_encontrada,,,"Pagina de carreiras lida (https://www.disneyanimation.com/careers/): nenhum titulo da disciplina no HTML. Pode ser quadro carregado por JavaScript, que nao da para ler sem navegador. | ficha: https://3dvf.com/en/studio/walt-disney-animation-studios/"
Warner Bros Animation,EUA,Burbank,https://www.warnerbroscareers.com/,sim,precisa-de-navegador,https://careers.wbd.com/global/en,nao aplicavel — quadro nao cedeu texto,MEDIDO 08/09: a pagina de carreiras https://careers.wbd.com/global/en responde HTTP 200 mas a lista de vagas so e montada por JavaScript (marcador de quadro embutido no HTML). FALTA: abrir no navegador. | ficha: https://3dvf.com/en/studio/warner-bros-animation/
Whiskytree,EUA,San Francisco,https://www.whiskytree.com/,nao,nao_encontrada,,,"Pagina de carreiras lida (https://www.whiskytree.com/#join-us): nenhum titulo da disciplina no HTML. Pode ser quadro carregado por JavaScript, que nao da para ler sem navegador. | ficha: https://3dvf.com/en/studio/whiskytree/"
WickedLiquid,EUA,Irvine,https://www.wickedliquid.com/,nao,nao_encontrada,,nao aplicavel — quadro nao localizado,"MEDIDO 08/09: o site RESPONDE (https://wickedliquid.com/), mas nao achei pagina de carreiras. Varri os links da home, chutei 14 caminhos (/careers, /jobs, /join-us, /recrutement, /nous-rejoindre, /carrieres, /vacancies e afins) e li o sitemap.xml e o robots.txt; o sitemap nao tem URL de carreiras. Nenhuma devolveu quadro de vagas. | ficha: https://3dvf.com/en/studio/wickedliquid/"
Wild Canary Animation,EUA,Burbank,https://www.wildcanary.com/,sim,nao,https://wildcanary.com/careers.php,NENHUM dos 17 termos,"MEDIDO 08/09: pagina de carreiras https://wildcanary.com/careers.php lida por curl (768 caracteres de texto) e NENHUM titulo da disciplina (personagem, criatura, modelagem, textura, look dev, surfacing, grooming, visual development, generalista 3D, hard surface, props, ambiente, lideranca de arte 3D) aparece nela. | ficha: https://3dvf.com/en/studio/wild-canary-animation/"
Wylie VFX,EUA,Culver City,https://www.WylieVFX.com/,nao,nao_encontrada,,nao aplicavel — quadro nao localizado,"MEDIDO 08/09: o site RESPONDE (https://www.wylievfx.com/), mas nao achei pagina de carreiras. Varri os links da home, chutei 14 caminhos (/careers, /jobs, /join-us, /recrutement, /nous-rejoindre, /carrieres, /vacancies e afins) e li o sitemap.xml e o robots.txt; o sitemap nao tem URL de carreiras. Nenhuma devolveu quadro de vagas. | ficha: https://3dvf.com/en/studio/wylie-vfx/"
XYZ,EUA,San Francisco,https://www.wearexyz.com,nao,nao_encontrada,,nao aplicavel — quadro nao localizado,"MEDIDO 08/09: o site RESPONDE (https://wearexyz.com/), mas nao achei pagina de carreiras. Varri os links da home, chutei 14 caminhos (/careers, /jobs, /join-us, /recrutement, /nous-rejoindre, /carrieres, /vacancies e afins) e li o sitemap.xml e o robots.txt; o sitemap nao tem URL de carreiras. Nenhuma devolveu quadro de vagas. | ficha: https://3dvf.com/en/studio/xyz/"
Zag,EUA,Los Angeles,https://www.zag-inc.com/,nao,nao_encontrada,,nao aplicavel — quadro nao localizado,"MEDIDO 08/09: o site RESPONDE (https://www.zag.com/), mas nao achei pagina de carreiras. Varri os links da home, chutei 14 caminhos (/careers, /jobs, /join-us, /recrutement, /nous-rejoindre, /carrieres, /vacancies e afins) e li o sitemap.xml e o robots.txt; o sitemap nao tem URL de carreiras. Nenhuma devolveu quadro de vagas. | ficha: https://3dvf.com/en/studio/zag/"
Zero VFX,EUA,Boston,https://www.zerovfx.com/,nao,nao,https://dmfx.bamboohr.com/careers/128,NENHUM dos 17 termos,"MEDIDO 08/09: o quadro real da Zero VFX e o BambooHR do token dmfx e ele responde JSON 200 com 4 vagas, todas em Montreal, Quebec: Animator, CFX (Creature FX) Artist, FX Artist e Compositing Artist. NENHUMA e da disciplina (animacao, simulacao de criatura, FX e composicao nao contam). O que a pagina zerovfx.com/careers mostrava era a mesma lista. | ficha: https://3dvf.com/en/studio/zero-vfx/"
Anima,Finlândia,Petaling Jaya Selangor Helsinki,https://www.anima.fi/,sim,precisa-de-navegador,https://www.anima.fi/jobs,nao verificavel por curl,"MEDIDO 08/09: a pagina de carreiras responde HTTP 200 mas o corpo tem apenas 1551 caracteres de texto depois de tirar script e style, ou seja o quadro monta em JavaScript e o curl nao le a lista. Nao registrei como sem vaga. PRECISA DE NAVEGADOR. | ficha: https://3dvf.com/en/studio/anima/"
Brink,Finlândia,Helsinki,https://www.brinkhelsinki.com/,nao,nao_encontrada,,nao aplicavel — quadro nao localizado,"MEDIDO 08/09: o site RESPONDE (https://brinkhelsinki.com/), mas nao achei pagina de carreiras. Varri os links da home, chutei 14 caminhos (/careers, /jobs, /join-us, /recrutement, /nous-rejoindre, /carrieres, /vacancies e afins) e li o sitemap.xml e o robots.txt; o sitemap nao tem URL de carreiras. Nenhuma devolveu quadro de vagas. | ficha: https://3dvf.com/en/studio/brink/"
Cocoa,Finlândia,Helsinki,https://www.cocoa.fi/,nao,nao_encontrada,,,"Pagina de carreiras lida (mailto:jobs@cocoa.fi): nenhum titulo da disciplina no HTML. Pode ser quadro carregado por JavaScript, que nao da para ler sem navegador. | ficha: https://3dvf.com/en/studio/cocoa/"
EA &#8211; Tracktwenty,Finlândia,Helsinki EA - Tracktwenty,https://www.ea.com/ea-studios/tracktwenty,sim,nao,https://www.ea.com/ea-studios/tracktwenty/careers,NENHUM dos 17 termos,"MEDIDO 08/09: pagina de carreiras https://www.ea.com/ea-studios/tracktwenty/careers lida por curl (6615 caracteres de texto) e NENHUM titulo da disciplina (personagem, criatura, modelagem, textura, look dev, surfacing, grooming, visual development, generalista 3D, hard surface, props, ambiente, lideranca de arte 3D) aparece nela. | ficha: https://3dvf.com/en/studio/ea-tracktwenty/"
Fake,Finlândia,Helsinki,https://www.fake.fi/,nao,nao_encontrada,,nao aplicavel — quadro nao localizado,"MEDIDO 08/09: o site RESPONDE (https://www.fake.fi/), mas nao achei pagina de carreiras. Varri os links da home, chutei 14 caminhos (/careers, /jobs, /join-us, /recrutement, /nous-rejoindre, /carrieres, /vacancies e afins) e li o sitemap.xml e o robots.txt; o sitemap nao tem URL de carreiras. Nenhuma devolveu quadro de vagas. | ficha: https://3dvf.com/en/studio/fake/"
Frozenbyte,Finlândia,Helsinki,https://www.frozenbyte.com/,sim,nao,https://www.frozenbyte.com/jobs,NENHUM dos 17 termos,"MEDIDO 08/09: pagina de carreiras https://www.frozenbyte.com/jobs lida por curl (42851 caracteres de texto) e NENHUM titulo da disciplina (personagem, criatura, modelagem, textura, look dev, surfacing, grooming, visual development, generalista 3D, hard surface, props, ambiente, lideranca de arte 3D) aparece nela. | ficha: https://3dvf.com/en/studio/frozenbyte/"
Grim,Finlândia,Helsinki,https://www.grim.fi/,nao,nao_encontrada,,nao aplicavel — quadro nao localizado,"MEDIDO 08/09: o site RESPONDE (https://www.grim.fi/), mas nao achei pagina de carreiras. Varri os links da home, chutei 14 caminhos (/careers, /jobs, /join-us, /recrutement, /nous-rejoindre, /carrieres, /vacancies e afins) e li o sitemap.xml e o robots.txt; o sitemap nao tem URL de carreiras. Nenhuma devolveu quadro de vagas. | ficha: https://3dvf.com/en/studio/grim/"
Housemarque,Finlândia,Helsinki,https://www.housemarque.com/,nao,nao,https://boards-api.greenhouse.io/v1/boards/housemarque/jobs,nao se aplica (quadro vazio),"MEDIDO 08/09: API do Greenhouse do board housemarque responde HTTP 200 com ZERO vagas. Quadro vazio, medido. | ficha: https://3dvf.com/en/studio/housemarque/"
Nopia,Finlândia,Pori,https://www.nopia.fi/,nao,nao_encontrada,,nao aplicavel — quadro nao localizado,"MEDIDO 08/09: o site RESPONDE (https://www.nopia.fi/), mas nao achei pagina de carreiras. Varri os links da home, chutei 14 caminhos (/careers, /jobs, /join-us, /recrutement, /nous-rejoindre, /carrieres, /vacancies e afins) e li o sitemap.xml e o robots.txt; o sitemap nao tem URL de carreiras. Nenhuma devolveu quadro de vagas. Tentados: https://www.nopia.fi/jobs, https://www.nopia.fi/jobs/. | ficha: https://3dvf.com/en/studio/nopia/"
Outo,Finlândia,Oulu,https://www.outo.fi,nao,nao_encontrada,,nao aplicavel — quadro nao localizado,"MEDIDO 08/09: o site RESPONDE (https://www.outo.fi/), mas nao achei pagina de carreiras. Varri os links da home, chutei 14 caminhos (/careers, /jobs, /join-us, /recrutement, /nous-rejoindre, /carrieres, /vacancies e afins) e li o sitemap.xml e o robots.txt; o sitemap nao tem URL de carreiras. Nenhuma devolveu quadro de vagas. | ficha: https://3dvf.com/en/studio/outo/"
Pikkukala,Finlândia,Helsinki,https://pikkukala.com/,nao,nao,https://pikkukala.odoo.com/jobs,NENHUM dos 17 termos,"MEDIDO 08/09: pagina de carreiras https://pikkukala.odoo.com/jobs lida por curl (842 caracteres de texto) e NENHUM titulo da disciplina (personagem, criatura, modelagem, textura, look dev, surfacing, grooming, visual development, generalista 3D, hard surface, props, ambiente, lideranca de arte 3D) aparece nela. | ficha: https://3dvf.com/en/studio/pikkukala/"
Piñata,Finlândia,Helsinki,https://pinata.fi/,nao,nao_encontrada,,nao aplicavel — quadro nao localizado,"MEDIDO 08/09: o site RESPONDE (https://pinata.fi/), mas nao achei pagina de carreiras. Varri os links da home, chutei 14 caminhos (/careers, /jobs, /join-us, /recrutement, /nous-rejoindre, /carrieres, /vacancies e afins) e li o sitemap.xml e o robots.txt; o sitemap nao tem URL de carreiras. Nenhuma devolveu quadro de vagas. | ficha: https://3dvf.com/en/studio/pinata/"
Remedy Entertainment,Finlândia,Espoo,https://www.remedygames.com/,nao,nao,https://www.remedygames.com/careers,nao se aplica (sem vaga da disciplina),"MEDIDO 08/09: o quadro da Remedy e widget Jobylon (jbl_company_id 2986, lido no HTML). Consultei o embed v1 oficial (cdn.jobylon.com/jobs/companies/2986/embed/v1/) e ele devolve as 3 vagas com URL: Senior Performance Capture Artist, Senior UI Programmer e Senior Gameplay Animator. NENHUMA da disciplina. | ficha: https://3dvf.com/en/studio/remedy-entertainment/"
Silent Owl Films,Finlândia,Helsinki,https://www.silentowlfilms.com/,nao,nao,https://www.silentowlfilms.com/about/careers,NENHUM dos 17 termos,"MEDIDO 08/09: pagina de carreiras https://www.silentowlfilms.com/about/careers lida por curl (21574 caracteres de texto) e NENHUM titulo da disciplina (personagem, criatura, modelagem, textura, look dev, surfacing, grooming, visual development, generalista 3D, hard surface, props, ambiente, lideranca de arte 3D) aparece nela. | ficha: https://3dvf.com/en/studio/silent-owl-films/"
Supercell,Finlândia,Helsinki,https://www.supercell.com/,sim,sim,https://supercell.com/en/careers/art-director-clash-of-clans/f5eddac0-3d89-4224-8301-bde715e2dde2/,"relocat=2(uma A FAVOR, uma campo de formulario); based in=1(campo de formulario); located in=2(falso positivo, endereco do estudio)","MEDIA (lideranca de arte) e DUPLICATA: ja esta no painel com este mesmo cargo. Art Director, Clash of Clans, Helsinki / Londres. Anuncio integral lido (9.609 caracteres). SINAL A FAVOR, frase colada: ""Relocation? Yes! No matter where you are moving from, our dedicated mobility team..."" Os outros casamentos sao inocentes: ""Your willingness to relocate, if you are not already based in the location of the job"" e campo do formulario, e ""Clash of Clans team members are located in both our Helsinki and London Studios"" e endereco. A outra vaga de arte do quadro, Art Lead Clash Royale, e em Xangai e esta FORA do escopo. | ficha: https://3dvf.com/en/studio/supercell/"
Toast,Finlândia,Helsinki,https://www.toast.fi/,nao,nao_encontrada,,nao aplicavel — quadro nao localizado,"MEDIDO 08/09: o site RESPONDE (https://toast.fi/), mas nao achei pagina de carreiras. Varri os links da home, chutei 14 caminhos (/careers, /jobs, /join-us, /recrutement, /nous-rejoindre, /carrieres, /vacancies e afins) e li o sitemap.xml e o robots.txt; o sitemap nao tem URL de carreiras. Nenhuma devolveu quadro de vagas. | ficha: https://3dvf.com/en/studio/toast/"
Troll VFX,Finlândia,Tampere,https://www.trollvfx.com/,nao,precisa-de-navegador,https://www.trollvfx.com/jobs,nao verificavel por curl,"MEDIDO 08/09: a pagina de carreiras responde HTTP 200 mas o corpo tem apenas 1751 caracteres de texto depois de tirar script e style, ou seja o quadro monta em JavaScript e o curl nao le a lista. Nao registrei como sem vaga. PRECISA DE NAVEGADOR. | ficha: https://3dvf.com/en/studio/troll-vfx/"
Wargaming.net,Finlândia,Helsinki,https://wargaming.com/,sim,sim,https://job-boards.greenhouse.io/wargamingen/jobs/8161671,sem termo de veto; DUPLICATA ja enviada,"MEDIDO 08/09 pela API do Greenhouse (token wargamingen, 54 vagas). Uma da disciplina: 3D Character Artist (World of Tanks: HEAT), Nicosia. DUPLICATA: JA ENVIADA em 31/08 e revalidada em 06/09. | ficha: https://3dvf.com/en/studio/wargaming-net/"
2 Minutes,França / Canadá,Saint-Laurent Saint Pierre Hong Kong Paris Angoulême,https://2minutes.fr/,nao,nao,https://2minutes.fr,NENHUM dos 17 termos,"MEDIDO 08/09: pagina de carreiras https://2minutes.fr lida por curl (18338 caracteres de texto) e NENHUM titulo da disciplina (personagem, criatura, modelagem, textura, look dev, surfacing, grooming, visual development, generalista 3D, hard surface, props, ambiente, lideranca de arte 3D) aparece nela. | ficha: https://3dvf.com/en/studio/2-minutes/"
2WICE Studio,França,Paris,http://2wice.studio,nao,site-fora-do-ar,,nao aplicavel — site nao respondeu,"RE-TESTADO 08/09 com o protocolo de duas variacoes (com e sem www, com e sem barra final, https sempre, User-Agent de Chrome, e http como ultimo recurso): 3 enderecos tentados, nenhum respondeu. Tentativas: https://2wice.studio/ ConnectionError | https://www.2wice.studio/ ProxyError | http://2wice.studio/ HTTP 403 | ficha: https://3dvf.com/en/studio/2wice-studio/"
3.0 Studio,França,Angoulême,https://www.3point0studio.com,nao,nao_encontrada,,nao aplicavel — quadro nao localizado,"MEDIDO 08/09: o site RESPONDE (https://www.3point0studio.com/en/home/), mas nao achei pagina de carreiras. Varri os links da home, chutei 14 caminhos (/careers, /jobs, /join-us, /recrutement, /nous-rejoindre, /carrieres, /vacancies e afins) e li o sitemap.xml e o robots.txt; o sitemap nao tem URL de carreiras. Nenhuma devolveu quadro de vagas. | ficha: https://3dvf.com/en/studio/3-0-studio/"
3D Emotion,França,Taluyers,https://www.3demotion.net/,nao,nao_encontrada,,nao aplicavel — quadro nao localizado,"MEDIDO 08/09: o site RESPONDE (https://www.3demotion.net/), mas nao achei pagina de carreiras. Varri os links da home, chutei 14 caminhos (/careers, /jobs, /join-us, /recrutement, /nous-rejoindre, /carrieres, /vacancies e afins) e li o sitemap.xml e o robots.txt; o sitemap nao tem URL de carreiras. Nenhuma devolveu quadro de vagas. | ficha: https://3dvf.com/en/studio/3d-emotion/"
3D Matchmovers an AArts Company,França,Salon-de-Provence,https://3d-matchmovers.com/,nao,site-fora-do-ar,,nao aplicavel — site nao respondeu,"RE-TESTADO 08/09 com o protocolo de duas variacoes (com e sem www, com e sem barra final, https sempre, User-Agent de Chrome, e http como ultimo recurso): 3 enderecos tentados, nenhum respondeu. Tentativas: https://3d-matchmovers.com/ SSLError | https://www.3d-matchmovers.com/ SSLError | http://3d-matchmovers.com/ HTTP 403 | ficha: https://3dvf.com/en/studio/3d-matchmovers-an-aarts-company/"
ADV Studios,França,Paris,https://advstudios.fr/,nao,nao_encontrada,,,"Pagina de carreiras lida (https://advstudios.fr/index.php/jobs/): nenhum titulo da disciplina no HTML. Pode ser quadro carregado por JavaScript, que nao da para ler sem navegador. | ficha: https://3dvf.com/en/studio/adv-studios/"
Akama Film Director,França,Paris,http://www.akama-filmdirector.com,nao,nao_encontrada,,nao aplicavel — quadro nao localizado,"MEDIDO 08/09: o site RESPONDE (https://www.akama-filmdirector.com/), mas nao achei pagina de carreiras. Varri os links da home, chutei 14 caminhos (/careers, /jobs, /join-us, /recrutement, /nous-rejoindre, /carrieres, /vacancies e afins) e li o sitemap.xml e o robots.txt; o sitemap nao tem URL de carreiras. Nenhuma devolveu quadro de vagas. | ficha: https://3dvf.com/en/studio/akama/"
Alt-Studio,França,Antony,https://alt-studio.com/,nao,nao_encontrada,,nao aplicavel — quadro nao localizado,"MEDIDO 08/09: o site RESPONDE (https://alt-studio.com/), mas nao achei pagina de carreiras. Varri os links da home, chutei 14 caminhos (/careers, /jobs, /join-us, /recrutement, /nous-rejoindre, /carrieres, /vacancies e afins) e li o sitemap.xml e o robots.txt; o sitemap nao tem URL de carreiras. Nenhuma devolveu quadro de vagas. | ficha: https://3dvf.com/en/studio/alt-studio/"
Ambre Collective,França,Paris,https://ambrecollective.com/,nao,site-fora-do-ar,,nao aplicavel — site nao respondeu,"RE-TESTADO 08/09 com o protocolo de duas variacoes (com e sem www, com e sem barra final, https sempre, User-Agent de Chrome, e http como ultimo recurso): 3 enderecos tentados, nenhum respondeu. Tentativas: https://ambrecollective.com/ ConnectionError | https://www.ambrecollective.com/ ReadTimeout | http://ambrecollective.com/ HTTP 403 | ficha: https://3dvf.com/en/studio/ambre-collective/"
Amplitude Studios,França,Paris,https://www.amplitude-studios.com/,nao,nao_encontrada,,,"Pagina de carreiras lida (https://www.amplitude-studios.com/#Careers): nenhum titulo da disciplina no HTML. Pode ser quadro carregado por JavaScript, que nao da para ler sem navegador. | ficha: https://3dvf.com/en/studio/amplitude-studios/"
Amuse Animation,França,Paris,https://www.amuse-network.com/,nao,nao,https://amuse-network.com/tag/careers/,NENHUM dos 17 termos,"MEDIDO 08/09: pagina de carreiras https://amuse-network.com/tag/careers/ lida por curl (2085 caracteres de texto) e NENHUM titulo da disciplina (personagem, criatura, modelagem, textura, look dev, surfacing, grooming, visual development, generalista 3D, hard surface, props, ambiente, lideranca de arte 3D) aparece nela. | ficha: https://3dvf.com/en/studio/amuse-animation/"
Andarta Pictures,França,Bourg-lès-Valence,https://fr.andarta-pictures.com,nao,nao,https://fr.andarta-pictures.com:443/fr/recrutement/,NENHUM dos 17 termos,"MEDIDO 08/09: pagina de carreiras https://fr.andarta-pictures.com:443/fr/recrutement/ lida por curl (7340 caracteres de texto) e NENHUM titulo da disciplina (personagem, criatura, modelagem, textura, look dev, surfacing, grooming, visual development, generalista 3D, hard surface, props, ambiente, lideranca de arte 3D) aparece nela. | ficha: https://3dvf.com/en/studio/andarta-pictures/"
Ankama,França,Roubaix,https://www.ankama.com/fr,sim,nao_encontrada,,nao aplicavel — quadro nao localizado,"MEDIDO 08/09: o site RESPONDE (https://www.ankama.com/fr), mas nao achei pagina de carreiras. Varri os links da home, chutei 14 caminhos (/careers, /jobs, /join-us, /recrutement, /nous-rejoindre, /carrieres, /vacancies e afins) e li o sitemap.xml e o robots.txt; o sitemap nao tem URL de carreiras. Nenhuma devolveu quadro de vagas. | ficha: https://3dvf.com/en/studio/ankama/"
Archipicture,França,Penol,https://www.archipicture.fr,nao,nao_encontrada,,,"Pagina de carreiras lida (https://www.vacanceole.com/): nenhum titulo da disciplina no HTML. Pode ser quadro carregado por JavaScript, que nao da para ler sem navegador. | ficha: https://3dvf.com/en/studio/archipicture/"
Arkane Studio,França,Lyon,https://www.arkane-studios.com/fr,sim,site-fora-do-ar,,nao aplicavel — site nao respondeu,"RE-TESTADO 08/09 com o protocolo de duas variacoes (com e sem www, com e sem barra final, https sempre, User-Agent de Chrome, e http como ultimo recurso): 5 enderecos tentados, nenhum respondeu. Tentativas: https://www.arkane-studios.com/fr HTTP 403 | https://www.arkane-studios.com/fr/ HTTP 403 | https://arkane-studios.com/fr HTTP 403 | https://arkane-studios.com/fr/ HTTP 403 | http://arkane-studios.com/fr HTTP 403 | ficha: https://3dvf.com/en/studio/arkane-studio/"
Art Graphique &#038; Patrimoine,França,Saint-Denis Art Graphique & Patrimoine,https://www.artgp.fr/,nao,precisa-de-navegador,https://artgp.fr/nous-rejoindre/,nao verificavel por curl,"MEDIDO 08/09: a pagina de carreiras responde HTTP 200 mas o corpo tem apenas 1260 caracteres de texto depois de tirar script e style, ou seja o quadro monta em JavaScript e o curl nao le a lista. Nao registrei como sem vaga. PRECISA DE NAVEGADOR. | ficha: https://3dvf.com/en/studio/art-graphique-patrimoine/"
Artefacto,França,Betton,https://www.artefacto-ar.com/,nao,nao,https://www.artefacto-ar.com/entreprise/carrieres/,NENHUM dos 17 termos,"MEDIDO 08/09: pagina de carreiras https://www.artefacto-ar.com/entreprise/carrieres/ lida por curl (9949 caracteres de texto) e NENHUM titulo da disciplina (personagem, criatura, modelagem, textura, look dev, surfacing, grooming, visual development, generalista 3D, hard surface, props, ambiente, lideranca de arte 3D) aparece nela. | ficha: https://3dvf.com/en/studio/artefacto/"
ARTEFACTORYLAB,França,Paris,https://www.artefactorylab.com/,nao,nao_encontrada,,nao aplicavel — quadro nao localizado,"MEDIDO 08/09: o site RESPONDE (https://www.artefactorylab.com/en/), mas nao achei pagina de carreiras. Varri os links da home, chutei 14 caminhos (/careers, /jobs, /join-us, /recrutement, /nous-rejoindre, /carrieres, /vacancies e afins) e li o sitemap.xml e o robots.txt; o sitemap nao tem URL de carreiras. Nenhuma devolveu quadro de vagas. | ficha: https://3dvf.com/en/studio/artefactorylab-9jejnf-paris/"
Artefacts Studio,França,Villeurbanne,https://www.artefacts-studio.fr/,sim,nao,https://www.artefacts-studio.fr/career,NENHUM dos 17 termos,"MEDIDO 08/09: pagina de carreiras https://www.artefacts-studio.fr/career lida por curl (16890 caracteres de texto) e NENHUM titulo da disciplina (personagem, criatura, modelagem, textura, look dev, surfacing, grooming, visual development, generalista 3D, hard surface, props, ambiente, lideranca de arte 3D) aparece nela. | ficha: https://3dvf.com/en/studio/artefacts-studio/"
Asile,França,Paris,https://asile-paris.com/,nao,nao_encontrada,,nao aplicavel — quadro nao localizado,"MEDIDO 08/09: o site RESPONDE (https://asile-paris.com/), mas nao achei pagina de carreiras. Varri os links da home, chutei 14 caminhos (/careers, /jobs, /join-us, /recrutement, /nous-rejoindre, /carrieres, /vacancies e afins) e li o sitemap.xml e o robots.txt; o sitemap nao tem URL de carreiras. Nenhuma devolveu quadro de vagas. | ficha: https://3dvf.com/en/studio/asile/"
Asobo Studio,França,Bordeaux,https://www.asobostudio.com/fr,nao,sim,https://jobs.eu.lever.co/asobostudio/1ab1d28f-6f7c-4106-b43f-6ef78dcb7603,DUPLICATA,"MEDIDO 08/09 pela API do Lever EU (token asobostudio, 9 vagas). Uma da disciplina: Character Artist H/F para projeto narrativo nao anunciado, Bordeaux, presencial. DUPLICATA: JA ESTA NO PAINEL desde 02/09. | ficha: https://3dvf.com/en/studio/asobo-studio/"
Asylum,França,Lyon,https://www.asylum.fr/,nao,nao_encontrada,,nao aplicavel — quadro nao localizado,"MEDIDO 08/09: o site RESPONDE (https://www.asylum.fr/), mas nao achei pagina de carreiras. Varri os links da home, chutei 14 caminhos (/careers, /jobs, /join-us, /recrutement, /nous-rejoindre, /carrieres, /vacancies e afins) e li o sitemap.xml e o robots.txt; o sitemap nao tem URL de carreiras. Nenhuma devolveu quadro de vagas. | ficha: https://3dvf.com/en/studio/asylum-r7pukaa-lyon/"
Aurora Game Studio,França,Hiersac,https://www.auroragamestudio.com/,nao,nao_encontrada,,nao aplicavel — quadro nao localizado,"MEDIDO 08/09: o site RESPONDE (https://auroragamestudio.com/), mas nao achei pagina de carreiras. Varri os links da home, chutei 14 caminhos (/careers, /jobs, /join-us, /recrutement, /nous-rejoindre, /carrieres, /vacancies e afins) e li o sitemap.xml e o robots.txt; o sitemap nao tem URL de carreiras. Nenhuma devolveu quadro de vagas. | ficha: https://3dvf.com/en/studio/aurora-game-studio/"
Autour de Minuit,França,Paris,https://blog.autourdeminuit.com/,nao,nao_encontrada,,nao aplicavel — quadro nao localizado,"MEDIDO 08/09: o site RESPONDE (https://blog.autourdeminuit.com/), mas nao achei pagina de carreiras. Varri os links da home, chutei 14 caminhos (/careers, /jobs, /join-us, /recrutement, /nous-rejoindre, /carrieres, /vacancies e afins) e li o sitemap.xml e o robots.txt; o sitemap nao tem URL de carreiras. Nenhuma devolveu quadro de vagas. | ficha: https://3dvf.com/en/studio/autour-de-minuit/"
Autrechose,França,Paris,https://www.autrechose.fr/,nao,nao_encontrada,,nao aplicavel — quadro nao localizado,"MEDIDO 08/09: o site RESPONDE (https://www.autrechose.fr/), mas nao achei pagina de carreiras. Varri os links da home, chutei 14 caminhos (/careers, /jobs, /join-us, /recrutement, /nous-rejoindre, /carrieres, /vacancies e afins) e li o sitemap.xml e o robots.txt; o sitemap nao tem URL de carreiras. Nenhuma devolveu quadro de vagas. | ficha: https://3dvf.com/en/studio/autrechose/"
Backlight Studio,França,Saint-Denis,https://backlight.fr/,nao,nao,https://backlight.fr/category/jobs/,NENHUM dos 17 termos,"MEDIDO 08/09: pagina de carreiras https://backlight.fr/category/jobs/ lida por curl (5577 caracteres de texto) e NENHUM titulo da disciplina (personagem, criatura, modelagem, textura, look dev, surfacing, grooming, visual development, generalista 3D, hard surface, props, ambiente, lideranca de arte 3D) aparece nela. | ficha: https://3dvf.com/en/studio/backlight-studio/"
BACKUP,França,Paris,https://ap-backup.com/,nao,nao_encontrada,,nao aplicavel — quadro nao localizado,"MEDIDO 08/09: o site RESPONDE (https://ap-backup.com/), mas nao achei pagina de carreiras. Varri os links da home, chutei 14 caminhos (/careers, /jobs, /join-us, /recrutement, /nous-rejoindre, /carrieres, /vacancies e afins) e li o sitemap.xml e o robots.txt; o sitemap nao tem URL de carreiras. Nenhuma devolveu quadro de vagas. | ficha: https://3dvf.com/en/studio/backup/"
Batis Studio,França,Athens,https://www.batis3d.com/,nao,nao_encontrada,,,"Pagina de carreiras lida (mailto:jobs@batis3d.com): nenhum titulo da disciplina no HTML. Pode ser quadro carregado por JavaScript, que nao da para ler sem navegador. | ficha: https://3dvf.com/en/studio/batis-studio/"
Behind,França,Lyon,,nao,nao_encontrada,https://www.behind-studio.com/,nao aplicavel — quadro nao localizado,"MEDIDO 08/09: a ficha do 3DVF nao publica site, mas o dominio https://www.behind-studio.com/ responde HTTP 200 (titulo: ""Behind Studio""). Nao foi varrido em busca de quadro de vagas nesta rodada. | ficha: https://3dvf.com/en/studio/behind/"
Beview,França,Le Barp,https://www.beview.fr/,nao,site-fora-do-ar,,nao aplicavel — site nao respondeu,"RE-TESTADO 08/09 com o protocolo de duas variacoes (com e sem www, com e sem barra final, https sempre, User-Agent de Chrome, e http como ultimo recurso): 3 enderecos tentados, nenhum respondeu. Tentativas: https://www.beview.fr/ HTTP 403 | https://beview.fr/ HTTP 403 | http://beview.fr/ HTTP 403 | ficha: https://3dvf.com/en/studio/beview/"
BIG COMPANY,França,Lyon,https://www.bigcompany.fr/,nao,precisa-de-navegador,https://www.bigcompany.fr/news-jobs/,nao verificavel por curl,"MEDIDO 08/09: a pagina de carreiras responde HTTP 200 mas o corpo tem apenas 800 caracteres de texto depois de tirar script e style, ou seja o quadro monta em JavaScript e o curl nao le a lista. Nao registrei como sem vaga. PRECISA DE NAVEGADOR. | ficha: https://3dvf.com/en/studio/big-company/"
Bizaroïd,França,Paris,https://bizaroid.tv/,nao,nao_encontrada,,nao aplicavel — quadro nao localizado,"MEDIDO 08/09: o site RESPONDE (https://bizaroid.tv/), mas nao achei pagina de carreiras. Varri os links da home, chutei 14 caminhos (/careers, /jobs, /join-us, /recrutement, /nous-rejoindre, /carrieres, /vacancies e afins) e li o sitemap.xml e o robots.txt; o sitemap nao tem URL de carreiras. Nenhuma devolveu quadro de vagas. | ficha: https://3dvf.com/en/studio/bizaroid/"
Blackmeal,França,Nantes Paris,https://blackmeal.com/,nao,nao_encontrada,,nao aplicavel — quadro nao localizado,"MEDIDO 08/09: o site RESPONDE (https://blackmeal.com/), mas nao achei pagina de carreiras. Varri os links da home, chutei 14 caminhos (/careers, /jobs, /join-us, /recrutement, /nous-rejoindre, /carrieres, /vacancies e afins) e li o sitemap.xml e o robots.txt; o sitemap nao tem URL de carreiras. Nenhuma devolveu quadro de vagas. | ficha: https://3dvf.com/en/studio/blackmeal/"
Bloody bird,França,No data was found,https://www.bloodybird.com/,nao,site-fora-do-ar,,nao aplicavel — site nao respondeu,"RE-TESTADO 08/09 com o protocolo de duas variacoes (com e sem www, com e sem barra final, https sempre, User-Agent de Chrome, e http como ultimo recurso): 3 enderecos tentados, nenhum respondeu. Tentativas: https://www.bloodybird.com/ HTTP 521 | https://bloodybird.com/ HTTP 521 | http://bloodybird.com/ HTTP 403 | ficha: https://3dvf.com/en/studio/bloody-bird/"
Blue Spirit Studios,França / Canadá,Angoulême Montréal Paris,https://www.spirit-prod.com/,sim,nao,https://www.spirit-prod.com/jobs/,NENHUM dos 17 termos,"MEDIDO 08/09: pagina de carreiras https://www.spirit-prod.com/jobs/ lida por curl (4137 caracteres de texto) e NENHUM titulo da disciplina (personagem, criatura, modelagem, textura, look dev, surfacing, grooming, visual development, generalista 3D, hard surface, props, ambiente, lideranca de arte 3D) aparece nela. | ficha: https://3dvf.com/en/studio/blue-spirit-studios/"
Blue vista,França,Champagne au Mont d'Or,https://www.bluevistaprod.com/studio-animation-3d-lyon/,nao,nao_encontrada,,nao aplicavel — quadro nao localizado,"MEDIDO 08/09: o site RESPONDE (https://www.bluevistaprod.com/studio-animation-3d-lyon/), mas nao achei pagina de carreiras. Varri os links da home, chutei 14 caminhos (/careers, /jobs, /join-us, /recrutement, /nous-rejoindre, /carrieres, /vacancies e afins) e li o sitemap.xml e o robots.txt; o sitemap nao tem URL de carreiras. Nenhuma devolveu quadro de vagas. | ficha: https://3dvf.com/en/studio/blue-vista/"
Blump Studio,França,Paris,https://www.blump.fr/,nao,nao_encontrada,,,"Pagina de carreiras lida (mailto:career@blump.fr): nenhum titulo da disciplina no HTML. Pode ser quadro carregado por JavaScript, que nao da para ler sem navegador. | ficha: https://3dvf.com/en/studio/blump-studio/"
Bobbypills,França,Paris,https://www.bobbypills.com/,nao,nao_encontrada,,nao aplicavel — quadro nao localizado,"MEDIDO 08/09: o site RESPONDE (https://www.bobbypills.com/), mas nao achei pagina de carreiras. Varri os links da home, chutei 14 caminhos (/careers, /jobs, /join-us, /recrutement, /nous-rejoindre, /carrieres, /vacancies e afins) e li o sitemap.xml e o robots.txt; o sitemap nao tem URL de carreiras. Nenhuma devolveu quadro de vagas. | ficha: https://3dvf.com/en/studio/bobbypills/"
BoldBrush,França,Montpellier,https://www.boldbrushvfx.com/,nao,nao_encontrada,,nao aplicavel — quadro nao localizado,"MEDIDO 08/09: o site RESPONDE (https://www.boldbrushvfx.com/), mas nao achei pagina de carreiras. Varri os links da home, chutei 14 caminhos (/careers, /jobs, /join-us, /recrutement, /nous-rejoindre, /carrieres, /vacancies e afins) e li o sitemap.xml e o robots.txt; o sitemap nao tem URL de carreiras. Nenhuma devolveu quadro de vagas. | ficha: https://3dvf.com/en/studio/bold-brush/"
Borderline Films,França,Angoulême,https://borderlinefilms.fr,nao,nao_encontrada,,nao aplicavel — quadro nao localizado,"MEDIDO 08/09: o site RESPONDE (https://borderlinefilms.fr/), mas nao achei pagina de carreiras. Varri os links da home, chutei 14 caminhos (/careers, /jobs, /join-us, /recrutement, /nous-rejoindre, /carrieres, /vacancies e afins) e li o sitemap.xml e o robots.txt; o sitemap nao tem URL de carreiras. Nenhuma devolveu quadro de vagas. | ficha: https://3dvf.com/en/studio/borderline-films/"
BR3DB,França,Chamalieres,https://www.br3db.com/,nao,nao_encontrada,,nao aplicavel — quadro nao localizado,"MEDIDO 08/09: o site RESPONDE (https://www.br3db.com/), mas nao achei pagina de carreiras. Varri os links da home, chutei 14 caminhos (/careers, /jobs, /join-us, /recrutement, /nous-rejoindre, /carrieres, /vacancies e afins) e li o sitemap.xml e o robots.txt; o sitemap nao tem URL de carreiras. Nenhuma devolveu quadro de vagas. | ficha: https://3dvf.com/en/studio/br3db/"
Brunch studio,França,Paris,https://www.brunchstudio.tv/,nao,nao_encontrada,,,"Pagina de carreiras lida (https://www.brunchstudio.tv/careers): nenhum titulo da disciplina no HTML. Pode ser quadro carregado por JavaScript, que nao da para ler sem navegador. | ficha: https://3dvf.com/en/studio/brunch-rgmtk6nb-paris/"
Buf,França,Paris,https://buf.com/,sim,precisa-de-navegador,https://buf.com/jobs,nao verificavel por curl,"MEDIDO 08/09: a pagina de carreiras responde HTTP 200 mas o corpo tem apenas 616 caracteres de texto depois de tirar script e style, ou seja o quadro monta em JavaScript e o curl nao le a lista. Nao registrei como sem vaga. PRECISA DE NAVEGADOR. | ficha: https://3dvf.com/en/studio/buf/"
Bullit Studio,França,No data was found,https://bullit-studio.fr/,nao,site-fora-do-ar,,nao aplicavel — site nao respondeu,"RE-TESTADO 08/09 com o protocolo de duas variacoes (com e sem www, com e sem barra final, https sempre, User-Agent de Chrome, e http como ultimo recurso): 3 enderecos tentados, nenhum respondeu. Tentativas: https://bullit-studio.fr/ ProxyError | https://www.bullit-studio.fr/ ProxyError | http://bullit-studio.fr/ ConnectionError | ficha: https://3dvf.com/en/studio/bullit-studio/"
Busterwood,França,Paris,https://busterwood.com,nao,precisa-de-navegador,https://busterwood.com/jobs/index.html,nao verificavel por curl,"MEDIDO 08/09: a pagina de carreiras responde HTTP 200 mas o corpo tem apenas 673 caracteres de texto depois de tirar script e style, ou seja o quadro monta em JavaScript e o curl nao le a lista. Nao registrei como sem vaga. PRECISA DE NAVEGADOR. | ficha: https://3dvf.com/en/studio/busterwood/"
Cadence Capture,França,Blanquefort,http://www.cadencecapture.com,nao,nao_encontrada,,nao aplicavel — quadro nao localizado,"MEDIDO 08/09: o site RESPONDE (https://www.cadencecapture.com/), mas nao achei pagina de carreiras. Varri os links da home, chutei 14 caminhos (/careers, /jobs, /join-us, /recrutement, /nous-rejoindre, /carrieres, /vacancies e afins) e li o sitemap.xml e o robots.txt; o sitemap nao tem URL de carreiras. Nenhuma devolveu quadro de vagas. | ficha: https://3dvf.com/en/studio/cadence-capture/"
Capsule Studio,França,Paris,https://capsule.studio/,nao,nao,https://career.capsule.studio/jobs,nao se aplica (sem vaga da disciplina),MEDIDO 08/09 pelo sitemap do Teamtailor: 1 vaga - Assistant de production. NENHUMA da disciplina. | ficha: https://3dvf.com/en/studio/capsule-studio/
Caribara Animation,França,Paris,https://caribara-animation.com/,nao,nao,https://www.caribara-animation.com/contact/,NENHUM dos 17 termos,"MEDIDO 08/09: pagina de carreiras https://www.caribara-animation.com/contact/ lida por curl (6687 caracteres de texto) e NENHUM titulo da disciplina (personagem, criatura, modelagem, textura, look dev, surfacing, grooming, visual development, generalista 3D, hard surface, props, ambiente, lideranca de arte 3D) aparece nela. | ficha: https://3dvf.com/en/studio/caribara-animation/"
Carre Prod,França,Paris,,nao,site-fora-do-ar,,nao aplicavel — site nao respondeu,"RE-TESTADO 08/09: a ficha do 3DVF nao publica site. Tentei os dominios mais provaveis (https://carreprod.com/, https://www.carre-prod.com/) com https e User-Agent de Chrome e nenhum respondeu. Sem porta para testar. | ficha: https://3dvf.com/en/studio/carre-prod/"
CGEV,França,Paris,https://www.cgev.fr/,nao,nao_encontrada,,,"Pagina de carreiras lida (https://www.cgev.fr/jobs): nenhum titulo da disciplina no HTML. Pode ser quadro carregado por JavaScript, que nao da para ler sem navegador. | ficha: https://3dvf.com/en/studio/cgev/"
CGS,França,,,nao,nao_encontrada,https://cgs.fr/en-us,nao aplicavel — quadro nao localizado,"MEDIDO 08/09: a ficha do 3DVF nao publica site, mas o dominio https://cgs.fr/en-us responde HTTP 200 (titulo: """"). Nao foi varrido em busca de quadro de vagas nesta rodada. | ficha: https://3dvf.com/en/studio/cgs/"
Chouette Compagnie,França,Montreuil,https://www.chouetteco.com/,nao,precisa-de-navegador,https://www.chouetteco.com/jobs,nao verificavel por curl,"MEDIDO 08/09: a pagina de carreiras responde HTTP 200 mas o corpo tem apenas 409 caracteres de texto depois de tirar script e style, ou seja o quadro monta em JavaScript e o curl nao le a lista. Nao registrei como sem vaga. PRECISA DE NAVEGADOR. | ficha: https://3dvf.com/en/studio/chouette-compagnie/"
Circus,França,Avignon Paris,https://circus.fr/,sim,nao,https://circus.fr/jobs/,NENHUM dos 17 termos,"MEDIDO 08/09: pagina de carreiras https://circus.fr/jobs/ lida por curl (34881 caracteres de texto) e NENHUM titulo da disciplina (personagem, criatura, modelagem, textura, look dev, surfacing, grooming, visual development, generalista 3D, hard surface, props, ambiente, lideranca de arte 3D) aparece nela. | ficha: https://3dvf.com/en/studio/circus/"
Clutch Frame,França,Montry,https://clutch-frame.com/,nao,precisa-de-navegador,https://clutch-frame.com/jobs/,nao verificavel por curl,"MEDIDO 08/09: a pagina de carreiras responde HTTP 200 mas o corpo tem apenas 1037 caracteres de texto depois de tirar script e style, ou seja o quadro monta em JavaScript e o curl nao le a lista. Nao registrei como sem vaga. PRECISA DE NAVEGADOR. | ficha: https://3dvf.com/en/studio/clutch-frame/"
Corsaire VFX,França,Montpellier,,nao,site-fora-do-ar,,nao aplicavel — site nao respondeu,"RE-TESTADO 08/09: a ficha do 3DVF nao publica site. Tentei os dominios mais provaveis (https://corsairevfx.com/, https://www.corsaire-vfx.fr/) com https e User-Agent de Chrome e nenhum respondeu. Sem porta para testar. | ficha: https://3dvf.com/en/studio/corsaire-vfx/"
Cosmo Av,França,Ivry-sur-Seine,https://www.cosmoav.com/,nao,nao_encontrada,,nao aplicavel — quadro nao localizado,"MEDIDO 08/09: o site RESPONDE (https://www.cosmoav.com/), mas nao achei pagina de carreiras. Varri os links da home, chutei 14 caminhos (/careers, /jobs, /join-us, /recrutement, /nous-rejoindre, /carrieres, /vacancies e afins) e li o sitemap.xml e o robots.txt; o sitemap nao tem URL de carreiras. Nenhuma devolveu quadro de vagas. | ficha: https://3dvf.com/en/studio/cosmo-av/"
Cousin Bizarre,França,Paris,https://cousinbizarre.com/,nao,nao,https://cousinbizarre.com,NENHUM dos 17 termos,"MEDIDO 08/09: pagina de carreiras https://cousinbizarre.com lida por curl (39947 caracteres de texto) e NENHUM titulo da disciplina (personagem, criatura, modelagem, textura, look dev, surfacing, grooming, visual development, generalista 3D, hard surface, props, ambiente, lideranca de arte 3D) aparece nela. | ficha: https://3dvf.com/en/studio/cousin-bizarre/"
Crabs Studio,França,Juvignac,https://www.crabs-studio.com/,nao,nao_encontrada,,nao aplicavel — quadro nao localizado,"MEDIDO 08/09: o site RESPONDE (https://www.crabs-studio.com/), mas nao achei pagina de carreiras. Varri os links da home, chutei 14 caminhos (/careers, /jobs, /join-us, /recrutement, /nous-rejoindre, /carrieres, /vacancies e afins) e li o sitemap.xml e o robots.txt; o sitemap nao tem URL de carreiras. Nenhuma devolveu quadro de vagas. | ficha: https://3dvf.com/en/studio/crabs-studio/"
Creasynth,França,Saint-Nazaire,https://creasynth.com/,nao,site-fora-do-ar,,nao aplicavel — site nao respondeu,"RE-TESTADO 08/09 com o protocolo de duas variacoes (com e sem www, com e sem barra final, https sempre, User-Agent de Chrome, e http como ultimo recurso): 3 enderecos tentados, nenhum respondeu. Tentativas: https://creasynth.com/ ProxyError | https://www.creasynth.com/ ProxyError | http://creasynth.com/ ConnectionError | ficha: https://3dvf.com/en/studio/creasynth/"
Cube,França,Levallois Perret,https://www.cube-creative.com/,sim,site-fora-do-ar,,nao aplicavel — site nao respondeu,"RE-TESTADO 08/09 com o protocolo de duas variacoes (com e sem www, com e sem barra final, https sempre, User-Agent de Chrome, e http como ultimo recurso): 3 enderecos tentados, nenhum respondeu. Tentativas: https://www.cube-creative.com/ ProxyError | https://cube-creative.com/ ProxyError | http://cube-creative.com/ ConnectionError | ficha: https://3dvf.com/en/studio/cube/"
Cyanide Studio,França,Nanterre,https://www.cyanide-studio.com/accueil,nao,nao,https://taleez.com/apply/sp/cyanide,nao se aplica (so candidatura espontanea),"MEDIDO 08/09: o quadro da Cyanide Studio e Taleez e a rota publica taleez.com/apply/sp/cyanide traz apenas ""Envoyez votre candidature spontanee chez CYANIDE"". Sem vaga datada da disciplina. | ficha: https://3dvf.com/en/studio/cyanide-studio/"
Cyber Group Studios,França,Paris,https://www.cybergroupstudios.com/,sim,site-fora-do-ar,,nao aplicavel — site nao respondeu,"RE-TESTADO 08/09 com o protocolo de duas variacoes (com e sem www, com e sem barra final, https sempre, User-Agent de Chrome, e http como ultimo recurso): 3 enderecos tentados, nenhum respondeu. Tentativas: https://www.cybergroupstudios.com/ SSLError | https://cybergroupstudios.com/ SSLError | http://cybergroupstudios.com/ HTTP 403 | ficha: https://3dvf.com/en/studio/cyber-group-studios/"
Dada ! Animation,França,Paris,https://www.dada-animation.com,nao,nao_encontrada,,,"Pagina de carreiras lida (https://www.dada-animation.com/jobs/): nenhum titulo da disciplina no HTML. Pode ser quadro carregado por JavaScript, que nao da para ler sem navegador. | ficha: https://3dvf.com/en/studio/dada-animation/"
Darewise,França,Paris,https://www.darewise.com/,nao,site-fora-do-ar,,nao aplicavel — site nao respondeu,"RE-TESTADO 08/09 com o protocolo de duas variacoes (com e sem www, com e sem barra final, https sempre, User-Agent de Chrome, e http como ultimo recurso): 3 enderecos tentados, nenhum respondeu. Tentativas: https://www.darewise.com/ ConnectionError | https://darewise.com/ ReadTimeout | http://darewise.com/ HTTP 403 | ficha: https://3dvf.com/en/studio/darewise/"
Dark Matters,França,Tigery,https://www.darkmatters.one/,nao,nao,https://darkmatters.one/,NENHUM dos 17 termos,"MEDIDO 08/09: pagina de carreiras https://darkmatters.one/ lida por curl (58623 caracteres de texto) e NENHUM titulo da disciplina (personagem, criatura, modelagem, textura, look dev, surfacing, grooming, visual development, generalista 3D, hard surface, props, ambiente, lideranca de arte 3D) aparece nela. | ficha: https://3dvf.com/en/studio/dark-matters/"
Derrière Les Pixels,França,NICE,https://www.derrierelespixels.com/,nao,nao_encontrada,,nao aplicavel — quadro nao localizado,"MEDIDO 08/09: o site RESPONDE (https://www.derrierelespixels.com/), mas nao achei pagina de carreiras. Varri os links da home, chutei 14 caminhos (/careers, /jobs, /join-us, /recrutement, /nous-rejoindre, /carrieres, /vacancies e afins) e li o sitemap.xml e o robots.txt; o sitemap nao tem URL de carreiras. Nenhuma devolveu quadro de vagas. | ficha: https://3dvf.com/en/studio/derriere-les-pixels/"
Digiblur Studio,França,Toulouse,https://digiblur-studio.com/,nao,nao_encontrada,,nao aplicavel — quadro nao localizado,"MEDIDO 08/09: o site RESPONDE (https://www.digiblur-studio.com/), mas nao achei pagina de carreiras. Varri os links da home, chutei 14 caminhos (/careers, /jobs, /join-us, /recrutement, /nous-rejoindre, /carrieres, /vacancies e afins) e li o sitemap.xml e o robots.txt; o sitemap nao tem URL de carreiras. Nenhuma devolveu quadro de vagas. Tentados: https://www.digiblur-studio.com/about/careers, https://www.digiblur-studio.com/career, https://www.digiblur-studio.com/careers, https://www.digiblur-studio.com/careers/, https://www.digiblur-studio.com/carrieres, https://www.digiblur-studio.com/company/careers. | ficha: https://3dvf.com/en/studio/digiblur-studio/"
Digital Banana,França,Paris,https://www.digitalbananastudio.com/,nao,nao_encontrada,,nao aplicavel — quadro nao localizado,"MEDIDO 08/09: o site RESPONDE (https://www.digitalbananastudio.com/), mas nao achei pagina de carreiras. Varri os links da home, chutei 14 caminhos (/careers, /jobs, /join-us, /recrutement, /nous-rejoindre, /carrieres, /vacancies e afins) e li o sitemap.xml e o robots.txt; o sitemap nao tem URL de carreiras. Nenhuma devolveu quadro de vagas. | ficha: https://3dvf.com/en/studio/digital-banana/"
Digiteyes,França,Saint Ouen,https://digiteyes.fr/,nao,nao_encontrada,,nao aplicavel — quadro nao localizado,"MEDIDO 08/09: o site RESPONDE (https://digiteyes.fr/), mas nao achei pagina de carreiras. Varri os links da home, chutei 14 caminhos (/careers, /jobs, /join-us, /recrutement, /nous-rejoindre, /carrieres, /vacancies e afins) e li o sitemap.xml e o robots.txt; o sitemap nao tem URL de carreiras. Nenhuma devolveu quadro de vagas. | ficha: https://3dvf.com/en/studio/digiteyes/"
Dlp Paris,França,Paris,https://dlpparis.com/,nao,nao_encontrada,,nao aplicavel — quadro nao localizado,"MEDIDO 08/09: o site RESPONDE (https://dlpparis.com/), mas nao achei pagina de carreiras. Varri os links da home, chutei 14 caminhos (/careers, /jobs, /join-us, /recrutement, /nous-rejoindre, /carrieres, /vacancies e afins) e li o sitemap.xml e o robots.txt; o sitemap nao tem URL de carreiras. Nenhuma devolveu quadro de vagas. | ficha: https://3dvf.com/en/studio/dlp-paris/"
Don&rsquo;t Nod,França,Paris Don't Nod,https://dont-nod.com/,nao,nao,,nao se aplica (sem vaga da disciplina),"MEDIDO 08/09 pela API publica do ATS (smartrecruiters:DONTNOD, smartrecruiters:external-referrals, smartrecruiters:oneclick-ui): quadro devolveu 3 vaga(s) e NENHUMA e da disciplina (personagem, modelagem, textura, material, lookdev, surfacing, groom, sculpt, visual development). Afirmacao medida, nao presumida. | ficha: https://3dvf.com/en/studio/dont-nod/"
Dontnod Entertainment,França,Paris,https://dont-nod.com/,nao,nao,,nao se aplica (sem vaga da disciplina),"MEDIDO 08/09 pela API publica do ATS (smartrecruiters:DONTNOD, smartrecruiters:external-referrals, smartrecruiters:oneclick-ui): quadro devolveu 3 vaga(s) e NENHUMA e da disciplina (personagem, modelagem, textura, material, lookdev, surfacing, groom, sculpt, visual development). Afirmacao medida, nao presumida. | ficha: https://3dvf.com/en/studio/dontnod-entertainment/"
Drama Studios,França,Rennes,https://studiosdrama.com/,nao,site-fora-do-ar,,nao aplicavel — site nao respondeu,"RE-TESTADO 08/09 com o protocolo de duas variacoes (com e sem www, com e sem barra final, https sempre, User-Agent de Chrome, e http como ultimo recurso): 3 enderecos tentados, nenhum respondeu. Tentativas: https://studiosdrama.com/ HTTP 403 | https://www.studiosdrama.com/ HTTP 403 | http://studiosdrama.com/ HTTP 403 | ficha: https://3dvf.com/en/studio/drama-studios/"
Duck Factory,França,Issy-Les-Moulineaux,https://www.dkft.fr/,nao,nao_encontrada,,nao aplicavel — quadro nao localizado,"MEDIDO 08/09: o site RESPONDE (https://www.dkft.fr/), mas nao achei pagina de carreiras. Varri os links da home, chutei 14 caminhos (/careers, /jobs, /join-us, /recrutement, /nous-rejoindre, /carrieres, /vacancies e afins) e li o sitemap.xml e o robots.txt; o sitemap nao tem URL de carreiras. Nenhuma devolveu quadro de vagas. | ficha: https://3dvf.com/en/studio/duck-factory/"
Dwarf Animation Studio,França,PEROLS,https://www.dwarfanimation.com/,sim,precisa-de-navegador,https://www.dwarfanimation.com/careers,nao verificavel por curl,"MEDIDO 08/09: a pagina de carreiras responde HTTP 200 mas o corpo tem apenas 901 caracteres de texto depois de tirar script e style, ou seja o quadro monta em JavaScript e o curl nao le a lista. Nao registrei como sem vaga. PRECISA DE NAVEGADOR. | ficha: https://3dvf.com/en/studio/dwarf-animation-perols/"
Eddy,França,Paris,https://www.eddy.tv/,nao,nao_encontrada,,nao aplicavel — quadro nao localizado,"MEDIDO 08/09: o site RESPONDE (https://www.eddy.tv/), mas nao achei pagina de carreiras. Varri os links da home, chutei 14 caminhos (/careers, /jobs, /join-us, /recrutement, /nous-rejoindre, /carrieres, /vacancies e afins) e li o sitemap.xml e o robots.txt; o sitemap nao tem URL de carreiras. Nenhuma devolveu quadro de vagas. | ficha: https://3dvf.com/en/studio/eddy/"
Effigy 3D,França,Paris,https://effigy-3d.com/,nao,nao_encontrada,,nao aplicavel — quadro nao localizado,"MEDIDO 08/09: o site RESPONDE (https://effigy-3d.com/), mas nao achei pagina de carreiras. Varri os links da home, chutei 14 caminhos (/careers, /jobs, /join-us, /recrutement, /nous-rejoindre, /carrieres, /vacancies e afins) e li o sitemap.xml e o robots.txt; o sitemap nao tem URL de carreiras. Nenhuma devolveu quadro de vagas. | ficha: https://3dvf.com/en/studio/effigy-3d/"
EISKO,França,Paris,https://www.eisko.com/,sim,precisa-de-navegador,https://eisko.com/careers/,nao verificavel por curl,"MEDIDO 08/09: a pagina de carreiras responde HTTP 200 mas o corpo tem apenas 680 caracteres de texto depois de tirar script e style, ou seja o quadro monta em JavaScript e o curl nao le a lista. Nao registrei como sem vaga. PRECISA DE NAVEGADOR. | ficha: https://3dvf.com/en/studio/eisko/"
EJT-Labo I Promenons-nous dans les bois,França,Saint-Quirin,https://ejt-labo.com/,nao,nao_encontrada,,nao aplicavel — quadro nao localizado,"MEDIDO 08/09: o site RESPONDE (https://www.ejt-labo.com/), mas nao achei pagina de carreiras. Varri os links da home, chutei 14 caminhos (/careers, /jobs, /join-us, /recrutement, /nous-rejoindre, /carrieres, /vacancies e afins) e li o sitemap.xml e o robots.txt; o sitemap nao tem URL de carreiras. Nenhuma devolveu quadro de vagas. | ficha: https://3dvf.com/en/studio/ejt-labo-i-promenons-nous-dans-les-bois/"
Ellipse Studio Angoulême,França,Angoulême,https://www.dargaudmedia.com/fr/index.html,nao,site-fora-do-ar,,nao aplicavel — site nao respondeu,"RE-TESTADO 08/09 com o protocolo de duas variacoes (com e sem www, com e sem barra final, https sempre, User-Agent de Chrome, e http como ultimo recurso): 5 enderecos tentados, nenhum respondeu. Tentativas: https://www.dargaudmedia.com/fr/index.html SSLError | https://www.dargaudmedia.com/fr/index.html/ SSLError | https://dargaudmedia.com/fr/index.html SSLError | https://dargaudmedia.com/fr/index.html/ SSLError | http://dargaudmedia.com/fr/index.html HTTP 403 | ficha: https://3dvf.com/en/studio/dargaud-media-ellipse-studio/"
Ellipse Studio Paris,França,Paris,https://www.dargaudmedia.com/fr/index.html,nao,site-fora-do-ar,,nao aplicavel — site nao respondeu,"RE-TESTADO 08/09 com o protocolo de duas variacoes (com e sem www, com e sem barra final, https sempre, User-Agent de Chrome, e http como ultimo recurso): 5 enderecos tentados, nenhum respondeu. Tentativas: https://www.dargaudmedia.com/fr/index.html SSLError | https://www.dargaudmedia.com/fr/index.html/ SSLError | https://dargaudmedia.com/fr/index.html SSLError | https://dargaudmedia.com/fr/index.html/ SSLError | http://dargaudmedia.com/fr/index.html HTTP 403 | ficha: https://3dvf.com/en/studio/ellipse-studio/"
Epicure Studio,França,Croissy sur seine,https://www.epicure.fr/,nao,nao_encontrada,,,"Pagina de carreiras lida (https://epicure.fr/recrutement/): nenhum titulo da disciplina no HTML. Pode ser quadro carregado por JavaScript, que nao da para ler sem navegador. | ficha: https://3dvf.com/en/studio/epicure-studio/"
Ex Persona,França,Strasbourg,https://ex-persona.com/,nao,precisa-de-navegador,https://ex-persona.com/the-studio/jobs/,nao verificavel por curl,"MEDIDO 08/09: a pagina de carreiras responde HTTP 200 mas o corpo tem apenas 675 caracteres de texto depois de tirar script e style, ou seja o quadro monta em JavaScript e o curl nao le a lista. Nao registrei como sem vaga. PRECISA DE NAVEGADOR. | ficha: https://3dvf.com/en/studio/ex-persona/"
Factory,França,"Altrincham, Cheshire",https://www.factorycreate.com/,nao,site-fora-do-ar,,nao aplicavel — site nao respondeu,"RE-TESTADO 08/09 com o protocolo de duas variacoes (com e sem www, com e sem barra final, https sempre, User-Agent de Chrome, e http como ultimo recurso): 3 enderecos tentados, nenhum respondeu. Tentativas: https://www.factorycreate.com/ ConnectionError | https://factorycreate.com/ ReadTimeout | http://factorycreate.com/ HTTP 403 | ficha: https://3dvf.com/en/studio/factory/"
FAKE IT STUDIO,França,Pérenchies,https://www.fakeit.studio/,nao,nao_encontrada,,nao aplicavel — quadro nao localizado,"MEDIDO 08/09: o site RESPONDE (https://www.fakeit.studio/), mas nao achei pagina de carreiras. Varri os links da home, chutei 14 caminhos (/careers, /jobs, /join-us, /recrutement, /nous-rejoindre, /carrieres, /vacancies e afins) e li o sitemap.xml e o robots.txt; o sitemap nao tem URL de carreiras. Nenhuma devolveu quadro de vagas. | ficha: https://3dvf.com/en/studio/fake-it-studio/"
Firm Studio,França,Paris,https://www.firm-studio.fr/,nao,nao_encontrada,,nao aplicavel — quadro nao localizado,"MEDIDO 08/09: o site RESPONDE (https://firm-studio.fr/), mas nao achei pagina de carreiras. Varri os links da home, chutei 14 caminhos (/careers, /jobs, /join-us, /recrutement, /nous-rejoindre, /carrieres, /vacancies e afins) e li o sitemap.xml e o robots.txt; o sitemap nao tem URL de carreiras. Nenhuma devolveu quadro de vagas. | ficha: https://3dvf.com/en/studio/firm-studio/"
Focus Home Interactive,França,Paris,https://www.focus-home.com/en-us,nao,nao,,nao se aplica (sem vaga da disciplina),"MEDIDO 08/09 pela API publica do ATS (recruitee:focushomeinteractive, recruitee:focusentertainment, recruitee:careers-analytics, jobsatteamtailor:recruiteecdn): quadro devolveu 12 vaga(s) e NENHUMA e da disciplina (personagem, modelagem, textura, material, lookdev, surfacing, groom, sculpt, visual development). Afirmacao medida, nao presumida. | ficha: https://3dvf.com/en/studio/focus-home-interactive/"
Fokys Studio,França,Clisson,,nao,site-fora-do-ar,,nao aplicavel — site nao respondeu,"RE-TESTADO 08/09: a ficha do 3DVF nao publica site. Tentei os dominios mais provaveis (https://fokys.fr/, https://www.fokysstudio.com/) com https e User-Agent de Chrome e nenhum respondeu. Sem porta para testar. | ficha: https://3dvf.com/en/studio/fokys-studio/"
Foliascope,França,Beaumont-Lès-Valence,https://www.foliascope.fr/,nao,precisa-de-navegador,https://www.foliascope.fr/en/job-offers/,nao verificavel por curl,"MEDIDO 08/09: a pagina de carreiras responde HTTP 200 mas o corpo tem apenas 1548 caracteres de texto depois de tirar script e style, ou seja o quadro monta em JavaScript e o curl nao le a lista. Nao registrei como sem vaga. PRECISA DE NAVEGADOR. | ficha: https://3dvf.com/en/studio/foliascope/"
Folimage,França,Valence,https://www.folimage.fr/en/,nao,nao_encontrada,,nao aplicavel — quadro nao localizado,"MEDIDO 08/09: o site RESPONDE (https://www.folimage.fr/en/), mas nao achei pagina de carreiras. Varri os links da home, chutei 14 caminhos (/careers, /jobs, /join-us, /recrutement, /nous-rejoindre, /carrieres, /vacancies e afins) e li o sitemap.xml e o robots.txt; o sitemap nao tem URL de carreiras. Nenhuma devolveu quadro de vagas. | ficha: https://3dvf.com/en/studio/folimage/"
Fost,França,Angoulême Paris Paris Fost Paris,https://fost.studio,nao,precisa-de-navegador,https://fost.studio/jobs/,nao verificavel por curl,"MEDIDO 08/09: a pagina de carreiras responde HTTP 200 mas o corpo tem apenas 1043 caracteres de texto depois de tirar script e style, ou seja o quadro monta em JavaScript e o curl nao le a lista. Nao registrei como sem vaga. PRECISA DE NAVEGADOR. | ficha: https://3dvf.com/en/studio/fost-paris/"
FULLSCREEN,França,Paris,https://www.fullscreen.fr,nao,nao_encontrada,,nao aplicavel — quadro nao localizado,"MEDIDO 08/09: o site RESPONDE (https://fullscreen.fr/), mas nao achei pagina de carreiras. Varri os links da home, chutei 14 caminhos (/careers, /jobs, /join-us, /recrutement, /nous-rejoindre, /carrieres, /vacancies e afins) e li o sitemap.xml e o robots.txt; o sitemap nao tem URL de carreiras. Nenhuma devolveu quadro de vagas. | ficha: https://3dvf.com/en/studio/fullscreen/"
Fygostudio,França,Bordeaux,https://fygostudio.com,nao,nao,https://fygostudio.com/contact/,NENHUM dos 17 termos,"MEDIDO 08/09: pagina de carreiras https://fygostudio.com/contact/ lida por curl (4639 caracteres de texto) e NENHUM titulo da disciplina (personagem, criatura, modelagem, textura, look dev, surfacing, grooming, visual development, generalista 3D, hard surface, props, ambiente, lideranca de arte 3D) aparece nela. | ficha: https://3dvf.com/en/studio/fygostudio/"
Gabi Production,França,Angoulême,https://www.magelis.org/annuaire-entreprises/91907/gabi-production/,nao,site-fora-do-ar,,nao aplicavel — site nao respondeu,"RE-TESTADO 08/09 com o protocolo de duas variacoes (com e sem www, com e sem barra final, https sempre, User-Agent de Chrome, e http como ultimo recurso): 5 enderecos tentados, nenhum respondeu. Tentativas: https://www.magelis.org/annuaire-entreprises/91907/gabi-production/ HTTP 404 | https://www.magelis.org/annuaire-entreprises/91907/gabi-production HTTP 404 | https://magelis.org/annuaire-entreprises/91907/gabi-production/ HTTP 404 | https://magelis.org/annuaire-entreprises/91907/gabi-production HTTP 404 | http://magelis.org/annuaire-entreprises/91907/gabi-production/ HTTP 403 | ficha: https://3dvf.com/en/studio/gabi-production/"
Game Atelier,França,Paris,https://www.game-atelier.com/,nao,precisa-de-navegador,https://www.game-atelier.com/careers,nao verificavel por curl,"MEDIDO 08/09: a pagina de carreiras responde HTTP 200 mas o corpo tem apenas 1390 caracteres de texto depois de tirar script e style, ou seja o quadro monta em JavaScript e o curl nao le a lista. Nao registrei como sem vaga. PRECISA DE NAVEGADOR. | ficha: https://3dvf.com/en/studio/game-xlg2tqou-paris/"
Gameloft,França,Paris,,sim,nao_encontrada,https://www.gameloft.com/,nao aplicavel — quadro nao localizado,"MEDIDO 08/09: a ficha do 3DVF nao publica site, mas o dominio https://www.gameloft.com/ responde HTTP 200 (titulo: ""Gameloft Official: We create gaming experiences""). Nao foi varrido em busca de quadro de vagas nesta rodada. | ficha: https://3dvf.com/en/studio/gameloft/"
Gao Shan Pictures,França,Saint Gilles les bains - La Réunion,https://www.gaoshanpictures.com/,nao,precisa-de-navegador,https://www.gaoshanpictures.com/recrutement,nao verificavel por curl,"MEDIDO 08/09: a pagina de carreiras responde HTTP 200 mas o corpo tem apenas 223 caracteres de texto depois de tirar script e style, ou seja o quadro monta em JavaScript e o curl nao le a lista. Nao registrei como sem vaga. PRECISA DE NAVEGADOR. | ficha: https://3dvf.com/en/studio/gao-shan-pictures/"
Garuda VFX,França,Rennes,https://www.garudavfx.com/,nao,nao_encontrada,,nao aplicavel — quadro nao localizado,"MEDIDO 08/09: o site RESPONDE (https://www.garudavfx.com/), mas nao achei pagina de carreiras. Varri os links da home, chutei 14 caminhos (/careers, /jobs, /join-us, /recrutement, /nous-rejoindre, /carrieres, /vacancies e afins) e li o sitemap.xml e o robots.txt; o sitemap nao tem URL de carreiras. Nenhuma devolveu quadro de vagas. | ficha: https://3dvf.com/en/studio/garuda-vfx/"
Gaumont Animation,França,Neuilly-sur-Seine,https://www.gaumont.us/,nao,site-fora-do-ar,,nao aplicavel — site nao respondeu,"RE-TESTADO 08/09 com o protocolo de duas variacoes (com e sem www, com e sem barra final, https sempre, User-Agent de Chrome, e http como ultimo recurso): 3 enderecos tentados, nenhum respondeu. Tentativas: https://www.gaumont.us/ SSLError | https://gaumont.us/ SSLError | http://gaumont.us/ HTTP 403 | ficha: https://3dvf.com/en/studio/gaumont-animation/"
Goblinz Studio,França,Yutz,https://goblinzstudio.com/,nao,nao_encontrada,,nao aplicavel — quadro nao localizado,"MEDIDO 08/09: o site RESPONDE (https://goblinzstudio.com/), mas nao achei pagina de carreiras. Varri os links da home, chutei 14 caminhos (/careers, /jobs, /join-us, /recrutement, /nous-rejoindre, /carrieres, /vacancies e afins) e li o sitemap.xml e o robots.txt; o sitemap nao tem URL de carreiras. Nenhuma devolveu quadro de vagas. | ficha: https://3dvf.com/en/studio/goblinz-studio/"
Golaem,França,Chantepie,https://golaem.com/,nao,site-fora-do-ar,,nao aplicavel — site nao respondeu,"RE-TESTADO 08/09 com o protocolo de duas variacoes (com e sem www, com e sem barra final, https sempre, User-Agent de Chrome, e http como ultimo recurso): 3 enderecos tentados, nenhum respondeu. Tentativas: https://golaem.com/ HTTP 403 | https://www.golaem.com/ HTTP 403 | http://golaem.com/ HTTP 403 | ficha: https://3dvf.com/en/studio/golaem/"
Golem Images,França,Marseille,https://www.golem-images.com/,nao,nao_encontrada,,nao aplicavel — quadro nao localizado,"MEDIDO 08/09: o site RESPONDE (https://golem-images.com/), mas nao achei pagina de carreiras. Varri os links da home, chutei 14 caminhos (/careers, /jobs, /join-us, /recrutement, /nous-rejoindre, /carrieres, /vacancies e afins) e li o sitemap.xml e o robots.txt; o sitemap nao tem URL de carreiras. Nenhuma devolveu quadro de vagas. | ficha: https://3dvf.com/en/studio/golem-images/"
Golem-Studio,França,Toulouse,https://golem-studio.com/,nao,nao,https://golem-studios.com/careers,NENHUM dos 17 termos,"MEDIDO 08/09: pagina de carreiras https://golem-studios.com/careers lida por curl (1936 caracteres de texto) e NENHUM titulo da disciplina (personagem, criatura, modelagem, textura, look dev, surfacing, grooming, visual development, generalista 3D, hard surface, props, ambiente, lideranca de arte 3D) aparece nela. | ficha: https://3dvf.com/en/studio/golem-studio/"
Greebl Studio,França,Paris,http://greebl.studio,nao,nao_encontrada,,nao aplicavel — quadro nao localizado,"MEDIDO 08/09: o site RESPONDE (https://www.greebl.studio/), mas nao achei pagina de carreiras. Varri os links da home, chutei 14 caminhos (/careers, /jobs, /join-us, /recrutement, /nous-rejoindre, /carrieres, /vacancies e afins) e li o sitemap.xml e o robots.txt; o sitemap nao tem URL de carreiras. Nenhuma devolveu quadro de vagas. | ficha: https://3dvf.com/en/studio/greebl-studio/"
Handidoo Films,França,Angoulême,https://oliviervinuesa.wixsite.com/handidoo-films,nao,nao_encontrada,,nao aplicavel — quadro nao localizado,"MEDIDO 08/09: o site RESPONDE (https://oliviervinuesa.wixsite.com/handidoo-films), mas nao achei pagina de carreiras. Varri os links da home, chutei 14 caminhos (/careers, /jobs, /join-us, /recrutement, /nous-rejoindre, /carrieres, /vacancies e afins) e li o sitemap.xml e o robots.txt; o sitemap nao tem URL de carreiras. Nenhuma devolveu quadro de vagas. | ficha: https://3dvf.com/en/studio/handidoo-films/"
Happy Flamingos,França,Paris,https://happyflamingos.com/,nao,nao_encontrada,,nao aplicavel — quadro nao localizado,"MEDIDO 08/09: o site RESPONDE (https://happyflamingos.com/), mas nao achei pagina de carreiras. Varri os links da home, chutei 14 caminhos (/careers, /jobs, /join-us, /recrutement, /nous-rejoindre, /carrieres, /vacancies e afins) e li o sitemap.xml e o robots.txt; o sitemap nao tem URL de carreiras. Nenhuma devolveu quadro de vagas. | ficha: https://3dvf.com/en/studio/happy-flamingos/"
Hercules,França,Puteaux,https://www.hrcls.tv/,nao,nao_encontrada,,nao aplicavel — quadro nao localizado,"MEDIDO 08/09: o site RESPONDE (https://www.proseonpixels.com/), mas nao achei pagina de carreiras. Varri os links da home, chutei 14 caminhos (/careers, /jobs, /join-us, /recrutement, /nous-rejoindre, /carrieres, /vacancies e afins) e li o sitemap.xml e o robots.txt; o sitemap nao tem URL de carreiras. Nenhuma devolveu quadro de vagas. | ficha: https://3dvf.com/en/studio/hercules/"
HILO3D,França,BORDEAUX,https://hilo3d.com,nao,site-fora-do-ar,,nao aplicavel — site nao respondeu,"RE-TESTADO 08/09 com o protocolo de duas variacoes (com e sem www, com e sem barra final, https sempre, User-Agent de Chrome, e http como ultimo recurso): 3 enderecos tentados, nenhum respondeu. Tentativas: https://hilo3d.com/ ProxyError | https://www.hilo3d.com/ ProxyError | http://hilo3d.com/ ConnectionError | ficha: https://3dvf.com/en/studio/hilo3d-r5thgkkz-bordeaux/"
Hocus Pocus,França,Lyon,https://hocuspocus-studio.fr/en,sim,nao_encontrada,,nao aplicavel — quadro nao localizado,"MEDIDO 08/09: o site RESPONDE (https://hocuspocus-studio.fr/en/), mas nao achei pagina de carreiras. Varri os links da home, chutei 14 caminhos (/careers, /jobs, /join-us, /recrutement, /nous-rejoindre, /carrieres, /vacancies e afins) e li o sitemap.xml e o robots.txt; o sitemap nao tem URL de carreiras. Nenhuma devolveu quadro de vagas. | ficha: https://3dvf.com/en/studio/hocus-pocus/"
Hora concept,França,Mimizan,https://horaconcept.fr/,nao,site-fora-do-ar,,nao aplicavel — site nao respondeu,"RE-TESTADO 08/09 com o protocolo de duas variacoes (com e sem www, com e sem barra final, https sempre, User-Agent de Chrome, e http como ultimo recurso): 3 enderecos tentados, nenhum respondeu. Tentativas: https://horaconcept.fr/ ProxyError | https://www.horaconcept.fr/ ProxyError | http://horaconcept.fr/ ConnectionError | ficha: https://3dvf.com/en/studio/hora-concept/"
I-REEL,França,Bagnolet,https://www.i-reel.fr/,nao,nao_encontrada,,nao aplicavel — quadro nao localizado,"MEDIDO 08/09: o site RESPONDE (https://www.i-reel.fr/), mas nao achei pagina de carreiras. Varri os links da home, chutei 14 caminhos (/careers, /jobs, /join-us, /recrutement, /nous-rejoindre, /carrieres, /vacancies e afins) e li o sitemap.xml e o robots.txt; o sitemap nao tem URL de carreiras. Nenhuma devolveu quadro de vagas. | ficha: https://3dvf.com/en/studio/i-reel/"
Iconic,França,Clichy,https://iconic.paris/,nao,nao_encontrada,,nao aplicavel — quadro nao localizado,"MEDIDO 08/09: o site RESPONDE (https://iconic.paris/), mas nao achei pagina de carreiras. Varri os links da home, chutei 14 caminhos (/careers, /jobs, /join-us, /recrutement, /nous-rejoindre, /carrieres, /vacancies e afins) e li o sitemap.xml e o robots.txt; o sitemap nao tem URL de carreiras. Nenhuma devolveu quadro de vagas. | ficha: https://3dvf.com/en/studio/iconic/"
IIW Studio,França,Paris,https://www.iiwstudio.fr/,nao,nao_encontrada,,nao aplicavel — quadro nao localizado,"MEDIDO 08/09: o site RESPONDE (https://www.duskvfx.fr/), mas nao achei pagina de carreiras. Varri os links da home, chutei 14 caminhos (/careers, /jobs, /join-us, /recrutement, /nous-rejoindre, /carrieres, /vacancies e afins) e li o sitemap.xml e o robots.txt; o sitemap nao tem URL de carreiras. Nenhuma devolveu quadro de vagas. | ficha: https://3dvf.com/en/studio/iiw-studio/"
Illogic Studios,França,Montpellier,https://www.illogicstudios.com/,sim,nao,https://www.illogicstudios.com/jobs,NENHUM dos 17 termos,"MEDIDO 08/09: pagina de carreiras https://www.illogicstudios.com/jobs lida por curl (1142 caracteres de texto) e NENHUM titulo da disciplina (personagem, criatura, modelagem, textura, look dev, surfacing, grooming, visual development, generalista 3D, hard surface, props, ambiente, lideranca de arte 3D) aparece nela. | ficha: https://3dvf.com/en/studio/illogic-studios/"
Illumination Studios Paris,França,Paris,https://www.illuminationstudiosparis.com/,sim,nao,https://www.illuminationstudiosparis.com/careers/,NENHUM dos 17 termos,"MEDIDO 08/09: pagina de carreiras https://www.illuminationstudiosparis.com/careers/ lida por curl (4468 caracteres de texto) e NENHUM titulo da disciplina (personagem, criatura, modelagem, textura, look dev, surfacing, grooming, visual development, generalista 3D, hard surface, props, ambiente, lideranca de arte 3D) aparece nela. | ficha: https://3dvf.com/en/studio/illumination-studios-paris/"
IMA Solutions,França,Toulouse,https://ima-solutions.fr/,nao,nao_encontrada,,nao aplicavel — quadro nao localizado,"MEDIDO 08/09: o site RESPONDE (https://ima-solutions.fr/en/), mas nao achei pagina de carreiras. Varri os links da home, chutei 14 caminhos (/careers, /jobs, /join-us, /recrutement, /nous-rejoindre, /carrieres, /vacancies e afins) e li o sitemap.xml e o robots.txt; o sitemap nao tem URL de carreiras. Nenhuma devolveu quadro de vagas. | ficha: https://3dvf.com/en/studio/ima-solutions/"
Intangibles,França,Paris,https://intangibles.fr/,nao,nao_encontrada,,,"Pagina de carreiras lida (https://intangibles.fr/recrutement/): nenhum titulo da disciplina no HTML. Pode ser quadro carregado por JavaScript, que nao da para ler sem navegador. | ficha: https://3dvf.com/en/studio/intangibles/"
Inthebox,França,Annecy,https://www.inthebox.pro/,nao,nao_encontrada,,nao aplicavel — quadro nao localizado,"MEDIDO 08/09: o site RESPONDE (https://inthebox.pro/), mas nao achei pagina de carreiras. Varri os links da home, chutei 14 caminhos (/careers, /jobs, /join-us, /recrutement, /nous-rejoindre, /carrieres, /vacancies e afins) e li o sitemap.xml e o robots.txt; o sitemap nao tem URL de carreiras. Nenhuma devolveu quadro de vagas. | ficha: https://3dvf.com/en/studio/in-the-box/"
Irrational Studio,França,Paris,https://irrational.tv/,nao,nao_encontrada,,nao aplicavel — quadro nao localizado,"MEDIDO 08/09: o site RESPONDE (https://irrational.tv/), mas nao achei pagina de carreiras. Varri os links da home, chutei 14 caminhos (/careers, /jobs, /join-us, /recrutement, /nous-rejoindre, /carrieres, /vacancies e afins) e li o sitemap.xml e o robots.txt; o sitemap nao tem URL de carreiras. Nenhuma devolveu quadro de vagas. | ficha: https://3dvf.com/en/studio/irrational-studio/"
J3DMODDING,França,Uzès,https://j3dmodding.com/,nao,nao_encontrada,,nao aplicavel — quadro nao localizado,"MEDIDO 08/09: o site RESPONDE (https://j3dmodding.com/), mas nao achei pagina de carreiras. Varri os links da home, chutei 14 caminhos (/careers, /jobs, /join-us, /recrutement, /nous-rejoindre, /carrieres, /vacancies e afins) e li o sitemap.xml e o robots.txt; o sitemap nao tem URL de carreiras. Nenhuma devolveu quadro de vagas. | ficha: https://3dvf.com/en/studio/j3dmodding-plc7y4bgd-uzes/"
Je suis bien content,França,Montreuil,https://jsbc.fr/,nao,nao_encontrada,,nao aplicavel — quadro nao localizado,"MEDIDO 08/09: o site RESPONDE (https://jsbc.fr/), mas nao achei pagina de carreiras. Varri os links da home, chutei 14 caminhos (/careers, /jobs, /join-us, /recrutement, /nous-rejoindre, /carrieres, /vacancies e afins) e li o sitemap.xml e o robots.txt; o sitemap nao tem URL de carreiras. Nenhuma devolveu quadro de vagas. | ficha: https://3dvf.com/en/studio/je-suis-bien-content/"
JOKYO Images,França,Lyon,https://www.jokyo-images.com/,nao,nao_encontrada,,nao aplicavel — quadro nao localizado,"MEDIDO 08/09: o site RESPONDE (https://www.jokyo-images.com/), mas nao achei pagina de carreiras. Varri os links da home, chutei 14 caminhos (/careers, /jobs, /join-us, /recrutement, /nous-rejoindre, /carrieres, /vacancies e afins) e li o sitemap.xml e o robots.txt; o sitemap nao tem URL de carreiras. Nenhuma devolveu quadro de vagas. | ficha: https://3dvf.com/en/studio/jokyo-images/"
JPL Films,França,Rennes,https://jplfilms.com/,nao,nao_encontrada,,nao aplicavel — quadro nao localizado,"MEDIDO 08/09: o site RESPONDE (https://jplfilms.com/), mas nao achei pagina de carreiras. Varri os links da home, chutei 14 caminhos (/careers, /jobs, /join-us, /recrutement, /nous-rejoindre, /carrieres, /vacancies e afins) e li o sitemap.xml e o robots.txt; o sitemap nao tem URL de carreiras. Nenhuma devolveu quadro de vagas. | ficha: https://3dvf.com/en/studio/jpl-films/"
Kalank,França,Angoulême,https://kalank.fr/,nao,nao_encontrada,,nao aplicavel — quadro nao localizado,"MEDIDO 08/09: o site RESPONDE (https://kalank.games/), mas nao achei pagina de carreiras. Varri os links da home, chutei 14 caminhos (/careers, /jobs, /join-us, /recrutement, /nous-rejoindre, /carrieres, /vacancies e afins) e li o sitemap.xml e o robots.txt; o sitemap nao tem URL de carreiras. Nenhuma devolveu quadro de vagas. | ficha: https://3dvf.com/en/studio/kalank/"
Karlab,França,Montpellier,https://www.karlab.fr/,nao,nao_encontrada,,nao aplicavel — quadro nao localizado,"MEDIDO 08/09: o site RESPONDE (https://www.karlab.fr/), mas nao achei pagina de carreiras. Varri os links da home, chutei 14 caminhos (/careers, /jobs, /join-us, /recrutement, /nous-rejoindre, /carrieres, /vacancies e afins) e li o sitemap.xml e o robots.txt; o sitemap nao tem URL de carreiras. Nenhuma devolveu quadro de vagas. | ficha: https://3dvf.com/en/studio/karlab/"
Kawanimation,França,Bordeaux,http://www.kawanimation.com,nao,nao_encontrada,,nao aplicavel — quadro nao localizado,"MEDIDO 08/09: o site RESPONDE (https://kawanimation.com/), mas nao achei pagina de carreiras. Varri os links da home, chutei 14 caminhos (/careers, /jobs, /join-us, /recrutement, /nous-rejoindre, /carrieres, /vacancies e afins) e li o sitemap.xml e o robots.txt; o sitemap nao tem URL de carreiras. Nenhuma devolveu quadro de vagas. | ficha: https://3dvf.com/en/studio/kawanimation/"
Kingsize,França,Paris,https://www.atlantistv.fr/,nao,nao_encontrada,,,"Pagina de carreiras lida (https://www.atlantistv.fr/emissions/les-plus-belles-vacances/): nenhum titulo da disciplina no HTML. Pode ser quadro carregado por JavaScript, que nao da para ler sem navegador. | ficha: https://3dvf.com/en/studio/kingsize/"
Kreaction,França,Vannes,https://www.kreaction.com/,nao,precisa-de-navegador,https://www.kreaction.com/offres-emploi-artiste-3d-vannes-39.html,nao verificavel por curl,"MEDIDO 08/09: a pagina de carreiras responde HTTP 200 mas o corpo tem apenas 759 caracteres de texto depois de tirar script e style, ou seja o quadro monta em JavaScript e o curl nao le a lista. Nao registrei como sem vaga. PRECISA DE NAVEGADOR. | ficha: https://3dvf.com/en/studio/kreaction/"
L&rsquo;Autre Image,França,Paris L'Autre Image,https://www.autreimage.com/,nao,precisa-de-navegador,https://www.autreimage.com/jobs/,nao verificavel por curl,"MEDIDO 08/09: a pagina de carreiras responde HTTP 200 mas o corpo tem apenas 637 caracteres de texto depois de tirar script e style, ou seja o quadro monta em JavaScript e o curl nao le a lista. Nao registrei como sem vaga. PRECISA DE NAVEGADOR. | ficha: https://3dvf.com/en/studio/lautre-image/"
L&rsquo;Horda,França,Pérols L'Horda,https://www.lhorda-studio.com/,nao,nao_encontrada,,nao aplicavel — quadro nao localizado,"MEDIDO 08/09: o site RESPONDE (https://www.lhorda-studio.com/), mas nao achei pagina de carreiras. Varri os links da home, chutei 14 caminhos (/careers, /jobs, /join-us, /recrutement, /nous-rejoindre, /carrieres, /vacancies e afins) e li o sitemap.xml e o robots.txt; o sitemap nao tem URL de carreiras. Nenhuma devolveu quadro de vagas. | ficha: https://3dvf.com/en/studio/lhorda/"
La Cabane Productions,França,Paris,https://lacabaneproductions.com/,nao,nao_encontrada,,,"Pagina de carreiras lida (mailto:jobs@lacabaneproductions.com): nenhum titulo da disciplina no HTML. Pode ser quadro carregado por JavaScript, que nao da para ler sem navegador. | ficha: https://3dvf.com/en/studio/la-cabane-productions/"
La planète rouge,França,Marseille,https://www.laplaneterouge.fr/,nao,nao_encontrada,,nao aplicavel — quadro nao localizado,"MEDIDO 08/09: o site RESPONDE (https://www.laplaneterouge.fr/), mas nao achei pagina de carreiras. Varri os links da home, chutei 14 caminhos (/careers, /jobs, /join-us, /recrutement, /nous-rejoindre, /carrieres, /vacancies e afins) e li o sitemap.xml e o robots.txt; o sitemap nao tem URL de carreiras. Nenhuma devolveu quadro de vagas. | ficha: https://3dvf.com/en/studio/la-planete-rouge/"
La Pompadour,França,Nantes,https://www.lapompadour.tv/motion-design-nantes/,nao,site-fora-do-ar,,nao aplicavel — site nao respondeu,"RE-TESTADO 08/09 com o protocolo de duas variacoes (com e sem www, com e sem barra final, https sempre, User-Agent de Chrome, e http como ultimo recurso): 5 enderecos tentados, nenhum respondeu. Tentativas: https://www.lapompadour.tv/motion-design-nantes/ HTTP 404 | https://www.lapompadour.tv/motion-design-nantes HTTP 404 | https://lapompadour.tv/motion-design-nantes/ HTTP 404 | https://lapompadour.tv/motion-design-nantes HTTP 404 | http://lapompadour.tv/motion-design-nantes/ HTTP 403 | ficha: https://3dvf.com/en/studio/la-pompadour/"
La Poule Noire,França,Angoulême,https://www.lapoulenoire.fr/,nao,nao_encontrada,,nao aplicavel — quadro nao localizado,"MEDIDO 08/09: o site RESPONDE (https://www.lapoulenoire.fr/), mas nao achei pagina de carreiras. Varri os links da home, chutei 14 caminhos (/careers, /jobs, /join-us, /recrutement, /nous-rejoindre, /carrieres, /vacancies e afins) e li o sitemap.xml e o robots.txt; o sitemap nao tem URL de carreiras. Nenhuma devolveu quadro de vagas. | ficha: https://3dvf.com/en/studio/la-poule-noire/"
La Station Animation,França,Paris,https://www.lastationanimation.com/,sim,nao_encontrada,,nao aplicavel — quadro nao localizado,"MEDIDO 08/09: o site RESPONDE (https://www.lastationanimation.com/), mas nao achei pagina de carreiras. Varri os links da home, chutei 14 caminhos (/careers, /jobs, /join-us, /recrutement, /nous-rejoindre, /carrieres, /vacancies e afins) e li o sitemap.xml e o robots.txt; o sitemap nao tem URL de carreiras. Nenhuma devolveu quadro de vagas. | ficha: https://3dvf.com/en/studio/la-station-animation/"
LaFabric3D,França,Avrillé,https://lafabric3d.com/,nao,nao_encontrada,,nao aplicavel — quadro nao localizado,"MEDIDO 08/09: o site RESPONDE (https://www.stooko.fr/), mas nao achei pagina de carreiras. Varri os links da home, chutei 14 caminhos (/careers, /jobs, /join-us, /recrutement, /nous-rejoindre, /carrieres, /vacancies e afins) e li o sitemap.xml e o robots.txt; o sitemap nao tem URL de carreiras. Nenhuma devolveu quadro de vagas. | ficha: https://3dvf.com/en/studio/lafabric3d/"
Lagoon Studios,França,Ivry sur seine,https://www.lagoonstudios.com/,nao,nao_encontrada,,nao aplicavel — quadro nao localizado,"MEDIDO 08/09: o site RESPONDE (https://www.lagoonstudios.com/), mas nao achei pagina de carreiras. Varri os links da home, chutei 14 caminhos (/careers, /jobs, /join-us, /recrutement, /nous-rejoindre, /carrieres, /vacancies e afins) e li o sitemap.xml e o robots.txt; o sitemap nao tem URL de carreiras. Nenhuma devolveu quadro de vagas. | ficha: https://3dvf.com/en/studio/lagoon-studios/"
Lampyre 3D,França,Montpellier,https://www.lampyre.net/,nao,nao_encontrada,,nao aplicavel — quadro nao localizado,"MEDIDO 08/09: o site RESPONDE (https://www.lampyre.net/), mas nao achei pagina de carreiras. Varri os links da home, chutei 14 caminhos (/careers, /jobs, /join-us, /recrutement, /nous-rejoindre, /carrieres, /vacancies e afins) e li o sitemap.xml e o robots.txt; o sitemap nao tem URL de carreiras. Nenhuma devolveu quadro de vagas. | ficha: https://3dvf.com/en/studio/lampyre-h61g4l0rt-montpellier/"
LE BIG SHOT,França,IVRY-SUR-SEINE,http://www.lebigshot.com,nao,nao_encontrada,,nao aplicavel — quadro nao localizado,"MEDIDO 08/09: o site RESPONDE (https://www.lebigshot.com/), mas nao achei pagina de carreiras. Varri os links da home, chutei 14 caminhos (/careers, /jobs, /join-us, /recrutement, /nous-rejoindre, /carrieres, /vacancies e afins) e li o sitemap.xml e o robots.txt; o sitemap nao tem URL de carreiras. Nenhuma devolveu quadro de vagas. | ficha: https://3dvf.com/en/studio/le-big-shot/"
Le Labo Blanc,França,Paris,http://www.lelaboblanc.paris,nao,nao_encontrada,,nao aplicavel — quadro nao localizado,"MEDIDO 08/09: o site RESPONDE (https://www.lelaboblanc.paris/), mas nao achei pagina de carreiras. Varri os links da home, chutei 14 caminhos (/careers, /jobs, /join-us, /recrutement, /nous-rejoindre, /carrieres, /vacancies e afins) e li o sitemap.xml e o robots.txt; o sitemap nao tem URL de carreiras. Nenhuma devolveu quadro de vagas. | ficha: https://3dvf.com/en/studio/le-labo-blanc/"
Les Androids associés,França,Paris,https://www.androids.fr/,nao,nao_encontrada,,nao aplicavel — quadro nao localizado,"MEDIDO 08/09: o site RESPONDE (https://www.androids.fr/), mas nao achei pagina de carreiras. Varri os links da home, chutei 14 caminhos (/careers, /jobs, /join-us, /recrutement, /nous-rejoindre, /carrieres, /vacancies e afins) e li o sitemap.xml e o robots.txt; o sitemap nao tem URL de carreiras. Nenhuma devolveu quadro de vagas. | ficha: https://3dvf.com/en/studio/les-androids-associes/"
Les films du poisson rouge,França,Angouleme,https://lesfilmsdupoissonrouge.com/,nao,nao_encontrada,,nao aplicavel — quadro nao localizado,"MEDIDO 08/09: o site RESPONDE (https://www.lesfilmsdupoissonrouge.com/), mas nao achei pagina de carreiras. Varri os links da home, chutei 14 caminhos (/careers, /jobs, /join-us, /recrutement, /nous-rejoindre, /carrieres, /vacancies e afins) e li o sitemap.xml e o robots.txt; o sitemap nao tem URL de carreiras. Nenhuma devolveu quadro de vagas. | ficha: https://3dvf.com/en/studio/les-films-du-poisson-rouge/"
Les images mécaniques,França,Lyon,https://images-mecaniques.fr/,nao,site-fora-do-ar,,nao aplicavel — site nao respondeu,"RE-TESTADO 08/09 com o protocolo de duas variacoes (com e sem www, com e sem barra final, https sempre, User-Agent de Chrome, e http como ultimo recurso): 3 enderecos tentados, nenhum respondeu. Tentativas: https://images-mecaniques.fr/ ProxyError | https://www.images-mecaniques.fr/ ProxyError | http://images-mecaniques.fr/ ConnectionError | ficha: https://3dvf.com/en/studio/les-mbd0tux-lyon/"
Les Tontons Truqueurs,França,Vendargues,https://www.lestontonstruqueurs.com/,nao,nao_encontrada,,nao aplicavel — quadro nao localizado,"MEDIDO 08/09: o site RESPONDE (https://www.lestontonstruqueurs.com/), mas nao achei pagina de carreiras. Varri os links da home, chutei 14 caminhos (/careers, /jobs, /join-us, /recrutement, /nous-rejoindre, /carrieres, /vacancies e afins) e li o sitemap.xml e o robots.txt; o sitemap nao tem URL de carreiras. Nenhuma devolveu quadro de vagas. Tentados: https://www.lestontonstruqueurs.com/about/careers, https://www.lestontonstruqueurs.com/career, https://www.lestontonstruqueurs.com/careers, https://www.lestontonstruqueurs.com/careers/, https://www.lestontonstruqueurs.com/carrieres, https://www.lestontonstruqueurs.com/company/careers. | ficha: https://3dvf.com/en/studio/les-tontons-truqueurs/"
LS GROUP (ex Light And Shadows),França,Suresnes,https://www.ls-group.fr/,nao,precisa-de-navegador,https://www.ls-group.fr/careers,nao verificavel por curl,"MEDIDO 08/09: a pagina de carreiras responde HTTP 200 mas o corpo tem apenas 1263 caracteres de texto depois de tirar script e style, ou seja o quadro monta em JavaScript e o curl nao le a lista. Nao registrei como sem vaga. PRECISA DE NAVEGADOR. | ficha: https://3dvf.com/en/studio/ls-zygdgg66-suresnes/"
Lux Motion,França,Le val d'Hazey,https://www.luxmotion.design,nao,site-fora-do-ar,,nao aplicavel — site nao respondeu,"RE-TESTADO 08/09 com o protocolo de duas variacoes (com e sem www, com e sem barra final, https sempre, User-Agent de Chrome, e http como ultimo recurso): 3 enderecos tentados, nenhum respondeu. Tentativas: https://www.luxmotion.design/ SSLError | https://luxmotion.design/ SSLError | http://luxmotion.design/ HTTP 403 | ficha: https://3dvf.com/en/studio/lux-dnumccgm-le-val-dhazey/"
Mac Guff,França,Paris,https://www.macguff.com/,sim,nao_encontrada,,nao aplicavel — quadro nao localizado,"MEDIDO 08/09: o site RESPONDE (https://macguff.com/), mas nao achei pagina de carreiras. Varri os links da home, chutei 14 caminhos (/careers, /jobs, /join-us, /recrutement, /nous-rejoindre, /carrieres, /vacancies e afins) e li o sitemap.xml e o robots.txt; o sitemap nao tem URL de carreiras. Nenhuma devolveu quadro de vagas. | ficha: https://3dvf.com/en/studio/mac-guff-ligne/"
Malherbe Paris,França,Paris,https://malherbe.paris/,nao,nao_encontrada,,,"Pagina de carreiras lida (https://malherbe.paris/careers/): nenhum titulo da disciplina no HTML. Pode ser quadro carregado por JavaScript, que nao da para ler sem navegador. | ficha: https://3dvf.com/en/studio/malherbe-paris/"
Malil’Art Production,França,Angouleme,https://www.malil-art.com/,nao,nao_encontrada,,nao aplicavel — quadro nao localizado,"MEDIDO 08/09: o site RESPONDE (https://www.malil-art.com/), mas nao achei pagina de carreiras. Varri os links da home, chutei 14 caminhos (/careers, /jobs, /join-us, /recrutement, /nous-rejoindre, /carrieres, /vacancies e afins) e li o sitemap.xml e o robots.txt; o sitemap nao tem URL de carreiras. Nenhuma devolveu quadro de vagas. | ficha: https://3dvf.com/en/studio/malilart-production/"
Mango3D,França,paris,https://mango3d.io/,nao,nao_encontrada,,nao aplicavel — quadro nao localizado,"MEDIDO 08/09: o site RESPONDE (https://lychee.co/), mas nao achei pagina de carreiras. Varri os links da home, chutei 14 caminhos (/careers, /jobs, /join-us, /recrutement, /nous-rejoindre, /carrieres, /vacancies e afins) e li o sitemap.xml e o robots.txt; o sitemap nao tem URL de carreiras. Nenhuma devolveu quadro de vagas. Tentados: https://lychee.co/about/careers, https://lychee.co/career, https://lychee.co/careers, https://lychee.co/careers/, https://lychee.co/carrieres, https://lychee.co/company/careers. | ficha: https://3dvf.com/en/studio/mango3d/"
Matchmove For Visual Effects &#8211; M4VFX,França,Pessac Matchmove For Visual Effects - M4VFX,https://www.m4vfx.com/,nao,nao_encontrada,,nao aplicavel — quadro nao localizado,"MEDIDO 08/09: o site RESPONDE (https://www.m4vfx.com/), mas nao achei pagina de carreiras. Varri os links da home, chutei 14 caminhos (/careers, /jobs, /join-us, /recrutement, /nous-rejoindre, /carrieres, /vacancies e afins) e li o sitemap.xml e o robots.txt; o sitemap nao tem URL de carreiras. Nenhuma devolveu quadro de vagas. | ficha: https://3dvf.com/en/studio/matchmove-for-visual-effects-m4vfx/"
Mathematic,França,Paris,https://mathematic.tv/,sim,nao,https://mathematic.tv/contact/careers/,NENHUM dos 17 termos,"MEDIDO 08/09: pagina de carreiras https://mathematic.tv/contact/careers/ lida por curl (1830 caracteres de texto) e NENHUM titulo da disciplina (personagem, criatura, modelagem, textura, look dev, surfacing, grooming, visual development, generalista 3D, hard surface, props, ambiente, lideranca de arte 3D) aparece nela. | ficha: https://3dvf.com/en/studio/mathematic/"
MD STUDIO,França,Montpellier,https://www.archi-3d.fr/,nao,nao_encontrada,,nao aplicavel — quadro nao localizado,"MEDIDO 08/09: o site RESPONDE (https://www.archi-3d.fr/), mas nao achei pagina de carreiras. Varri os links da home, chutei 14 caminhos (/careers, /jobs, /join-us, /recrutement, /nous-rejoindre, /carrieres, /vacancies e afins) e li o sitemap.xml e o robots.txt; o sitemap nao tem URL de carreiras. Nenhuma devolveu quadro de vagas. | ficha: https://3dvf.com/en/studio/md-nuvynoe-montpellier/"
Mécanique Générale,França,Paris,https://www.mecanique-g.com/,nao,nao_encontrada,,,"Pagina de carreiras lida (mailto:jobs@mecanique-g.com): nenhum titulo da disciplina no HTML. Pode ser quadro carregado por JavaScript, que nao da para ler sem navegador. | ficha: https://3dvf.com/en/studio/mecanique-generale/"
Menhir fx,França,Montpellier,https://menhirfx.com/fr,sim,nao,https://menhirfx.com/recrutement/,NENHUM dos 17 termos,"MEDIDO 08/09: a pagina de recrutamento diz, com todas as letras, ""Nous ne recrutons pas de nouveaux.elles collaborateurs.trices pour le moment"". O que casou com a disciplina (Modeling, Lookdev) eram caixas de selecao do formulario de candidatura espontanea, nao vagas. | ficha: https://3dvf.com/en/studio/menhir-fx/"
MIAM! animation,França,Paris Paris,https://www.miam-animation.com/,sim,nao_encontrada,,nao aplicavel — quadro nao localizado,"MEDIDO 08/09: o site RESPONDE (https://www.miam-animation.com/), mas nao achei pagina de carreiras. Varri os links da home, chutei 14 caminhos (/careers, /jobs, /join-us, /recrutement, /nous-rejoindre, /carrieres, /vacancies e afins) e li o sitemap.xml e o robots.txt; o sitemap nao tem URL de carreiras. Nenhuma devolveu quadro de vagas. | ficha: https://3dvf.com/en/studio/miam-animation/"
MilkyCo. Studio,França,Nantes,https://milkyco-studio.com/,nao,nao_encontrada,,nao aplicavel — quadro nao localizado,"MEDIDO 08/09: o site RESPONDE (https://milkyco-studio.com/), mas nao achei pagina de carreiras. Varri os links da home, chutei 14 caminhos (/careers, /jobs, /join-us, /recrutement, /nous-rejoindre, /carrieres, /vacancies e afins) e li o sitemap.xml e o robots.txt; o sitemap nao tem URL de carreiras. Nenhuma devolveu quadro de vagas. Tentados: https://milkyco-studio.com/about/careers, https://milkyco-studio.com/career, https://milkyco-studio.com/careers, https://milkyco-studio.com/careers/, https://milkyco-studio.com/carrieres, https://milkyco-studio.com/company/careers. | ficha: https://3dvf.com/en/studio/milkyco-studio/"
Millimages,França,Paris,https://www.millimages.com/,sim,nao,https://millimages.com/,NENHUM dos 17 termos,"MEDIDO 08/09: pagina de carreiras https://millimages.com/ lida por curl (17708 caracteres de texto) e NENHUM titulo da disciplina (personagem, criatura, modelagem, textura, look dev, surfacing, grooming, visual development, generalista 3D, hard surface, props, ambiente, lideranca de arte 3D) aparece nela. | ficha: https://3dvf.com/en/studio/millimages/"
Mirabell Studio,França,Paris,https://www.mirabellstudio.com/,nao,nao,https://www.mirabellstudio.com/careers,NENHUM dos 17 termos,"MEDIDO 08/09: pagina de carreiras https://www.mirabellstudio.com/careers lida por curl (4735 caracteres de texto) e NENHUM titulo da disciplina (personagem, criatura, modelagem, textura, look dev, surfacing, grooming, visual development, generalista 3D, hard surface, props, ambiente, lideranca de arte 3D) aparece nela. | ficha: https://3dvf.com/en/studio/mirabell-t4vfjqwd5-paris/"
Miyu,França,Angoulême,https://www.miyu.fr/,nao,nao_encontrada,,nao aplicavel — quadro nao localizado,"MEDIDO 08/09: o site RESPONDE (https://www.miyu.fr/), mas nao achei pagina de carreiras. Varri os links da home, chutei 14 caminhos (/careers, /jobs, /join-us, /recrutement, /nous-rejoindre, /carrieres, /vacancies e afins) e li o sitemap.xml e o robots.txt; o sitemap nao tem URL de carreiras. Nenhuma devolveu quadro de vagas. | ficha: https://3dvf.com/en/studio/miyu/"
Mocaplab,França,Aubervilliers,https://www.mocaplab.com/fr,nao,precisa-de-navegador,https://www.mocaplab.com/fr/news/rejoignez-nous-a-laval-virtual-france-8-au-10-avril-2026,nao verificavel por curl,"MEDIDO 08/09: a pagina de carreiras responde HTTP 200 mas o corpo tem apenas 1645 caracteres de texto depois de tirar script e style, ou seja o quadro monta em JavaScript e o curl nao le a lista. Nao registrei como sem vaga. PRECISA DE NAVEGADOR. | ficha: https://3dvf.com/en/studio/mocaplab/"
Monark,França,Paris,https://mnrk.io/,nao,nao_encontrada,,nao aplicavel — quadro nao localizado,"MEDIDO 08/09: o site RESPONDE (https://mpo-7000.co/), mas nao achei pagina de carreiras. Varri os links da home, chutei 14 caminhos (/careers, /jobs, /join-us, /recrutement, /nous-rejoindre, /carrieres, /vacancies e afins) e li o sitemap.xml e o robots.txt; o sitemap nao tem URL de carreiras. Nenhuma devolveu quadro de vagas. | ficha: https://3dvf.com/en/studio/monark/"
Monsieur K,França,Paris,https://studio-monsieurk.fr/,nao,nao_encontrada,,nao aplicavel — quadro nao localizado,"MEDIDO 08/09: o site RESPONDE (https://studio-monsieurk.fr/), mas nao achei pagina de carreiras. Varri os links da home, chutei 14 caminhos (/careers, /jobs, /join-us, /recrutement, /nous-rejoindre, /carrieres, /vacancies e afins) e li o sitemap.xml e o robots.txt; o sitemap nao tem URL de carreiras. Nenhuma devolveu quadro de vagas. | ficha: https://3dvf.com/en/studio/monsieur-k/"
MOON STUDIO,França,Paris,https://www.moon-studio.io/,nao,nao_encontrada,,nao aplicavel — quadro nao localizado,"MEDIDO 08/09: o site RESPONDE (https://moon-studio.io/), mas nao achei pagina de carreiras. Varri os links da home, chutei 14 caminhos (/careers, /jobs, /join-us, /recrutement, /nous-rejoindre, /carrieres, /vacancies e afins) e li o sitemap.xml e o robots.txt; o sitemap nao tem URL de carreiras. Nenhuma devolveu quadro de vagas. | ficha: https://3dvf.com/en/studio/moon-hz1r5cf8w-paris/"
Moonycat Entertainment,França,Montpellier,https://www.codingame.com/start,nao,precisa-de-navegador,https://www.codingame.com/careers,nao verificavel por curl,"MEDIDO 08/09: a pagina de carreiras responde HTTP 200 mas o corpo tem apenas 67 caracteres de texto depois de tirar script e style, ou seja o quadro monta em JavaScript e o curl nao le a lista. Nao registrei como sem vaga. PRECISA DE NAVEGADOR. | ficha: https://3dvf.com/en/studio/moonycat-entertainment/"
Motion-Up,França,Vannes,,nao,nao_encontrada,https://www.motion-up.com/,nao aplicavel — quadro nao localizado,"MEDIDO 08/09: a ficha do 3DVF nao publica site, mas o dominio https://www.motion-up.com/ responde HTTP 200 (titulo: ""Motion-Up — Motion Capture, Catalogue Gestuel 3D & R&D | San""). Nao foi varrido em busca de quadro de vagas nesta rodada. | ficha: https://3dvf.com/en/studio/motion-up/"
MOTIONORAMA,França,Castelnau le Lez,https://www.motionorama.com,nao,nao_encontrada,,nao aplicavel — quadro nao localizado,"MEDIDO 08/09: o site RESPONDE (https://motionorama.com/), mas nao achei pagina de carreiras. Varri os links da home, chutei 14 caminhos (/careers, /jobs, /join-us, /recrutement, /nous-rejoindre, /carrieres, /vacancies e afins) e li o sitemap.xml e o robots.txt; o sitemap nao tem URL de carreiras. Nenhuma devolveu quadro de vagas. | ficha: https://3dvf.com/en/studio/motionorama-cwkcp1x-castelnau-le-lez/"
Museo3d,França,Bordeaux,https://www.museo3d.fr/,nao,nao_encontrada,,nao aplicavel — quadro nao localizado,"MEDIDO 08/09: o site RESPONDE (https://www.museo3d.fr/), mas nao achei pagina de carreiras. Varri os links da home, chutei 14 caminhos (/careers, /jobs, /join-us, /recrutement, /nous-rejoindre, /carrieres, /vacancies e afins) e li o sitemap.xml e o robots.txt; o sitemap nao tem URL de carreiras. Nenhuma devolveu quadro de vagas. | ficha: https://3dvf.com/en/studio/museo3d/"
MyFlower,França,Albi,https://www.myflower.tv/,nao,nao_encontrada,,nao aplicavel — quadro nao localizado,"MEDIDO 08/09: o site RESPONDE (https://myflower.tv/), mas nao achei pagina de carreiras. Varri os links da home, chutei 14 caminhos (/careers, /jobs, /join-us, /recrutement, /nous-rejoindre, /carrieres, /vacancies e afins) e li o sitemap.xml e o robots.txt; o sitemap nao tem URL de carreiras. Nenhuma devolveu quadro de vagas. | ficha: https://3dvf.com/en/studio/myflower/"
MYSTERY MACHINE,França,Boulogne,,nao,site-fora-do-ar,,nao aplicavel — site nao respondeu,"RE-TESTADO 08/09: a ficha do 3DVF nao publica site. Tentei os dominios mais provaveis (https://mysterymachine.fr/, https://www.mystery-machine.tv/) com https e User-Agent de Chrome e nenhum respondeu. Sem porta para testar. | ficha: https://3dvf.com/en/studio/mystery-f7ypv7yxtk-boulogne/"
N°130,França,Montreuil,https://no130.io/,nao,nao,https://no130.io/jobs/,NENHUM dos 17 termos,"MEDIDO 08/09: pagina de carreiras https://no130.io/jobs/ lida por curl (18753 caracteres de texto) e NENHUM titulo da disciplina (personagem, criatura, modelagem, textura, look dev, surfacing, grooming, visual development, generalista 3D, hard surface, props, ambiente, lideranca de arte 3D) aparece nela. | ficha: https://3dvf.com/en/studio/n130/"
Neels,França,Saint-Ouen,https://www.neels.fr,nao,nao_encontrada,,nao aplicavel — quadro nao localizado,"MEDIDO 08/09: o site RESPONDE (https://neels.fr/), mas nao achei pagina de carreiras. Varri os links da home, chutei 14 caminhos (/careers, /jobs, /join-us, /recrutement, /nous-rejoindre, /carrieres, /vacancies e afins) e li o sitemap.xml e o robots.txt; o sitemap nao tem URL de carreiras. Nenhuma devolveu quadro de vagas. | ficha: https://3dvf.com/en/studio/neels/"
neodigital,França,Courbépine,https://www.neodigital.fr/,nao,nao_encontrada,,,"Pagina de carreiras lida (https://www.neodigital.fr/recrutement/): nenhum titulo da disciplina no HTML. Pode ser quadro carregado por JavaScript, que nao da para ler sem navegador. | ficha: https://3dvf.com/en/studio/neodigital/"
Neoset,França,Paris,https://www.neoset.net,nao,nao_encontrada,,,"Pagina de carreiras lida (https://www.neoset.net/offres-de-services/): nenhum titulo da disciplina no HTML. Pode ser quadro carregado por JavaScript, que nao da para ler sem navegador. | ficha: https://3dvf.com/en/studio/neoset/"
Nightshift,França,Paris,https://www.nightshift.fr/,nao,nao_encontrada,,,"Pagina de carreiras lida (https://www.nightshift.fr/join-us/): nenhum titulo da disciplina no HTML. Pode ser quadro carregado por JavaScript, que nao da para ler sem navegador. | ficha: https://3dvf.com/en/studio/nightshift/"
Ninoc Studio,França,Reims,https://ninocstudio.com/,nao,nao_encontrada,,nao aplicavel — quadro nao localizado,"MEDIDO 08/09: o site RESPONDE (https://ninocstudio.com/), mas nao achei pagina de carreiras. Varri os links da home, chutei 14 caminhos (/careers, /jobs, /join-us, /recrutement, /nous-rejoindre, /carrieres, /vacancies e afins) e li o sitemap.xml e o robots.txt; o sitemap nao tem URL de carreiras. Nenhuma devolveu quadro de vagas. | ficha: https://3dvf.com/en/studio/ninoc-studio/"
Nobody Studio,França,Montpellier,https://nobody-studio.com/,nao,precisa-de-navegador,https://nobody-studio.com/jobs/,nao verificavel por curl,"MEDIDO 08/09: a pagina de carreiras responde HTTP 200 mas o corpo tem apenas 132 caracteres de texto depois de tirar script e style, ou seja o quadro monta em JavaScript e o curl nao le a lista. Nao registrei como sem vaga. PRECISA DE NAVEGADOR. | ficha: https://3dvf.com/en/studio/nobody-studio/"
NOID,França,PARIS,https://www.noid-studio.com/,nao,nao_encontrada,,,"Pagina de carreiras lida (https://www.noid-studio.com/join-us): nenhum titulo da disciplina no HTML. Pode ser quadro carregado por JavaScript, que nao da para ler sem navegador. | ficha: https://3dvf.com/en/studio/noid/"
noOne,França,Paris,https://www.noone-studio.com/,sim,precisa-de-navegador,https://www.noone-studio.com/carri%C3%A8res,nao verificavel por curl,"MEDIDO 08/09: a pagina de carreiras responde HTTP 200 mas o corpo tem apenas 208 caracteres de texto depois de tirar script e style, ou seja o quadro monta em JavaScript e o curl nao le a lista. Nao registrei como sem vaga. PRECISA DE NAVEGADOR. | ficha: https://3dvf.com/en/studio/noone/"
Normaal,França,Angoulême,https://normaal.fr/,nao,nao_encontrada,,nao aplicavel — quadro nao localizado,"MEDIDO 08/09: o site RESPONDE (https://normaal.fr/), mas nao achei pagina de carreiras. Varri os links da home, chutei 14 caminhos (/careers, /jobs, /join-us, /recrutement, /nous-rejoindre, /carrieres, /vacancies e afins) e li o sitemap.xml e o robots.txt; o sitemap nao tem URL de carreiras. Nenhuma devolveu quadro de vagas. | ficha: https://3dvf.com/en/studio/normaal/"
Novelab,França,Paris,http://novelab.io,nao,nao_encontrada,,nao aplicavel — quadro nao localizado,"MEDIDO 08/09: o site RESPONDE (https://novelab.io/), mas nao achei pagina de carreiras. Varri os links da home, chutei 14 caminhos (/careers, /jobs, /join-us, /recrutement, /nous-rejoindre, /carrieres, /vacancies e afins) e li o sitemap.xml e o robots.txt; o sitemap nao tem URL de carreiras. Nenhuma devolveu quadro de vagas. | ficha: https://3dvf.com/en/studio/novelab-yect690fzu-paris/"
Okenite Animation,França,Rosières prés Troyes,https://okan3d.com/,nao,nao_encontrada,,nao aplicavel — quadro nao localizado,"MEDIDO 08/09: o site RESPONDE (https://okan3d.com/), mas nao achei pagina de carreiras. Varri os links da home, chutei 14 caminhos (/careers, /jobs, /join-us, /recrutement, /nous-rejoindre, /carrieres, /vacancies e afins) e li o sitemap.xml e o robots.txt; o sitemap nao tem URL de carreiras. Nenhuma devolveu quadro de vagas. | ficha: https://3dvf.com/en/studio/okenite-animation/"
Onirim,França,Paris,https://onirim.com/#15811,nao,nao_encontrada,,nao aplicavel — quadro nao localizado,"MEDIDO 08/09: o site RESPONDE (https://onirim.com/), mas nao achei pagina de carreiras. Varri os links da home, chutei 14 caminhos (/careers, /jobs, /join-us, /recrutement, /nous-rejoindre, /carrieres, /vacancies e afins) e li o sitemap.xml e o robots.txt; o sitemap nao tem URL de carreiras. Nenhuma devolveu quadro de vagas. | ficha: https://3dvf.com/en/studio/onirim/"
ONiRiXEL,França,Toulouse,https://www.onirixel.com,nao,nao_encontrada,,nao aplicavel — quadro nao localizado,"MEDIDO 08/09: o site RESPONDE (https://www.onirixel.com/), mas nao achei pagina de carreiras. Varri os links da home, chutei 14 caminhos (/careers, /jobs, /join-us, /recrutement, /nous-rejoindre, /carrieres, /vacancies e afins) e li o sitemap.xml e o robots.txt; o sitemap nao tem URL de carreiras. Nenhuma devolveu quadro de vagas. | ficha: https://3dvf.com/en/studio/onirixel/"
Ooolala,França,Bourg-lès-Valence,https://ooolala.fr,nao,precisa-de-navegador,https://ooolala.fr/jobs/,nao verificavel por curl,"MEDIDO 08/09: a pagina de carreiras responde HTTP 200 mas o corpo tem apenas 602 caracteres de texto depois de tirar script e style, ou seja o quadro monta em JavaScript e o curl nao le a lista. Nao registrei como sem vaga. PRECISA DE NAVEGADOR. | ficha: https://3dvf.com/en/studio/ooolala/"
Orbis,França,Boulogne Billancourt,https://orbis-prod.fr/,nao,nao_encontrada,,nao aplicavel — quadro nao localizado,"MEDIDO 08/09: o site RESPONDE (https://orbis-prod.fr/), mas nao achei pagina de carreiras. Varri os links da home, chutei 14 caminhos (/careers, /jobs, /join-us, /recrutement, /nous-rejoindre, /carrieres, /vacancies e afins) e li o sitemap.xml e o robots.txt; o sitemap nao tem URL de carreiras. Nenhuma devolveu quadro de vagas. Tentados: https://orbis-prod.fr/about/careers, https://orbis-prod.fr/career, https://orbis-prod.fr/careers, https://orbis-prod.fr/careers/, https://orbis-prod.fr/carrieres, https://orbis-prod.fr/company/careers. | ficha: https://3dvf.com/en/studio/orbis/"
Oscar B studio,França,Alfortville,https://www.oscarbstudio.com/,sim,precisa-de-navegador,https://www.oscarbstudio.com/en/home-3/job/,nao verificavel por curl,"MEDIDO 08/09: a pagina de carreiras responde HTTP 200 mas o corpo tem apenas 841 caracteres de texto depois de tirar script e style, ou seja o quadro monta em JavaScript e o curl nao le a lista. Nao registrei como sem vaga. PRECISA DE NAVEGADOR. | ficha: https://3dvf.com/en/studio/oscar-b-studio/"
Parallel Studio,França,Paris,https://parallelstudio.tv/,nao,nao_encontrada,,nao aplicavel — quadro nao localizado,"MEDIDO 08/09: o site RESPONDE (https://parallelstudio.tv/), mas nao achei pagina de carreiras. Varri os links da home, chutei 14 caminhos (/careers, /jobs, /join-us, /recrutement, /nous-rejoindre, /carrieres, /vacancies e afins) e li o sitemap.xml e o robots.txt; o sitemap nao tem URL de carreiras. Nenhuma devolveu quadro de vagas. | ficha: https://3dvf.com/en/studio/parallel-studio/"
Parmi Les Lucioles Films,França,Valence,https://www.parmilesluciolesfilms.fr/,nao,nao_encontrada,,nao aplicavel — quadro nao localizado,"MEDIDO 08/09: o site RESPONDE (https://www.parmilesluciolesfilms.fr/), mas nao achei pagina de carreiras. Varri os links da home, chutei 14 caminhos (/careers, /jobs, /join-us, /recrutement, /nous-rejoindre, /carrieres, /vacancies e afins) e li o sitemap.xml e o robots.txt; o sitemap nao tem URL de carreiras. Nenhuma devolveu quadro de vagas. | ficha: https://3dvf.com/en/studio/parmi-les-lucioles-films/"
Paume,França,Paris,https://paume.paris/,nao,nao_encontrada,,nao aplicavel — quadro nao localizado,"MEDIDO 08/09: o site RESPONDE (https://paume.paris/), mas nao achei pagina de carreiras. Varri os links da home, chutei 14 caminhos (/careers, /jobs, /join-us, /recrutement, /nous-rejoindre, /carrieres, /vacancies e afins) e li o sitemap.xml e o robots.txt; o sitemap nao tem URL de carreiras. Nenhuma devolveu quadro de vagas. | ficha: https://3dvf.com/en/studio/paume/"
Personne n’est parfait !,França,Rennes,https://www.personnenestparfait.fr/,nao,nao_encontrada,,nao aplicavel — quadro nao localizado,"MEDIDO 08/09: o site RESPONDE (https://www.personnenestparfait.fr/), mas nao achei pagina de carreiras. Varri os links da home, chutei 14 caminhos (/careers, /jobs, /join-us, /recrutement, /nous-rejoindre, /carrieres, /vacancies e afins) e li o sitemap.xml e o robots.txt; o sitemap nao tem URL de carreiras. Nenhuma devolveu quadro de vagas. | ficha: https://3dvf.com/en/studio/personne-nest-parfait/"
Pipangai Studio,França,Le Port - La Réunion,https://www.pipangai.fr/,nao,nao_encontrada,,nao aplicavel — quadro nao localizado,"MEDIDO 08/09: o site RESPONDE (https://www.pipangai.fr/), mas nao achei pagina de carreiras. Varri os links da home, chutei 14 caminhos (/careers, /jobs, /join-us, /recrutement, /nous-rejoindre, /carrieres, /vacancies e afins) e li o sitemap.xml e o robots.txt; o sitemap nao tem URL de carreiras. Nenhuma devolveu quadro de vagas. | ficha: https://3dvf.com/en/studio/pipangai-studio/"
Pixel Commando,França,Champagne au Mont d'Or,https://pixelcommando.fr/,nao,nao,https://pixelcommando.fr,NENHUM dos 17 termos,"MEDIDO 08/09: pagina de carreiras https://pixelcommando.fr lida por curl (1976 caracteres de texto) e NENHUM titulo da disciplina (personagem, criatura, modelagem, textura, look dev, surfacing, grooming, visual development, generalista 3D, hard surface, props, ambiente, lideranca de arte 3D) aparece nela. | ficha: https://3dvf.com/en/studio/pixel-commando/"
Point Flottant,França,Paris,https://fr.pointflottant.com/,nao,nao_encontrada,,nao aplicavel — quadro nao localizado,"MEDIDO 08/09: o site RESPONDE (https://pointflottant.com/fr), mas nao achei pagina de carreiras. Varri os links da home, chutei 14 caminhos (/careers, /jobs, /join-us, /recrutement, /nous-rejoindre, /carrieres, /vacancies e afins) e li o sitemap.xml e o robots.txt; o sitemap nao tem URL de carreiras. Nenhuma devolveu quadro de vagas. Tentados: https://pointflottant.com/about/careers, https://pointflottant.com/career, https://pointflottant.com/careers, https://pointflottant.com/careers/, https://pointflottant.com/carrieres, https://pointflottant.com/company/careers. | ficha: https://3dvf.com/en/studio/point-0bswgva2fc-paris/"
Pôle Nord Studio,França,Paris,http://polenordstudio.fr,nao,nao_encontrada,,nao aplicavel — quadro nao localizado,"MEDIDO 08/09: o site RESPONDE (https://polenordstudio.fr/), mas nao achei pagina de carreiras. Varri os links da home, chutei 14 caminhos (/careers, /jobs, /join-us, /recrutement, /nous-rejoindre, /carrieres, /vacancies e afins) e li o sitemap.xml e o robots.txt; o sitemap nao tem URL de carreiras. Nenhuma devolveu quadro de vagas. | ficha: https://3dvf.com/en/studio/pole-nord-studio/"
Polymorph Software,França,Pacé,https://polymorph.fr/,nao,site-fora-do-ar,,nao aplicavel — site nao respondeu,"RE-TESTADO 08/09 com o protocolo de duas variacoes (com e sem www, com e sem barra final, https sempre, User-Agent de Chrome, e http como ultimo recurso): 3 enderecos tentados, nenhum respondeu. Tentativas: https://polymorph.fr/ HTTP 200 | https://www.polymorph.fr/ ReadTimeout | http://polymorph.fr/ HTTP 403 | ficha: https://3dvf.com/en/studio/polymorph-software/"
Praxinos,França,Metz,https://praxinos.coop/,nao,precisa-de-navegador,https://praxinos.coop/job.php,nao verificavel por curl,"MEDIDO 08/09: a pagina de carreiras responde HTTP 200 mas o corpo tem apenas 1685 caracteres de texto depois de tirar script e style, ou seja o quadro monta em JavaScript e o curl nao le a lista. Nao registrei como sem vaga. PRECISA DE NAVEGADOR. | ficha: https://3dvf.com/en/studio/praxinos/"
Printixel,França,lyon,https://printixel.com,nao,nao_encontrada,,nao aplicavel — quadro nao localizado,"MEDIDO 08/09: o site RESPONDE (https://printixel.com/), mas nao achei pagina de carreiras. Varri os links da home, chutei 14 caminhos (/careers, /jobs, /join-us, /recrutement, /nous-rejoindre, /carrieres, /vacancies e afins) e li o sitemap.xml e o robots.txt; o sitemap nao tem URL de carreiras. Nenhuma devolveu quadro de vagas. | ficha: https://3dvf.com/en/studio/printixel-czrzvpef6-lyon/"
Prodigious,França,Paris,,nao,nao_encontrada,https://publicisproduction.com/,nao aplicavel — quadro nao localizado,"MEDIDO 08/09: a ficha do 3DVF nao publica site, mas o dominio https://publicisproduction.com/ responde HTTP 200 (titulo: ""
      Home - WE ARE PUBLICIS PRODUCTION    ""). Nao foi varrido em busca de quadro de vagas nesta rodada. | ficha: https://3dvf.com/en/studio/prodigious/"
Protozoaire,França,Strasbourg,http://www.protozoaire.com/,nao,nao_encontrada,,nao aplicavel — quadro nao localizado,"MEDIDO 08/09: o site RESPONDE (https://www.protozoaire.com/), mas nao achei pagina de carreiras. Varri os links da home, chutei 14 caminhos (/careers, /jobs, /join-us, /recrutement, /nous-rejoindre, /carrieres, /vacancies e afins) e li o sitemap.xml e o robots.txt; o sitemap nao tem URL de carreiras. Nenhuma devolveu quadro de vagas. | ficha: https://3dvf.com/en/studio/protozoaire/"
Providence VFX,França,La Madeleine,https://www.providence-vfx.com/,nao,precisa-de-navegador,https://www.providence-vfx.com/careers,nao verificavel por curl,"MEDIDO 08/09: a pagina de carreiras responde HTTP 200 mas o corpo tem apenas 1509 caracteres de texto depois de tirar script e style, ou seja o quadro monta em JavaScript e o curl nao le a lista. Nao registrei como sem vaga. PRECISA DE NAVEGADOR. | ficha: https://3dvf.com/en/studio/providence-vfx/"
Pump,França,Lyon,https://www.univers-pump.fr,nao,nao_encontrada,,nao aplicavel — quadro nao localizado,"MEDIDO 08/09: o site RESPONDE (https://www.univers-pump.fr/), mas nao achei pagina de carreiras. Varri os links da home, chutei 14 caminhos (/careers, /jobs, /join-us, /recrutement, /nous-rejoindre, /carrieres, /vacancies e afins) e li o sitemap.xml e o robots.txt; o sitemap nao tem URL de carreiras. Nenhuma devolveu quadro de vagas. | ficha: https://3dvf.com/en/studio/pump-pbrbpozi-lyon/"
Quantic Dream,França,Paris,https://www.quanticdream.com/fr,sim,nao,,nao se aplica (sem vaga da disciplina),"MEDIDO 08/09 pela API publica do ATS (lever:quanticdream): quadro devolveu 3 vaga(s) e NENHUMA e da disciplina (personagem, modelagem, textura, material, lookdev, surfacing, groom, sculpt, visual development). Afirmacao medida, nao presumida. | ficha: https://3dvf.com/en/studio/quantic-dream/"
Quasarts,França,Montpellier,https://keyplan3d.com,nao,nao_encontrada,,nao aplicavel — quadro nao localizado,"MEDIDO 08/09: o site RESPONDE (https://www.keyplan3d.com/), mas nao achei pagina de carreiras. Varri os links da home, chutei 14 caminhos (/careers, /jobs, /join-us, /recrutement, /nous-rejoindre, /carrieres, /vacancies e afins) e li o sitemap.xml e o robots.txt; o sitemap nao tem URL de carreiras. Nenhuma devolveu quadro de vagas. | ficha: https://3dvf.com/en/studio/quasarts-vb0jjiarrj-montpellier/"
RCD Except,França,Guyancourt,https://www.rcdexcept.com/fr/,nao,site-fora-do-ar,,nao aplicavel — site nao respondeu,"RE-TESTADO 08/09 com o protocolo de duas variacoes (com e sem www, com e sem barra final, https sempre, User-Agent de Chrome, e http como ultimo recurso): 5 enderecos tentados, nenhum respondeu. Tentativas: https://www.rcdexcept.com/fr/ HTTP 404 | https://www.rcdexcept.com/fr HTTP 404 | https://rcdexcept.com/fr/ HTTP 404 | https://rcdexcept.com/fr HTTP 404 | http://rcdexcept.com/fr/ HTTP 403 | ficha: https://3dvf.com/en/studio/rcd-except/"
Realcast,França,Paris,https://realcast.io/,nao,nao_encontrada,,nao aplicavel — quadro nao localizado,"MEDIDO 08/09: o site RESPONDE (https://www.realcast.io/), mas nao achei pagina de carreiras. Varri os links da home, chutei 14 caminhos (/careers, /jobs, /join-us, /recrutement, /nous-rejoindre, /carrieres, /vacancies e afins) e li o sitemap.xml e o robots.txt; o sitemap nao tem URL de carreiras. Nenhuma devolveu quadro de vagas. | ficha: https://3dvf.com/en/studio/realcast/"
Ride FX,França,Auray,https://ride-fx.com/,nao,nao,https://ride-fx.com/,NENHUM dos 17 termos,"MEDIDO 08/09: pagina de carreiras https://ride-fx.com/ lida por curl (12003 caracteres de texto) e NENHUM titulo da disciplina (personagem, criatura, modelagem, textura, look dev, surfacing, grooming, visual development, generalista 3D, hard surface, props, ambiente, lideranca de arte 3D) aparece nela. | ficha: https://3dvf.com/en/studio/ride-dadnmzlrb-auray/"
Riverman Studio,França,Paris,,nao,nao_encontrada,https://riverman.fr/,nao aplicavel — quadro nao localizado,"MEDIDO 08/09: a ficha do 3DVF nao publica site, mas o dominio https://riverman.fr/ responde HTTP 200 (titulo: ""riverman studio""). Nao foi varrido em busca de quadro de vagas nesta rodada. | ficha: https://3dvf.com/en/studio/riverman-go9tgu3fr-paris/"
Rockin VFX Studio,França,Piolenc,,nao,nao_encontrada,https://rockinvfx.com/,nao aplicavel — quadro nao localizado,"MEDIDO 08/09: a ficha do 3DVF nao publica site, mas o dominio https://rockinvfx.com/ responde HTTP 200 (titulo: ""Rockin VFX - Visual Effects Studio""). Nao foi varrido em busca de quadro de vagas nesta rodada. | ficha: https://3dvf.com/en/studio/rockin-vfx-studio/"
Rooftop Production,França,Montpellier,https://rooftop-production.com/,nao,site-fora-do-ar,,nao aplicavel — site nao respondeu,"RE-TESTADO 08/09 com o protocolo de duas variacoes (com e sem www, com e sem barra final, https sempre, User-Agent de Chrome, e http como ultimo recurso): 3 enderecos tentados, nenhum respondeu. Tentativas: https://rooftop-production.com/ ProxyError | https://www.rooftop-production.com/ ProxyError | http://rooftop-production.com/ ConnectionError | ficha: https://3dvf.com/en/studio/rooftop-1ue499bgo-montpellier/"
Sabotage studio,França,Paris,https://www.sabotage-studio.com/,sim,nao_encontrada,,nao aplicavel — quadro nao localizado,"MEDIDO 08/09: o site RESPONDE (https://www.sabotage-studio.com/), mas nao achei pagina de carreiras. Varri os links da home, chutei 14 caminhos (/careers, /jobs, /join-us, /recrutement, /nous-rejoindre, /carrieres, /vacancies e afins) e li o sitemap.xml e o robots.txt; o sitemap nao tem URL de carreiras. Nenhuma devolveu quadro de vagas. | ficha: https://3dvf.com/en/studio/sabotage-studio/"
Sacrebleu Productions,França,Paris,https://sacrebleuprod.fr/,nao,nao_encontrada,,nao aplicavel — quadro nao localizado,"MEDIDO 08/09: o site RESPONDE (https://sacrebleuprod.fr/?page_id=15817&lang=en), mas nao achei pagina de carreiras. Varri os links da home, chutei 14 caminhos (/careers, /jobs, /join-us, /recrutement, /nous-rejoindre, /carrieres, /vacancies e afins) e li o sitemap.xml e o robots.txt; o sitemap nao tem URL de carreiras. Nenhuma devolveu quadro de vagas. | ficha: https://3dvf.com/en/studio/sacrebleu-productions/"
SAS TRIBIA,França,Bègles,http://www.tribia.net,nao,nao_encontrada,,nao aplicavel — quadro nao localizado,"MEDIDO 08/09: o site RESPONDE (https://www.tribia.net/), mas nao achei pagina de carreiras. Varri os links da home, chutei 14 caminhos (/careers, /jobs, /join-us, /recrutement, /nous-rejoindre, /carrieres, /vacancies e afins) e li o sitemap.xml e o robots.txt; o sitemap nao tem URL de carreiras. Nenhuma devolveu quadro de vagas. | ficha: https://3dvf.com/en/studio/sas-tribia/"
scenesis pictures,França,Paris,http://scenesis-pictures.fr,nao,site-fora-do-ar,,nao aplicavel — site nao respondeu,"RE-TESTADO 08/09 com o protocolo de duas variacoes (com e sem www, com e sem barra final, https sempre, User-Agent de Chrome, e http como ultimo recurso): 3 enderecos tentados, nenhum respondeu. Tentativas: https://scenesis-pictures.fr/ SSLError | https://www.scenesis-pictures.fr/ SSLError | http://scenesis-pictures.fr/ HTTP 403 | ficha: https://3dvf.com/en/studio/scenesis-sx900g5p-75003/"
Shaft Design,França,Pierrelaye,https://shaftdesign.fr/,nao,site-fora-do-ar,,nao aplicavel — site nao respondeu,"RE-TESTADO 08/09 com o protocolo de duas variacoes (com e sem www, com e sem barra final, https sempre, User-Agent de Chrome, e http como ultimo recurso): 3 enderecos tentados, nenhum respondeu. Tentativas: https://shaftdesign.fr/ ConnectionError | https://www.shaftdesign.fr/ SSLError | http://shaftdesign.fr/ HTTP 403 | ficha: https://3dvf.com/en/studio/shaft-design/"
Shards,França,Paris,https://www.shards-cgi.com/,nao,nao_encontrada,,nao aplicavel — quadro nao localizado,"MEDIDO 08/09: o site RESPONDE (https://www.shards-cgi.com/), mas nao achei pagina de carreiras. Varri os links da home, chutei 14 caminhos (/careers, /jobs, /join-us, /recrutement, /nous-rejoindre, /carrieres, /vacancies e afins) e li o sitemap.xml e o robots.txt; o sitemap nao tem URL de carreiras. Nenhuma devolveu quadro de vagas. | ficha: https://3dvf.com/en/studio/shards/"
Silex Animation,França,Angoulême,https://www.silexfilms.com/animation/,nao,nao_encontrada,,nao aplicavel — quadro nao localizado,"MEDIDO 08/09: o site RESPONDE (https://www.silexfilms.com/animation/), mas nao achei pagina de carreiras. Varri os links da home, chutei 14 caminhos (/careers, /jobs, /join-us, /recrutement, /nous-rejoindre, /carrieres, /vacancies e afins) e li o sitemap.xml e o robots.txt; o sitemap nao tem URL de carreiras. Nenhuma devolveu quadro de vagas. | ficha: https://3dvf.com/en/studio/silex-animation/"
Slam Creations,França,Montreuil,https://slamcreations.fr,nao,nao_encontrada,,nao aplicavel — quadro nao localizado,"MEDIDO 08/09: o site RESPONDE (https://slamcreations.fr/), mas nao achei pagina de carreiras. Varri os links da home, chutei 14 caminhos (/careers, /jobs, /join-us, /recrutement, /nous-rejoindre, /carrieres, /vacancies e afins) e li o sitemap.xml e o robots.txt; o sitemap nao tem URL de carreiras. Nenhuma devolveu quadro de vagas. | ficha: https://3dvf.com/en/studio/slam-creations/"
SoWhen?,França,Montreuil,https://www.sowhen.fr/,nao,nao_encontrada,,nao aplicavel — quadro nao localizado,"MEDIDO 08/09: o site RESPONDE (https://sowhen.fr/), mas nao achei pagina de carreiras. Varri os links da home, chutei 14 caminhos (/careers, /jobs, /join-us, /recrutement, /nous-rejoindre, /carrieres, /vacancies e afins) e li o sitemap.xml e o robots.txt; o sitemap nao tem URL de carreiras. Nenhuma devolveu quadro de vagas. | ficha: https://3dvf.com/en/studio/sowhen-ovbi21fof-montreuil/"
Spiders,França,Paris,https://www.spiders-games.com/,nao,site-fora-do-ar,,nao aplicavel — site nao respondeu,"RE-TESTADO 08/09 com o protocolo de duas variacoes (com e sem www, com e sem barra final, https sempre, User-Agent de Chrome, e http como ultimo recurso): 3 enderecos tentados, nenhum respondeu. Tentativas: https://www.spiders-games.com/ HTTP 503 | https://spiders-games.com/ HTTP 503 | http://spiders-games.com/ HTTP 403 | ficha: https://3dvf.com/en/studio/spiders/"
St-louis Posthouse,França,Paris,https://www.st-louis.tv/,nao,nao,https://st-louis.tv/careers,NENHUM dos 17 termos,"MEDIDO 08/09: pagina de carreiras https://st-louis.tv/careers lida por curl (839 caracteres de texto) e NENHUM titulo da disciplina (personagem, criatura, modelagem, textura, look dev, surfacing, grooming, visual development, generalista 3D, hard surface, props, ambiente, lideranca de arte 3D) aparece nela. | ficha: https://3dvf.com/en/studio/st-louis-posthouse/"
STEEL Animation,França,Boulogne-Billancourt,https://steelanimation.fr/,nao,nao,https://steelanimation.fr/en/careers/,NENHUM dos 17 termos,"MEDIDO 08/09: a pagina de carreiras diz ""Freelance, internship, or collaboration: every profile counts"" e oferece candidatura espontanea. ""Modeling 3D"" aparece como area de competencia, nao como vaga aberta. | ficha: https://3dvf.com/en/studio/steel-animation/"
Stilla Studio,França,Paris,https://www.stilla-studio.fr,nao,nao_encontrada,,nao aplicavel — quadro nao localizado,"MEDIDO 08/09: o site RESPONDE (https://stilla-studio.fr/), mas nao achei pagina de carreiras. Varri os links da home, chutei 14 caminhos (/careers, /jobs, /join-us, /recrutement, /nous-rejoindre, /carrieres, /vacancies e afins) e li o sitemap.xml e o robots.txt; o sitemap nao tem URL de carreiras. Nenhuma devolveu quadro de vagas. | ficha: https://3dvf.com/en/studio/stilla-mchl1nh-paris/"
Stim Studio,França,Lyon,https://stimstudio.com/,sim,nao,https://www.stimstudio.com/en/careers/,NENHUM dos 17 termos,"MEDIDO 08/09: pagina de carreiras https://www.stimstudio.com/en/careers/ lida por curl (1004 caracteres de texto) e NENHUM titulo da disciplina (personagem, criatura, modelagem, textura, look dev, surfacing, grooming, visual development, generalista 3D, hard surface, props, ambiente, lideranca de arte 3D) aparece nela. | ficha: https://3dvf.com/en/studio/stim-studio/"
Stooko,França,Loire-Authion,https://www.stooko.fr/,nao,nao_encontrada,,nao aplicavel — quadro nao localizado,"MEDIDO 08/09: o site RESPONDE (https://www.stooko.fr/), mas nao achei pagina de carreiras. Varri os links da home, chutei 14 caminhos (/careers, /jobs, /join-us, /recrutement, /nous-rejoindre, /carrieres, /vacancies e afins) e li o sitemap.xml e o robots.txt; o sitemap nao tem URL de carreiras. Nenhuma devolveu quadro de vagas. | ficha: https://3dvf.com/en/studio/stooko/"
Strobe VFX,França,Paris,https://strobevfx.com,nao,nao,https://www.strobe.fr/about/careers,NENHUM dos 17 termos,"MEDIDO 08/09: pagina de carreiras https://www.strobe.fr/about/careers lida por curl (241294 caracteres de texto) e NENHUM titulo da disciplina (personagem, criatura, modelagem, textura, look dev, surfacing, grooming, visual development, generalista 3D, hard surface, props, ambiente, lideranca de arte 3D) aparece nela. ATENCAO: a pagina traz caracteres Unicode invisiveis; foram ignorados e o texto foi lido sem eles. | ficha: https://3dvf.com/en/studio/strobe-vfx/"
STUDIO &#8211; ADN FAMILY,França,Biarritz STUDIO - ADN FAMILY,https://studio.adnfamily.com/,nao,nao_encontrada,,nao aplicavel — quadro nao localizado,"MEDIDO 08/09: o site RESPONDE (https://studio.adnfamily.com/), mas nao achei pagina de carreiras. Varri os links da home, chutei 14 caminhos (/careers, /jobs, /join-us, /recrutement, /nous-rejoindre, /carrieres, /vacancies e afins) e li o sitemap.xml e o robots.txt; o sitemap nao tem URL de carreiras. Nenhuma devolveu quadro de vagas. | ficha: https://3dvf.com/en/studio/adn-family/"
Studio Alyen,França,Marseille,https://www.alyen.com/,nao,nao_encontrada,,nao aplicavel — quadro nao localizado,"MEDIDO 08/09: o site RESPONDE (https://www.alyen.com/), mas nao achei pagina de carreiras. Varri os links da home, chutei 14 caminhos (/careers, /jobs, /join-us, /recrutement, /nous-rejoindre, /carrieres, /vacancies e afins) e li o sitemap.xml e o robots.txt; o sitemap nao tem URL de carreiras. Nenhuma devolveu quadro de vagas. | ficha: https://3dvf.com/en/studio/studio-alyen/"
Studio Hari,França,Paris,https://www.studiohari.com/,nao,site-fora-do-ar,,nao aplicavel — site nao respondeu,"RE-TESTADO 08/09 com o protocolo de duas variacoes (com e sem www, com e sem barra final, https sempre, User-Agent de Chrome, e http como ultimo recurso): 3 enderecos tentados, nenhum respondeu. Tentativas: https://www.studiohari.com/ SSLError | https://studiohari.com/ SSLError | http://studiohari.com/ HTTP 403 | ficha: https://3dvf.com/en/studio/studio-hari/"
Studio Kippik,França,Paris,https://www.kippik.fr/,nao,nao_encontrada,,,"Pagina de carreiras lida (mailto:jobs@kippik.fr): nenhum titulo da disciplina no HTML. Pode ser quadro carregado por JavaScript, que nao da para ler sem navegador. | ficha: https://3dvf.com/en/studio/studio-kippik/"
Studio la Cachette,França,Paris,https://www.studiolacachette.com/,nao,nao_encontrada,,nao aplicavel — quadro nao localizado,"MEDIDO 08/09: o site RESPONDE (https://www.studiolacachette.com/), mas nao achei pagina de carreiras. Varri os links da home, chutei 14 caminhos (/careers, /jobs, /join-us, /recrutement, /nous-rejoindre, /carrieres, /vacancies e afins) e li o sitemap.xml e o robots.txt; o sitemap nao tem URL de carreiras. Nenhuma devolveu quadro de vagas. | ficha: https://3dvf.com/en/studio/studio-la-cachette/"
Studio La Lanterne,França,Paris,https://studiolalanterne.com/,nao,nao_encontrada,,nao aplicavel — quadro nao localizado,"MEDIDO 08/09: o site RESPONDE (https://www.studiolalanterne.com/), mas nao achei pagina de carreiras. Varri os links da home, chutei 14 caminhos (/careers, /jobs, /join-us, /recrutement, /nous-rejoindre, /carrieres, /vacancies e afins) e li o sitemap.xml e o robots.txt; o sitemap nao tem URL de carreiras. Nenhuma devolveu quadro de vagas. | ficha: https://3dvf.com/en/studio/studio-la-lanterne/"
Studio Raclette,França,Saint andré lez lille,https://www.studioraclette.com,nao,nao_encontrada,,,"Pagina de carreiras lida (https://www.studioraclette.com/jobs): nenhum titulo da disciplina no HTML. Pode ser quadro carregado por JavaScript, que nao da para ler sem navegador. | ficha: https://3dvf.com/en/studio/studio-vvcxciw3-saint-andre-lez-lille/"
Studio Redfrog,França,Lille,https://www.studioredfrog.com/,nao,site-fora-do-ar,,nao aplicavel — site nao respondeu,"RE-TESTADO 08/09 com o protocolo de duas variacoes (com e sem www, com e sem barra final, https sempre, User-Agent de Chrome, e http como ultimo recurso): 3 enderecos tentados, nenhum respondeu. Tentativas: https://www.studioredfrog.com/ HTTP 404 | https://studioredfrog.com/ HTTP 404 | http://studioredfrog.com/ HTTP 403 | ficha: https://3dvf.com/en/studio/studio-redfrog/"
Studio Train-Train,França,Lille,,nao,nao_encontrada,https://train-train.app,nao aplicavel — quadro nao localizado,"MEDIDO 08/09: a ficha do 3DVF nao publica site, mas o dominio https://train-train.app responde HTTP 200 (titulo: ""Train Train : l&#x27;application de rencontre dans les train""). Nao foi varrido em busca de quadro de vagas nesta rodada. | ficha: https://3dvf.com/en/studio/studio-train-train/"
Studio Unagi,França,,,nao,site-fora-do-ar,,nao aplicavel — site nao respondeu,"RE-TESTADO 08/09: a ficha do 3DVF nao publica site. Tentei os dominios mais provaveis (https://studiounagi.com/, https://www.unagi-studio.fr/) com https e User-Agent de Chrome e nenhum respondeu. Sem porta para testar. | ficha: https://3dvf.com/en/studio/studio-unagi/"
Studio403,França,Isle,https://studio403.fr,nao,nao_encontrada,,nao aplicavel — quadro nao localizado,"MEDIDO 08/09: o site RESPONDE (https://studio403.fr/), mas nao achei pagina de carreiras. Varri os links da home, chutei 14 caminhos (/careers, /jobs, /join-us, /recrutement, /nous-rejoindre, /carrieres, /vacancies e afins) e li o sitemap.xml e o robots.txt; o sitemap nao tem URL de carreiras. Nenhuma devolveu quadro de vagas. | ficha: https://3dvf.com/en/studio/studio403/"
Studios Post&#038;Prod,França,Boulogne Billancourt Studios Post&Prod,https://www.studiospostprod.com/,nao,nao_encontrada,,nao aplicavel — quadro nao localizado,"MEDIDO 08/09: o site RESPONDE (https://www.studiospostandprod.fr/), mas nao achei pagina de carreiras. Varri os links da home, chutei 14 caminhos (/careers, /jobs, /join-us, /recrutement, /nous-rejoindre, /carrieres, /vacancies e afins) e li o sitemap.xml e o robots.txt; o sitemap nao tem URL de carreiras. Nenhuma devolveu quadro de vagas. | ficha: https://3dvf.com/en/studio/studio-postprod/"
Style &#038; Design,França,Maurepas Style & Design,https://www.styleanddesign.fr/,nao,nao_encontrada,,nao aplicavel — quadro nao localizado,"MEDIDO 08/09: o site RESPONDE (https://www.styleanddesign.fr/), mas nao achei pagina de carreiras. Varri os links da home, chutei 14 caminhos (/careers, /jobs, /join-us, /recrutement, /nous-rejoindre, /carrieres, /vacancies e afins) e li o sitemap.xml e o robots.txt; o sitemap nao tem URL de carreiras. Nenhuma devolveu quadro de vagas. | ficha: https://3dvf.com/en/studio/837159/"
Supamonks Studio,França,Arcueil,https://www.supamonks.com/,sim,nao,https://www.supamonks.com/productions/jobs,NENHUM dos 17 termos,"MEDIDO 08/09: pagina de carreiras https://www.supamonks.com/productions/jobs lida por curl (10456 caracteres de texto) e NENHUM titulo da disciplina (personagem, criatura, modelagem, textura, look dev, surfacing, grooming, visual development, generalista 3D, hard surface, props, ambiente, lideranca de arte 3D) aparece nela. | ficha: https://3dvf.com/en/studio/supamonks-studio/"
Superights,França,Paris,https://www.superights.net/fr/,nao,nao_encontrada,,nao aplicavel — quadro nao localizado,"MEDIDO 08/09: o site RESPONDE (https://www.superights.net/fr/), mas nao achei pagina de carreiras. Varri os links da home, chutei 14 caminhos (/careers, /jobs, /join-us, /recrutement, /nous-rejoindre, /carrieres, /vacancies e afins) e li o sitemap.xml e o robots.txt; o sitemap nao tem URL de carreiras. Nenhuma devolveu quadro de vagas. Tentados: https://www.superights.net/about/careers, https://www.superights.net/career, https://www.superights.net/careers, https://www.superights.net/careers/, https://www.superights.net/carrieres, https://www.superights.net/company/careers. | ficha: https://3dvf.com/en/studio/superights/"
Superprod Animation,França,Paris,https://www.superprodanimation.net/fr/,sim,nao_encontrada,,nao aplicavel — quadro nao localizado,"MEDIDO 08/09: o site RESPONDE (https://superprod.net/fr/superprod-films), mas nao achei pagina de carreiras. Varri os links da home, chutei 14 caminhos (/careers, /jobs, /join-us, /recrutement, /nous-rejoindre, /carrieres, /vacancies e afins) e li o sitemap.xml e o robots.txt; o sitemap nao tem URL de carreiras. Nenhuma devolveu quadro de vagas. Tentados: https://superprod.net/about/careers, https://superprod.net/career, https://superprod.net/careers, https://superprod.net/careers/, https://superprod.net/carrieres, https://superprod.net/company/careers. | ficha: https://3dvf.com/en/studio/superprod-animation/"
superStory,França,Romans,https://www.superstory.fr/,nao,nao_encontrada,,nao aplicavel — quadro nao localizado,"MEDIDO 08/09: o site RESPONDE (https://jpaulverne.wixsite.com/monsite), mas nao achei pagina de carreiras. Varri os links da home, chutei 14 caminhos (/careers, /jobs, /join-us, /recrutement, /nous-rejoindre, /carrieres, /vacancies e afins) e li o sitemap.xml e o robots.txt; o sitemap nao tem URL de carreiras. Nenhuma devolveu quadro de vagas. | ficha: https://3dvf.com/en/studio/superstory/"
SYNTHES&rsquo;3D,França,AIX-EN-PROVENCE SYNTHES'3D,https://www.synthes3d.com/,nao,site-fora-do-ar,,nao aplicavel — site nao respondeu,"RE-TESTADO 08/09 com o protocolo de duas variacoes (com e sem www, com e sem barra final, https sempre, User-Agent de Chrome, e http como ultimo recurso): 3 enderecos tentados, nenhum respondeu. Tentativas: https://www.synthes3d.com/ HTTP 503 | https://synthes3d.com/ HTTP 503 | http://synthes3d.com/ HTTP 403 | ficha: https://3dvf.com/en/studio/synthes3d/"
TAT Productions,França,Toulouse,https://tatprod.com/,sim,nao_encontrada,,nao aplicavel — quadro nao localizado,"MEDIDO 08/09: o site RESPONDE (https://tatprod.com/), mas nao achei pagina de carreiras. Varri os links da home, chutei 14 caminhos (/careers, /jobs, /join-us, /recrutement, /nous-rejoindre, /carrieres, /vacancies e afins) e li o sitemap.xml e o robots.txt; o sitemap nao tem URL de carreiras. Nenhuma devolveu quadro de vagas. | ficha: https://3dvf.com/en/studio/tat-productions/"
TBWA,França,Boulogne Billancourt,https://www.tbwa-paris.com/fr,nao,nao,https://tbwa-paris.com/page-not-found/,NENHUM dos 17 termos,"MEDIDO 08/09: pagina de carreiras https://tbwa-paris.com/page-not-found/ lida por curl (25699 caracteres de texto) e NENHUM titulo da disciplina (personagem, criatura, modelagem, textura, look dev, surfacing, grooming, visual development, generalista 3D, hard surface, props, ambiente, lideranca de arte 3D) aparece nela. | ficha: https://3dvf.com/en/studio/tbwa/"
TeamTO,França,Paris,https://www.teamto.com/,sim,nao_encontrada,,nao aplicavel — quadro nao localizado,"MEDIDO 08/09: o site RESPONDE (https://www.teamto.com/), mas nao achei pagina de carreiras. Varri os links da home, chutei 14 caminhos (/careers, /jobs, /join-us, /recrutement, /nous-rejoindre, /carrieres, /vacancies e afins) e li o sitemap.xml e o robots.txt; o sitemap nao tem URL de carreiras. Nenhuma devolveu quadro de vagas. | ficha: https://3dvf.com/en/studio/teamto/"
Ten2Ten Films,França,Rennes,https://ten2ten.net/,nao,nao_encontrada,,nao aplicavel — quadro nao localizado,"MEDIDO 08/09: o site RESPONDE (https://ten2ten.net/), mas nao achei pagina de carreiras. Varri os links da home, chutei 14 caminhos (/careers, /jobs, /join-us, /recrutement, /nous-rejoindre, /carrieres, /vacancies e afins) e li o sitemap.xml e o robots.txt; o sitemap nao tem URL de carreiras. Nenhuma devolveu quadro de vagas. | ficha: https://3dvf.com/en/studio/ten2ten-films/"
Terminus,França,Nantes,https://terminus-studio.com,nao,nao_encontrada,,nao aplicavel — quadro nao localizado,"MEDIDO 08/09: o site RESPONDE (https://terminus-studio.com/), mas nao achei pagina de carreiras. Varri os links da home, chutei 14 caminhos (/careers, /jobs, /join-us, /recrutement, /nous-rejoindre, /carrieres, /vacancies e afins) e li o sitemap.xml e o robots.txt; o sitemap nao tem URL de carreiras. Nenhuma devolveu quadro de vagas. | ficha: https://3dvf.com/en/studio/terminus-vxxukcqd-nantes/"
The Seed,França,Aubervilliers,https://www.the-seed.fr/,nao,site-fora-do-ar,,nao aplicavel — site nao respondeu,"RE-TESTADO 08/09 com o protocolo de duas variacoes (com e sem www, com e sem barra final, https sempre, User-Agent de Chrome, e http como ultimo recurso): 3 enderecos tentados, nenhum respondeu. Tentativas: https://www.the-seed.fr/ HTTP 404 | https://the-seed.fr/ HTTP 404 | http://the-seed.fr/ HTTP 403 | ficha: https://3dvf.com/en/studio/the-seed/"
The Shading,França,Paris,https://www.theshading.com/,nao,nao_encontrada,,nao aplicavel — quadro nao localizado,"MEDIDO 08/09: o site RESPONDE (https://www.theshading.com/), mas nao achei pagina de carreiras. Varri os links da home, chutei 14 caminhos (/careers, /jobs, /join-us, /recrutement, /nous-rejoindre, /carrieres, /vacancies e afins) e li o sitemap.xml e o robots.txt; o sitemap nao tem URL de carreiras. Nenhuma devolveu quadro de vagas. | ficha: https://3dvf.com/en/studio/the-d1pn4vxix-paris/"
Tigobo Animation,França,Angoulême,https://www.tigoboanimation.com,nao,nao_encontrada,,nao aplicavel — quadro nao localizado,"MEDIDO 08/09: o site RESPONDE (https://tigoboanimation.com/), mas nao achei pagina de carreiras. Varri os links da home, chutei 14 caminhos (/careers, /jobs, /join-us, /recrutement, /nous-rejoindre, /carrieres, /vacancies e afins) e li o sitemap.xml e o robots.txt; o sitemap nao tem URL de carreiras. Nenhuma devolveu quadro de vagas. | ficha: https://3dvf.com/en/studio/tigobo-animation/"
TNZPV (Tu Nous ZA Pas Vus),França,Arles,https://www.tnzpv.com/,nao,precisa-de-navegador,https://www.tnzpv.com/jobs/,nao verificavel por curl,"MEDIDO 08/09: a pagina de carreiras responde HTTP 200 mas o corpo tem apenas 939 caracteres de texto depois de tirar script e style, ou seja o quadro monta em JavaScript e o curl nao le a lista. Nao registrei como sem vaga. PRECISA DE NAVEGADOR. | ficha: https://3dvf.com/en/studio/tu-nous-za-pas-vus/"
Tokoto Studio,França,Villeurbanne,https://tokoto.fr/,nao,nao_encontrada,,nao aplicavel — quadro nao localizado,"MEDIDO 08/09: o site RESPONDE (https://tokoto.fr/), mas nao achei pagina de carreiras. Varri os links da home, chutei 14 caminhos (/careers, /jobs, /join-us, /recrutement, /nous-rejoindre, /carrieres, /vacancies e afins) e li o sitemap.xml e o robots.txt; o sitemap nao tem URL de carreiras. Nenhuma devolveu quadro de vagas. | ficha: https://3dvf.com/en/studio/tokoto-studio/"
Toonkit,França,Angouleme,https://www.toonkit-studio.com/,nao,nao,https://www.toonkit-studio.com/carrieres/,NENHUM dos 17 termos,"MEDIDO 08/09: pagina de carreiras https://www.toonkit-studio.com/carrieres/ lida por curl (2677 caracteres de texto) e NENHUM titulo da disciplina (personagem, criatura, modelagem, textura, look dev, surfacing, grooming, visual development, generalista 3D, hard surface, props, ambiente, lideranca de arte 3D) aparece nela. | ficha: https://3dvf.com/en/studio/toonkit/"
Tribia,França,Bègles,https://tribia.net/,nao,nao_encontrada,,nao aplicavel — quadro nao localizado,"MEDIDO 08/09: o site RESPONDE (https://tribia.net/), mas nao achei pagina de carreiras. Varri os links da home, chutei 14 caminhos (/careers, /jobs, /join-us, /recrutement, /nous-rejoindre, /carrieres, /vacancies e afins) e li o sitemap.xml e o robots.txt; o sitemap nao tem URL de carreiras. Nenhuma devolveu quadro de vagas. | ficha: https://3dvf.com/en/studio/tribia/"
Trimaran VFX,França,Vanves,https://www.trimaran.com/,sim,precisa-de-navegador,https://www.trimaran.com/jobs/,nao verificavel por curl,"MEDIDO 08/09: a pagina de carreiras responde HTTP 200 mas o corpo tem apenas 1517 caracteres de texto depois de tirar script e style, ou seja o quadro monta em JavaScript e o curl nao le a lista. Nao registrei como sem vaga. PRECISA DE NAVEGADOR. | ficha: https://3dvf.com/en/studio/trimaran-vfx/"
Tronatic Studio,França,Saint Avertin,https://www.tronatic-studio.com/,nao,nao_encontrada,,nao aplicavel — quadro nao localizado,"MEDIDO 08/09: o site RESPONDE (https://www.tronatic-studio.com/fr/), mas nao achei pagina de carreiras. Varri os links da home, chutei 14 caminhos (/careers, /jobs, /join-us, /recrutement, /nous-rejoindre, /carrieres, /vacancies e afins) e li o sitemap.xml e o robots.txt; o sitemap nao tem URL de carreiras. Nenhuma devolveu quadro de vagas. | ficha: https://3dvf.com/en/studio/tronatic-x2h5pua8bq-saint-avertin/"
Troublemakers,França,Paris,https://troublemakers.tv/,nao,nao_encontrada,,nao aplicavel — quadro nao localizado,"MEDIDO 08/09: o site RESPONDE (https://troublemakers.tv/), mas nao achei pagina de carreiras. Varri os links da home, chutei 14 caminhos (/careers, /jobs, /join-us, /recrutement, /nous-rejoindre, /carrieres, /vacancies e afins) e li o sitemap.xml e o robots.txt; o sitemap nao tem URL de carreiras. Nenhuma devolveu quadro de vagas. | ficha: https://3dvf.com/en/studio/troublemakers/"
Tsunami Studio,França,Marcheprime,https://www.tsunami-studio.com/,nao,nao,https://www.tsunami-studio.com/about/careers,NENHUM dos 17 termos,"MEDIDO 08/09: pagina de carreiras https://www.tsunami-studio.com/about/careers lida por curl (24528 caracteres de texto) e NENHUM titulo da disciplina (personagem, criatura, modelagem, textura, look dev, surfacing, grooming, visual development, generalista 3D, hard surface, props, ambiente, lideranca de arte 3D) aparece nela. ATENCAO: a pagina traz caracteres Unicode invisiveis; foram ignorados e o texto foi lido sem eles. | ficha: https://3dvf.com/en/studio/tsunami-studio/"
Twist &#038; Cie,França,Levallois Perret Twist & Cie,https://www.twistandcie.com/,nao,nao_encontrada,,nao aplicavel — quadro nao localizado,"MEDIDO 08/09: o site RESPONDE (https://www.twistandcie.com/), mas nao achei pagina de carreiras. Varri os links da home, chutei 14 caminhos (/careers, /jobs, /join-us, /recrutement, /nous-rejoindre, /carrieres, /vacancies e afins) e li o sitemap.xml e o robots.txt; o sitemap nao tem URL de carreiras. Nenhuma devolveu quadro de vagas. | ficha: https://3dvf.com/en/studio/twist-cie/"
Ubisoft,França,Annecy Lyon,https://www.ubisoft.com/fr-FR/studio/annecy.aspx,sim,site-fora-do-ar,,nao aplicavel — site nao respondeu,"RE-TESTADO 08/09 com o protocolo de duas variacoes (com e sem www, com e sem barra final, https sempre, User-Agent de Chrome, e http como ultimo recurso): 5 enderecos tentados, nenhum respondeu. Tentativas: https://www.ubisoft.com/fr-FR/studio/annecy.aspx HTTP 404 | https://www.ubisoft.com/fr-FR/studio/annecy.aspx/ HTTP 404 | https://ubisoft.com/fr-FR/studio/annecy.aspx HTTP 404 | https://ubisoft.com/fr-FR/studio/annecy.aspx/ HTTP 404 | http://ubisoft.com/fr-FR/studio/annecy.aspx HTTP 403 | ficha: https://3dvf.com/en/studio/ubisoft/"
Unique Animation,França,Angoulême,https://uniqueanimation.com,nao,nao_encontrada,,nao aplicavel — quadro nao localizado,"MEDIDO 08/09: o site RESPONDE (https://uniqueanimation.com/), mas nao achei pagina de carreiras. Varri os links da home, chutei 14 caminhos (/careers, /jobs, /join-us, /recrutement, /nous-rejoindre, /carrieres, /vacancies e afins) e li o sitemap.xml e o robots.txt; o sitemap nao tem URL de carreiras. Nenhuma devolveu quadro de vagas. | ficha: https://3dvf.com/en/studio/unique-animation/"
Unit Image,França,Paris,https://www.unit-image.fr/,sim,nao,https://www.unit-image.fr/fr/jobs/,"idioma local=3(anuncio em frances); based in=1(falso positivo, endereco do estudio)","MEDIDO 08/09: a pagina Rejoindre l-equipe traz candidatura espontanea mais as vagas abertas; a unica descrita e ""Coordinateur.rice de departement TD/IT/DEV"", que nao e da disciplina. O que casou (Grooming, Texturing, Environment modeling, 3D character) era LISTA DE COMPETENCIAS do formulario, nao titulo de vaga. | ficha: https://3dvf.com/en/studio/unit-image/"
Unltd,França,Montreal,https://www.go-unlimited.co/,nao,site-fora-do-ar,,nao aplicavel — site nao respondeu,"RE-TESTADO 08/09 com o protocolo de duas variacoes (com e sem www, com e sem barra final, https sempre, User-Agent de Chrome, e http como ultimo recurso): 3 enderecos tentados, nenhum respondeu. Tentativas: https://www.go-unlimited.co/ ConnectionError | https://go-unlimited.co/ ReadTimeout | http://go-unlimited.co/ HTTP 403 | ficha: https://3dvf.com/en/studio/unltd/"
Valentinstudio,França,Lyon,https://valentinstudio.com/fr/,nao,nao_encontrada,,,"Pagina de carreiras lida (https://valentinstudio.com/fr/jobs/): nenhum titulo da disciplina no HTML. Pode ser quadro carregado por JavaScript, que nao da para ler sem navegador. | ficha: https://3dvf.com/en/studio/valentinstudio-onxudr5g-lyon/"
Viewmakers,França,Villeurbanne,http://viewmakers.fr,nao,nao_encontrada,,nao aplicavel — quadro nao localizado,"MEDIDO 08/09: o site RESPONDE (https://viewmakers.fr/), mas nao achei pagina de carreiras. Varri os links da home, chutei 14 caminhos (/careers, /jobs, /join-us, /recrutement, /nous-rejoindre, /carrieres, /vacancies e afins) e li o sitemap.xml e o robots.txt; o sitemap nao tem URL de carreiras. Nenhuma devolveu quadro de vagas. | ficha: https://3dvf.com/en/studio/viewmakers/"
VIRTUAL LIGHTNING BOX,França,Paris,https://virtuallightningbox.com,nao,nao_encontrada,,nao aplicavel — quadro nao localizado,"MEDIDO 08/09: o site RESPONDE (https://virtuallightningbox.com/), mas nao achei pagina de carreiras. Varri os links da home, chutei 14 caminhos (/careers, /jobs, /join-us, /recrutement, /nous-rejoindre, /carrieres, /vacancies e afins) e li o sitemap.xml e o robots.txt; o sitemap nao tem URL de carreiras. Nenhuma devolveu quadro de vagas. | ficha: https://3dvf.com/en/studio/virtual-yqfu0uvskb-paris/"
Virtual Production House,França,Elancourt,https://virtualproductionhouse.com/,nao,nao_encontrada,,nao aplicavel — quadro nao localizado,"MEDIDO 08/09: o site RESPONDE (https://virtualproductionhouse.com/), mas nao achei pagina de carreiras. Varri os links da home, chutei 14 caminhos (/careers, /jobs, /join-us, /recrutement, /nous-rejoindre, /carrieres, /vacancies e afins) e li o sitemap.xml e o robots.txt; o sitemap nao tem URL de carreiras. Nenhuma devolveu quadro de vagas. | ficha: https://3dvf.com/en/studio/virtual-production-house/"
Vision Age VFX,França,Chagny,https://www.visionage-vfx.com/,nao,nao_encontrada,,nao aplicavel — quadro nao localizado,"MEDIDO 08/09: o site RESPONDE (https://www.visionage-vfx.com/), mas nao achei pagina de carreiras. Varri os links da home, chutei 14 caminhos (/careers, /jobs, /join-us, /recrutement, /nous-rejoindre, /carrieres, /vacancies e afins) e li o sitemap.xml e o robots.txt; o sitemap nao tem URL de carreiras. Nenhuma devolveu quadro de vagas. | ficha: https://3dvf.com/en/studio/vision-age-vfx/"
Vivement Lundi !,França,Rennes,https://www.vivement-lundi.com/vivement-lundi/Accueil-Vivement-Lundi.html,nao,nao,https://www.vivement-lundi.com,NENHUM dos 17 termos,"MEDIDO 08/09: pagina de carreiras https://www.vivement-lundi.com lida por curl (313195 caracteres de texto) e NENHUM titulo da disciplina (personagem, criatura, modelagem, textura, look dev, surfacing, grooming, visual development, generalista 3D, hard surface, props, ambiente, lideranca de arte 3D) aparece nela. ATENCAO: a pagina traz caracteres Unicode invisiveis; foram ignorados e o texto foi lido sem eles. | ficha: https://3dvf.com/en/studio/vivement-lundi/"
Voxler,França,Marseille,https://voxler.fr,nao,nao_encontrada,,,"Pagina de carreiras lida (https://voxler.fr/#careers): nenhum titulo da disciplina no HTML. Pode ser quadro carregado por JavaScript, que nao da para ler sem navegador. | ficha: https://3dvf.com/en/studio/voxler-09ftt541-marseille/"
Werlen Meyer,França,Paris,https://www.werlenmeyer.com/,nao,nao_encontrada,,nao aplicavel — quadro nao localizado,"MEDIDO 08/09: o site RESPONDE (https://werlenmeyer.com/), mas nao achei pagina de carreiras. Varri os links da home, chutei 14 caminhos (/careers, /jobs, /join-us, /recrutement, /nous-rejoindre, /carrieres, /vacancies e afins) e li o sitemap.xml e o robots.txt; o sitemap nao tem URL de carreiras. Nenhuma devolveu quadro de vagas. | ficha: https://3dvf.com/en/studio/werlen-meyer/"
Wizz / QUAD GROUP,França,Clichy,https://wizz.fr/,nao,nao_encontrada,,nao aplicavel — quadro nao localizado,"MEDIDO 08/09: o site RESPONDE (https://wizz.fr/), mas nao achei pagina de carreiras. Varri os links da home, chutei 14 caminhos (/careers, /jobs, /join-us, /recrutement, /nous-rejoindre, /carrieres, /vacancies e afins) e li o sitemap.xml e o robots.txt; o sitemap nao tem URL de carreiras. Nenhuma devolveu quadro de vagas. | ficha: https://3dvf.com/en/studio/wizz-quad-group/"
XD Productions,França,Bry-sur-Marne,https://www.xdprod.com/,nao,nao_encontrada,,nao aplicavel — quadro nao localizado,"MEDIDO 08/09: o site RESPONDE (https://www.xdprod.com/), mas nao achei pagina de carreiras. Varri os links da home, chutei 14 caminhos (/careers, /jobs, /join-us, /recrutement, /nous-rejoindre, /carrieres, /vacancies e afins) e li o sitemap.xml e o robots.txt; o sitemap nao tem URL de carreiras. Nenhuma devolveu quadro de vagas. | ficha: https://3dvf.com/en/studio/xd-productions/"
Xilam Animation,França,Paris,https://xilam.com/,sim,site-fora-do-ar,,nao aplicavel — site nao respondeu,"RE-TESTADO 08/09 com o protocolo de duas variacoes (com e sem www, com e sem barra final, https sempre, User-Agent de Chrome, e http como ultimo recurso): 3 enderecos tentados, nenhum respondeu. Tentativas: https://xilam.com/ SSLError | https://www.xilam.com/ SSLError | http://xilam.com/ HTTP 403 | ficha: https://3dvf.com/en/studio/xilam-animation/"
Zagtoon,França,Paris,https://www.zag-inc.com/,nao,nao_encontrada,,nao aplicavel — quadro nao localizado,"MEDIDO 08/09: o site RESPONDE (https://www.zag.com/), mas nao achei pagina de carreiras. Varri os links da home, chutei 14 caminhos (/careers, /jobs, /join-us, /recrutement, /nous-rejoindre, /carrieres, /vacancies e afins) e li o sitemap.xml e o robots.txt; o sitemap nao tem URL de carreiras. Nenhuma devolveu quadro de vagas. | ficha: https://3dvf.com/en/studio/zagtoon/"
Digic Pictures,Hungria,Budapest,https://digicgroup.com/,sim,sim,https://digicgroup.com/job-shorts/,sem termo de veto lido na listagem; DUPLICATA com candidatura ja enviada,"MEDIDO 08/09: a listagem de funcoes da Digic Pictures e legivel por curl e traz Character Modeler, Texture Artist, Shading Artist e Grooming Artist entre as disciplinas que contratam. DUPLICATA: a Digic JA ESTA NO PAINEL com candidatura espontanea enviada em 02/09 e uma vaga de CFX enviada e confirmada em 06/09. | ficha: https://3dvf.com/en/studio/digic-pictures/"
Moonrock Animation Studio,Hungria,Budapest,,nao,site-fora-do-ar,,nao aplicavel — site nao respondeu,"RE-TESTADO 08/09: a ficha do 3DVF nao publica site. Tentei os dominios mais provaveis (https://moonrock.hu/, https://www.moonrockstudio.hu/) com https e User-Agent de Chrome e nenhum respondeu. Sem porta para testar. | ficha: https://3dvf.com/en/studio/moonrock-animation-studio/"
Brown Bag Films,Irlanda / Canadá,Dublin Bali Toronto,https://www.brownbagfilms.com/,sim,site-fora-do-ar,,nao aplicavel — site nao respondeu,"RE-TESTADO 08/09 com o protocolo de duas variacoes (com e sem www, com e sem barra final, https sempre, User-Agent de Chrome, e http como ultimo recurso): 3 enderecos tentados, nenhum respondeu. Tentativas: https://www.brownbagfilms.com/ ConnectionError | https://brownbagfilms.com/ ReadTimeout | http://brownbagfilms.com/ HTTP 403 | ficha: https://3dvf.com/en/studio/brown-bag-films/"
SSVFX,Irlanda,Dublin,https://www.ssvfx.ie,sim,site-fora-do-ar,,nao aplicavel — site nao respondeu,"RE-TESTADO 08/09 com o protocolo de duas variacoes (com e sem www, com e sem barra final, https sempre, User-Agent de Chrome, e http como ultimo recurso): 3 enderecos tentados, nenhum respondeu. Tentativas: https://www.ssvfx.ie/ ConnectionError | https://ssvfx.ie/ ReadTimeout | http://ssvfx.ie/ HTTP 403 | ficha: https://3dvf.com/en/studio/ssvfx/"
CCP Games,Islândia,Reykjavik,https://www.ccpgames.com/,nao,nao_encontrada,,,"Pagina de carreiras lida (https://www.ccpgames.com/careers): nenhum titulo da disciplina no HTML. Pode ser quadro carregado por JavaScript, que nao da para ler sem navegador. | ficha: https://3dvf.com/en/studio/ccp-games/"
Gagarin,Islândia,Reykjavik,https://www.gagarin.is/,nao,nao_encontrada,,nao aplicavel — quadro nao localizado,"MEDIDO 08/09: o site RESPONDE (https://www.gagarin.is/), mas nao achei pagina de carreiras. Varri os links da home, chutei 14 caminhos (/careers, /jobs, /join-us, /recrutement, /nous-rejoindre, /carrieres, /vacancies e afins) e li o sitemap.xml e o robots.txt; o sitemap nao tem URL de carreiras. Nenhuma devolveu quadro de vagas. | ficha: https://3dvf.com/en/studio/gagarin/"
Reykjavík IO,Islândia,Reykjavik,https://www.reykjavikio.com/,nao,nao_encontrada,,nao aplicavel — quadro nao localizado,"MEDIDO 08/09: o site RESPONDE (https://idcwinhole.com), mas nao achei pagina de carreiras. Varri os links da home, chutei 14 caminhos (/careers, /jobs, /join-us, /recrutement, /nous-rejoindre, /carrieres, /vacancies e afins) e li o sitemap.xml e o robots.txt; o sitemap nao tem URL de carreiras. Nenhuma devolveu quadro de vagas. | ficha: https://3dvf.com/en/studio/reykjavik-io/"
RVX,Islândia,Reykjavik,https://www.rvx.is/,nao,precisa-de-navegador,https://www.rvx.is/jobs/,nao verificavel por curl,"MEDIDO 08/09: a pagina de carreiras responde HTTP 200 mas o corpo tem apenas 1176 caracteres de texto depois de tirar script e style, ou seja o quadro monta em JavaScript e o curl nao le a lista. Nao registrei como sem vaga. PRECISA DE NAVEGADOR. | ficha: https://3dvf.com/en/studio/rvx/"
Solfar Studios,Islândia,Reykjavik,https://www.solfar.com/,nao,nao_encontrada,,nao aplicavel — quadro nao localizado,"MEDIDO 08/09: o site RESPONDE (https://www.solfar.com/), mas nao achei pagina de carreiras. Varri os links da home, chutei 14 caminhos (/careers, /jobs, /join-us, /recrutement, /nous-rejoindre, /carrieres, /vacancies e afins) e li o sitemap.xml e o robots.txt; o sitemap nao tem URL de carreiras. Nenhuma devolveu quadro de vagas. | ficha: https://3dvf.com/en/studio/solfar-studios/"
Split VFX,Islândia,Reykjavík,https://www.split.is/,nao,nao_encontrada,,nao aplicavel — quadro nao localizado,"MEDIDO 08/09: o site RESPONDE (https://www.split.is/), mas nao achei pagina de carreiras. Varri os links da home, chutei 14 caminhos (/careers, /jobs, /join-us, /recrutement, /nous-rejoindre, /carrieres, /vacancies e afins) e li o sitemap.xml e o robots.txt; o sitemap nao tem URL de carreiras. Nenhuma devolveu quadro de vagas. | ficha: https://3dvf.com/en/studio/split-vfx/"
Uchi VFX,Itália,Milan,https://www.uchivfx.com/,nao,nao_encontrada,,,"Pagina de carreiras lida (https://www.uchivfx.com/join-us): nenhum titulo da disciplina no HTML. Pode ser quadro carregado por JavaScript, que nao da para ler sem navegador. | ficha: https://3dvf.com/en/studio/uchi-vfx/"
La Fabrique d’images,Luxemburgo,Luxembourg,https://www.fabrique-d-images.com/,sim,nao,https://www.fabrique-d-images.com/#jobs,NENHUM dos 17 termos,"MEDIDO 08/09: pagina de carreiras https://www.fabrique-d-images.com/#jobs lida por curl (5997 caracteres de texto) e NENHUM titulo da disciplina (personagem, criatura, modelagem, textura, look dev, surfacing, grooming, visual development, generalista 3D, hard surface, props, ambiente, lideranca de arte 3D) aparece nela. | ficha: https://3dvf.com/en/studio/la-fabrique-dimages/"
Studio 352,Luxemburgo,Contern,https://www.melusineproductions.com/aboutus,nao,site-fora-do-ar,,nao aplicavel — site nao respondeu,"RE-TESTADO 08/09 com o protocolo de duas variacoes (com e sem www, com e sem barra final, https sempre, User-Agent de Chrome, e http como ultimo recurso): 5 enderecos tentados, nenhum respondeu. Tentativas: https://www.melusineproductions.com/aboutus ProxyError | https://www.melusineproductions.com/aboutus/ ProxyError | https://melusineproductions.com/aboutus ProxyError | https://melusineproductions.com/aboutus/ ProxyError | http://melusineproductions.com/aboutus ConnectionError | ficha: https://3dvf.com/en/studio/studio-352/"
Zeilt Productions,Luxemburgo,Luxembourg,,sim,nao_encontrada,https://www.zeiltproductions.com/,nao aplicavel — quadro nao localizado,"MEDIDO 08/09: a ficha do 3DVF nao publica site, mas o dominio https://www.zeiltproductions.com/ responde HTTP 200 (titulo: ""ZEILT productions | Luxembourg""). Nao foi varrido em busca de quadro de vagas nesta rodada. | ficha: https://3dvf.com/en/studio/zeilt-productions/"
Animasjonshuset,Noruega,Oslo,https://animasjonshuset.no/,nao,nao_encontrada,,nao aplicavel — quadro nao localizado,"MEDIDO 08/09: o site RESPONDE (https://animasjonshuset.no/), mas nao achei pagina de carreiras. Varri os links da home, chutei 14 caminhos (/careers, /jobs, /join-us, /recrutement, /nous-rejoindre, /carrieres, /vacancies e afins) e li o sitemap.xml e o robots.txt; o sitemap nao tem URL de carreiras. Nenhuma devolveu quadro de vagas. | ficha: https://3dvf.com/en/studio/animasjonshuset/"
Animaskin,Noruega,Oslo,https://www.animaskin.no/,nao,site-fora-do-ar,,nao aplicavel — site nao respondeu,"RE-TESTADO 08/09 com o protocolo de duas variacoes (com e sem www, com e sem barra final, https sempre, User-Agent de Chrome, e http como ultimo recurso): 3 enderecos tentados, nenhum respondeu. Tentativas: https://www.animaskin.no/ ConnectionError | https://animaskin.no/ ConnectionError | http://animaskin.no/ HTTP 403 | ficha: https://3dvf.com/en/studio/animaskin/"
Clockwork,Noruega,Oslo,https://www.clockwork.no/,nao,nao_encontrada,,nao aplicavel — quadro nao localizado,"MEDIDO 08/09: o site RESPONDE (https://clockwork.no/), mas nao achei pagina de carreiras. Varri os links da home, chutei 14 caminhos (/careers, /jobs, /join-us, /recrutement, /nous-rejoindre, /carrieres, /vacancies e afins) e li o sitemap.xml e o robots.txt; o sitemap nao tem URL de carreiras. Nenhuma devolveu quadro de vagas. | ficha: https://3dvf.com/en/studio/clockwork/"
Expanse,Noruega,Oslo,https://www.expanse.no/,nao,nao_encontrada,,nao aplicavel — quadro nao localizado,"MEDIDO 08/09: o site RESPONDE (https://www.expanse.no/), mas nao achei pagina de carreiras. Varri os links da home, chutei 14 caminhos (/careers, /jobs, /join-us, /recrutement, /nous-rejoindre, /carrieres, /vacancies e afins) e li o sitemap.xml e o robots.txt; o sitemap nao tem URL de carreiras. Nenhuma devolveu quadro de vagas. | ficha: https://3dvf.com/en/studio/expanse/"
Firegrader,Noruega,Lørenskog,https://www.firegrader.com/,nao,nao_encontrada,,nao aplicavel — quadro nao localizado,"MEDIDO 08/09: o site RESPONDE (https://firegrader.com/), mas nao achei pagina de carreiras. Varri os links da home, chutei 14 caminhos (/careers, /jobs, /join-us, /recrutement, /nous-rejoindre, /carrieres, /vacancies e afins) e li o sitemap.xml e o robots.txt; o sitemap nao tem URL de carreiras. Nenhuma devolveu quadro de vagas. Tentados: https://firegrader.com/about/careers, https://firegrader.com/career, https://firegrader.com/careers, https://firegrader.com/careers/, https://firegrader.com/carrieres, https://firegrader.com/company/careers. | ficha: https://3dvf.com/en/studio/firegrader/"
Funcom,Noruega,Oslo,https://www.funcom.com/,sim,nao,https://jobs.funcom.com/jobs,nao se aplica (sem vaga da disciplina),"MEDIDO 08/09 pelo sitemap do Teamtailor: 6 vagas, TODAS estagios de 2027 (financas, programacao, assistente de producao, design, concept art e analise de dados). NENHUMA da disciplina em nivel senior. | ficha: https://3dvf.com/en/studio/funcom/"
Gimpville,Noruega,Oslo,https://gimpville.no/,sim,nao_encontrada,,nao aplicavel — quadro nao localizado,"MEDIDO 08/09: o site RESPONDE (https://www.gimpville.no/), mas nao achei pagina de carreiras. Varri os links da home, chutei 14 caminhos (/careers, /jobs, /join-us, /recrutement, /nous-rejoindre, /carrieres, /vacancies e afins) e li o sitemap.xml e o robots.txt; o sitemap nao tem URL de carreiras. Nenhuma devolveu quadro de vagas. Tentados: https://www.gimpville.no/career, https://www.gimpville.no/careers, https://www.gimpville.no/careers/, https://www.gimpville.no/carrieres, https://www.gimpville.no/jobs, https://www.gimpville.no/jobs/. | ficha: https://3dvf.com/en/studio/gimpville/"
Helmet,Noruega,Trondheim,https://www.helmet.no/,nao,nao_encontrada,,nao aplicavel — quadro nao localizado,"MEDIDO 08/09: o site RESPONDE (https://helmet.no/), mas nao achei pagina de carreiras. Varri os links da home, chutei 14 caminhos (/careers, /jobs, /join-us, /recrutement, /nous-rejoindre, /carrieres, /vacancies e afins) e li o sitemap.xml e o robots.txt; o sitemap nao tem URL de carreiras. Nenhuma devolveu quadro de vagas. | ficha: https://3dvf.com/en/studio/helmet/"
Helping Hand,Noruega,Oslo,https://www.helpinghand.as/,nao,precisa-de-navegador,https://www.helpinghand.as/smajobber,nao verificavel por curl,"MEDIDO 08/09: a pagina de carreiras responde HTTP 200 mas o corpo tem apenas 1491 caracteres de texto depois de tirar script e style, ou seja o quadro monta em JavaScript e o curl nao le a lista. Nao registrei como sem vaga. PRECISA DE NAVEGADOR. | ficha: https://3dvf.com/en/studio/helping-hand/"
Qvisten,Noruega,Oslo,https://www.qvistenanimation.no/,sim,precisa-de-navegador,https://www.qvisten.no/careers/,nao verificavel por curl,"MEDIDO 08/09: a pagina de carreiras responde HTTP 200 mas o corpo tem apenas 1796 caracteres de texto depois de tirar script e style, ou seja o quadro monta em JavaScript e o curl nao le a lista. Nao registrei como sem vaga. PRECISA DE NAVEGADOR. | ficha: https://3dvf.com/en/studio/qvisten/"
Rendering.no,Noruega,Sandnes,https://rendering.no/,nao,precisa-de-navegador,https://rendering.no/careers/,nao verificavel por curl,"MEDIDO 08/09: a pagina de carreiras responde HTTP 200 mas o corpo tem apenas 1608 caracteres de texto depois de tirar script e style, ou seja o quadro monta em JavaScript e o curl nao le a lista. Nao registrei como sem vaga. PRECISA DE NAVEGADOR. | ficha: https://3dvf.com/en/studio/rendering-no/"
Shortcut,Noruega,Oslo,https://shortcutoslo.no/,nao,nao_encontrada,,nao aplicavel — quadro nao localizado,"MEDIDO 08/09: o site RESPONDE (https://www.shortcutoslo.no/), mas nao achei pagina de carreiras. Varri os links da home, chutei 14 caminhos (/careers, /jobs, /join-us, /recrutement, /nous-rejoindre, /carrieres, /vacancies e afins) e li o sitemap.xml e o robots.txt; o sitemap nao tem URL de carreiras. Nenhuma devolveu quadro de vagas. | ficha: https://3dvf.com/en/studio/shortcut/"
Snowcastle Games,Noruega,Oslo,https://www.snowcastlegames.com/,nao,precisa-de-navegador,https://www.snowcastlegames.com/jobs-1,nao verificavel por curl,"MEDIDO 08/09: a pagina de carreiras responde HTTP 200 mas o corpo tem apenas 1198 caracteres de texto depois de tirar script e style, ou seja o quadro monta em JavaScript e o curl nao le a lista. Nao registrei como sem vaga. PRECISA DE NAVEGADOR. | ficha: https://3dvf.com/en/studio/snowcastle-games/"
Stardust Effects,Noruega,Oslo,https://www.stardusteffects.no/,sim,nao,https://stardusteffects.com/jobs/,NENHUM dos 17 termos,"MEDIDO 08/09: a pagina de jobs e SO um formulario de candidatura espontanea. ""3D Generalist"" e uma opcao do seletor Position, nao uma vaga aberta. O seletor tambem oferece Compositor, Effects TD e Matchmover. Escritorios em Oslo e Atenas. | ficha: https://3dvf.com/en/studio/stardust-effects/"
Steamheads,Noruega,Oslo,https://www.steamheads.no/,nao,nao_encontrada,,nao aplicavel — quadro nao localizado,"MEDIDO 08/09: o site RESPONDE (https://www.steamheads.no/), mas nao achei pagina de carreiras. Varri os links da home, chutei 14 caminhos (/careers, /jobs, /join-us, /recrutement, /nous-rejoindre, /carrieres, /vacancies e afins) e li o sitemap.xml e o robots.txt; o sitemap nao tem URL de carreiras. Nenhuma devolveu quadro de vagas. | ficha: https://3dvf.com/en/studio/steamheads/"
Storm Studios,Noruega,Oslo,https://www.stormstudios.no/,sim,precisa-de-navegador,https://www.stormstudios.no/jobs,nao verificavel por curl,"MEDIDO 08/09: a pagina de carreiras responde HTTP 200 mas o corpo tem apenas 538 caracteres de texto depois de tirar script e style, ou seja o quadro monta em JavaScript e o curl nao le a lista. Nao registrei como sem vaga. PRECISA DE NAVEGADOR. | ficha: https://3dvf.com/en/studio/storm-studios/"
Studio Boi,Noruega,Bergen,https://studioboi.no/,nao,nao_encontrada,,nao aplicavel — quadro nao localizado,"MEDIDO 08/09: o site RESPONDE (https://studioboi.no/), mas nao achei pagina de carreiras. Varri os links da home, chutei 14 caminhos (/careers, /jobs, /join-us, /recrutement, /nous-rejoindre, /carrieres, /vacancies e afins) e li o sitemap.xml e o robots.txt; o sitemap nao tem URL de carreiras. Nenhuma devolveu quadro de vagas. Tentados: https://studioboi.no/about/careers, https://studioboi.no/career, https://studioboi.no/careers, https://studioboi.no/careers/, https://studioboi.no/carrieres, https://studioboi.no/company/careers. | ficha: https://3dvf.com/en/studio/studio-boi/"
Sunstone Film &#038; Animasjon,Noruega,Bergen Sunstone Film & Animasjon,https://www.sunstonefilm.no/,nao,site-fora-do-ar,,nao aplicavel — site nao respondeu,"RE-TESTADO 08/09 com o protocolo de duas variacoes (com e sem www, com e sem barra final, https sempre, User-Agent de Chrome, e http como ultimo recurso): 3 enderecos tentados, nenhum respondeu. Tentativas: https://www.sunstonefilm.no/ HTTP 404 | https://sunstonefilm.no/ HTTP 404 | http://sunstonefilm.no/ HTTP 403 | ficha: https://3dvf.com/en/studio/sunstone-film-animasjon/"
Trollcake Studios,Noruega,Oslo,https://www.trollcake.com/,nao,site-fora-do-ar,,nao aplicavel — site nao respondeu,"RE-TESTADO 08/09 com o protocolo de duas variacoes (com e sem www, com e sem barra final, https sempre, User-Agent de Chrome, e http como ultimo recurso): 3 enderecos tentados, nenhum respondeu. Tentativas: https://www.trollcake.com/ ProxyError | https://trollcake.com/ ProxyError | http://trollcake.com/ ConnectionError | ficha: https://3dvf.com/en/studio/trollcake-studios/"
VARG Studios,Noruega,Oslo,https://www.vargstudios.com/,nao,site-fora-do-ar,,nao aplicavel — site nao respondeu,"RE-TESTADO 08/09 com o protocolo de duas variacoes (com e sem www, com e sem barra final, https sempre, User-Agent de Chrome, e http como ultimo recurso): 3 enderecos tentados, nenhum respondeu. Tentativas: https://www.vargstudios.com/ ConnectionError | https://vargstudios.com/ ConnectionError | http://vargstudios.com/ HTTP 403 | ficha: https://3dvf.com/en/studio/varg-studios/"
Blockhead VFX,Nova Zelândia / Austrália,Auckland Sydney,https://www.blockheadvfx.com/,nao,nao_encontrada,,,"Pagina de carreiras lida (https://www.blockheadvfx.com/join-us/): nenhum titulo da disciplina no HTML. Pode ser quadro carregado por JavaScript, que nao da para ler sem navegador. | ficha: https://3dvf.com/en/studio/blockhead-vfx/"
CAUSE and FX,Nova Zelândia,Auckland,http://www.causeandfx.nz/,nao,precisa-de-navegador,https://apply.workable.com/,nao aplicavel — porta nao testada,"MEDIDO 08/09: a CAUSE and FX manda o quadro para apply.workable.com, BLOQUEADO pelo proxy de saida desta sessao. EXIGE CLIQUE, nao e porta fechada. FALTA: abrir o quadro no navegador. | ficha: https://3dvf.com/en/studio/causefx/"
Cirkus,Nova Zelândia,Auckland,https://www.cirkus.nz/,sim,nao_encontrada,,nao aplicavel — quadro nao localizado,"MEDIDO 08/09: o site RESPONDE (https://cirkus.nz/), mas nao achei pagina de carreiras. Varri os links da home, chutei 14 caminhos (/careers, /jobs, /join-us, /recrutement, /nous-rejoindre, /carrieres, /vacancies e afins) e li o sitemap.xml e o robots.txt; o sitemap nao tem URL de carreiras. Nenhuma devolveu quadro de vagas. | ficha: https://3dvf.com/en/studio/cirkus/"
Eleven FX,Nova Zelândia,Auckland,https://www.elevenfx.com/,nao,nao_encontrada,,,"Pagina de carreiras lida (https://www.elevenfx.com/careers): nenhum titulo da disciplina no HTML. Pode ser quadro carregado por JavaScript, que nao da para ler sem navegador. | ficha: https://3dvf.com/en/studio/eleven-fx/"
Floating Rock,Nova Zelândia,Wellington,https://www.floating-rock.com/,sim,sim,https://floating-rock.com/careers/,NENHUM termo de veto; OFERECE VISTO E REALOCACAO POR ESCRITO,"MEDIDO 08/09: a pagina de carreiras da Floating Rock e legivel por curl e lista as vagas por extenso. DUAS da disciplina/adjacencia: Character Artist | Games (orientado a criatura, dinossauros do jogo Kyoryu, ZBrush, Substance, UE5, retopologia) e 3D Environment Artist | Games (ambiente, prioridade media). Hibrida com pelo menos 60% presencial no estudio de Wellington. Busca literal: authoriz/eligib/sponsor/must be based/LMIA/French/resident = ZERO. SINAL POSITIVO ESCRITO E FORTE: ""Visa support to live in New Zealand"" e ""Relocation and Visa support to live in beautiful New Zealand"". DUPLICATA: a casa JA ESTA NO PAINEL, com dossie de formulario pronto e carta enviada em 07/09. | ficha: https://3dvf.com/en/studio/floating-rock/"
Flux Animation Studio,Nova Zelândia,Auckland,https://www.fluxmedia.co.nz/,sim,nao_encontrada,,nao aplicavel — quadro nao localizado,"MEDIDO 08/09: o site RESPONDE (https://fluxmedia.co.nz/), mas nao achei pagina de carreiras. Varri os links da home, chutei 14 caminhos (/careers, /jobs, /join-us, /recrutement, /nous-rejoindre, /carrieres, /vacancies e afins) e li o sitemap.xml e o robots.txt; o sitemap nao tem URL de carreiras. Nenhuma devolveu quadro de vagas. | ficha: https://3dvf.com/en/studio/flux-animation-studio/"
Huhu Studios,Nova Zelândia,Snells Beach,https://huhustudios.com/,nao,site-fora-do-ar,,nao aplicavel — site nao respondeu,"RE-TESTADO 08/09 com o protocolo de duas variacoes (com e sem www, com e sem barra final, https sempre, User-Agent de Chrome, e http como ultimo recurso): 3 enderecos tentados, nenhum respondeu. Tentativas: https://huhustudios.com/ HTTP 525 | https://www.huhustudios.com/ HTTP 525 | http://huhustudios.com/ HTTP 403 | ficha: https://3dvf.com/en/studio/huhu-studios/"
Images &#038; Sound,Nova Zelândia,Auckland Images & Sound,https://www.imagesandsound.co.nz/,nao,nao_encontrada,,nao aplicavel — quadro nao localizado,"MEDIDO 08/09: o site RESPONDE (https://www.imagesandsound.co.nz/), mas nao achei pagina de carreiras. Varri os links da home, chutei 14 caminhos (/careers, /jobs, /join-us, /recrutement, /nous-rejoindre, /carrieres, /vacancies e afins) e li o sitemap.xml e o robots.txt; o sitemap nao tem URL de carreiras. Nenhuma devolveu quadro de vagas. | ficha: https://3dvf.com/en/studio/images-sound/"
Nyuk Nyuk Studios,Nova Zelândia,Wellington,https://www.nyuknyuk.com/,nao,nao_encontrada,,nao aplicavel — quadro nao localizado,"MEDIDO 08/09: o site RESPONDE (https://www.nyuknyuk.com/), mas nao achei pagina de carreiras. Varri os links da home, chutei 14 caminhos (/careers, /jobs, /join-us, /recrutement, /nous-rejoindre, /carrieres, /vacancies e afins) e li o sitemap.xml e o robots.txt; o sitemap nao tem URL de carreiras. Nenhuma devolveu quadro de vagas. | ficha: https://3dvf.com/en/studio/nyuk-nyuk-studios/"
Park Road Post Production,Nova Zelândia,Wellington,https://www.parkroad.co.nz/,nao,nao_encontrada,,nao aplicavel — quadro nao localizado,"MEDIDO 08/09: o site RESPONDE (https://www.parkroad.co.nz/), mas nao achei pagina de carreiras. Varri os links da home, chutei 14 caminhos (/careers, /jobs, /join-us, /recrutement, /nous-rejoindre, /carrieres, /vacancies e afins) e li o sitemap.xml e o robots.txt; o sitemap nao tem URL de carreiras. Nenhuma devolveu quadro de vagas. | ficha: https://3dvf.com/en/studio/park-road-post-production/"
Toybox,Nova Zelândia,Auckland,https://www.toybox.co.nz/,nao,nao_encontrada,,nao aplicavel — quadro nao localizado,"MEDIDO 08/09: o site RESPONDE (https://www.toybox.co.nz/), mas nao achei pagina de carreiras. Varri os links da home, chutei 14 caminhos (/careers, /jobs, /join-us, /recrutement, /nous-rejoindre, /carrieres, /vacancies e afins) e li o sitemap.xml e o robots.txt; o sitemap nao tem URL de carreiras. Nenhuma devolveu quadro de vagas. Tentados: https://www.toybox.co.nz/about/careers, https://www.toybox.co.nz/career, https://www.toybox.co.nz/careers, https://www.toybox.co.nz/careers/, https://www.toybox.co.nz/carrieres, https://www.toybox.co.nz/company/careers. | ficha: https://3dvf.com/en/studio/toybox/"
Wētā FX,Nova Zelândia / Austrália / Canadá,Vancouver Melbourne Wellington,https://www.wetafx.co.nz/,sim,precisa-de-navegador,https://careers.wetafx.co.nz/,nao verificavel por curl,"MEDIDO 08/09: a pagina de carreiras responde HTTP 200 mas o corpo tem apenas 811 caracteres de texto depois de tirar script e style, ou seja o quadro monta em JavaScript e o curl nao le a lista. Nao registrei como sem vaga. PRECISA DE NAVEGADOR. | ficha: https://3dvf.com/en/studio/weta-fx/"
Yukfoo Animation,Nova Zelândia,Auckland,https://www.yukfoo.net/,sim,nao,https://www.yukfoo.net/,NENHUM dos 17 termos,"MEDIDO 08/09: pagina de carreiras https://www.yukfoo.net/ lida por curl (3412 caracteres de texto) e NENHUM titulo da disciplina (personagem, criatura, modelagem, textura, look dev, surfacing, grooming, visual development, generalista 3D, hard surface, props, ambiente, lideranca de arte 3D) aparece nela. | ficha: https://3dvf.com/en/studio/yukfoo-animation/"
3DE,Polônia,Warsaw,https://www.3de.com.pl/,nao,site-fora-do-ar,,nao aplicavel — site nao respondeu,"RE-TESTADO 08/09 com o protocolo de duas variacoes (com e sem www, com e sem barra final, https sempre, User-Agent de Chrome, e http como ultimo recurso): 3 enderecos tentados, nenhum respondeu. Tentativas: https://www.3de.com.pl/ ProxyError | https://3de.com.pl/ ProxyError | http://3de.com.pl/ ConnectionError | ficha: https://3dvf.com/en/studio/3de/"
Alien Vision,Polônia,Varsovie,https://alien.vision/,nao,nao_encontrada,,nao aplicavel — quadro nao localizado,"MEDIDO 08/09: o site RESPONDE (https://alien.vision/), mas nao achei pagina de carreiras. Varri os links da home, chutei 14 caminhos (/careers, /jobs, /join-us, /recrutement, /nous-rejoindre, /carrieres, /vacancies e afins) e li o sitemap.xml e o robots.txt; o sitemap nao tem URL de carreiras. Nenhuma devolveu quadro de vagas. | ficha: https://3dvf.com/en/studio/alien-vision/"
Badi Badi,Polônia,Warsaw,https://badibadi.com/,sim,nao_encontrada,,nao aplicavel — quadro nao localizado,"MEDIDO 08/09: o site RESPONDE (https://badibadi.com/), mas nao achei pagina de carreiras. Varri os links da home, chutei 14 caminhos (/careers, /jobs, /join-us, /recrutement, /nous-rejoindre, /carrieres, /vacancies e afins) e li o sitemap.xml e o robots.txt; o sitemap nao tem URL de carreiras. Nenhuma devolveu quadro de vagas. | ficha: https://3dvf.com/en/studio/badi-badi/"
Bloober Team,Polônia,Kraków,https://www.blooberteam.com/,nao,nao,,nao se aplica (sem vaga da disciplina),"MEDIDO 08/09 pela API publica do ATS (recruitee:blooberteam, recruitee:careers-analytics, jobsatteamtailor:recruiteecdn): quadro devolveu 4 vaga(s) e NENHUMA e da disciplina (personagem, modelagem, textura, material, lookdev, surfacing, groom, sculpt, visual development). Afirmacao medida, nao presumida. | ficha: https://3dvf.com/en/studio/bloober-team/"
Boombit,Polônia,Gdańsk,https://boombit.com/,sim,nao,https://boombit.com/careers/,NENHUM dos 17 termos,"MEDIDO 08/09: pagina de carreiras https://boombit.com/careers/ lida por curl (454613 caracteres de texto) e NENHUM titulo da disciplina (personagem, criatura, modelagem, textura, look dev, surfacing, grooming, visual development, generalista 3D, hard surface, props, ambiente, lideranca de arte 3D) aparece nela. | ficha: https://3dvf.com/en/studio/boombit/"
CD Projekt Red,Polônia,Warsaw,https://en.cdprojektred.com/,sim,sim,https://jobs.smartrecruiters.com/CDPROJEKTRED/744000145348609,NENHUM dos 17 termos,"ALTA. Senior Environment Artist, Boston MA (EUA), Cyberpunk 2. ATS SmartRecruiters (token CDPROJEKTRED, API respondeu 200 com 43 vagas). API diz location Boston/MA/us, remote:false, hybrid:false. FAIXA PUBLICADA no anuncio: $99,000 - $163,400. Anuncio integral lido (17.343 caracteres): level art e autoria de kits arquitetonicos modulares, Unreal, Blender, Substance Painter. Busca literal dos 17 termos no anuncio inteiro: NENHUM casou. Unica outra vaga da area no quadro e Environment Art QA Analyst (Varsovia), que e QA e NAO conta. | ficha: https://3dvf.com/en/studio/cd-projekt-red/"
CG Folks,Polônia,Warsaw,https://cgfolks.com/,nao,nao_encontrada,,nao aplicavel — quadro nao localizado,"MEDIDO 08/09: o site RESPONDE (https://cgfolks.com/), mas nao achei pagina de carreiras. Varri os links da home, chutei 14 caminhos (/careers, /jobs, /join-us, /recrutement, /nous-rejoindre, /carrieres, /vacancies e afins) e li o sitemap.xml e o robots.txt; o sitemap nao tem URL de carreiras. Nenhuma devolveu quadro de vagas. Tentados: https://cgfolks.com/about/careers, https://cgfolks.com/career, https://cgfolks.com/careers, https://cgfolks.com/careers/, https://cgfolks.com/carrieres, https://cgfolks.com/company/careers. | ficha: https://3dvf.com/en/studio/cg-folks/"
Chimney,Polônia,Warsaw,https://www.chimneygroup.com/,nao,nao,https://www.chimney.se/talent,NENHUM dos 17 termos,"MEDIDO 08/09: pagina de carreiras https://www.chimney.se/talent lida por curl (24440 caracteres de texto) e NENHUM titulo da disciplina (personagem, criatura, modelagem, textura, look dev, surfacing, grooming, visual development, generalista 3D, hard surface, props, ambiente, lideranca de arte 3D) aparece nela. | ficha: https://3dvf.com/en/studio/chimney/"
CI Games,Polônia,Warsaw,https://cigames.com/,sim,nao,https://cigames.teamtailor.com/jobs,nao se aplica (sem vaga da disciplina),"MEDIDO 08/09 pelo sitemap do Teamtailor: 4 vagas - Senior Producer, Chief Accountant, Cinematic Animator e Open Application. NENHUMA da disciplina. | ficha: https://3dvf.com/en/studio/ci-games/"
Donkey Crew,Polônia,Wroclaw,https://www.donkey.team/,sim,nao,https://www.donkey.team/jobs,NENHUM dos 17 termos,"MEDIDO 08/09: pagina de carreiras https://www.donkey.team/jobs lida por curl (8476 caracteres de texto) e NENHUM titulo da disciplina (personagem, criatura, modelagem, textura, look dev, surfacing, grooming, visual development, generalista 3D, hard surface, props, ambiente, lideranca de arte 3D) aparece nela. | ficha: https://3dvf.com/en/studio/donkey-crew/"
eNStudios,Polônia,Poznań,https://en.enstudios.pl/,nao,site-fora-do-ar,,nao aplicavel — site nao respondeu,"RE-TESTADO 08/09 com o protocolo de duas variacoes (com e sem www, com e sem barra final, https sempre, User-Agent de Chrome, e http como ultimo recurso): 3 enderecos tentados, nenhum respondeu. Tentativas: https://en.enstudios.pl/ SSLError | https://www.en.enstudios.pl/ ProxyError | http://en.enstudios.pl/ HTTP 403 | ficha: https://3dvf.com/en/studio/enstudios/"
Grupa Smacznego / GS Animation,Polônia,Gdańsk,https://www.g-s.pl/,nao,nao_encontrada,,nao aplicavel — quadro nao localizado,"MEDIDO 08/09: o site RESPONDE (https://g-s.pl/), mas nao achei pagina de carreiras. Varri os links da home, chutei 14 caminhos (/careers, /jobs, /join-us, /recrutement, /nous-rejoindre, /carrieres, /vacancies e afins) e li o sitemap.xml e o robots.txt; o sitemap nao tem URL de carreiras. Nenhuma devolveu quadro de vagas. | ficha: https://3dvf.com/en/studio/grupa-smacznego-gs-animation/"
People Can Fly,Polônia,Warsaw,https://peoplecanfly.com/,sim,sim,https://jobs.smartrecruiters.com/PeopleCanFly,UMA COM VETO DE RESIDENCIA JA REGISTRADO,"MEDIDO 08/09 pela API do SmartRecruiters (token PeopleCanFly, 16 vagas). Duas da disciplina: Senior Asset Artist Hard Surface, Varsovia (744000141244724) e Principal Character Artist, Montreal (744000134528029). DUPLICATA: as duas JA ESTAO NO PAINEL, e a primeira ja esta marcada la com VETO DE RESIDENCIA. | ficha: https://3dvf.com/en/studio/people-can-fly/"
Platige Image,Polônia,Varsaw,https://www.platige.com/,sim,nao,https://platige.com/careers/,NENHUM dos 17 termos,"MEDIDO 08/09: pagina de carreiras https://platige.com/careers/ lida por curl (1833 caracteres de texto) e NENHUM titulo da disciplina (personagem, criatura, modelagem, textura, look dev, surfacing, grooming, visual development, generalista 3D, hard surface, props, ambiente, lideranca de arte 3D) aparece nela. ATENCAO: a pagina traz caracteres Unicode invisiveis; foram ignorados e o texto foi lido sem eles. | ficha: https://3dvf.com/en/studio/platige/"
Smile,Polônia,Warsaw,https://smile-studios.com/,nao,nao_encontrada,,,"Pagina de carreiras lida (https://smile-studios.com/jobs/): nenhum titulo da disciplina no HTML. Pode ser quadro carregado por JavaScript, que nao da para ler sem navegador. | ficha: https://3dvf.com/en/studio/smile/"
Techland,Polônia,Wrocław,https://techland.net/,sim,nao,https://techland.net/careers,NENHUM dos 17 termos,"MEDIDO 08/09: pagina de carreiras https://techland.net/careers lida por curl (28852 caracteres de texto) e NENHUM titulo da disciplina (personagem, criatura, modelagem, textura, look dev, surfacing, grooming, visual development, generalista 3D, hard surface, props, ambiente, lideranca de arte 3D) aparece nela. | ficha: https://3dvf.com/en/studio/techland/"
Televisor,Polônia,Warsaw,https://televisor.pl/,nao,nao_encontrada,,,"Pagina de carreiras lida (https://televisor.studio/career/): nenhum titulo da disciplina no HTML. Pode ser quadro carregado por JavaScript, que nao da para ler sem navegador. | ficha: https://3dvf.com/en/studio/televisor/"
22cans,Reino Unido,Guildford,https://22cans.com/,sim,nao_encontrada,,nao aplicavel — quadro nao localizado,"MEDIDO 08/09: o site RESPONDE (https://22cans.co.uk), mas nao achei pagina de carreiras. Varri os links da home, chutei 14 caminhos (/careers, /jobs, /join-us, /recrutement, /nous-rejoindre, /carrieres, /vacancies e afins) e li o sitemap.xml e o robots.txt; o sitemap nao tem URL de carreiras. Nenhuma devolveu quadro de vagas. | ficha: https://3dvf.com/en/studio/22cans/"
A Productions,Reino Unido,Bristol,https://aproductions.co.uk/,nao,precisa-de-navegador,https://aproductions.co.uk/careers/,nao verificavel por curl,"MEDIDO 08/09: a pagina de carreiras responde HTTP 200 mas o corpo tem apenas 1705 caracteres de texto depois de tirar script e style, ou seja o quadro monta em JavaScript e o curl nao le a lista. Nao registrei como sem vaga. PRECISA DE NAVEGADOR. | ficha: https://3dvf.com/en/studio/a-productions/"
Aardman Animations,Reino Unido,Bristol Bristol,https://www.aardman.com,nao,nao_encontrada,,,"Pagina de carreiras lida (https://www.aardman.com/careers/): nenhum titulo da disciplina no HTML. Pode ser quadro carregado por JavaScript, que nao da para ler sem navegador. | ficha: https://3dvf.com/en/studio/aardman-animations/"
Angels &#038; Demons,Reino Unido,Londres Angels & Demons,https://angelsdemons.co.uk/,nao,site-fora-do-ar,,nao aplicavel — site nao respondeu,"RE-TESTADO 08/09 com o protocolo de duas variacoes (com e sem www, com e sem barra final, https sempre, User-Agent de Chrome, e http como ultimo recurso): 3 enderecos tentados, nenhum respondeu. Tentativas: https://angelsdemons.co.uk/ ConnectionError | https://www.angelsdemons.co.uk/ ReadTimeout | http://angelsdemons.co.uk/ HTTP 403 | ficha: https://3dvf.com/en/studio/angels-demons/"
Atomhawk Design,Reino Unido / Canadá,Leamington Spa Gateshead Vancouver,https://atomhawk.com/,nao,nao_encontrada,,,"Pagina de carreiras lida (https://atomhawk.com/careers/): nenhum titulo da disciplina no HTML. Pode ser quadro carregado por JavaScript, que nao da para ler sem navegador. | ficha: https://3dvf.com/en/studio/atomhawk-design/"
Avalanche Studios,Reino Unido / Suécia,Liverpool Stockholm Malmö,https://avalanchestudios.com/,nao,sim,https://jobs.lever.co/avalanchestudios/8f7bd580-5877-446e-83cb-97bb1fce0f6a,NENHUM termo de autorizacao; MAS diz por escrito que NAO ha apoio de realocacao,"MEDIDO 08/09 pela API do Lever (token avalanchestudios, 15 vagas). ALTA: Lead Character Artist, Estocolmo, HIBRIDO (segunda, terca e quinta no escritorio), PERMANENT EMPLOYMENT, sem faixa publicada. Foco em anatomia animal/criatura, pele e pelo. Busca literal: authoriz/eligib/sponsor/work permit/LMIA/French/resident = ZERO. PORÉM tem frase escrita contra: ""please note that relocation assistance is not available for this role"". Nao e veto de direito de trabalho, e ausencia de apoio de mudanca. DUPLICATA: JA ESTA NO PAINEL. | ficha: https://3dvf.com/en/studio/avalanche-studios/"
Basilic Fly Studio,Reino Unido / Canadá,Pune Londres Chennai Vancouver,https://www.basilicflystudio.com/,nao,nao_encontrada,,,"Pagina de carreiras lida (https://basilicflystudio.com/careers): nenhum titulo da disciplina no HTML. Pode ser quadro carregado por JavaScript, que nao da para ler sem navegador. | ficha: https://3dvf.com/en/studio/basilic-fly-studio/"
Blinkink,Reino Unido,Londres,https://blinkink.co.uk/,sim,nao,https://www.blinkink.co.uk/jobs,NENHUM dos 17 termos,"MEDIDO 08/09: pagina de carreiras https://www.blinkink.co.uk/jobs lida por curl (2016 caracteres de texto) e NENHUM titulo da disciplina (personagem, criatura, modelagem, textura, look dev, surfacing, grooming, visual development, generalista 3D, hard surface, props, ambiente, lideranca de arte 3D) aparece nela. | ficha: https://3dvf.com/en/studio/blinkink/"
Bolder,Reino Unido,Brighton,https://boldercreative.co.uk/,nao,site-fora-do-ar,,nao aplicavel — site nao respondeu,"RE-TESTADO 08/09 com o protocolo de duas variacoes (com e sem www, com e sem barra final, https sempre, User-Agent de Chrome, e http como ultimo recurso): 3 enderecos tentados, nenhum respondeu. Tentativas: https://boldercreative.co.uk/ HTTP 202 | https://www.boldercreative.co.uk/ HTTP 202 | http://boldercreative.co.uk/ HTTP 403 | ficha: https://3dvf.com/en/studio/bolder/"
BossAlien,Reino Unido,Brighton,https://www.bossalien.com/,sim,nao,,nao se aplica (sem vaga da disciplina),"MEDIDO 08/09 pela API publica do ATS (greenhouse:nmcareers): quadro devolveu 2 vaga(s) e NENHUMA e da disciplina (personagem, modelagem, textura, material, lookdev, surfacing, groom, sculpt, visual development). Afirmacao medida, nao presumida. | ficha: https://3dvf.com/en/studio/bossalien/"
Box Studio,Reino Unido,Brighton,https://www.thisisthebox.co.uk/,nao,site-fora-do-ar,,nao aplicavel — site nao respondeu,"RE-TESTADO 08/09 com o protocolo de duas variacoes (com e sem www, com e sem barra final, https sempre, User-Agent de Chrome, e http como ultimo recurso): 3 enderecos tentados, nenhum respondeu. Tentativas: https://www.thisisthebox.co.uk/ ConnectionError | https://thisisthebox.co.uk/ ReadTimeout | http://thisisthebox.co.uk/ HTTP 403 | ficha: https://3dvf.com/en/studio/box-studio/"
Climax Games,Reino Unido,Portsmouth,https://www.climaxstudios.com,nao,nao_encontrada,,,"Pagina de carreiras lida (https://www.climaxstudios.com/join-our-team/jobs/): nenhum titulo da disciplina no HTML. Pode ser quadro carregado por JavaScript, que nao da para ler sem navegador. | ficha: https://3dvf.com/en/studio/climax-games/"
Cloth Cat Animation,Reino Unido,Cardiff,https://www.clothcatanimation.com/,sim,site-fora-do-ar,,nao aplicavel — site nao respondeu,"RE-TESTADO 08/09 com o protocolo de duas variacoes (com e sem www, com e sem barra final, https sempre, User-Agent de Chrome, e http como ultimo recurso): 3 enderecos tentados, nenhum respondeu. Tentativas: https://www.clothcatanimation.com/ SSLError | https://clothcatanimation.com/ HTTP 403 | http://clothcatanimation.com/ HTTP 403 | ficha: https://3dvf.com/en/studio/cloth-cat-animation/"
Coatsink,Reino Unido,Sunderland,https://coatsink.com/,sim,nao,,nao se aplica (sem vaga da disciplina),"MEDIDO 08/09 pela API publica do ATS (greenhouse:coatsink): quadro devolveu 0 vaga(s) e NENHUMA e da disciplina (personagem, modelagem, textura, material, lookdev, surfacing, groom, sculpt, visual development). Afirmacao medida, nao presumida. | ficha: https://3dvf.com/en/studio/coatsink/"
Codemasters,Reino Unido,Southam Warwickshire,https://www.codemasters.com/,nao,nao_encontrada,,,"Pagina de carreiras lida (https://www.codemasters.com/en-us/ea-studios/codemasters/careers): nenhum titulo da disciplina no HTML. Pode ser quadro carregado por JavaScript, que nao da para ler sem navegador. | ficha: https://3dvf.com/en/studio/codemasters/"
Cognitive,Reino Unido,Folkestone,https://www.wearecognitive.com,nao,site-fora-do-ar,,nao aplicavel — site nao respondeu,"RE-TESTADO 08/09 com o protocolo de duas variacoes (com e sem www, com e sem barra final, https sempre, User-Agent de Chrome, e http como ultimo recurso): 3 enderecos tentados, nenhum respondeu. Tentativas: https://www.wearecognitive.com/ HTTP 403 | https://wearecognitive.com/ HTTP 403 | http://wearecognitive.com/ HTTP 403 | ficha: https://3dvf.com/en/studio/cognitive/"
Dambuster Studios,Reino Unido,Nottingham,https://www.dsdambuster.com/,sim,precisa-de-navegador,https://www.dsdambuster.com/careers,nao verificavel por curl,"MEDIDO 08/09: a pagina de carreiras responde HTTP 200 mas o corpo tem apenas 126 caracteres de texto depois de tirar script e style, ou seja o quadro monta em JavaScript e o curl nao le a lista. Nao registrei como sem vaga. PRECISA DE NAVEGADOR. | ficha: https://3dvf.com/en/studio/dambuster-studios/"
Dimension,Reino Unido,London,https://www.dimensionstudio.co/,nao,nao_encontrada,,,ATS detectado (bamboohr) e consultado por API: nenhuma vaga da disciplina no retorno. | ficha: https://3dvf.com/en/studio/dimension/
Dovetail Games,Reino Unido,Chatham,https://dovetailgames.com/,sim,nao,https://dovetailgames.recruitee.com/api/offers/,nao se aplica (sem vaga da disciplina),"MEDIDO 08/09 pela API do Recruitee (token dovetailgames): 1 unica entrada, ""Open Applications"", remota, ou seja candidatura espontanea. NENHUMA vaga datada da disciplina. | ficha: https://3dvf.com/en/studio/dovetail-games/"
Electric Theatre Collective,Reino Unido,Londres,https://electrictheatre.tv,sim,site-fora-do-ar,,nao aplicavel — site nao respondeu,"RE-TESTADO 08/09 com o protocolo de duas variacoes (com e sem www, com e sem barra final, https sempre, User-Agent de Chrome, e http como ultimo recurso): 3 enderecos tentados, nenhum respondeu. Tentativas: https://electrictheatre.tv/ HTTP 202 | https://www.electrictheatre.tv/ HTTP 202 | http://electrictheatre.tv/ HTTP 403 | ficha: https://3dvf.com/en/studio/electric-theatre-collective/"
Exient,Reino Unido,Leamington Spa,https://www.exient.com,nao,site-fora-do-ar,,nao aplicavel — site nao respondeu,"RE-TESTADO 08/09 com o protocolo de duas variacoes (com e sem www, com e sem barra final, https sempre, User-Agent de Chrome, e http como ultimo recurso): 3 enderecos tentados, nenhum respondeu. Tentativas: https://www.exient.com/ HTTP 202 | https://exient.com/ HTTP 202 | http://exient.com/ HTTP 403 | ficha: https://3dvf.com/en/studio/exient/"
Fen Research,Reino Unido,Cambridge,https://www.fenresearch.com/,nao,nao_encontrada,,nao aplicavel — quadro nao localizado,"MEDIDO 08/09: o site RESPONDE (https://www.fenresearch.com/), mas nao achei pagina de carreiras. Varri os links da home, chutei 14 caminhos (/careers, /jobs, /join-us, /recrutement, /nous-rejoindre, /carrieres, /vacancies e afins) e li o sitemap.xml e o robots.txt; o sitemap nao tem URL de carreiras. Nenhuma devolveu quadro de vagas. | ficha: https://3dvf.com/en/studio/fen-research/"
Fettle Animation,Reino Unido,Huddersfield,https://fettleanimation.com/,nao,site-fora-do-ar,,nao aplicavel — site nao respondeu,"RE-TESTADO 08/09 com o protocolo de duas variacoes (com e sem www, com e sem barra final, https sempre, User-Agent de Chrome, e http como ultimo recurso): 3 enderecos tentados, nenhum respondeu. Tentativas: https://fettleanimation.com/ HTTP 403 | https://www.fettleanimation.com/ HTTP 403 | http://fettleanimation.com/ HTTP 403 | ficha: https://3dvf.com/en/studio/fettle-animation/"
Figment,Reino Unido,Guildford,,nao,nao_encontrada,https://www.figmentproductions.co.uk/,nao aplicavel — quadro nao localizado,"MEDIDO 08/09: a ficha do 3DVF nao publica site, mas o dominio https://www.figmentproductions.co.uk/ responde HTTP 200 (titulo: ""Figment | Creative Studio""). Nao foi varrido em busca de quadro de vagas nesta rodada. | ficha: https://3dvf.com/en/studio/figment/"
Fireproof Games,Reino Unido,Guildford,https://www.fireproofgames.com/,sim,nao,https://www.fireproofgames.com/vendors/vacancies,NENHUM dos 17 termos,"MEDIDO 08/09: pagina de carreiras https://www.fireproofgames.com/vendors/vacancies lida por curl (7286 caracteres de texto) e NENHUM titulo da disciplina (personagem, criatura, modelagem, textura, look dev, surfacing, grooming, visual development, generalista 3D, hard surface, props, ambiente, lideranca de arte 3D) aparece nela. | ficha: https://3dvf.com/en/studio/fireproof-games/"
Firesprite,Reino Unido,Liverpool,https://www.firesprite.com/,nao,nao,https://job-boards.greenhouse.io/firesprite,nao se aplica (sem vaga da disciplina),"MEDIDO 08/09: a Firesprite e estudio PlayStation e o quadro dela e Greenhouse com token firesprite (achado no HTML de playstation.com/corporate/playstation-careers, nao adivinhado). API boards-api.greenhouse.io/v1/boards/firesprite/jobs?content=true devolve UMA vaga: Cinematic Producer - Production, Reino Unido, Remoto. NENHUMA da disciplina. | ficha: https://3dvf.com/en/studio/firesprite/"
Flix Interactive,Reino Unido,Bromsgrove,https://www.flixinteractive.com/,sim,nao,https://www.flixinteractive.com/#careers,NENHUM dos 17 termos,"MEDIDO 08/09: pagina de carreiras https://www.flixinteractive.com/#careers lida por curl (29344 caracteres de texto) e NENHUM titulo da disciplina (personagem, criatura, modelagem, textura, look dev, surfacing, grooming, visual development, generalista 3D, hard surface, props, ambiente, lideranca de arte 3D) aparece nela. | ficha: https://3dvf.com/en/studio/flix-interactive/"
Fortitude Games,Reino Unido,Guildford,https://www.fortitudegames.co.uk/,nao,site-fora-do-ar,,nao aplicavel — site nao respondeu,"RE-TESTADO 08/09 com o protocolo de duas variacoes (com e sem www, com e sem barra final, https sempre, User-Agent de Chrome, e http como ultimo recurso): 3 enderecos tentados, nenhum respondeu. Tentativas: https://www.fortitudegames.co.uk/ ProxyError | https://fortitudegames.co.uk/ ProxyError | http://fortitudegames.co.uk/ ConnectionError | ficha: https://3dvf.com/en/studio/fortitude-games/"
Freefolk,Reino Unido,London,https://www.freefolk.com/,sim,nao,https://freefolk.com/jobs/,NENHUM dos 17 termos,"MEDIDO 08/09: pagina de carreiras https://freefolk.com/jobs/ lida por curl (5762 caracteres de texto) e NENHUM titulo da disciplina (personagem, criatura, modelagem, textura, look dev, surfacing, grooming, visual development, generalista 3D, hard surface, props, ambiente, lideranca de arte 3D) aparece nela. | ficha: https://3dvf.com/en/studio/freefolk/"
Frontier,Reino Unido,Cambridge,https://www.frontier.co.uk/,nao,sim,https://jobs.eu.lever.co/frontier/3571ace3-9f1a-4db2-9e2b-5eb8c8487181,NENHUM dos termos de veto; OFERECE REALOCACAO,"MEDIDO 08/09 pela API do Lever EU (token frontier, 14 vagas no quadro). ALTA: Experienced Character Artist, Cambridge, HIBRIDO (minimo 3 dias no estudio), PERMANENTE, sem faixa publicada. Anuncio integral baixado (5.115 caracteres): ZBrush, Maya, Substance Painter, sculpting, topologia, UVs, baking, texturizacao. Busca literal: authoriz/eligib/sponsor/work permit/must be based/LMIA/French/francais/resident = ZERO. SINAL POSITIVO ESCRITO: ""We can provide a comprehensive relocation support package as part of any offer, should you need to relocate"" e ""support with relocation"" nos beneficios. DUPLICATA: JA ESTA NO PAINEL da campanha com esta mesma URL. | ficha: https://3dvf.com/en/studio/frontier/"
Full Fat,Reino Unido,Warwick,https://www.fullfat.com/,nao,nao,https://www.full-fat.com/jobs/,NENHUM dos 17 termos,"MEDIDO 08/09: pagina de carreiras https://www.full-fat.com/jobs/ lida por curl (938 caracteres de texto) e NENHUM titulo da disciplina (personagem, criatura, modelagem, textura, look dev, surfacing, grooming, visual development, generalista 3D, hard surface, props, ambiente, lideranca de arte 3D) aparece nela. | ficha: https://3dvf.com/en/studio/full-fat/"
Funko Animation Studios,Reino Unido,Bath,https://funkoanimationstudios.tv/,nao,precisa-de-navegador,https://funkoanimationstudios.tv/jobs,nao verificavel por curl,"MEDIDO 08/09: a pagina de carreiras responde HTTP 200 mas o corpo tem apenas 300 caracteres de texto depois de tirar script e style, ou seja o quadro monta em JavaScript e o curl nao le a lista. Nao registrei como sem vaga. PRECISA DE NAVEGADOR. | ficha: https://3dvf.com/en/studio/funko-animation-studios/"
FuturLab,Reino Unido,Hove,https://futurlab.co.uk/,nao,nao_encontrada,,,"Pagina de carreiras lida (https://futurlab.co.uk/careers): nenhum titulo da disciplina no HTML. Pode ser quadro carregado por JavaScript, que nao da para ler sem navegador. | ficha: https://3dvf.com/en/studio/futurlab/"
Gutsy Animations,Reino Unido / Finlândia,Bristol Helsinki,https://www.gutsy.fi/,nao,nao_encontrada,,nao aplicavel — quadro nao localizado,"MEDIDO 08/09: o site RESPONDE (https://www.gutsy.fi/), mas nao achei pagina de carreiras. Varri os links da home, chutei 14 caminhos (/careers, /jobs, /join-us, /recrutement, /nous-rejoindre, /carrieres, /vacancies e afins) e li o sitemap.xml e o robots.txt; o sitemap nao tem URL de carreiras. Nenhuma devolveu quadro de vagas. | ficha: https://3dvf.com/en/studio/gutsy-animations/"
Hangar 13,Reino Unido,Brighton,https://hangar13games.com,nao,nao_encontrada,,,"Pagina de carreiras lida (https://hangar13games.com/careers/): nenhum titulo da disciplina no HTML. Pode ser quadro carregado por JavaScript, que nao da para ler sem navegador. | ficha: https://3dvf.com/en/studio/hangar-13/"
Hello Games,Reino Unido,Guildford,,nao,nao_encontrada,https://hellogames.org/,nao aplicavel — quadro nao localizado,"MEDIDO 08/09: a ficha do 3DVF nao publica site, mas o dominio https://hellogames.org/ responde HTTP 200 (titulo: ""Homepage - Hello Games""). Nao foi varrido em busca de quadro de vagas nesta rodada. | ficha: https://3dvf.com/en/studio/hello-games/"
Humain,Reino Unido,Belfast,https://humain-studios.com/,nao,precisa-de-navegador,https://humain-studios.com/careers,nao verificavel por curl,"MEDIDO 08/09: a pagina de carreiras responde HTTP 200 mas o corpo tem apenas 447 caracteres de texto depois de tirar script e style, ou seja o quadro monta em JavaScript e o curl nao le a lista. Nao registrei como sem vaga. PRECISA DE NAVEGADOR. | ficha: https://3dvf.com/en/studio/humain/"
IMG Studios,Reino Unido,London,,nao,nao_encontrada,https://www.img.com/,nao aplicavel — quadro nao localizado,"MEDIDO 08/09: a ficha do 3DVF nao publica site, mas o dominio https://www.img.com/ responde HTTP 200 (titulo: ""IMG | A global sports company""). Nao foi varrido em busca de quadro de vagas nesta rodada. | ficha: https://3dvf.com/en/studio/img-studios/"
Infocandy Animations,Reino Unido,Bristol,https://infocandy.co.uk/,nao,site-fora-do-ar,,nao aplicavel — site nao respondeu,"RE-TESTADO 08/09 com o protocolo de duas variacoes (com e sem www, com e sem barra final, https sempre, User-Agent de Chrome, e http como ultimo recurso): 3 enderecos tentados, nenhum respondeu. Tentativas: https://infocandy.co.uk/ HTTP 202 | https://www.infocandy.co.uk/ HTTP 202 | http://infocandy.co.uk/ HTTP 403 | ficha: https://3dvf.com/en/studio/infocandy-animations/"
iSiteTV,Reino Unido,Colchester,https://isite.solutions/,nao,precisa-de-navegador,https://isite.solutions/careers,nao verificavel por curl,"MEDIDO 08/09: a pagina de carreiras responde HTTP 200 mas o corpo tem apenas 1310 caracteres de texto depois de tirar script e style, ou seja o quadro monta em JavaScript e o curl nao le a lista. Nao registrei como sem vaga. PRECISA DE NAVEGADOR. | ficha: https://3dvf.com/en/studio/isitetv/"
IXOR Visual Effects Studios,Reino Unido,London,https://www.ixorvfx.com/,sim,nao,https://www.ixorvfx.com/jobs/,NENHUM dos 17 termos,"MEDIDO 08/09: pagina de carreiras https://www.ixorvfx.com/jobs/ lida por curl (2364 caracteres de texto) e NENHUM titulo da disciplina (personagem, criatura, modelagem, textura, look dev, surfacing, grooming, visual development, generalista 3D, hard surface, props, ambiente, lideranca de arte 3D) aparece nela. | ficha: https://3dvf.com/en/studio/ixor-visual-effects-studios/"
Jagex,Reino Unido,Cambridge,https://www.jagex.com,sim,precisa-de-navegador,https://jagex-limited.workable.com/,nao aplicavel — quadro nao cedeu texto,"MEDIDO 08/09: o quadro da Jagex e Workable no subdominio jagex-limited.workable.com e ele responde 200, mas o corpo so traz o titulo ""Jagex: The RuneScape Company - Current Openings"" e a lista e montada por JavaScript. A API publica nao abre: /api/v1/jobs da 404 e /spi/v3/jobs da 401. FALTA: abrir jagex-limited.workable.com no navegador e ler a lista. | ficha: https://3dvf.com/en/studio/jagex/"
Keyframe Studios,Reino Unido,London,https://www.keyframestudios.co.uk,nao,site-fora-do-ar,,nao aplicavel — site nao respondeu,"RE-TESTADO 08/09 com o protocolo de duas variacoes (com e sem www, com e sem barra final, https sempre, User-Agent de Chrome, e http como ultimo recurso): 3 enderecos tentados, nenhum respondeu. Tentativas: https://www.keyframestudios.co.uk/ HTTP 403 | https://keyframestudios.co.uk/ ReadTimeout | http://keyframestudios.co.uk/ HTTP 403 | ficha: https://3dvf.com/en/studio/keyframe-studios/"
Kuro Animation,Reino Unido,"Gateshead, Tyne & Wear",https://kurodragon.com/,nao,nao_encontrada,,nao aplicavel — quadro nao localizado,"MEDIDO 08/09: o site RESPONDE (https://kuroanimation.com/), mas nao achei pagina de carreiras. Varri os links da home, chutei 14 caminhos (/careers, /jobs, /join-us, /recrutement, /nous-rejoindre, /carrieres, /vacancies e afins) e li o sitemap.xml e o robots.txt; o sitemap nao tem URL de carreiras. Nenhuma devolveu quadro de vagas. | ficha: https://3dvf.com/en/studio/kuro-dragon/"
Kwalee,Reino Unido,Leamington Spa,https://www.kwalee.com/,nao,nao,,nao se aplica (sem vaga da disciplina),"MEDIDO 08/09 pela API publica do ATS (lever:kwalee): quadro devolveu 3 vaga(s) e NENHUMA e da disciplina (personagem, modelagem, textura, material, lookdev, surfacing, groom, sculpt, visual development). Afirmacao medida, nao presumida. | ficha: https://3dvf.com/en/studio/kwalee/"
LIGHT,Reino Unido / França,Londres Royan Paris,https://lightvfx.com/,nao,precisa-de-navegador,https://lightvfx.com/careers,nao verificavel por curl,"MEDIDO 08/09: a pagina de carreiras responde HTTP 200 mas o corpo tem apenas 196 caracteres de texto depois de tirar script e style, ou seja o quadro monta em JavaScript e o curl nao le a lista. Nao registrei como sem vaga. PRECISA DE NAVEGADOR. | ficha: https://3dvf.com/en/studio/light/"
Lockwood Publishing (LKWD),Reino Unido,Nottingham,,nao,nao_encontrada,https://www.lockwoodpublishing.com/,nao aplicavel — quadro nao localizado,"MEDIDO 08/09: a ficha do 3DVF nao publica site, mas o dominio https://www.lockwoodpublishing.com/ responde HTTP 200 (titulo: """"). Nao foi varrido em busca de quadro de vagas nesta rodada. | ficha: https://3dvf.com/en/studio/lockwood-publishing-lkwd/"
Lucid,Reino Unido,Liverpool,https://www.lucidgames.co.uk/,nao,nao,,nao se aplica (sem vaga da disciplina),"MEDIDO 08/09 pela API publica do ATS (recruitee:lucidgames): quadro devolveu 1 vaga(s) e NENHUMA e da disciplina (personagem, modelagem, textura, material, lookdev, surfacing, groom, sculpt, visual development). Afirmacao medida, nao presumida. | ficha: https://3dvf.com/en/studio/lucid/"
Lumiere,Reino Unido,Chelmsford,https://lumierestudios.co.uk/,nao,nao_encontrada,,nao aplicavel — quadro nao localizado,"MEDIDO 08/09: o site RESPONDE (https://lumierestudios.co.uk/), mas nao achei pagina de carreiras. Varri os links da home, chutei 14 caminhos (/careers, /jobs, /join-us, /recrutement, /nous-rejoindre, /carrieres, /vacancies e afins) e li o sitemap.xml e o robots.txt; o sitemap nao tem URL de carreiras. Nenhuma devolveu quadro de vagas. | ficha: https://3dvf.com/en/studio/lumiere/"
Milk VFX,Reino Unido,London,https://www.milk-vfx.com,sim,precisa-de-navegador,https://www.milk-vfx.com/careers/,nao verificavel por curl,"MEDIDO 08/09: a pagina de carreiras responde HTTP 200 mas o corpo tem apenas 989 caracteres de texto depois de tirar script e style, ou seja o quadro monta em JavaScript e o curl nao le a lista. Nao registrei como sem vaga. PRECISA DE NAVEGADOR. | ficha: https://3dvf.com/en/studio/milk-vfx/"
Mobile Pie,Reino Unido,Bristol,https://mobilepie.com,nao,nao_encontrada,,nao aplicavel — quadro nao localizado,"MEDIDO 08/09: o site RESPONDE (https://www.mobilepie.com/), mas nao achei pagina de carreiras. Varri os links da home, chutei 14 caminhos (/careers, /jobs, /join-us, /recrutement, /nous-rejoindre, /carrieres, /vacancies e afins) e li o sitemap.xml e o robots.txt; o sitemap nao tem URL de carreiras. Nenhuma devolveu quadro de vagas. | ficha: https://3dvf.com/en/studio/mobile-pie/"
Moonraker VFX,Reino Unido,Bristol,https://moonrakervfx.com/,sim,nao,https://moonrakervfx.com/contact/,NENHUM dos 17 termos,"MEDIDO 08/09: pagina de carreiras https://moonrakervfx.com/contact/ lida por curl (2935 caracteres de texto) e NENHUM titulo da disciplina (personagem, criatura, modelagem, textura, look dev, surfacing, grooming, visual development, generalista 3D, hard surface, props, ambiente, lideranca de arte 3D) aparece nela. | ficha: https://3dvf.com/en/studio/moonraker-vfx/"
NaturalMotion,Reino Unido,London,https://www.naturalmotion.com,sim,nao,,nao se aplica (sem vaga da disciplina),"MEDIDO 08/09 pela API publica do ATS (greenhouse:nmcareers): quadro devolveu 2 vaga(s) e NENHUMA e da disciplina (personagem, modelagem, textura, material, lookdev, surfacing, groom, sculpt, visual development). Afirmacao medida, nao presumida. | ficha: https://3dvf.com/en/studio/naturalmotion/"
nDreams,Reino Unido,Farnborough,https://www.ndreams.com,sim,nao,https://ndreams.com/careers/,NENHUM dos 17 termos,"MEDIDO 08/09: pagina de carreiras https://ndreams.com/careers/ lida por curl (84209 caracteres de texto) e NENHUM titulo da disciplina (personagem, criatura, modelagem, textura, look dev, surfacing, grooming, visual development, generalista 3D, hard surface, props, ambiente, lideranca de arte 3D) aparece nela. | ficha: https://3dvf.com/en/studio/ndreams/"
nineteentwenty,Reino Unido,London,https://www.nineteen-twenty.com/,nao,nao,https://careers.1920vfx.com/jobs,nao se aplica (sem vaga da disciplina),"MEDIDO 08/09 pelo sitemap do Teamtailor: 5 vagas - Expression of Interest Production Coordinator, Runner (freelance), Freelance Junior System Support, Freelance Motion Graphics Designer e Pipeline Developer Support. NENHUMA da disciplina. | ficha: https://3dvf.com/en/studio/nineteentwenty/"
Ninja Theory,Reino Unido,Cambridge,https://ninjatheory.com,sim,nao,https://ninjatheory.com/careers/,NENHUM dos 17 termos,"MEDIDO 08/09: pagina de carreiras https://ninjatheory.com/careers/ lida por curl (18304 caracteres de texto) e NENHUM titulo da disciplina (personagem, criatura, modelagem, textura, look dev, surfacing, grooming, visual development, generalista 3D, hard surface, props, ambiente, lideranca de arte 3D) aparece nela. | ficha: https://3dvf.com/en/studio/ninja-theory/"
Oddbod Creations,Reino Unido,Brighton,https://www.oddbodcreations.com/,nao,site-fora-do-ar,,nao aplicavel — site nao respondeu,"RE-TESTADO 08/09 com o protocolo de duas variacoes (com e sem www, com e sem barra final, https sempre, User-Agent de Chrome, e http como ultimo recurso): 3 enderecos tentados, nenhum respondeu. Tentativas: https://www.oddbodcreations.com/ ProxyError | https://oddbodcreations.com/ ProxyError | http://oddbodcreations.com/ ConnectionError | ficha: https://3dvf.com/en/studio/oddbod-creations/"
One of Us,Reino Unido,London,https://www.weacceptyou.com/,sim,nao_encontrada,,nao aplicavel — quadro nao localizado,"MEDIDO 08/09: o site RESPONDE (https://www.oneofusvfx.com/), mas nao achei pagina de carreiras. Varri os links da home, chutei 14 caminhos (/careers, /jobs, /join-us, /recrutement, /nous-rejoindre, /carrieres, /vacancies e afins) e li o sitemap.xml e o robots.txt; o sitemap nao tem URL de carreiras. Nenhuma devolveu quadro de vagas. | ficha: https://3dvf.com/en/studio/one-of-us/"
Outpost VFX,Reino Unido,Bournemouth,https://outpost-vfx.com/,sim,sim,https://jobs.smartrecruiters.com/OutpostVFX/744000142160019,NENHUM dos termos de veto,"MEDIDO 08/09 pela API do SmartRecruiters (token OutpostVFX, 32 vagas). Da disciplina em escopo geografico: Senior Environment Artist, LONDRES, full-time permanente, Mid-Senior Level, presencial (remote false, hybrid false) - PRIORIDADE MEDIA por ser ambiente. Busca literal no anuncio inteiro: authoriz/eligib/sponsor/work permit/must be based/LMIA/days a week/French/francais/resident/relocat/visa = ZERO. As vagas de Freelance Senior Modeller e Freelance Senior Texturing and LookDev Artist existem mas sao de MUMBAI, fora do escopo da campanha. DUPLICATA: a requisicao 744000142160019 JA ESTA NO PAINEL. | ficha: https://3dvf.com/en/studio/outpost-vfx/"
Painting Practice,Reino Unido,Cardiff,https://paintingpractice.com/,sim,nao,https://paintingpractice.com/jobs/environment-artist/,NENHUM dos 17 termos,"MEDIDO 08/09 e ATENCAO: a pagina paintingpractice.com/jobs/environment-artist/ existe, responde 200 e tem o titulo ""Environment Artist"", mas o corpo do anuncio e TEXTO DE ENCHIMENTO LOREM IPSUM (""Stet erat, sed diam voluptua... consetetur sadipscing elitr""), e o mesmo vale para as outras duas fichas do quadro (Unreal Engine artist e Developer). E gabarito de site, NAO e vaga viva. Salary: DOE. | ficha: https://3dvf.com/en/studio/painting-practice/"
PaperSeven,Reino Unido,Hove,,nao,site-fora-do-ar,,nao aplicavel — site nao respondeu,"RE-TESTADO 08/09: a ficha do 3DVF nao publica site. Tentei os dominios mais provaveis (https://paperseven.com/, https://www.paperseven.co.uk/) com https e User-Agent de Chrome e nenhum respondeu. Sem porta para testar. | ficha: https://3dvf.com/en/studio/paperseven/"
Passion Animation Studios,Reino Unido,Londres,https://www.passion-pictures.com/uk/animation-studios/,sim,nao,https://www.passion-animation.com/join-us/,NENHUM dos 17 termos,"MEDIDO 08/09: pagina de carreiras https://www.passion-animation.com/join-us/ lida por curl (69830 caracteres de texto) e NENHUM titulo da disciplina (personagem, criatura, modelagem, textura, look dev, surfacing, grooming, visual development, generalista 3D, hard surface, props, ambiente, lideranca de arte 3D) aparece nela. | ficha: https://3dvf.com/en/studio/passion-animation-studios/"
PenelopeVFX,Reino Unido,Barnsley,https://www.penelopevfx.co.uk/,nao,site-fora-do-ar,,nao aplicavel — site nao respondeu,"RE-TESTADO 08/09 com o protocolo de duas variacoes (com e sem www, com e sem barra final, https sempre, User-Agent de Chrome, e http como ultimo recurso): 3 enderecos tentados, nenhum respondeu. Tentativas: https://www.penelopevfx.co.uk/ ProxyError | https://penelopevfx.co.uk/ ProxyError | http://penelopevfx.co.uk/ ConnectionError | ficha: https://3dvf.com/en/studio/penelopevfx/"
Picturesmith,Reino Unido,London,https://picturesmith.tv/,nao,nao_encontrada,,nao aplicavel — quadro nao localizado,"MEDIDO 08/09: o site RESPONDE (https://picturesmith.com/), mas nao achei pagina de carreiras. Varri os links da home, chutei 14 caminhos (/careers, /jobs, /join-us, /recrutement, /nous-rejoindre, /carrieres, /vacancies e afins) e li o sitemap.xml e o robots.txt; o sitemap nao tem URL de carreiras. Nenhuma devolveu quadro de vagas. | ficha: https://3dvf.com/en/studio/picturesmith/"
Pixel Toys,Reino Unido,Leamington Spa,https://pixeltoys.com/,nao,nao,,nao se aplica (sem vaga da disciplina),"MEDIDO 08/09 pela API publica do ATS (bamboohr:pixeltoysltd, bamboohr:staticfe, bamboohr:resources, bamboohr:bhrpendo, bamboohr:images4): quadro devolveu 14 vaga(s) e NENHUMA e da disciplina (personagem, modelagem, textura, material, lookdev, surfacing, groom, sculpt, visual development). Afirmacao medida, nao presumida. | ficha: https://3dvf.com/en/studio/pixel-toys/"
Playground Games,Reino Unido,Leamington Spa,https://www.playground-games.com,sim,nao,https://jobs.jobvite.com/playground-games/search,nao se aplica (sem vaga da disciplina),"MEDIDO 08/09: o quadro da Playground Games e Jobvite com o token playground-games (com hifen; sem hifen da 403). Respondeu ao curl com 9 vagas: Experienced UI Engineer, Game Designer, Principal Game Designer, Principal Gameplay Engineer, Producer, Senior Cinematic Producer, Senior Game Designer, Senior Gameplay Engineer, Senior UI Engineer. NENHUMA da disciplina. | ficha: https://3dvf.com/en/studio/playground-games/"
Rare,Reino Unido,Twycross,https://www.rare.co.uk/,nao,nao_encontrada,,,"Pagina de carreiras lida (https://www.rare.co.uk/careers): nenhum titulo da disciplina no HTML. Pode ser quadro carregado por JavaScript, que nao da para ler sem navegador. | ficha: https://3dvf.com/en/studio/rare/"
Realtime,Reino Unido,Westby,https://www.realtimeuk.com/,sim,nao,https://careers.realtimeuk.com/jobs,nao se aplica (so candidatura espontanea),"MEDIDO 08/09 pelo sitemap do Teamtailor: o quadro da Realtime tem UMA entrada, ""Register Your Interest"", que e banco de talentos. NENHUMA vaga datada da disciplina. | ficha: https://3dvf.com/en/studio/realtime/"
Red Star,Reino Unido,Sheffield,http://redstar3d.com/,sim,nao,https://www.redstar3d.com/jobs/,NENHUM dos 17 termos,"MEDIDO 08/09: pagina de carreiras https://www.redstar3d.com/jobs/ lida por curl (8130 caracteres de texto) e NENHUM titulo da disciplina (personagem, criatura, modelagem, textura, look dev, surfacing, grooming, visual development, generalista 3D, hard surface, props, ambiente, lideranca de arte 3D) aparece nela. | ficha: https://3dvf.com/en/studio/red-star/"
Rewind,Reino Unido,St. Albans,https://rewind.co/,nao,site-fora-do-ar,,nao aplicavel — site nao respondeu,"RE-TESTADO 08/09 com o protocolo de duas variacoes (com e sem www, com e sem barra final, https sempre, User-Agent de Chrome, e http como ultimo recurso): 3 enderecos tentados, nenhum respondeu. Tentativas: https://rewind.co/ ReadTimeout | https://www.rewind.co/ ReadTimeout | http://rewind.co/ HTTP 403 | ficha: https://3dvf.com/en/studio/rewind/"
Ripstone,Reino Unido,Liverpool,https://ripstone.com,nao,nao_encontrada,,nao aplicavel — quadro nao localizado,"MEDIDO 08/09: o site RESPONDE (https://ripstone.com/), mas nao achei pagina de carreiras. Varri os links da home, chutei 14 caminhos (/careers, /jobs, /join-us, /recrutement, /nous-rejoindre, /carrieres, /vacancies e afins) e li o sitemap.xml e o robots.txt; o sitemap nao tem URL de carreiras. Nenhuma devolveu quadro de vagas. | ficha: https://3dvf.com/en/studio/ripstone/"
RISE,Reino Unido / Alemanha,Berlin Cologne London Stuttgart Munich,https://www.risefx.com/,nao,nao,https://www.risefx.com/rise-visual-effects-studios-jobs.php,VETO ESCRITO NA PAGINA INTEIRA de vagas,"MEDIDO 08/09: o quadro da RISE e HTML estatico e foi lido inteiro (rise-visual-effects-studios-jobs.php, 8 vagas). NENHUMA e da disciplina: HR Assistant, VFX Recruiter, Full Stack Developer, VFX Producer, VFX Production Manager, VFX Coordinator, VFX Supervisor. E ALEM DISSO a pagina traz VETO ESCRITO valido para todas: ""You need a valid working permit for the European Union in order to apply. Unfortunately, we cant assist you in getting one for the time being."" A vaga de Berlim reforca: ""EU Citizenship or a pre-existing EU work permit is required"". | ficha: https://3dvf.com/en/studio/rise/"
RJDM Studios,Reino Unido,Northampton,https://www.rjdm.com/,nao,nao_encontrada,,nao aplicavel — quadro nao localizado,"MEDIDO 08/09: o site RESPONDE (https://rjdm.com/), mas nao achei pagina de carreiras. Varri os links da home, chutei 14 caminhos (/careers, /jobs, /join-us, /recrutement, /nous-rejoindre, /carrieres, /vacancies e afins) e li o sitemap.xml e o robots.txt; o sitemap nao tem URL de carreiras. Nenhuma devolveu quadro de vagas. | ficha: https://3dvf.com/en/studio/rjdm-studios/"
Rumpus Animation,Reino Unido,Bristol,https://rumpusanimation.com/,nao,nao_encontrada,,nao aplicavel — quadro nao localizado,"MEDIDO 08/09: o site RESPONDE (https://rumpusanimation.com/), mas nao achei pagina de carreiras. Varri os links da home, chutei 14 caminhos (/careers, /jobs, /join-us, /recrutement, /nous-rejoindre, /carrieres, /vacancies e afins) e li o sitemap.xml e o robots.txt; o sitemap nao tem URL de carreiras. Nenhuma devolveu quadro de vagas. | ficha: https://3dvf.com/en/studio/rumpus-animation/"
Seed Animation,Reino Unido,London,https://www.seedanimation.com,nao,site-fora-do-ar,,nao aplicavel — site nao respondeu,"RE-TESTADO 08/09 com o protocolo de duas variacoes (com e sem www, com e sem barra final, https sempre, User-Agent de Chrome, e http como ultimo recurso): 3 enderecos tentados, nenhum respondeu. Tentativas: https://www.seedanimation.com/ HTTP 202 | https://seedanimation.com/ HTTP 202 | http://seedanimation.com/ HTTP 403 | ficha: https://3dvf.com/en/studio/seed-animation/"
SEGA HARDlight,Reino Unido,Leamington Spa,https://www.hardlightstudio.com,sim,nao,https://www.hardlightstudio.com/careers,NENHUM dos 17 termos,"MEDIDO 08/09: pagina de carreiras https://www.hardlightstudio.com/careers lida por curl (2094 caracteres de texto) e NENHUM titulo da disciplina (personagem, criatura, modelagem, textura, look dev, surfacing, grooming, visual development, generalista 3D, hard surface, props, ambiente, lideranca de arte 3D) aparece nela. | ficha: https://3dvf.com/en/studio/sega-hardlight/"
Squint/Opera,Reino Unido,Londres,https://www.squintopera.com/#home,nao,nao_encontrada,,nao aplicavel — quadro nao localizado,"MEDIDO 08/09: o site RESPONDE (https://www.squintopera.com/), mas nao achei pagina de carreiras. Varri os links da home, chutei 14 caminhos (/careers, /jobs, /join-us, /recrutement, /nous-rejoindre, /carrieres, /vacancies e afins) e li o sitemap.xml e o robots.txt; o sitemap nao tem URL de carreiras. Nenhuma devolveu quadro de vagas. | ficha: https://3dvf.com/en/studio/squint-opera-tpboujk-londres/"
Studio Giggle,Reino Unido,Bristol,https://www.studiogiggle.co.uk,nao,site-fora-do-ar,,nao aplicavel — site nao respondeu,"RE-TESTADO 08/09 com o protocolo de duas variacoes (com e sem www, com e sem barra final, https sempre, User-Agent de Chrome, e http como ultimo recurso): 3 enderecos tentados, nenhum respondeu. Tentativas: https://www.studiogiggle.co.uk/ HTTP 202 | https://studiogiggle.co.uk/ HTTP 202 | http://studiogiggle.co.uk/ HTTP 403 | ficha: https://3dvf.com/en/studio/studio-giggle/"
Studio Gobo,Reino Unido,Hove,https://www.studiogobo.com/,sim,nao,https://www.studiogobo.com/join-us/,NENHUM dos 17 termos,"MEDIDO 08/09: pagina de carreiras https://www.studiogobo.com/join-us/ lida por curl (8985 caracteres de texto) e NENHUM titulo da disciplina (personagem, criatura, modelagem, textura, look dev, surfacing, grooming, visual development, generalista 3D, hard surface, props, ambiente, lideranca de arte 3D) aparece nela. | ficha: https://3dvf.com/en/studio/studio-gobo/"
Suited and Booted Studios,Reino Unido,Bath,https://suitedandbooted.org,nao,nao_encontrada,,nao aplicavel — quadro nao localizado,"MEDIDO 08/09: o site RESPONDE (https://www.suitedandbooted.org/), mas nao achei pagina de carreiras. Varri os links da home, chutei 14 caminhos (/careers, /jobs, /join-us, /recrutement, /nous-rejoindre, /carrieres, /vacancies e afins) e li o sitemap.xml e o robots.txt; o sitemap nao tem URL de carreiras. Nenhuma devolveu quadro de vagas. | ficha: https://3dvf.com/en/studio/suited-and-booted-studios/"
Sun &#038; Moon studios,Reino Unido,Bristol Sun & Moon studios,https://sunandmoonstudios.co.uk/,sim,nao,https://sunandmoonstudios.co.uk/services/careers/,NENHUM dos 17 termos,"MEDIDO 08/09: pagina de carreiras https://sunandmoonstudios.co.uk/services/careers/ lida por curl (23580 caracteres de texto) e NENHUM titulo da disciplina (personagem, criatura, modelagem, textura, look dev, surfacing, grooming, visual development, generalista 3D, hard surface, props, ambiente, lideranca de arte 3D) aparece nela. | ficha: https://3dvf.com/en/studio/sun-moon-studios/"
Super Punk Games,Reino Unido,Nottingham,https://superpunkgames.com/,sim,site-fora-do-ar,,nao aplicavel — site nao respondeu,"RE-TESTADO 08/09 com o protocolo de duas variacoes (com e sem www, com e sem barra final, https sempre, User-Agent de Chrome, e http como ultimo recurso): 3 enderecos tentados, nenhum respondeu. Tentativas: https://superpunkgames.com/ ConnectionError | https://www.superpunkgames.com/ ReadTimeout | http://superpunkgames.com/ HTTP 403 | ficha: https://3dvf.com/en/studio/super-punk-games/"
Super Spline Studios,Reino Unido,Leamington Spa,https://supersplinestudios.com/,nao,nao_encontrada,,,"Pagina de carreiras lida (https://supersplinestudios.com/jobs/): nenhum titulo da disciplina no HTML. Pode ser quadro carregado por JavaScript, que nao da para ler sem navegador. | ficha: https://3dvf.com/en/studio/super-spline-studios/"
Tag Collective Arts,Reino Unido,London,https://www.tagww.com/,nao,site-fora-do-ar,,nao aplicavel — site nao respondeu,"RE-TESTADO 08/09 com o protocolo de duas variacoes (com e sem www, com e sem barra final, https sempre, User-Agent de Chrome, e http como ultimo recurso): 3 enderecos tentados, nenhum respondeu. Tentativas: https://www.tagww.com/ HTTP 429 | https://tagww.com/ HTTP 429 | http://tagww.com/ HTTP 403 | ficha: https://3dvf.com/en/studio/tag-collective-arts/"
Team17,Reino Unido,Wakefield,,sim,nao_encontrada,https://www.team17.com/,nao aplicavel — quadro nao localizado,"MEDIDO 08/09: a ficha do 3DVF nao publica site, mas o dominio https://www.team17.com/ responde HTTP 200 (titulo: ""Team17 | Indie Games developed by Independent Developers""). Nao foi varrido em busca de quadro de vagas nesta rodada. | ficha: https://3dvf.com/en/studio/team17/"
The Senate Visual Effects,Reino Unido,Twickenham,https://www.senatevfx.com,nao,site-fora-do-ar,,nao aplicavel — site nao respondeu,"RE-TESTADO 08/09 com o protocolo de duas variacoes (com e sem www, com e sem barra final, https sempre, User-Agent de Chrome, e http como ultimo recurso): 3 enderecos tentados, nenhum respondeu. Tentativas: https://www.senatevfx.com/ ReadTimeout | https://senatevfx.com/ ReadTimeout | http://senatevfx.com/ HTTP 403 | ficha: https://3dvf.com/en/studio/the-senate-visual-effects/"
The Yard VFX,Reino Unido / França,LONDON Montpellier,https://theyard-vfx.com/,nao,nao,https://careers.theyard-vfx.com/en-GB,nao se aplica (sem vaga da disciplina),"MEDIDO 08/09 pelo sitemap do Teamtailor: 7 vagas, todas em frances - Comptable analytique, VFX Producer, Lead FX Technical Director, Lead Lighting Technical Director, Developpeur pipeline VFX, Superviseur compositing e Superviseur CG. NENHUMA da disciplina. | ficha: https://3dvf.com/en/studio/the-yard-vfx/"
Tiny Talisman Games,Reino Unido,Bath,https://www.tinytalismangames.com/,nao,precisa-de-navegador,https://www.tinytalismangames.com/careers/,nao aplicavel — quadro nao cedeu texto,"MEDIDO 08/09: site Wix; a pagina /careers responde 200 com 280 KB mas o conteudo e payload de JavaScript do Wix Thunderbolt, sem titulo de vaga em HTML cru. FALTA: abrir no navegador. | ficha: https://3dvf.com/en/studio/tiny-talisman-games/"
TT Fusion,Reino Unido,Wilmslow,https://www.ttgames.com/,sim,nao,https://www.ttgames.com/careers,NENHUM dos 17 termos,"MEDIDO 08/09: pagina de carreiras https://www.ttgames.com/careers lida por curl (24217 caracteres de texto) e NENHUM titulo da disciplina (personagem, criatura, modelagem, textura, look dev, surfacing, grooming, visual development, generalista 3D, hard surface, props, ambiente, lideranca de arte 3D) aparece nela. | ficha: https://3dvf.com/en/studio/tt-fusion/"
TT Games,Reino Unido,Knutsford,https://www.ttgames.com/,sim,nao,https://www.ttgames.com/careers,NENHUM dos 17 termos,"MEDIDO 08/09: pagina de carreiras https://www.ttgames.com/careers lida por curl (24217 caracteres de texto) e NENHUM titulo da disciplina (personagem, criatura, modelagem, textura, look dev, surfacing, grooming, visual development, generalista 3D, hard surface, props, ambiente, lideranca de arte 3D) aparece nela. | ficha: https://3dvf.com/en/studio/tt-games/"
TT Odyssey,Reino Unido,Knutsford TT Games,https://www.ttgames.com/,sim,nao,https://www.ttgames.com/careers,NENHUM dos 17 termos,"MEDIDO 08/09: pagina de carreiras https://www.ttgames.com/careers lida por curl (24217 caracteres de texto) e NENHUM titulo da disciplina (personagem, criatura, modelagem, textura, look dev, surfacing, grooming, visual development, generalista 3D, hard surface, props, ambiente, lideranca de arte 3D) aparece nela. | ficha: https://3dvf.com/en/studio/tt-games-3/"
Unionx VFX,Reino Unido,Londres,https://unionvfx.com,sim,nao,https://unionvfx.com/careers/,NENHUM dos 17 termos,"MEDIDO 08/09: pagina de carreiras https://unionvfx.com/careers/ lida por curl (5971 caracteres de texto) e NENHUM titulo da disciplina (personagem, criatura, modelagem, textura, look dev, surfacing, grooming, visual development, generalista 3D, hard surface, props, ambiente, lideranca de arte 3D) aparece nela. | ficha: https://3dvf.com/en/studio/unionx-vfx/"
Vine FX,Reino Unido,Cambridge,https://vinefx.com/,sim,nao,https://jobs.vinefx.com/jobs,nao se aplica (so generalista),"MEDIDO 08/09 pelo sitemap do Teamtailor: 2 vagas - CG Generalist/Compositors (Manchester based) e 3D Generalist. Sao generalistas, nao cargo de personagem/modelagem/textura. NENHUMA da disciplina no sentido estrito. | ficha: https://3dvf.com/en/studio/vine-fx/"
Well Played Games,Reino Unido,Leamington Spa,https://wellplayed.games,nao,nao_encontrada,,,"Pagina de carreiras lida (https://wellplayed.games/#work-with-us): nenhum titulo da disciplina no HTML. Pode ser quadro carregado por JavaScript, que nao da para ler sem navegador. | ficha: https://3dvf.com/en/studio/well-played-games/"
West Pier Studio,Reino Unido,Brighton,https://www.westpierstudio.com/,nao,precisa-de-navegador,https://www.westpierstudio.com/careers,nao verificavel por curl,"MEDIDO 08/09: a pagina de carreiras responde HTTP 200 mas o corpo tem apenas 12 caracteres de texto depois de tirar script e style, ou seja o quadro monta em JavaScript e o curl nao le a lista. Nao registrei como sem vaga. PRECISA DE NAVEGADOR. | ficha: https://3dvf.com/en/studio/west-pier-studio/"
Whatboy,Reino Unido,Sutton,https://www.whatboy.com/,nao,nao_encontrada,,nao aplicavel — quadro nao localizado,"MEDIDO 08/09: o site RESPONDE (https://www.whatboy.com/), mas nao achei pagina de carreiras. Varri os links da home, chutei 14 caminhos (/careers, /jobs, /join-us, /recrutement, /nous-rejoindre, /carrieres, /vacancies e afins) e li o sitemap.xml e o robots.txt; o sitemap nao tem URL de carreiras. Nenhuma devolveu quadro de vagas. | ficha: https://3dvf.com/en/studio/whatboy/"
White Paper Games,Reino Unido,Manchester,https://www.whitepapergames.com/,nao,site-fora-do-ar,,nao aplicavel — site nao respondeu,"RE-TESTADO 08/09 com o protocolo de duas variacoes (com e sem www, com e sem barra final, https sempre, User-Agent de Chrome, e http como ultimo recurso): 3 enderecos tentados, nenhum respondeu. Tentativas: https://www.whitepapergames.com/ HTTP 403 | https://whitepapergames.com/ HTTP 403 | http://whitepapergames.com/ HTTP 403 | ficha: https://3dvf.com/en/studio/white-paper-games/"
Wildseed Studios,Reino Unido,Bristol,https://wildseedstudios.com,sim,nao,https://wildseedstudios.com/jobs,NENHUM dos 17 termos,"MEDIDO 08/09: pagina de carreiras https://wildseedstudios.com/jobs lida por curl (32962 caracteres de texto) e NENHUM titulo da disciplina (personagem, criatura, modelagem, textura, look dev, surfacing, grooming, visual development, generalista 3D, hard surface, props, ambiente, lideranca de arte 3D) aparece nela. | ficha: https://3dvf.com/en/studio/wildseed-studios/"
Zoo VFX,Reino Unido,Londres,https://zoovfx.com/,nao,site-fora-do-ar,,nao aplicavel — site nao respondeu,"RE-TESTADO 08/09 com o protocolo de duas variacoes (com e sem www, com e sem barra final, https sempre, User-Agent de Chrome, e http como ultimo recurso): 3 enderecos tentados, nenhum respondeu. Tentativas: https://zoovfx.com/ SSLError | https://www.zoovfx.com/ ReadTimeout | http://zoovfx.com/ HTTP 403 | ficha: https://3dvf.com/en/studio/zoo-vfx/"
StaticVFX,Romênia,Bucharest,,nao,site-fora-do-ar,,nao aplicavel — site nao respondeu,"RE-TESTADO 08/09: a ficha do 3DVF nao publica site. Tentei os dominios mais provaveis (https://staticvfx.com/, https://www.staticvfx.ro/) com https e User-Agent de Chrome e nenhum respondeu. Sem porta para testar. | ficha: https://3dvf.com/en/studio/staticvfx/"
Omens Studios,Singapura,Singapore,https://www.omens-studios.com/,sim,nao,https://www.omens-studios.com/careers/,NENHUM dos 17 termos,"MEDIDO 08/09: pagina de carreiras https://www.omens-studios.com/careers/ lida por curl (958 caracteres de texto) e NENHUM titulo da disciplina (personagem, criatura, modelagem, textura, look dev, surfacing, grooming, visual development, generalista 3D, hard surface, props, ambiente, lideranca de arte 3D) aparece nela. | ficha: https://3dvf.com/en/studio/omens-studios/"
Arrowhead Game Studios,Suécia,Stockholm,https://www.arrowheadgamestudios.com/,sim,nao,https://jobs.arrowheadgamestudios.com/jobs,nao se aplica (sem vaga da disciplina),"MEDIDO 08/09 pelo sitemap do Teamtailor: 5 vagas - Head of People, Senior HR Business Partner, Senior Gameplay Programmer (contractor), CTO e Senior Data Engineer. NENHUMA da disciplina. | ficha: https://3dvf.com/en/studio/arrowhead-game-studios/"
Coffee Stain Studios,Suécia,Skövde,https://www.coffeestainstudios.com/,nao,nao,https://jobs.coffeestain.com/jobs,nao se aplica (sem vaga da disciplina),MEDIDO 08/09 pelo sitemap do Teamtailor: 2 vagas - Art Director and Art Lead e Senior Game Designer. NENHUMA e cargo de execucao da disciplina. | ficha: https://3dvf.com/en/studio/coffee-stain-studios/
Divine Robot,Suécia,Malmö,https://www.divinerobot.com/en/,nao,precisa-de-navegador,https://divinerobot.com/career/,nao verificavel por curl,"MEDIDO 08/09: a pagina de carreiras responde HTTP 200 mas o corpo tem apenas 393 caracteres de texto depois de tirar script e style, ou seja o quadro monta em JavaScript e o curl nao le a lista. Nao registrei como sem vaga. PRECISA DE NAVEGADOR. | ficha: https://3dvf.com/en/studio/divine-robot/"
EA &#8211; Dice,Suécia,Stockholm EA - Dice,https://www.dice.se/,nao,nao_encontrada,,,"Pagina de carreiras lida (https://www.dice.se/careers): nenhum titulo da disciplina no HTML. Pode ser quadro carregado por JavaScript, que nao da para ler sem navegador. | ficha: https://3dvf.com/en/studio/dice/"
ELK Studios,Suécia,Stockholm,https://www.elk-studios.com/,nao,nao_encontrada,,,"Pagina de carreiras lida (https://www.elk-studios.com/career/): nenhum titulo da disciplina no HTML. Pode ser quadro carregado por JavaScript, que nao da para ler sem navegador. | ficha: https://3dvf.com/en/studio/elk-studios/"
Fable Fx,Suécia,Stockholm,https://www.fablefx.com/,nao,precisa-de-navegador,https://www.fablefx.com/careers,nao verificavel por curl,"MEDIDO 08/09: a pagina de carreiras responde HTTP 200 mas o corpo tem apenas 290 caracteres de texto depois de tirar script e style, ou seja o quadro monta em JavaScript e o curl nao le a lista. Nao registrei como sem vaga. PRECISA DE NAVEGADOR. | ficha: https://3dvf.com/en/studio/fable-fx/"
Fall Damage Studio,Suécia,Stockholm,https://www.falldamagestudio.com/,nao,site-fora-do-ar,,nao aplicavel — site nao respondeu,"RE-TESTADO 08/09 com o protocolo de duas variacoes (com e sem www, com e sem barra final, https sempre, User-Agent de Chrome, e http como ultimo recurso): 3 enderecos tentados, nenhum respondeu. Tentativas: https://www.falldamagestudio.com/ SSLError | https://falldamagestudio.com/ SSLError | http://falldamagestudio.com/ HTTP 403 | ficha: https://3dvf.com/en/studio/fall-damage-studio/"
Fatshark Studios,Suécia,Stockholm,https://www.fatshark.se/,sim,nao_encontrada,,nao aplicavel — quadro nao localizado,"MEDIDO 08/09: o site RESPONDE (https://www.fatshark.se/), mas nao achei pagina de carreiras. Varri os links da home, chutei 14 caminhos (/careers, /jobs, /join-us, /recrutement, /nous-rejoindre, /carrieres, /vacancies e afins) e li o sitemap.xml e o robots.txt; o sitemap nao tem URL de carreiras. Nenhuma devolveu quadro de vagas. Tentados: http://jobs.fatsharkgames.com. | ficha: https://3dvf.com/en/studio/fatshark-studios/"
Filmic Art,Suécia,Stockholm,https://www.filmicart.com/en/,sim,nao,https://filmic.se/en/,NENHUM dos 17 termos,"MEDIDO 08/09: pagina de carreiras https://filmic.se/en/ lida por curl (5006 caracteres de texto) e NENHUM titulo da disciplina (personagem, criatura, modelagem, textura, look dev, surfacing, grooming, visual development, generalista 3D, hard surface, props, ambiente, lideranca de arte 3D) aparece nela. | ficha: https://3dvf.com/en/studio/filmic-art/"
Frictional Games,Suécia,Malmö,https://frictionalgames.com/,nao,nao_encontrada,,,"Pagina de carreiras lida (https://frictionalgames.com/careers-faq/): nenhum titulo da disciplina no HTML. Pode ser quadro carregado por JavaScript, que nao da para ler sem navegador. | ficha: https://3dvf.com/en/studio/frictional-games/"
Goodbye Kansas Studios,Suécia,Stockholm,https://goodbyekansasstudios.com/,sim,nao,https://career.goodbyekansas.com/jobs,nao se aplica (sem vaga da disciplina),"MEDIDO 08/09 pelo sitemap do Teamtailor (career.goodbyekansas.com/sitemap.xml), que lista o quadro inteiro sem precisar de JavaScript: 3 vagas - Internships at Goodbye Kansas Studios, Realtime Technical Artist e Unreal Cinematic Artist. NENHUMA da disciplina. ARMADILHA REGISTRADA: o endpoint jobs.json do Teamtailor devolve lista VAZIA mesmo com vagas vivas; o sitemap.xml e que serve. | ficha: https://3dvf.com/en/studio/goodbye-kansas-studios/"
Haymaker FX,Suécia,Gothenburg,https://www.haymakerfx.com/,nao,nao_encontrada,,,"Pagina de carreiras lida (https://www.haymakerfx.com/careers/): nenhum titulo da disciplina no HTML. Pode ser quadro carregado por JavaScript, que nao da para ler sem navegador. | ficha: https://3dvf.com/en/studio/haymaker-fx/"
Hazelight Studios,Suécia,Stockholm,https://www.hazelight.se/,nao,nao_encontrada,,,"Pagina de carreiras lida (https://www.hazelight.se/careers): nenhum titulo da disciplina no HTML. Pode ser quadro carregado por JavaScript, que nao da para ler sem navegador. | ficha: https://3dvf.com/en/studio/hazelight-studios/"
Important Looking Pirates,Suécia,Stockholm,https://ilpvfx.com/,sim,nao,https://ilpvfx.teamtailor.com/jobs,nao se aplica (sem vaga da disciplina),MEDIDO 08/09 pelo sitemap do Teamtailor: 2 vagas - Lighting Supervisor e Metropolis Expression of Interest. NENHUMA da disciplina. | ficha: https://3dvf.com/en/studio/ilpvfx/
King,Suécia,Stockholm,https://careers.king.com/,nao,nao,,nao se aplica (sem vaga da disciplina),"MEDIDO 08/09 pela API publica do ATS (jobsatteamtailor:king, workday:xboxgaming/King_External_Careers): quadro devolveu 3 vaga(s) e NENHUMA e da disciplina (personagem, modelagem, textura, material, lookdev, surfacing, groom, sculpt, visual development). Afirmacao medida, nao presumida. | ficha: https://3dvf.com/en/studio/king/"
Machinegames,Suécia,Uppsala,https://www.machinegames.com/,nao,site-fora-do-ar,,nao aplicavel — site nao respondeu,"RE-TESTADO 08/09 com o protocolo de duas variacoes (com e sem www, com e sem barra final, https sempre, User-Agent de Chrome, e http como ultimo recurso): 3 enderecos tentados, nenhum respondeu. Tentativas: https://www.machinegames.com/ HTTP 403 | https://machinegames.com/ HTTP 403 | http://machinegames.com/ HTTP 403 | ficha: https://3dvf.com/en/studio/machinegames/"
Milford Film &#038; Animation,Suécia,Stockholm Milford Film & Animation,https://www.milford.se/,sim,nao,https://www.milford.se/jobs/,NENHUM dos 17 termos,"MEDIDO 08/09: pagina de carreiras https://www.milford.se/jobs/ lida por curl (3141 caracteres de texto) e NENHUM titulo da disciplina (personagem, criatura, modelagem, textura, look dev, surfacing, grooming, visual development, generalista 3D, hard surface, props, ambiente, lideranca de arte 3D) aparece nela. | ficha: https://3dvf.com/en/studio/milford-film-animation/"
Paradox Interactive,Suécia,Stockholm,https://www.paradoxplaza.com/,sim,nao,https://career.paradoxplaza.com/jobs,nao se aplica (sem vaga da disciplina),"MEDIDO 08/09 pelo sitemap do Teamtailor: 18 vagas, todas de programacao, design, QA, producao e juridico. NENHUMA da disciplina. | ficha: https://3dvf.com/en/studio/paradox-interactive/"
Resolution Games,Suécia,Stockholm,https://www.resolutiongames.com/,sim,nao,https://jobs.resolutiongames.com/,nao se aplica (quadro vazio),MEDIDO 08/09 pelo sitemap do Teamtailor: nenhuma vaga listada. Quadro vazio. | ficha: https://3dvf.com/en/studio/resolution-games/
Rovio Entertainment,Suécia,Stockholm,https://www.rovio.com/,nao,nao_encontrada,,,"Pagina de carreiras lida (https://www.rovio.com/careers/): nenhum titulo da disciplina no HTML. Pode ser quadro carregado por JavaScript, que nao da para ler sem navegador. | ficha: https://3dvf.com/en/studio/rovio-entertainment/"
Sharkmob,Suécia,Malmö,https://www.sharkmob.com/,sim,nao,https://career.sharkmob.com/jobs,nao se aplica (sem vaga da disciplina),"MEDIDO 08/09 pelo sitemap do Teamtailor: 4 vagas - Senior Data Scientist, Senior Core Systems Engineer, Release Manager e Senior Principal Render Engineer. NENHUMA da disciplina. | ficha: https://3dvf.com/en/studio/sharkmob/"
Sir Lancelot Animation Studio,Suécia,Malmö,https://sirlancelot.se/,nao,nao_encontrada,,nao aplicavel — quadro nao localizado,"MEDIDO 08/09: o site RESPONDE (https://www.sirlancelot.se/), mas nao achei pagina de carreiras. Varri os links da home, chutei 14 caminhos (/careers, /jobs, /join-us, /recrutement, /nous-rejoindre, /carrieres, /vacancies e afins) e li o sitemap.xml e o robots.txt; o sitemap nao tem URL de carreiras. Nenhuma devolveu quadro de vagas. | ficha: https://3dvf.com/en/studio/sir-lancelot-animation-studio/"
Snow Animation Studio,Suécia,Malmö,https://www.snowanimation.com/,nao,nao_encontrada,,nao aplicavel — quadro nao localizado,"MEDIDO 08/09: o site RESPONDE (https://www.snowanimation.com/), mas nao achei pagina de carreiras. Varri os links da home, chutei 14 caminhos (/careers, /jobs, /join-us, /recrutement, /nous-rejoindre, /carrieres, /vacancies e afins) e li o sitemap.xml e o robots.txt; o sitemap nao tem URL de carreiras. Nenhuma devolveu quadro de vagas. | ficha: https://3dvf.com/en/studio/snow-animation-studio/"
Starbreeze Studios,Suécia,Stockholm,https://www.starbreeze.com/,sim,nao,https://jobs.starbreeze.com/jobs,nao se aplica (sem vaga da disciplina),MEDIDO 08/09 pelo sitemap do Teamtailor: 1 vaga - Senior AI Gameplay Programmer. NENHUMA da disciplina. | ficha: https://3dvf.com/en/studio/starbreeze-studios/
Station Interactive AB,Suécia,Karlshamn,https://www.station-interactive.com/,nao,site-fora-do-ar,,nao aplicavel — site nao respondeu,"RE-TESTADO 08/09 com o protocolo de duas variacoes (com e sem www, com e sem barra final, https sempre, User-Agent de Chrome, e http como ultimo recurso): 3 enderecos tentados, nenhum respondeu. Tentativas: https://www.station-interactive.com/ ProxyError | https://station-interactive.com/ ProxyError | http://station-interactive.com/ ConnectionError | ficha: https://3dvf.com/en/studio/station-interactive-ab/"
Stunlock Studios,Suécia,Skövde,https://www.stunlock.com/,sim,nao,https://www.stunlock.com/careers,NENHUM dos 17 termos,"MEDIDO 08/09: pagina de carreiras https://www.stunlock.com/careers lida por curl (14313 caracteres de texto) e NENHUM titulo da disciplina (personagem, criatura, modelagem, textura, look dev, surfacing, grooming, visual development, generalista 3D, hard surface, props, ambiente, lideranca de arte 3D) aparece nela. | ficha: https://3dvf.com/en/studio/stunlock-studios/"
Swiss International,Suécia,Stockholm,https://swiss.se/,nao,precisa-de-navegador,https://swiss.se/career/,nao verificavel por curl,"MEDIDO 08/09: a pagina de carreiras responde HTTP 200 mas o corpo tem apenas 1652 caracteres de texto depois de tirar script e style, ou seja o quadro monta em JavaScript e o curl nao le a lista. Nao registrei como sem vaga. PRECISA DE NAVEGADOR. | ficha: https://3dvf.com/en/studio/swiss-international/"
Tarsier Studios,Suécia,Malmö,https://tarsier.se/,sim,nao,https://tarsier.se/jobs/,NENHUM dos 17 termos,"MEDIDO 08/09: pagina de carreiras https://tarsier.se/jobs/ lida por curl (5263 caracteres de texto) e NENHUM titulo da disciplina (personagem, criatura, modelagem, textura, look dev, surfacing, grooming, visual development, generalista 3D, hard surface, props, ambiente, lideranca de arte 3D) aparece nela. | ficha: https://3dvf.com/en/studio/tarsier-studios/"
Ustwo,Suécia,Malmö,https://www.ustwo.com/,nao,nao_encontrada,,,"Pagina de carreiras lida (https://www.ustwo.com/join-us/): nenhum titulo da disciplina no HTML. Pode ser quadro carregado por JavaScript, que nao da para ler sem navegador. | ficha: https://3dvf.com/en/studio/ustwo/"
wec360,Suécia,Örebro,https://www.wec360.com/en/,nao,site-fora-do-ar,,nao aplicavel — site nao respondeu,"RE-TESTADO 08/09 com o protocolo de duas variacoes (com e sem www, com e sem barra final, https sempre, User-Agent de Chrome, e http como ultimo recurso): 5 enderecos tentados, nenhum respondeu. Tentativas: https://www.wec360.com/en/ HTTP 202 | https://www.wec360.com/en HTTP 202 | https://wec360.com/en/ HTTP 202 | https://wec360.com/en HTTP 202 | http://wec360.com/en/ HTTP 403 | ficha: https://3dvf.com/en/studio/wec360/"
