ats,token,titulo,local,url,id,internal_job_id,disciplina_vini,ja_no_painel
ashby,stellarentertainment,Talent Pool,"Guildford, UK",https://jobs.ashbyhq.com/stellarentertainment/43711cca-1ec5-40d3-98d7-eeb2740e604d,43711cca-1ec5-40d3-98d7-eeb2740e604d,,SIM,nova
ashby,thatgamecompany,3D Character Artist (Mid-Senior),Remote - US,https://jobs.ashbyhq.com/thatgamecompany/36e101a4-c7ba-4884-8999-cd04abb979ee,36e101a4-c7ba-4884-8999-cd04abb979ee,,SIM,JA-FEITO
bamboohr,amuseanimation,Join Our Talent Pool – Send Your CV,"Las Palmas de Gran Canaria, Las Palmas",https://amuseanimation.bamboohr.com/careers/164,164,,SIM,nova
bamboohr,barnstormvfx,ANY LOCATION - General Application - Expression of Interest,,https://barnstormvfx.bamboohr.com/careers/114,114,,SIM,JA-FEITO
bamboohr,barnstormvfx,Artiste principal(e) de créatures - Lead Creature Artist - QC,"Montreal, Quebec",https://barnstormvfx.bamboohr.com/careers/176,176,,SIM,JA-FEITO
bamboohr,barnstormvfx,Environment Generalist (VAN),"Vancouver, British Columbia",https://barnstormvfx.bamboohr.com/careers/204,204,,SIM,JA-FEITO
bamboohr,cinesitemontreal,Speculative Application Montreal -- Candidature Spontanée Montreal,"Montreal, Quebec",https://cinesitemontreal.bamboohr.com/careers/93,93,,SIM,JA-FEITO
bamboohr,cinesitevancouver,Speculative Application,"Vancouver, British Columbia",https://cinesitevancouver.bamboohr.com/careers/260,260,,SIM,JA-FEITO
bamboohr,dmfx,Artiste CFX (effets spéciaux de créatures) | CFX (Creature FX) Artist,"Montreal, Quebec",https://dmfx.bamboohr.com/careers/129,129,,SIM,nova
bamboohr,funday,Funday Agency - General Application,,https://funday.bamboohr.com/careers/136,136,,SIM,JA-FEITO
bamboohr,iconcreative,Intermediate Modeling/Texture Artist,"Vancouver, British Columbia",https://iconcreative.bamboohr.com/careers/136,136,,SIM,JA-FEITO
bamboohr,iconcreative,Talent Relations Manager (On-Site),"Vancouver, British Columbia",https://iconcreative.bamboohr.com/careers/149,149,,SIM,nova
bamboohr,igg,3D Character Artist (Mobile Game),"Vancouver, British Columbia",https://igg.bamboohr.com/careers/289,289,,SIM,JA-FEITO
bamboohr,imageengine,General Application - Assets (Modeling/Texturing/LookDev/Grooming),"Vancouver, British Columbia",https://imageengine.bamboohr.com/careers/21,21,,SIM,JA-FEITO
bamboohr,imageengine,General Application - Editorial,"Vancouver, British Columbia",https://imageengine.bamboohr.com/careers/25,25,,SIM,nova
bamboohr,imageengine,General Application - FX TD,"Vancouver, British Columbia",https://imageengine.bamboohr.com/careers/13,13,,SIM,nova
bamboohr,imageengine,General Application - Layout/Matchmove,"Vancouver, British Columbia",https://imageengine.bamboohr.com/careers/18,18,,SIM,nova
bamboohr,imageengine,General Application - Production,"Vancouver, British Columbia",https://imageengine.bamboohr.com/careers/20,20,,SIM,nova
bamboohr,imageengine,General Application - Supervision,"Vancouver, British Columbia",https://imageengine.bamboohr.com/careers/23,23,,SIM,nova
bamboohr,imageengine,General Speculative Application,"Vancouver, British Columbia",https://imageengine.bamboohr.com/careers/24,24,,SIM,nova
bamboohr,imageengine,Look Development Artist - Senior (Short-Term contract),"Vancouver, British Columbia",https://imageengine.bamboohr.com/careers/28,28,,SIM,JA-FEITO
bamboohr,imageengine,Texture & Look Development Artist - Mid (Short-Term),"Vancouver, British Columbia",https://imageengine.bamboohr.com/careers/183,183,,SIM,nova
bamboohr,nwave,Meetup Talent - ANIMA,Brussels,https://nwave.bamboohr.com/careers/172,172,,SIM,nova
bamboohr,nwave,Meetup Talent - ESMA,Brussels,https://nwave.bamboohr.com/careers/185,185,,SIM,nova
bamboohr,nwave,Speculative Applications,Brussels,https://nwave.bamboohr.com/careers/121,121,,SIM,JA-FEITO
bamboohr,owi,3D Character Artist,"New Westminster, British Columbia",https://owi.bamboohr.com/careers/199,199,,SIM,JA-FEITO
bamboohr,owi,3D Generalist,"New Westminster, British Columbia",https://owi.bamboohr.com/careers/198,198,,SIM,nova
bamboohr,owi,General Application,"New Westminster, British Columbia",https://owi.bamboohr.com/careers/140,140,,SIM,nova
bamboohr,soulassembly,Speculative Applications - All Art Roles,"Leamington Spa, Warwickshire",https://soulassembly.bamboohr.com/careers/76,76,,SIM,JA-FEITO
bamboohr,soulassembly,Speculative Applications - All Programming Roles,"Leamington Spa, Warwickshire",https://soulassembly.bamboohr.com/careers/78,78,,SIM,nova
bamboohr,soulassembly,Speculative Applications - For All Design Roles,"Leamington Spa, Warwickshire",https://soulassembly.bamboohr.com/careers/77,77,,SIM,nova
bamboohr,stirlinganimationstudios,Character Modeling and Surfacing Artists,,https://stirlinganimationstudios.bamboohr.com/careers/77,77,,SIM,JA-FEITO
bamboohr,stirlinganimationstudios,Character Surfacing Artists,,https://stirlinganimationstudios.bamboohr.com/careers/79,79,,SIM,JA-FEITO
bamboohr,stirlinganimationstudios,Environment Modelers,,https://stirlinganimationstudios.bamboohr.com/careers/81,81,,SIM,nova
bamboohr,stirlinganimationstudios,Environment Surfacing Artist,,https://stirlinganimationstudios.bamboohr.com/careers/82,82,,SIM,nova
bamboohr,stirlinganimationstudios,Prop Modeling & Surfacing Artists,,https://stirlinganimationstudios.bamboohr.com/careers/80,80,,SIM,nova
bamboohr,stormindgames,Spontaneous Applications,,https://stormindgames.bamboohr.com/careers/203,203,,SIM,JA-FEITO
bamboohr,streamlinestudios,3D Character Artist,,https://streamlinestudios.bamboohr.com/careers/106,106,,SIM,nova
bamboohr,streamlinestudios,3D Environment Artist,,https://streamlinestudios.bamboohr.com/careers/169,169,,SIM,nova
bamboohr,streamlinestudios,General Application,,https://streamlinestudios.bamboohr.com/careers/163,163,,SIM,nova
bamboohr,streamlinestudios,Lead Character Artist,,https://streamlinestudios.bamboohr.com/careers/84,84,,SIM,JA-FEITO
bamboohr,streamlinestudios,Lead Environment Artist,,https://streamlinestudios.bamboohr.com/careers/81,81,,SIM,nova
breezy,agbo,Expression of Interest - Character Artist,"Los Angeles, United States",https://agbo.breezy.hr/p/49a139476416-expression-of-interest-character-artist,49a139476416,,SIM,JA-FEITO
breezy,agbo,Expression of Interest - Unreal Environment Artist,"Los Angeles, United States",https://agbo.breezy.hr/p/477c5544f2b1-expression-of-interest-unreal-environment-artist,477c5544f2b1,,SIM,nova
breezy,agbo,Senior Character Texture Artist,"Raleigh, United States",https://agbo.breezy.hr/p/cdc4c6df4fd8-senior-character-texture-artist,cdc4c6df4fd8,,SIM,JA-FEITO
breezy,playdead,3D Environment Artist,"Copenhagen, Denmark",https://playdead.breezy.hr/p/a235c228566a01-3d-environment-artist,a235c228566a01,,SIM,nova
breezy,playdead,Experienced Material and Texture Artist,"Copenhagen, Denmark",https://playdead.breezy.hr/p/d6b5a5e4f54a01-experienced-material-and-texture-artist,d6b5a5e4f54a01,,SIM,JA-FEITO
breezy,playdead,Speculative Applications,"Copenhagen, Denmark",https://playdead.breezy.hr/p/fbda7a56839001-speculative-applications,fbda7a56839001,,SIM,nova
breezy,warhorsestudios,Open Application,"Prague, Czech Republic",https://warhorsestudios.breezy.hr/p/fabe03688c9401-open-application,fabe03688c9401,,SIM,JA-FEITO
greenhouse,2k,Lead Character Artist,"Novato, California, United States",https://job-boards.greenhouse.io/2k/jobs/7888174003,7888174003,5834551003,SIM,JA-FEITO
greenhouse,2k,Lead Character Artist,"Montréal, Quebec, Canada",https://job-boards.greenhouse.io/2k/jobs/7888173003,7888173003,5834551003,SIM,JA-FEITO
greenhouse,2k,Senior Character Artist,"Burnaby, British Columbia, Canada",https://job-boards.greenhouse.io/2k/jobs/7835808003,7835808003,5809117003,SIM,JA-FEITO
greenhouse,bluehole,[Bluehole Studio] 3D Character Artists (Lead / Senior) - Project V,Pangyo,https://job-boards.greenhouse.io/bluehole/jobs/8517790002,8517790002,6395150002,SIM,JA-FEITO
greenhouse,bluehole,[Bluehole Studio] 3D Environment Artists (Lead / Senior) - Project V,Pangyo,https://job-boards.greenhouse.io/bluehole/jobs/8517791002,8517791002,6395160002,SIM,nova
greenhouse,bluehole,[Bluehole Studio] 리드 캐릭터 아티스트 (Lead Character Artist) - TERA2,Pangyo,https://job-boards.greenhouse.io/bluehole/jobs/8520212002,8520212002,6386636002,SIM,JA-FEITO
greenhouse,cloudchamberen,Lead Character Artist,"Novato, California, United States",https://job-boards.greenhouse.io/cloudchamberen/jobs/7888172003,7888172003,5834551003,SIM,JA-FEITO
greenhouse,cloudchamberen,Lead Character Artist,"Montréal, Quebec, Canada",https://job-boards.greenhouse.io/cloudchamberen/jobs/7888170003,7888170003,5834551003,SIM,JA-FEITO
greenhouse,crystaldynamics,General Application,Remote/Flexible,https://job-boards.greenhouse.io/crystaldynamics/jobs/4352498005,4352498005,,SIM,JA-FEITO
greenhouse,fanaticscollectibles,"Sr. Manager, Innovation/Materials Testing","Dallas, TX, United States",https://job-boards.greenhouse.io/fanaticscollectibles/jobs/4208178009,4208178009,4121808009,SIM,nova
greenhouse,hasbro,HR Generalist,Hong Kong,https://job-boards.greenhouse.io/hasbro/jobs/4288142009,4288142009,4169664009,SIM,nova
greenhouse,hasbro,Lead Character Artist,Canada,https://job-boards.greenhouse.io/hasbro/jobs/4318250009,4318250009,4186506009,SIM,JA-FEITO
greenhouse,hasbro,Manager Digital Product Design (Digital Sculpting),Hong Kong,https://job-boards.greenhouse.io/hasbro/jobs/4293782009,4293782009,4173280009,SIM,nova
greenhouse,hasbro,Sr. SAP S/4HANA Materials & Logistics Configuration Analyst,"Boston, Massachusetts, United States",https://job-boards.greenhouse.io/hasbro/jobs/4330595009,4330595009,4194020009,SIM,nova
greenhouse,highdive,Generalist Content Tech Director - Directeur Technique Généraliste de Contenu,Toronto,https://job-boards.greenhouse.io/highdive/jobs/4964067007,4964067007,4548034007,SIM,nova
greenhouse,highdive,Senior Modeler,Toronto,https://job-boards.greenhouse.io/highdive/jobs/5097897007,5097897007,4613483007,SIM,JA-FEITO
greenhouse,kswh,Spontaneous applications,"Remote anywhere or On-site Prague, Czech Republic",https://job-boards.eu.greenhouse.io/kswh/jobs/4880719101,4880719101,4045009101,SIM,JA-FEITO
greenhouse,loonshotgames,[Loonshot Games] 3D Character Artist - Project AA (3년 이상),Seoul,https://job-boards.greenhouse.io/loonshotgames/jobs/8725151002,8725151002,6488118002,SIM,JA-FEITO
greenhouse,loonshotgames,[Loonshot Games] 3D Environment Artist - Project AA (3년 이상),Seoul,https://job-boards.greenhouse.io/loonshotgames/jobs/8085897002,8085897002,6202395002,SIM,nova
greenhouse,loonshotgames,[Loonshot Games] 3D Environment Modeler - Project Camp (5년 이상),"Seoul; Seoul, South Korea",https://job-boards.greenhouse.io/loonshotgames/jobs/8651145002,8651145002,6455018002,SIM,nova
greenhouse,loonshotgames,[Loonshot Games] Pixel Artist (Character) - Project Camp (5년 이상),Seoul,https://job-boards.greenhouse.io/loonshotgames/jobs/8759149002,8759149002,6503755002,SIM,nova
greenhouse,mobentertainment,Senior Character Artist,United States,https://job-boards.greenhouse.io/mobentertainment/jobs/5207518007,5207518007,4666360007,SIM,JA-FEITO
greenhouse,mobentertainment,Senior Environment Artist,United States,https://job-boards.greenhouse.io/mobentertainment/jobs/5195729007,5195729007,4660644007,SIM,nova
greenhouse,ncamerica,Open Applications,"Irvine, California",https://job-boards.greenhouse.io/ncamerica/jobs/4052911009,4052911009,4036040009,SIM,JA-FEITO
greenhouse,scopely,Senior/Lead 3D Character Artist - WWE Champions,"IN - Bangalore, India",https://job-boards.greenhouse.io/scopely/jobs/5347401008?gh_jid=5347401008,5347401008,4514861008,SIM,nova
greenhouse,scopely,Talent Acquisition Sourcer,"MX - Mexico City, Mexico",https://job-boards.greenhouse.io/scopely/jobs/5233631008?gh_jid=5233631008,5233631008,4442809008,SIM,nova
greenhouse,sonypicturesimageworks,Artiste principal ou artiste principale en développement de l’apparence / Senior Look Development Artist,"Montréal, Quebec, Canada",https://job-boards.greenhouse.io/sonypicturesimageworks/jobs/7529417003,7529417003,4760783003,SIM,JA-FEITO
greenhouse,sonypicturesimageworks,Character FX Artist,"Vancouver, British Columbia, Canada",https://job-boards.greenhouse.io/sonypicturesimageworks/jobs/4363707003,4363707003,4243502003,SIM,JA-FEITO
greenhouse,sonypicturesimageworks,Environment Artist,"Vancouver, British Columbia, Canada",https://job-boards.greenhouse.io/sonypicturesimageworks/jobs/6669063003,6669063003,4654801003,SIM,JA-FEITO
greenhouse,sonypicturesimageworks,Experienced Character FX Artist,"Vancouver, British Columbia, Canada",https://job-boards.greenhouse.io/sonypicturesimageworks/jobs/4363708003,4363708003,4243502003,SIM,JA-FEITO
greenhouse,sonypicturesimageworks,Experienced Modeler,"Vancouver, British Columbia, Canada",https://job-boards.greenhouse.io/sonypicturesimageworks/jobs/4363749003,4363749003,4243531003,SIM,JA-FEITO
greenhouse,sonypicturesimageworks,Experienced Texture Artist,"Vancouver, British Columbia, Canada",https://job-boards.greenhouse.io/sonypicturesimageworks/jobs/4363799003,4363799003,4243562003,SIM,JA-FEITO
greenhouse,sonypicturesimageworks,Look Development Artist,"Vancouver, British Columbia, Canada",https://job-boards.greenhouse.io/sonypicturesimageworks/jobs/6659179003,6659179003,4760783003,SIM,JA-FEITO
greenhouse,sonypicturesimageworks,Modeler,"Vancouver, British Columbia, Canada",https://job-boards.greenhouse.io/sonypicturesimageworks/jobs/4363748003,4363748003,4243531003,SIM,JA-FEITO
greenhouse,sonypicturesimageworks,Texture Artist,"Vancouver, British Columbia, Canada",https://job-boards.greenhouse.io/sonypicturesimageworks/jobs/4363798003,4363798003,4243562003,SIM,JA-FEITO
greenhouse,swayboxstudios,CG Modeler,"New Orleans, LA",https://job-boards.greenhouse.io/swayboxstudios/jobs/4337820009,4337820009,4197637009,SIM,JA-FEITO
greenhouse,swayboxstudios,Senior CG Generalist (Modeler),"New Orleans, LA",https://job-boards.greenhouse.io/swayboxstudios/jobs/4337866009,4337866009,4197661009,SIM,JA-FEITO
greenhouse,swayboxstudios,Unreal Generalist,"New Orleans, LA",https://job-boards.greenhouse.io/swayboxstudios/jobs/4390537009,4390537009,4226353009,SIM,nova
greenhouse,tripwireinteractive,General Application,"Remote, USA",https://job-boards.greenhouse.io/tripwireinteractive/jobs/8282003002,8282003002,6301511002,SIM,JA-FEITO
greenhouse,unknownworlds,General Application,Remote,https://job-boards.greenhouse.io/unknownworlds/jobs/7535230002,7535230002,5958135002,SIM,JA-FEITO
greenhouse,wargamingen,3D Character Artist (World of Tanks:HEAT),Nicosia,https://job-boards.greenhouse.io/wargamingen/jobs/8161671,8161671,3532309,SIM,JA-FEITO
lever,avalanchestudios,Lead Character Artist,Stockholm,https://jobs.lever.co/avalanchestudios/8f7bd580-5877-446e-83cb-97bb1fce0f6a,8f7bd580-5877-446e-83cb-97bb1fce0f6a,,SIM,JA-FEITO
lever,bhvr,Senior 3D  Character Artist - 7 Days to Die | Artiste de personnages 3D  sénior·e - 7 Days to Die,"Montreal, QC",https://jobs.lever.co/bhvr/976b2a8c-9cb4-4066-a755-d0994af408c2,976b2a8c-9cb4-4066-a755-d0994af408c2,,SIM,nova
lever,bhvr,Senior 3D Character Artist - Dead By Daylight | Artiste de personnage sénior·e 3D  Dead By Daylight,"Montreal, QC",https://jobs.lever.co/bhvr/18024240-e637-409f-a647-b422541e2dc7,18024240-e637-409f-a647-b422541e2dc7,,SIM,JA-FEITO
lever,bhvr,Senior 3D Character Artist - Unannounced project | Artiste de personnage 3D sénior·e - Projet non annoncé,"Montreal, QC",https://jobs.lever.co/bhvr/86ddd557-7d9b-48f1-ab04-0a90ba38e2dc,86ddd557-7d9b-48f1-ab04-0a90ba38e2dc,,SIM,JA-FEITO
lever,bhvr,Senior Texture Artist  - Dead by Daylight | Artiste de Texture Senior·e - Dead by Daylight,"Montreal, QC",https://jobs.lever.co/bhvr/55fa65fe-50b8-41e2-a406-5f185c860295,55fa65fe-50b8-41e2-a406-5f185c860295,,SIM,JA-FEITO
lever,blackbirdinteractive,General Application,"Vancouver, BC, Canada",https://jobs.lever.co/blackbirdinteractive/498bb3c2-b23f-4aed-8fdd-ee80649e381d,498bb3c2-b23f-4aed-8fdd-ee80649e381d,,SIM,JA-FEITO
lever,dreamgames,Visual Development Artist,Istanbul,https://jobs.lever.co/dreamgames/7d2e95ca-ef9c-4ff8-b856-319eedc12b66,7d2e95ca-ef9c-4ff8-b856-319eedc12b66,,SIM,JA-FEITO
lever,jamcity,Principal 3D Generalist,"San Francisco, CA",https://jobs.lever.co/jamcity/14272af5-efc7-4150-8b59-dcabdaa8c578,14272af5-efc7-4150-8b59-dcabdaa8c578,,SIM,JA-FEITO
lever,kabam,General Application,Vancouver,https://jobs.lever.co/kabam/d62974d9-8d92-4c7b-8d56-8ee23d35904d,d62974d9-8d92-4c7b-8d56-8ee23d35904d,,SIM,JA-FEITO
lever,larian,Character Artist – Open Application | Artiste spécialiste des personnages - candidature libre,Any,https://jobs.lever.co/larian/64e1e658-7c7a-4c7f-b950-f997d40a9d8e,64e1e658-7c7a-4c7f-b950-f997d40a9d8e,,SIM,JA-FEITO
lever,larian,Cinematic Artist – Open Application | Artiste cinématique - candidature libre,Any,https://jobs.lever.co/larian/b17cce86-db83-402d-8851-a5a5db3e822b,b17cce86-db83-402d-8851-a5a5db3e822b,,SIM,nova
lever,larian,Environment Artist,Kuala Lumpur,https://jobs.lever.co/larian/200ba4bf-d44b-49fe-920b-0743eacfc29b,200ba4bf-d44b-49fe-920b-0743eacfc29b,,SIM,nova
lever,larian,Environment Artist | Artiste spécialisé dans les environnements,Quebec,https://jobs.lever.co/larian/1a8d0e75-f5b4-4977-81f5-b3094132323d,1a8d0e75-f5b4-4977-81f5-b3094132323d,,SIM,JA-FEITO
lever,larian,Environment Artist – Open Application | Artiste de l'environnement- candidature libre,Any,https://jobs.lever.co/larian/9bd7d394-e1cc-4acf-8176-68eb2b08aa18,9bd7d394-e1cc-4acf-8176-68eb2b08aa18,,SIM,nova
lever,larian,Gameplay Scripter – Open Application | Script de gameplay – Open Application,Any,https://jobs.lever.co/larian/2dadccc5-fd1a-4abd-a594-367827be9268,2dadccc5-fd1a-4abd-a594-367827be9268,,SIM,nova
lever,larian,VFX Artist – Open Application | Artiste spécialiste des effets visuels - candidature libre,Any,https://jobs.lever.co/larian/04cb183c-c7a0-42a5-93f9-8782b9b198a9,04cb183c-c7a0-42a5-93f9-8782b9b198a9,,SIM,nova
lever,skydance,Character Designer,"Santa Monica, Los Angeles",https://jobs.lever.co/skydance/9084fa54-a4e8-4886-abb1-5dd060c83663,9084fa54-a4e8-4886-abb1-5dd060c83663,,SIM,JA-FEITO
lever,skydance,Character Surfacing Trainee,Madrid,https://jobs.lever.co/skydance/7b435bb2-09fd-4f2f-8fca-9c2fa6666adc,7b435bb2-09fd-4f2f-8fca-9c2fa6666adc,,SIM,nova
lever,skydance,Environment Modeling Artist,Madrid,https://jobs.lever.co/skydance/ebbcdae8-e70b-48c3-ba2e-021ff7451fe1,ebbcdae8-e70b-48c3-ba2e-021ff7451fe1,,SIM,JA-FEITO
lever,skydance,Environment Surfacing Artist,Madrid,https://jobs.lever.co/skydance/c5793932-893f-418a-a24a-7749fcf1c90e,c5793932-893f-418a-a24a-7749fcf1c90e,,SIM,nova
lever,skydance,Environment Surfacing Lead Artist,Madrid,https://jobs.lever.co/skydance/f3ee86d4-f002-49c6-a032-95d2efadfb58,f3ee86d4-f002-49c6-a032-95d2efadfb58,,SIM,nova
lever,skydance,Environment Surfacing Trainee,Madrid,https://jobs.lever.co/skydance/f5cdab33-a028-4fe2-bc19-638926d0ca80,f5cdab33-a028-4fe2-bc19-638926d0ca80,,SIM,nova
lever,skydance,"Executive Assistant, Talent Acquisition & Human Resources","Santa Monica, Los Angeles",https://jobs.lever.co/skydance/7d70ddc2-ff6f-4a80-bd98-7f9ff05fb819,7d70ddc2-ff6f-4a80-bd98-7f9ff05fb819,,SIM,nova
lever,skydance,Junior Environment Surfacing Artist,Madrid,https://jobs.lever.co/skydance/4c18ce73-8217-44a7-af15-b5a5f18bc07e,4c18ce73-8217-44a7-af15-b5a5f18bc07e,,SIM,nova
lever,skydance,Senior Environment Surfacing Artist,Madrid,https://jobs.lever.co/skydance/90d2f2b7-537f-491d-8bf6-88a28c66e1fd,90d2f2b7-537f-491d-8bf6-88a28c66e1fd,,SIM,JA-FEITO
lever,skydance,Senior Grooming TD,Madrid,https://jobs.lever.co/skydance/9ad28cab-87cd-4235-ae9b-b4c53a3457e5,9ad28cab-87cd-4235-ae9b-b4c53a3457e5,,SIM,JA-FEITO
lever,thinkingbox,Talent Acquisition Specialist - Thinkingbox,Vancouver,https://jobs.lever.co/thinkingbox/4a6afa41-44d3-489e-ae73-088d6e640f69,4a6afa41-44d3-489e-ae73-088d6e640f69,,SIM,nova
recruitee,dovetailgames,Open Applications,Remote job,https://careers.dovetailgames.com/o/open-applications,1439246,,SIM,JA-FEITO
recruitee,framestore,3D Modeller - Short term contract,"Montreal, Quebec, Canada",https://framestore.recruitee.com/o/modeleurse-3d-3d-modeller-contrat-court-terme,2120070,,SIM,JA-FEITO
recruitee,framestore,Blender Generalist,"London, Greater London, United Kingdom",https://framestore.recruitee.com/o/blender-generalist,2709436,,SIM,JA-FEITO
recruitee,framestore,Blender Generalist - Visual Development Artist,"Montreal, Quebec, Canada",https://framestore.recruitee.com/o/generaliste-blender-artiste-au-development-visuel-blender-generalist-visual-development-artist,2718959,,SIM,JA-FEITO
recruitee,framestore,Creature FX TD,"London, Greater London, United Kingdom",https://framestore.recruitee.com/o/creature-fx-td-film-episodic,513351,,SIM,nova
recruitee,framestore,Creature FX TD (Freelancer),Remote job,https://framestore.recruitee.com/o/creature-fx-td-freelancer,2713294,,SIM,nova
recruitee,framestore,Creature FX Technical Director,"Montreal, Quebec, Canada",https://framestore.recruitee.com/o/directeurrice-technique-des-creatures-numeriques-creature-fx-td-2026,2695789,,SIM,nova
recruitee,framestore,Senior Creature FX TD,"Melbourne, Victoria, Australia",https://framestore.recruitee.com/o/senior-creature-fx-td-4,2728197,,SIM,nova
recruitee,framestore,Visual Development Artist - AI & Generative Tools,"London, Greater London, United Kingdom",https://framestore.recruitee.com/o/visual-development-artist-ai-generative-tools,2619285,,SIM,JA-FEITO
smartrecruiters,cdprojektred,Senior Environment Artist,"Boston, MA, us",https://jobs.smartrecruiters.com/cdprojektred/744000145348609,744000145348609,,SIM,JA-FEITO
smartrecruiters,cdprojektred,Spontaneous Application,"Multiple Locations: Poland, US, ca",https://jobs.smartrecruiters.com/cdprojektred/743999985526203,743999985526203,,SIM,JA-FEITO
smartrecruiters,gameloft,Candidature Spontanée - Spontaneous Application,"Montreal, QC, ca",https://jobs.smartrecruiters.com/gameloft/744000116612089,744000116612089,,SIM,JA-FEITO
smartrecruiters,ghostvfx,Modeling Supervisor,"Pune, MH, in",https://jobs.smartrecruiters.com/ghostvfx/743999853741301,743999853741301,,SIM,nova
smartrecruiters,giantssoftwaregmbh,Open Application,"Erlangen, BY, de",https://jobs.smartrecruiters.com/giantssoftwaregmbh/744000106829736,744000106829736,,SIM,JA-FEITO
smartrecruiters,keywordsstudios,Senior Character Artist Vic/SA/Qld,"Box Hill, VIC, au",https://jobs.smartrecruiters.com/keywordsstudios/744000130680219,744000130680219,,SIM,JA-FEITO
smartrecruiters,outpostvfx,Freelance Senior Environment Generalist,"Mumbai, MH, in",https://jobs.smartrecruiters.com/outpostvfx/744000143291457,744000143291457,,SIM,nova
smartrecruiters,outpostvfx,Freelance Senior Modeller,"Mumbai, MH, in",https://jobs.smartrecruiters.com/outpostvfx/744000080155909,744000080155909,,SIM,nova
smartrecruiters,outpostvfx,Freelance Senior Texturing and LookDev Artist,"Mumbai, MH, in",https://jobs.smartrecruiters.com/outpostvfx/744000080155504,744000080155504,,SIM,nova
smartrecruiters,outpostvfx,General Application - Expression of Interest,"Mumbai, MH, in",https://jobs.smartrecruiters.com/outpostvfx/744000080156084,744000080156084,,SIM,nova
smartrecruiters,outpostvfx,Senior Environment Artist,"London, England, gb",https://jobs.smartrecruiters.com/outpostvfx/744000142160019,744000142160019,,SIM,JA-FEITO
smartrecruiters,peoplecanfly,Artiste de personnage principal(e) / Principal Character Artist,"Montréal, QC, ca",https://jobs.smartrecruiters.com/peoplecanfly/744000134528029,744000134528029,,SIM,JA-FEITO
smartrecruiters,peoplecanfly,Senior Asset Artist (Hard Surface),"Warszawa, Województwo mazowieckie, pl",https://jobs.smartrecruiters.com/peoplecanfly/744000141244724,744000141244724,,SIM,JA-FEITO
smartrecruiters,rodeofx,Senior Lookdev Artist - Multiple Positions,"Montreal, QC, ca",https://jobs.smartrecruiters.com/rodeofx/744000145587059,744000145587059,,SIM,JA-FEITO
smartrecruiters,rodeofx,Senior Lookdev Artist - Multiple Positions,"Toronto, ON, ca",https://jobs.smartrecruiters.com/rodeofx/744000144123709,744000144123709,,SIM,JA-FEITO
smartrecruiters,techlandsa,Character Artist,"Wrocław, Dolnośląskie, pl",https://jobs.smartrecruiters.com/techlandsa/744000145235194,744000145235194,,SIM,JA-FEITO
smartrecruiters,techlandsa,Character Artist,"Warszawa, Województwo mazowieckie, pl",https://jobs.smartrecruiters.com/techlandsa/744000137670539,744000137670539,,SIM,JA-FEITO
smartrecruiters,ubisoft2,Lead Character Artist [Tom Clancy's The Division 2],"Malmö, Skåne County, se",https://jobs.smartrecruiters.com/ubisoft2/744000144027102,744000144027102,,SIM,JA-FEITO
smartrecruiters,ubisoft2,Senior Character Artist (Rainbow Six Siege),"Montreal, QC, ca",https://jobs.smartrecruiters.com/ubisoft2/744000145282762,744000145282762,,SIM,JA-FEITO
teamtailor,axolotgamesab,Open Application,,https://axolotgamesab.teamtailor.com/jobs/3583177-open-application,c4267d84-bd1e-4e6a-b4f4-7b9940111dc4,,SIM,JA-FEITO
teamtailor,beffio,Lead 3D Character Artist (Remote/Permanent),,https://beffio.teamtailor.com/jobs/6217989-lead-3d-character-artist-remote-permanent,1d105ba4-7803-4e73-a061-d16da19f5a27,,SIM,nova
teamtailor,beffio,"Senior Character Artist Unity3D Europe, Remote / Permanent",,https://beffio.teamtailor.com/jobs/7242656-senior-character-artist-unity3d-europe-remote-permanent,5741dafe-fdd4-40c4-b74f-4856b6aa5a11,,SIM,nova
teamtailor,beffio,Talent Acquisition Specialist (Gamedev) / Europe · Remote,,https://beffio.teamtailor.com/jobs/7468348-talent-acquisition-specialist-gamedev-europe-remote,b5afb0b1-4424-4b9b-bc23-f8e4a26e47c3,,SIM,nova
teamtailor,bulkheadinteractive,OPEN APPLICATION [IN-STUDIO],,https://bulkheadinteractive.teamtailor.com/jobs/5739695-open-application-in-studio,f4119500-a592-4880-aaa5-bb0ba9ed5731,,SIM,nova
teamtailor,bulkheadinteractive,OPEN APPLICATION [REMOTE],,https://bulkheadinteractive.teamtailor.com/jobs/5744150-open-application-remote,60a24fb4-9127-4ea8-90e8-42aeef899436,,SIM,nova
teamtailor,cigames,Open Application,,https://cigames.teamtailor.com/jobs/7918450-open-application,dd985203-13e4-4218-9983-f12782abd891,,SIM,JA-FEITO
teamtailor,embarkstudios,Environment Artist,,https://embarkstudios.teamtailor.com/jobs/7964466-environment-artist,93724dc1-9da2-40c5-87cc-49b5120dc2ff,,SIM,JA-FEITO
teamtailor,envarstudio,Senior 3D Environment Artist (Fixed term),,https://envarstudio.teamtailor.com/jobs/8281404-senior-3d-environment-artist-fixed-term,ba289b48-0d4e-4141-b10f-39c1d597b725,,SIM,nova
teamtailor,fatshark,Character Artist,,https://fatshark.teamtailor.com/jobs/8190501-character-artist,98c6393c-d05a-48c3-b504-074b9d2a343c,,SIM,JA-FEITO
teamtailor,gameboost,"Open application, Game Artists - Game Boost, Home of game gigs (Sweden, hybrid, remote)",,https://gameboost.teamtailor.com/jobs/2814432-open-application-game-artists-game-boost-home-of-game-gigs-sweden-hybrid-remote,34b48745-2e00-4c90-a439-65fa8006d931,,SIM,JA-FEITO
teamtailor,gigglebug,Open application!,,https://gigglebug.teamtailor.com/jobs/1838376-open-application,4b005480-04f5-4e68-9e2e-c2f45a2371be,,SIM,nova
teamtailor,pfx,General Application,,https://pfx.teamtailor.com/jobs/5428747-general-application,152dba53-7d74-426c-8d42-8eefec0e1b28,,SIM,JA-FEITO
teamtailor,starstable,Open Application,,https://starstable.teamtailor.com/jobs/244302-open-application,43ecbd23-7814-4074-9c78-e07d79d154b2,,SIM,nova
teamtailor,stunlocksstudios,Open Application,,https://stunlocksstudios.teamtailor.com/jobs/3257938-open-application,072dae12-bf65-4861-a2a1-77becf490573,,SIM,nova
teamtailor,tacticaladventures,Lead 3D Character Artist,,https://tacticaladventures.teamtailor.com/jobs/8311973-lead-3d-character-artist,e48fa54d-72db-4111-9ef4-4317207636eb,,SIM,JA-FEITO
teamtailor,twinharbour,HR / People & Culture Generalist,,https://twinharbour.teamtailor.com/jobs/7854278-hr-people-culture-generalist,7430474e-696d-4a3c-824b-1e50afb55a50,,SIM,nova
teamtailor,untoldstdfg1324556,General Application,,https://untoldstdfg1324556.teamtailor.com/jobs/1314008-general-application,13703f2f-836b-4fef-8113-fe19343920e8,,SIM,nova
teamtailor,untoldstdfg1324556,General Application,,https://untoldstdfg1324556.teamtailor.com/jobs/1090591-general-application,5ac395bc-65b2-4134-a0e7-e78dcab5f5c7,,SIM,nova
teamtailor,vinefx,3D Generalist,,https://vinefx.teamtailor.com/jobs/1637991-3d-generalist,5702e448-5332-4958-846f-0b2a1b17c088,,SIM,JA-FEITO
ashby,gardens,Art Lead,United States - Remote (EST - PST),https://jobs.ashbyhq.com/gardens/2002e502-c0b8-498f-a89a-fb3a0087fee9,2002e502-c0b8-498f-a89a-fb3a0087fee9,,nao,JA-FEITO
ashby,seconddinner,"UI/UX Director, Unannounced Super Fun Video Game",Second Dinner (US Remote),https://jobs.ashbyhq.com/seconddinner/36f06b3f-da65-441f-89ba-c92a42de8f69,36f06b3f-da65-441f-89ba-c92a42de8f69,,nao,nova
ashby,stellarentertainment,Associate Art Director,"Guildford, UK",https://jobs.ashbyhq.com/stellarentertainment/2c053416-6eaf-43d7-9932-c3a9eaf9437d,2c053416-6eaf-43d7-9932-c3a9eaf9437d,,nao,JA-FEITO
ashby,stellarentertainment,Associate Technical Director,"Guildford, UK",https://jobs.ashbyhq.com/stellarentertainment/15801e8c-be67-47e4-ad33-32c00964a8a5,15801e8c-be67-47e4-ad33-32c00964a8a5,,nao,nova
ashby,stellarentertainment,Lead UI Artist,"Guildford, UK",https://jobs.ashbyhq.com/stellarentertainment/8125aca5-adc7-4c8d-a720-4df8c98034c8,8125aca5-adc7-4c8d-a720-4df8c98034c8,,nao,nova
ashby,stellarentertainment,Optimisation Engineer,"Guildford, UK",https://jobs.ashbyhq.com/stellarentertainment/6a3006c1-23ee-4f48-a432-009cce2dab87,6a3006c1-23ee-4f48-a432-009cce2dab87,,nao,nova
ashby,stellarentertainment,Rendering Engineer,"Guildford, UK",https://jobs.ashbyhq.com/stellarentertainment/5e067256-96d1-4923-9d48-a920639c9fbe,5e067256-96d1-4923-9d48-a920639c9fbe,,nao,nova
ashby,stellarentertainment,Senior Gameplay Engineer,"Utrecht, NL",https://jobs.ashbyhq.com/stellarentertainment/6d0a7e8e-41de-46a0-9641-c2cc8ed3c188,6d0a7e8e-41de-46a0-9641-c2cc8ed3c188,,nao,nova
ashby,stellarentertainment,Senior Generalist & Physics Engineer,"Guildford, UK",https://jobs.ashbyhq.com/stellarentertainment/02a62eeb-d875-41d7-92ac-3e747b79066f,02a62eeb-d875-41d7-92ac-3e747b79066f,,nao,nova
ashby,stellarentertainment,Senior Systems Engineer,"Guildford, UK",https://jobs.ashbyhq.com/stellarentertainment/b646eb42-f61b-4b63-94b9-5bd6659d4197,b646eb42-f61b-4b63-94b9-5bd6659d4197,,nao,nova
ashby,stellarentertainment,Senior Vehicle Handling Engineer,"Guildford, UK",https://jobs.ashbyhq.com/stellarentertainment/b7ddc70d-4b8d-46cf-864c-3ca364400262,b7ddc70d-4b8d-46cf-864c-3ca364400262,,nao,nova
ashby,stellarentertainment,Systems Engineer,"Guildford, UK",https://jobs.ashbyhq.com/stellarentertainment/0aac38d4-0b75-4e27-b451-7920b28bd6af,0aac38d4-0b75-4e27-b451-7920b28bd6af,,nao,nova
ashby,stellarentertainment,Technical Artist,"Guildford, UK",https://jobs.ashbyhq.com/stellarentertainment/4526ffd2-860e-4e2d-8743-4e637ca0ced6,4526ffd2-860e-4e2d-8743-4e637ca0ced6,,nao,nova
ashby,supercell,"Art Director, Clash of Clans",Helsinki,https://jobs.ashbyhq.com/supercell/f5eddac0-3d89-4224-8301-bde715e2dde2,f5eddac0-3d89-4224-8301-bde715e2dde2,,nao,JA-FEITO
ashby,supercell,"Art Lead, Clash Royale",Shanghai,https://jobs.ashbyhq.com/supercell/8d939573-6cf0-4f7e-91f6-46d0af27728b,8d939573-6cf0-4f7e-91f6-46d0af27728b,,nao,nova
ashby,supercell,"Competitive Experience Manager, Clash Royale",Helsinki,https://jobs.ashbyhq.com/supercell/149e0120-1122-4828-b10e-f3abc26a21b5,149e0120-1122-4828-b10e-f3abc26a21b5,,nao,nova
ashby,supercell,"Competitive Experience Manager, Clash Royale",Helsinki,https://jobs.ashbyhq.com/supercell/b6b6d432-e4dc-41de-a814-7dee7f1d0adc,b6b6d432-e4dc-41de-a814-7dee7f1d0adc,,nao,nova
ashby,supercell,Corporate Brand Manager,Helsinki,https://jobs.ashbyhq.com/supercell/99339e8c-3190-4cfb-a7e4-01f675188597,99339e8c-3190-4cfb-a7e4-01f675188597,,nao,nova
ashby,supercell,Feature Lead,Helsinki,https://jobs.ashbyhq.com/supercell/8d605b68-a90c-472a-837f-697e319fdcb9,8d605b68-a90c-472a-837f-697e319fdcb9,,nao,nova
ashby,supercell,"Game Lead, Boom Beach",London,https://jobs.ashbyhq.com/supercell/ececc5c4-9332-4e3d-9c78-36f59f82644e,ececc5c4-9332-4e3d-9c78-36f59f82644e,,nao,nova
ashby,supercell,"Gameplay Capture & Video Artist, Creative Studio",Helsinki,https://jobs.ashbyhq.com/supercell/a91f0f17-3e71-4767-a448-94bd86dbb525,a91f0f17-3e71-4767-a448-94bd86dbb525,,nao,nova
ashby,supercell,Head of Performance Marketing,London,https://jobs.ashbyhq.com/supercell/4f664144-8f5f-4b80-b3e6-ed59f1814e7e,4f664144-8f5f-4b80-b3e6-ed59f1814e7e,,nao,nova
ashby,supercell,"Live Ops Designer, Brawl Stars",Helsinki,https://jobs.ashbyhq.com/supercell/bba0b240-f0e8-47df-b635-9295536207c8,bba0b240-f0e8-47df-b635-9295536207c8,,nao,nova
ashby,supercell,"Live Ops Designer, Hay Day",Helsinki,https://jobs.ashbyhq.com/supercell/09df5324-2d80-44a0-82ab-df13a7f1c5a7,09df5324-2d80-44a0-82ab-df13a7f1c5a7,,nao,nova
ashby,supercell,MarTech Engineer,Helsinki,https://jobs.ashbyhq.com/supercell/32c51066-9a60-4bc8-8c82-a8f52080c200,32c51066-9a60-4bc8-8c82-a8f52080c200,,nao,nova
ashby,supercell,Marketing Data Science Lead,Helsinki,https://jobs.ashbyhq.com/supercell/fdef9348-750d-4c8f-88b2-517ba4804672,fdef9348-750d-4c8f-88b2-517ba4804672,,nao,nova
ashby,supercell,"Marketing Lead, New Games",London,https://jobs.ashbyhq.com/supercell/22ca1a5d-e0b5-4ed5-8f40-8ae1653bc6a0,22ca1a5d-e0b5-4ed5-8f40-8ae1653bc6a0,,nao,nova
ashby,supercell,"Marketing Manager, Korea",Seoul,https://jobs.ashbyhq.com/supercell/25c49a59-3915-45b4-9389-6e1e4889f29f,25c49a59-3915-45b4-9389-6e1e4889f29f,,nao,nova
ashby,supercell,"Marketing Producer, Clash Royale",Helsinki,https://jobs.ashbyhq.com/supercell/85d37bfd-864e-4d51-8743-f2d9d07fbac1,85d37bfd-864e-4d51-8743-f2d9d07fbac1,,nao,nova
ashby,supercell,"Product Lead, D2C",Helsinki,https://jobs.ashbyhq.com/supercell/2ea14727-3642-4b98-97a4-06d8f63cadce,2ea14727-3642-4b98-97a4-06d8f63cadce,,nao,nova
ashby,supercell,"Product Lead, Game Engine",Helsinki,https://jobs.ashbyhq.com/supercell/ced1857b-2a07-45ee-a8d7-aa784a275ba6,ced1857b-2a07-45ee-a8d7-aa784a275ba6,,nao,nova
ashby,supercell,"Product Lead, Project R.I.S.E",Shanghai,https://jobs.ashbyhq.com/supercell/4dc6b102-5f3f-4211-9f81-646c16f29888,4dc6b102-5f3f-4211-9f81-646c16f29888,,nao,nova
ashby,supercell,"Product Marketing Manager, Brawl Stars",Helsinki,https://jobs.ashbyhq.com/supercell/3e4ade1a-54e5-4776-9c83-e936b34ccd0f,3e4ade1a-54e5-4776-9c83-e936b34ccd0f,,nao,nova
ashby,supercell,"Product Marketing Manager, Hay Day",Helsinki,https://jobs.ashbyhq.com/supercell/25896f6c-f9c6-449d-8abe-69ce7c63fffe,25896f6c-f9c6-449d-8abe-69ce7c63fffe,,nao,nova
ashby,supercell,Quality Engineering Lead,Helsinki,https://jobs.ashbyhq.com/supercell/259aa2ac-cd24-479e-8f63-d4318589cddf,259aa2ac-cd24-479e-8f63-d4318589cddf,,nao,nova
ashby,supercell,Senior Automation Engineer,Helsinki,https://jobs.ashbyhq.com/supercell/b9c005e5-63ae-4a68-94c6-db2ba6e08a9e,b9c005e5-63ae-4a68-94c6-db2ba6e08a9e,,nao,nova
ashby,supercell,"Senior Client Programmer, Project R.I.S.E",Shanghai,https://jobs.ashbyhq.com/supercell/bdc0c3c3-f381-48c7-bcb1-101cc21b1466,bdc0c3c3-f381-48c7-bcb1-101cc21b1466,,nao,nova
ashby,supercell,Senior Cloud Engineer,Helsinki,https://jobs.ashbyhq.com/supercell/fbf26285-b36d-4977-b137-e3264b5a033a,fbf26285-b36d-4977-b137-e3264b5a033a,,nao,nova
ashby,supercell,Senior Engine Programmer,Helsinki,https://jobs.ashbyhq.com/supercell/0c5ef7a2-f039-4ec6-aff5-fc35c79a3ee8,0c5ef7a2-f039-4ec6-aff5-fc35c79a3ee8,,nao,nova
ashby,supercell,"Senior Engine Programmer, Rendering , Clash Royale",Shanghai,https://jobs.ashbyhq.com/supercell/f49ebe91-f999-4f8b-84d1-29c801b38a71,f49ebe91-f999-4f8b-84d1-29c801b38a71,,nao,nova
ashby,supercell,"Senior Game Designer, Project R.I.S.E",Shanghai,https://jobs.ashbyhq.com/supercell/1c446790-5fad-48b4-a194-92a8caaac381,1c446790-5fad-48b4-a194-92a8caaac381,,nao,nova
ashby,supercell,"Senior Level Artist, Project R.I.S.E",Shanghai,https://jobs.ashbyhq.com/supercell/8cb16c25-3e09-4245-96b0-6bab32186181,8cb16c25-3e09-4245-96b0-6bab32186181,,nao,nova
ashby,supercell,"Senior Live Ops Manager, Clash of Clans",Helsinki,https://jobs.ashbyhq.com/supercell/3c2e4e49-4b85-4281-a7e1-1bfddd3dab6f,3c2e4e49-4b85-4281-a7e1-1bfddd3dab6f,,nao,nova
ashby,supercell,Senior Machine Learning Engineer,Helsinki,https://jobs.ashbyhq.com/supercell/afac0f22-9b86-4c60-8fe7-29f0e024126f,afac0f22-9b86-4c60-8fe7-29f0e024126f,,nao,nova
ashby,supercell,"Senior Marketing Manager, EMEA",Berlin,https://jobs.ashbyhq.com/supercell/46fab76c-cd8b-4845-acfd-fa8d322c26c2,46fab76c-cd8b-4845-acfd-fa8d322c26c2,,nao,nova
ashby,supercell,"Senior Product Manager, Live Ops & Monetization, Hay Day",Helsinki,https://jobs.ashbyhq.com/supercell/06058b2e-d65d-4e7f-9217-946ab424c508,06058b2e-d65d-4e7f-9217-946ab424c508,,nao,nova
ashby,supercell,"Senior Product Manager, LiveOps & Monetization, Clash Royale",Helsinki,https://jobs.ashbyhq.com/supercell/2aa24f0b-5f80-48bc-940e-f122184339d7,2aa24f0b-5f80-48bc-940e-f122184339d7,,nao,nova
ashby,supercell,"Senior Programmer, Engine Reliability",London,https://jobs.ashbyhq.com/supercell/1a3b2775-fcd6-4cdf-a6f5-90a6706d030c,1a3b2775-fcd6-4cdf-a6f5-90a6706d030c,,nao,nova
ashby,supercell,"Senior Server Engineer, Brawl Stars",Helsinki,https://jobs.ashbyhq.com/supercell/5e9f01f3-cb0b-4de8-9092-1fda1f67ba1a,5e9f01f3-cb0b-4de8-9092-1fda1f67ba1a,,nao,nova
ashby,supercell,"Senior Software Engineer, Supercell ID (Backend)",Helsinki,https://jobs.ashbyhq.com/supercell/1d91d31a-2022-40a2-ae8f-289decdf2ea4,1d91d31a-2022-40a2-ae8f-289decdf2ea4,,nao,nova
ashby,supercell,"Senior Software Engineer, Supercell ID (Client SDK)",Helsinki,https://jobs.ashbyhq.com/supercell/79044439-beb5-4f7a-9f71-f49d1d93022c,79044439-beb5-4f7a-9f71-f49d1d93022c,,nao,nova
ashby,supercell,Senior Tools Programmer,Helsinki,https://jobs.ashbyhq.com/supercell/79310a4f-67d2-4772-b107-ef7ea4eb106c,79310a4f-67d2-4772-b107-ef7ea4eb106c,,nao,nova
ashby,supercell,Senior UI Artist,Helsinki,https://jobs.ashbyhq.com/supercell/66476c5d-30b6-4772-aa41-94d251e3d73c,66476c5d-30b6-4772-aa41-94d251e3d73c,,nao,nova
ashby,supercell,"Senior UI Designer, Community",Helsinki,https://jobs.ashbyhq.com/supercell/ac462eb1-cbda-4c78-99bf-fcb71f917cc4,ac462eb1-cbda-4c78-99bf-fcb71f917cc4,,nao,nova
ashby,supercell,Team Support,London,https://jobs.ashbyhq.com/supercell/e003151e-ed49-47ca-99d1-8bc4bfd5265e,e003151e-ed49-47ca-99d1-8bc4bfd5265e,,nao,nova
ashby,supercell,"Total Rewards Partner, Equity Compensation",London,https://jobs.ashbyhq.com/supercell/015958ae-38c0-4e9e-8bca-1a6fccdabd7f,015958ae-38c0-4e9e-8bca-1a6fccdabd7f,,nao,nova
ashby,supercell,"UX Designer, LiveOps Tooling",Helsinki,https://jobs.ashbyhq.com/supercell/d65a9741-cf71-4065-a2cc-bf3780ee7ee5,d65a9741-cf71-4065-a2cc-bf3780ee7ee5,,nao,nova
ashby,supercell,Unlisted TEST job - do not delete,Helsinki,https://jobs.ashbyhq.com/supercell/3a4df0b3-7d96-4589-88c0-4bd70aeaba44,3a4df0b3-7d96-4589-88c0-4bd70aeaba44,,nao,nova
ashby,thatgamecompany,Brand Intern-Japan,Japan,https://jobs.ashbyhq.com/thatgamecompany/9ec1e441-b05a-4a00-a5ff-168eed66483f,9ec1e441-b05a-4a00-a5ff-168eed66483f,,nao,nova
ashby,thatgamecompany,Brand Intern-Vietnam,Remote - Vietnam,https://jobs.ashbyhq.com/thatgamecompany/167df23d-5a11-4527-bd32-230174522741,167df23d-5a11-4527-bd32-230174522741,,nao,nova
ashby,thatgamecompany,Brand Manager - China,China - Shanghai,https://jobs.ashbyhq.com/thatgamecompany/8059993e-f02e-48d7-a28a-24d6bf6e5d18,8059993e-f02e-48d7-a28a-24d6bf6e5d18,,nao,nova
ashby,thatgamecompany,Brand Marketing Partner,Remote - US,https://jobs.ashbyhq.com/thatgamecompany/cbe0c9ca-56fa-420e-8781-a8f90f415b9c,cbe0c9ca-56fa-420e-8781-a8f90f415b9c,,nao,nova
ashby,thatgamecompany,Brand Publishing Manager – Sky China,China - Shanghai,https://jobs.ashbyhq.com/thatgamecompany/ff5cd7cb-ed3e-4741-b863-d34b194333cd,ff5cd7cb-ed3e-4741-b863-d34b194333cd,,nao,nova
ashby,thatgamecompany,Build Engineer,Remote - US,https://jobs.ashbyhq.com/thatgamecompany/c89ddd00-9e03-44a0-b78f-1183a95b8632,c89ddd00-9e03-44a0-b78f-1183a95b8632,,nao,nova
ashby,thatgamecompany,Content & Creator Program Manager - Japan / ★ソーシャル・コンテンツストラテジスト,Japan,https://jobs.ashbyhq.com/thatgamecompany/2ab99c73-084c-4ce2-888b-6b7a9be3f47b,2ab99c73-084c-4ce2-888b-6b7a9be3f47b,,nao,nova
ashby,thatgamecompany,DevOps Engineer - China,China - Shanghai,https://jobs.ashbyhq.com/thatgamecompany/cf807dff-610b-4936-a1c5-1ed5d5c2a25a,cf807dff-610b-4936-a1c5-1ed5d5c2a25a,,nao,nova
ashby,thatgamecompany,Full-stack Engineer (AI application focused) - China,China - Shanghai,https://jobs.ashbyhq.com/thatgamecompany/d047829e-50aa-4b39-8b9a-f099b6215431,d047829e-50aa-4b39-8b9a-f099b6215431,,nao,nova
ashby,thatgamecompany,Gameplay Engineer,Remote - US,https://jobs.ashbyhq.com/thatgamecompany/b1a491f9-fb8f-44fa-a511-818525dee8a9,b1a491f9-fb8f-44fa-a511-818525dee8a9,,nao,nova
ashby,thatgamecompany,General - Art,Remote - US,https://jobs.ashbyhq.com/thatgamecompany/ea5b0730-cb40-4e87-a0dd-f9d43f96ec3f,ea5b0730-cb40-4e87-a0dd-f9d43f96ec3f,,nao,nova
ashby,thatgamecompany,General - Design,Remote - US,https://jobs.ashbyhq.com/thatgamecompany/1dbe6251-7e30-42b8-8d4f-40a14bc35f26,1dbe6251-7e30-42b8-8d4f-40a14bc35f26,,nao,nova
ashby,thatgamecompany,General - Growth,Other,https://jobs.ashbyhq.com/thatgamecompany/fe8d60f0-d85a-452f-8bfa-bbf14a849469,fe8d60f0-d85a-452f-8bfa-bbf14a849469,,nao,nova
ashby,thatgamecompany,General Engineer Intern - 工程实习生,China - Shanghai,https://jobs.ashbyhq.com/thatgamecompany/23933b1a-7800-40c0-ac32-99a05b1ebf94,23933b1a-7800-40c0-ac32-99a05b1ebf94,,nao,nova
ashby,thatgamecompany,IP & Experiential Marketing Manager,China - Shanghai,https://jobs.ashbyhq.com/thatgamecompany/42d41ab1-ba42-4fbb-abda-36ec3c9fe903,42d41ab1-ba42-4fbb-abda-36ec3c9fe903,,nao,nova
ashby,thatgamecompany,Japan Community Manager,Other,https://jobs.ashbyhq.com/thatgamecompany/7401ca29-6cc7-4248-adee-a2b1ce57ba40,7401ca29-6cc7-4248-adee-a2b1ce57ba40,,nao,nova
ashby,thatgamecompany,Marketing Lead - Europe,Remote - Europe (London),https://jobs.ashbyhq.com/thatgamecompany/a32f02cb-b131-44bc-a16c-9fedfb4de273,a32f02cb-b131-44bc-a16c-9fedfb4de273,,nao,nova
ashby,thatgamecompany,Project Manager,China - Shanghai,https://jobs.ashbyhq.com/thatgamecompany/dc055d90-650c-4fba-99e8-0c4ce1727e3f,dc055d90-650c-4fba-99e8-0c4ce1727e3f,,nao,nova
ashby,thatgamecompany,"Project Manager, Growth",China - Shanghai,https://jobs.ashbyhq.com/thatgamecompany/9cb20d89-2e0b-4f48-99c9-c7c65e222f63,9cb20d89-2e0b-4f48-99c9-c7c65e222f63,,nao,nova
ashby,thatgamecompany,"Regional Creative Lead, NA, EMEA & LATAM",Remote - US,https://jobs.ashbyhq.com/thatgamecompany/d59e3310-c888-48cf-bccb-5c9228a7354e,d59e3310-c888-48cf-bccb-5c9228a7354e,,nao,nova
ashby,thatgamecompany,Senior Backend Engineer - China,China - Shanghai,https://jobs.ashbyhq.com/thatgamecompany/ea25d496-8b12-4dbd-9be4-daa4abdd12d8,ea25d496-8b12-4dbd-9be4-daa4abdd12d8,,nao,nova
ashby,thatgamecompany,Senior Brand Creative Manager,Other,https://jobs.ashbyhq.com/thatgamecompany/32669585-1e57-4368-bee2-373b5499835d,32669585-1e57-4368-bee2-373b5499835d,,nao,nova
ashby,thatgamecompany,Senior Brand Marketing Manager,Remote - US,https://jobs.ashbyhq.com/thatgamecompany/9e655591-0b0c-419b-85a6-456a55a090aa,9e655591-0b0c-419b-85a6-456a55a090aa,,nao,nova
ashby,thatgamecompany,Senior Content Creative,Other,https://jobs.ashbyhq.com/thatgamecompany/ae7f9b00-a6c4-4473-a6a0-bc21eea9a194,ae7f9b00-a6c4-4473-a6a0-bc21eea9a194,,nao,nova
ashby,thatgamecompany,Senior Data Analyst,Remote - US,https://jobs.ashbyhq.com/thatgamecompany/72e1e06e-e50f-42b2-bc76-10f3d526b826,72e1e06e-e50f-42b2-bc76-10f3d526b826,,nao,nova
ashby,thatgamecompany,Senior Game Producer (Sky),Remote - US,https://jobs.ashbyhq.com/thatgamecompany/44e040d7-cf54-40f5-a2e7-114c8b4e3e46,44e040d7-cf54-40f5-a2e7-114c8b4e3e46,,nao,nova
ashby,thatgamecompany,Senior Gameplay Engineer,China - Shanghai,https://jobs.ashbyhq.com/thatgamecompany/8c043790-fb7b-4036-b9f2-ba42d992949d,8c043790-fb7b-4036-b9f2-ba42d992949d,,nao,nova
ashby,thatgamecompany,"Senior Graphics Engineer,Shanghai",China - Shanghai,https://jobs.ashbyhq.com/thatgamecompany/d46f55db-b759-478c-926a-03136d15f3a1,d46f55db-b759-478c-926a-03136d15f3a1,,nao,nova
ashby,thatgamecompany,Senior Machine Learning Engineer,Remote - US,https://jobs.ashbyhq.com/thatgamecompany/6eb64738-c5cf-43a7-852e-fac538ed5759,6eb64738-c5cf-43a7-852e-fac538ed5759,,nao,nova
ashby,thatgamecompany,Senior/Principal Graphics Engineer,Remote - US,https://jobs.ashbyhq.com/thatgamecompany/d5e5b4f5-9aa4-45d9-ab87-73f534472aac,d5e5b4f5-9aa4-45d9-ab87-73f534472aac,,nao,nova
ashby,thatgamecompany,Social Media Operation Intern - 新媒体运营实习生,China - Shanghai,https://jobs.ashbyhq.com/thatgamecompany/ab5224b7-e0b7-4f29-bef4-3ca48292071e,ab5224b7-e0b7-4f29-bef4-3ca48292071e,,nao,nova
ashby,thatgamecompany,Social Media Specialist,China - Shanghai,https://jobs.ashbyhq.com/thatgamecompany/75b36284-477d-4448-930d-0bcb88308352,75b36284-477d-4448-930d-0bcb88308352,,nao,nova
ashby,thatgamecompany,Technical Game Designer,Remote - US,https://jobs.ashbyhq.com/thatgamecompany/22deed1d-6098-45eb-a04d-41634b23ec30,22deed1d-6098-45eb-a04d-41634b23ec30,,nao,nova
ashby,thatgamecompany,Technical Game Designer,China - Shanghai,https://jobs.ashbyhq.com/thatgamecompany/b2d62e4c-7dc9-4d82-916b-b2be34044b94,b2d62e4c-7dc9-4d82-916b-b2be34044b94,,nao,nova
ashby,thatgamecompany,Technical Support Engineer,China - Shanghai,https://jobs.ashbyhq.com/thatgamecompany/c300c425-b0d4-4a05-80d4-ec17e3434f92,c300c425-b0d4-4a05-80d4-ec17e3434f92,,nao,nova
ashby,thatgamecompany,UGC & Creator Community Specialist,China - Shanghai,https://jobs.ashbyhq.com/thatgamecompany/aed66f8c-b0ff-4a8b-a329-6a3d70a5f6a3,aed66f8c-b0ff-4a8b-a329-6a3d70a5f6a3,,nao,nova
ashby,thatgamecompany,UI Technical Designer,Remote - US,https://jobs.ashbyhq.com/thatgamecompany/4f53d6f4-2f9d-4db2-ac32-7d21a81ec7d5,4f53d6f4-2f9d-4db2-ac32-7d21a81ec7d5,,nao,nova
ashby,volka,3D Artist,"Cyprus, Limassol",https://jobs.ashbyhq.com/volka/fa36e503-daf1-44d8-be2c-260cea2dd300,fa36e503-daf1-44d8-be2c-260cea2dd300,,nao,JA-FEITO
ashby,volka,Game UI Designer,"Cyprus, Limassol",https://jobs.ashbyhq.com/volka/70a3329e-219e-4531-9562-737e185715b5,70a3329e-219e-4531-9562-737e185715b5,,nao,nova
ashby,volka,Immigration Specialist,"Cyprus, Limassol",https://jobs.ashbyhq.com/volka/f8f9621e-8d42-481a-b0fd-6a739032b2a0,f8f9621e-8d42-481a-b0fd-6a739032b2a0,,nao,nova
ashby,volka,Junior 2D Artist (Generalist),"Cyprus, Limassol",https://jobs.ashbyhq.com/volka/92e294b8-d35f-425d-855f-99e675c620ed,92e294b8-d35f-425d-855f-99e675c620ed,,nao,nova
ashby,volka,Junior Isometric 2D Artist,"Cyprus, Limassol",https://jobs.ashbyhq.com/volka/dc636612-2021-437c-93fe-47cda892c367,dc636612-2021-437c-93fe-47cda892c367,,nao,nova
ashby,volka,Junior Narrative Designer,"Cyprus, Limassol",https://jobs.ashbyhq.com/volka/c007672a-e9a2-4338-8ed8-a07ad70dcf23,c007672a-e9a2-4338-8ed8-a07ad70dcf23,,nao,nova
ashby,volka,Lead Community Manager,"Cyprus, Limassol",https://jobs.ashbyhq.com/volka/28efd17f-c71e-4201-8fc7-29f0d42a0716,28efd17f-c71e-4201-8fc7-29f0d42a0716,,nao,nova
ashby,volka,Marketing 2D AI Artist,"Cyprus, Limassol",https://jobs.ashbyhq.com/volka/9eeada9f-b583-4afe-82df-cb416f0ac510,9eeada9f-b583-4afe-82df-cb416f0ac510,,nao,nova
ashby,volka,Marketing Creative Producer,"Cyprus, Limassol",https://jobs.ashbyhq.com/volka/2a511b88-5f83-4363-81cc-7ee4fd201788,2a511b88-5f83-4363-81cc-7ee4fd201788,,nao,nova
ashby,volka,Middle 2D Artist (Construction),"Cyprus, Limassol",https://jobs.ashbyhq.com/volka/5bf7f3a5-b367-49bb-9546-bfff4ee05970,5bf7f3a5-b367-49bb-9546-bfff4ee05970,,nao,nova
ashby,volka,Platform & Reliability Engineer,"Cyprus, Limassol",https://jobs.ashbyhq.com/volka/227bd446-5cf6-4c71-b12f-ac99a532a52e,227bd446-5cf6-4c71-b12f-ac99a532a52e,,nao,nova
ashby,volka,Player Support Specialist,Remote,https://jobs.ashbyhq.com/volka/f541089e-79d6-48e2-b2dd-528bb705a3ab,f541089e-79d6-48e2-b2dd-528bb705a3ab,,nao,nova
bamboohr,amuseanimation,2D CONCEPT DESIGN ARTIST,"Las Palmas de Gran Canaria, Las Palmas",https://amuseanimation.bamboohr.com/careers/180,180,,nao,JA-FEITO
bamboohr,amuseanimation,2D RIGGING ARTIST,"Las Palmas de Gran Canaria, Las Palmas",https://amuseanimation.bamboohr.com/careers/182,182,,nao,nova
bamboohr,amuseanimation,2D VECTOR ARTIST,"Las Palmas de Gran Canaria, Las Palmas",https://amuseanimation.bamboohr.com/careers/181,181,,nao,nova
bamboohr,amuseanimation,3D ANIMATOR (MIDS & SENIORS),"Las Palmas de Gran Canaria, Las Palmas",https://amuseanimation.bamboohr.com/careers/178,178,,nao,nova
bamboohr,amuseanimation,ANIMATION PIPELINE TD,"Las Palmas de Gran Canaria, Las Palmas",https://amuseanimation.bamboohr.com/careers/176,176,,nao,nova
bamboohr,amuseanimation,PRODUCTION COORDINATOR,"Las Palmas de Gran Canaria, Las Palmas",https://amuseanimation.bamboohr.com/careers/150,150,,nao,nova
bamboohr,amuseanimation,PRODUCTION MANAGER,"Las Palmas de Gran Canaria, Las Palmas",https://amuseanimation.bamboohr.com/careers/177,177,,nao,nova
bamboohr,amuseanimation,PRODUCTION TRAINEE,"Las Palmas de Gran Canaria, Las Palmas",https://amuseanimation.bamboohr.com/careers/179,179,,nao,nova
bamboohr,barnstormvfx,Artiste FX - FX Artist - Montreal,"Montreal, Quebec",https://barnstormvfx.bamboohr.com/careers/143,143,,nao,nova
bamboohr,barnstormvfx,Artiste en Rigging - Rigging Artist (MTL),"Montreal, Quebec",https://barnstormvfx.bamboohr.com/careers/160,160,,nao,nova
bamboohr,barnstormvfx,Comptable - Accountant,"Montreal, Quebec",https://barnstormvfx.bamboohr.com/careers/209,209,,nao,nova
bamboohr,barnstormvfx,"GEORGIA, USA - Compositor -MID/SR - Expression of Interest","Atlanta, Georgia",https://barnstormvfx.bamboohr.com/careers/156,156,,nao,nova
bamboohr,barnstormvfx,"LOS ANGELES, USA - Compositor - MID/SR - Expression of Interest","Burbank, California",https://barnstormvfx.bamboohr.com/careers/192,192,,nao,nova
bamboohr,barnstormvfx,MONTRÉAL (QC) – Artiste en compositing - Compositing Artist,"Montreal, Quebec",https://barnstormvfx.bamboohr.com/careers/66,66,,nao,nova
bamboohr,barnstormvfx,NEW YORK - Compositor: MID/SR Roles,,https://barnstormvfx.bamboohr.com/careers/152,152,,nao,nova
bamboohr,barnstormvfx,Staff Accountant - LA,"Burbank, California",https://barnstormvfx.bamboohr.com/careers/207,207,,nao,nova
bamboohr,barnstormvfx,"VANCOUVER, BC - Compositor - MID/SR - Expression of Interest","Vancouver, British Columbia",https://barnstormvfx.bamboohr.com/careers/56,56,,nao,nova
bamboohr,betadwarfaps,Unsolicited Applications,"Onsite/Remote, Copenhagen",https://betadwarfaps.bamboohr.com/careers/28,28,,nao,JA-FEITO
bamboohr,betadwarfaps,Unsolicited Internships,"Onsite/Remote, Copenhagen",https://betadwarfaps.bamboohr.com/careers/34,34,,nao,nova
bamboohr,cinesitemontreal,HR and Recruitment Advisor -- Conseiller.ère RH et Recrutement,"Montreal, Quebec",https://cinesitemontreal.bamboohr.com/careers/421,421,,nao,nova
bamboohr,cinesitemontreal,ML/IA Technical Compositor - VFX -- Compositeur technique ML/IA - VFX,"Montreal, Quebec",https://cinesitemontreal.bamboohr.com/careers/419,419,,nao,nova
bamboohr,cinesitemontreal,Senior Animator - Animation division -- Animateur.trice senior - Division Animation,"Montreal, Quebec",https://cinesitemontreal.bamboohr.com/careers/422,422,,nao,nova
bamboohr,cinesitemontreal,Senior FX Artist - Animation -- Artiste FX senior - Animation,"Montreal, Quebec",https://cinesitemontreal.bamboohr.com/careers/418,418,,nao,nova
bamboohr,cinesitevancouver,Junior Accountant,,https://cinesitevancouver.bamboohr.com/careers/264,264,,nao,nova
bamboohr,cinesitevancouver,Senior Animator,"Vancouver, British Columbia",https://cinesitevancouver.bamboohr.com/careers/262,262,,nao,nova
bamboohr,cinesitevancouver,Senior FX Artist - Water focus,"Vancouver, British Columbia",https://cinesitevancouver.bamboohr.com/careers/261,261,,nao,nova
bamboohr,dmfx,Animateur | Animator,"Montreal, Quebec",https://dmfx.bamboohr.com/careers/128,128,,nao,nova
bamboohr,dmfx,Artiste FX | FX Artist,"Montreal, Quebec",https://dmfx.bamboohr.com/careers/135,135,,nao,nova
bamboohr,dmfx,Artiste de Composition | Compositing Artist,"Montreal, Quebec",https://dmfx.bamboohr.com/careers/136,136,,nao,nova
bamboohr,funday,Associate Creative Director (Art),,https://funday.bamboohr.com/careers/282,282,,nao,nova
bamboohr,funday,Associate Creative Director (Art),,https://funday.bamboohr.com/careers/283,283,,nao,nova
bamboohr,funday,Associate Creative Director (Art),,https://funday.bamboohr.com/careers/284,284,,nao,nova
bamboohr,funday,Creative Director,,https://funday.bamboohr.com/careers/276,276,,nao,nova
bamboohr,funday,Creative Director,,https://funday.bamboohr.com/careers/277,277,,nao,nova
bamboohr,funday,Creative Director,,https://funday.bamboohr.com/careers/278,278,,nao,nova
bamboohr,funday,Senior Account & Project Manager (Advertising Agency),,https://funday.bamboohr.com/careers/275,275,,nao,nova
bamboohr,funday,Senior Art Director,,https://funday.bamboohr.com/careers/279,279,,nao,JA-FEITO
bamboohr,funday,Senior Art Director,,https://funday.bamboohr.com/careers/280,280,,nao,nova
bamboohr,funday,Senior Art Director,,https://funday.bamboohr.com/careers/281,281,,nao,nova
bamboohr,funday,Senior Copywriter,,https://funday.bamboohr.com/careers/291,291,,nao,nova
bamboohr,funday,Senior Copywriter,,https://funday.bamboohr.com/careers/292,292,,nao,nova
bamboohr,funday,Senior Copywriter,,https://funday.bamboohr.com/careers/293,293,,nao,nova
bamboohr,funday,Strategist (Marketing / Advertising),,https://funday.bamboohr.com/careers/288,288,,nao,nova
bamboohr,funday,Strategist (Marketing / Advertising),,https://funday.bamboohr.com/careers/289,289,,nao,nova
bamboohr,funday,Strategist (Marketing / Advertising),,https://funday.bamboohr.com/careers/290,290,,nao,nova
bamboohr,iconcreative,Animator,"Vancouver, British Columbia",https://iconcreative.bamboohr.com/careers/122,122,,nao,nova
bamboohr,iconcreative,CG Supervisor (On-Site),"Vancouver, British Columbia",https://iconcreative.bamboohr.com/careers/83,83,,nao,nova
bamboohr,iconcreative,IT Helpdesk Technician (Evening Shift),"Vancouver, British Columbia",https://iconcreative.bamboohr.com/careers/81,81,,nao,nova
bamboohr,iconcreative,Intermediate & Senior 2D FX Artist (On-Site),"Vancouver, British Columbia",https://iconcreative.bamboohr.com/careers/35,35,,nao,nova
bamboohr,iconcreative,Intermediate & Senior Designer/Concept Artist (On-Site),"Vancouver, British Columbia",https://iconcreative.bamboohr.com/careers/70,70,,nao,nova
bamboohr,iconcreative,Intermediate 2D Animator (On-Site),"Vancouver, British Columbia",https://iconcreative.bamboohr.com/careers/148,148,,nao,nova
bamboohr,iconcreative,Intermediate FX Artist,"Vancouver, British Columbia",https://iconcreative.bamboohr.com/careers/50,50,,nao,nova
bamboohr,iconcreative,Intermediate Lighting / Compositing Artist (On-Site),"Vancouver, British Columbia",https://iconcreative.bamboohr.com/careers/103,103,,nao,nova
bamboohr,iconcreative,Intermediate Technical Animator,"Vancouver, British Columbia",https://iconcreative.bamboohr.com/careers/91,91,,nao,nova
bamboohr,iconcreative,Junior Designer/Concept Artist (On-Site),"Vancouver, British Columbia",https://iconcreative.bamboohr.com/careers/139,139,,nao,nova
bamboohr,iconcreative,Junior Editor (Full-time Onsite),"Vancouver, British Columbia",https://iconcreative.bamboohr.com/careers/109,109,,nao,nova
bamboohr,iconcreative,Junior Lighting/Compositing Artist (On-Site),"Vancouver, British Columbia",https://iconcreative.bamboohr.com/careers/147,147,,nao,nova
bamboohr,iconcreative,Lead Lighting / Compositing Artist (On-Site),"Vancouver, British Columbia",https://iconcreative.bamboohr.com/careers/87,87,,nao,nova
bamboohr,iconcreative,Matte Painter (On Site),"Vancouver, British Columbia",https://iconcreative.bamboohr.com/careers/42,42,,nao,nova
bamboohr,iconcreative,Pipeline TD,"Vancouver, British Columbia",https://iconcreative.bamboohr.com/careers/63,63,,nao,nova
bamboohr,iconcreative,Production Coordinator (On-Site),"Vancouver, British Columbia",https://iconcreative.bamboohr.com/careers/38,38,,nao,nova
bamboohr,iconcreative,Production Manager (On-Site),"Vancouver, British Columbia",https://iconcreative.bamboohr.com/careers/26,26,,nao,nova
bamboohr,iconcreative,RCIC Immigration Coordinator (On-Site),"Vancouver, British Columbia",https://iconcreative.bamboohr.com/careers/82,82,,nao,nova
bamboohr,iconcreative,Senior Animator,"Vancouver, British Columbia",https://iconcreative.bamboohr.com/careers/47,47,,nao,nova
bamboohr,iconcreative,Senior Designer/Concept Artist (On-Site),"Vancouver, British Columbia",https://iconcreative.bamboohr.com/careers/146,146,,nao,nova
bamboohr,iconcreative,Senior FX Artist,"Vancouver, British Columbia",https://iconcreative.bamboohr.com/careers/145,145,,nao,nova
bamboohr,iconcreative,Senior Lighting/Compositing Artist (On-Site),"Vancouver, British Columbia",https://iconcreative.bamboohr.com/careers/138,138,,nao,nova
bamboohr,iconcreative,Senior Matte Painter (Stylized Environment Design Experience required),"Vancouver, British Columbia",https://iconcreative.bamboohr.com/careers/143,143,,nao,nova
bamboohr,iconcreative,Senior Pipeline TD,"Vancouver, British Columbia",https://iconcreative.bamboohr.com/careers/64,64,,nao,nova
bamboohr,iconcreative,Senior Storyboard Artist (On-Site),"Vancouver, British Columbia",https://iconcreative.bamboohr.com/careers/95,95,,nao,nova
bamboohr,iconcreative,Senior Technical Animator,"Vancouver, British Columbia",https://iconcreative.bamboohr.com/careers/104,104,,nao,nova
bamboohr,igg,2D Generalist (Mobile Game),"Vancouver, British Columbia",https://igg.bamboohr.com/careers/288,288,,nao,nova
bamboohr,igg,3D Animator (Mobile Game),"Vancouver, British Columbia",https://igg.bamboohr.com/careers/290,290,,nao,nova
bamboohr,igg,Game Monetary/Economy Designer (Mobile Game),"Vancouver, British Columbia",https://igg.bamboohr.com/careers/284,284,,nao,nova
bamboohr,igg,Game System Designer (Mobile Game),"Vancouver, British Columbia",https://igg.bamboohr.com/careers/286,286,,nao,nova
bamboohr,igg,General Interest Application,"Vancouver, British Columbia",https://igg.bamboohr.com/careers/256,256,,nao,nova
bamboohr,igg,Junior Game System Designer (Mobile Game),"Vancouver, British Columbia",https://igg.bamboohr.com/careers/287,287,,nao,nova
bamboohr,imageengine,BG Prep Artist - Lead,"Vancouver, British Columbia",https://imageengine.bamboohr.com/careers/178,178,,nao,nova
bamboohr,imageengine,Crowd TD - Senior,"Vancouver, British Columbia",https://imageengine.bamboohr.com/careers/79,79,,nao,nova
bamboohr,imageengine,FX Supervisor,"Vancouver, British Columbia",https://imageengine.bamboohr.com/careers/151,151,,nao,nova
bamboohr,imageengine,FX TD - Mid,"Vancouver, British Columbia",https://imageengine.bamboohr.com/careers/108,108,,nao,nova
bamboohr,imageengine,FX TD - Senior,"Vancouver, British Columbia",https://imageengine.bamboohr.com/careers/50,50,,nao,nova
bamboohr,imageengine,General Application - Animation/Crowds,"Vancouver, British Columbia",https://imageengine.bamboohr.com/careers/12,12,,nao,nova
bamboohr,imageengine,General Application - BG Prep/Compositing/MotionGraphic,"Vancouver, British Columbia",https://imageengine.bamboohr.com/careers/14,14,,nao,nova
bamboohr,imageengine,General Application - Creature FX/Rigging,"Vancouver, British Columbia",https://imageengine.bamboohr.com/careers/15,15,,nao,nova
bamboohr,imageengine,General Application - Lighting,"Vancouver, British Columbia",https://imageengine.bamboohr.com/careers/113,113,,nao,nova
bamboohr,imageengine,General Application - Matte Painting/Environment TD/Generalist,"Vancouver, British Columbia",https://imageengine.bamboohr.com/careers/16,16,,nao,nova
bamboohr,imageengine,"General Application - Technology (IT, Software Engineering, Workflow, Pipeline Support, TAs)","Vancouver, British Columbia",https://imageengine.bamboohr.com/careers/19,19,,nao,nova
bamboohr,imageengine,Software Engineer - Rendering - Junior,"Vancouver, British Columbia",https://imageengine.bamboohr.com/careers/184,184,,nao,nova
bamboohr,imageengine,VFX Editor - Mid (Expression of Interest),"Vancouver, British Columbia",https://imageengine.bamboohr.com/careers/85,85,,nao,nova
bamboohr,imageengine,Workflow TD - Houdini,"Vancouver, British Columbia",https://imageengine.bamboohr.com/careers/185,185,,nao,nova
bamboohr,infinityplustwo,QA Tester,"Melbourne, Victoria",https://infinityplustwo.bamboohr.com/careers/34,34,,nao,nova
bamboohr,marcopololearning,Fractional Financial Controller,"London, London, City of",https://marcopololearning.bamboohr.com/careers/189,189,,nao,nova
bamboohr,marcopololearning,Fractional Financial Controller,"London, London, City of",https://marcopololearning.bamboohr.com/careers/194,194,,nao,nova
bamboohr,marcopololearning,Growth Product Marketer,,https://marcopololearning.bamboohr.com/careers/188,188,,nao,nova
bamboohr,marcopololearning,Marketing Engineer,,https://marcopololearning.bamboohr.com/careers/186,186,,nao,nova
bamboohr,nwave,Internship Request,Brussels,https://nwave.bamboohr.com/careers/32,32,,nao,nova
bamboohr,owi,Build Engineer (On-Site),"New Westminster, British Columbia",https://owi.bamboohr.com/careers/164,164,,nao,nova
bamboohr,owi,DevOps & Build Engineer,"New Westminster, British Columbia",https://owi.bamboohr.com/careers/194,194,,nao,nova
bamboohr,owi,Senior Game Backend Engineer,"New Westminster, British Columbia",https://owi.bamboohr.com/careers/200,200,,nao,nova
bamboohr,owi,Technical Designer,"New Westminster, British Columbia",https://owi.bamboohr.com/careers/202,202,,nao,nova
bamboohr,owi,UI/UX Designer,"New Westminster, British Columbia",https://owi.bamboohr.com/careers/201,201,,nao,nova
bamboohr,randomstudio,Senior Creative Lead (8+ years),"Amsterdam/Paris, NL/FR",https://randomstudio.bamboohr.com/careers/46,46,,nao,nova
bamboohr,randomstudio,Senior Graphic Designer,"Amsterdam/Paris, NL/FR",https://randomstudio.bamboohr.com/careers/47,47,,nao,nova
bamboohr,randomstudio,Social Media Intern,"Amsterdam, NH",https://randomstudio.bamboohr.com/careers/35,35,,nao,nova
bamboohr,sidefx,*Join Our SideFX Talent Community*,"Los Angeles, CA or Toronto, Ontario",https://sidefx.bamboohr.com/careers/87,87,,nao,JA-FEITO
bamboohr,sidefx,CG Technology Supervisor,"Toronto, Ontario",https://sidefx.bamboohr.com/careers/136,136,,nao,nova
bamboohr,sidefx,Learning Materials Coordinator,"Toronto, Ontario",https://sidefx.bamboohr.com/careers/135,135,,nao,nova
bamboohr,soulassembly,Marketing Artist,"Leamington Spa, Warwickshire",https://soulassembly.bamboohr.com/careers/94,94,,nao,nova
bamboohr,soulassembly,Speculative Applications - For All QA Roles,"Leamington Spa, Warwickshire",https://soulassembly.bamboohr.com/careers/79,79,,nao,nova
bamboohr,stirlinganimationstudios,Character & Prop Riggers,,https://stirlinganimationstudios.bamboohr.com/careers/84,84,,nao,nova
bamboohr,stirlinganimationstudios,Rigging Supervisor,,https://stirlinganimationstudios.bamboohr.com/careers/83,83,,nao,nova
bamboohr,streamlinestudios,3D Animator,,https://streamlinestudios.bamboohr.com/careers/171,171,,nao,nova
bamboohr,streamlinestudios,3D Rigger,,https://streamlinestudios.bamboohr.com/careers/168,168,,nao,nova
bamboohr,streamlinestudios,Concept Artist,,https://streamlinestudios.bamboohr.com/careers/170,170,,nao,nova
bamboohr,streamlinestudios,Finance Executive,"Kuala Lumpur, Wilayah Persekutuan Kuala Lumpur",https://streamlinestudios.bamboohr.com/careers/173,173,,nao,nova
bamboohr,streamlinestudios,Japanese Interpreter,,https://streamlinestudios.bamboohr.com/careers/130,130,,nao,nova
bamboohr,streamlinestudios,Japanese Translator,,https://streamlinestudios.bamboohr.com/careers/131,131,,nao,nova
bamboohr,streamlinestudios,Junior Game Programmer (Unreal),"Kuala Lumpur, Wilayah Persekutuan Kuala Lumpur",https://streamlinestudios.bamboohr.com/careers/145,145,,nao,nova
bamboohr,streamlinestudios,Junior QA Tester (Specialization in Video Games),"Kuala Lumpur, Wilayah Persekutuan Kuala Lumpur",https://streamlinestudios.bamboohr.com/careers/128,128,,nao,nova
bamboohr,streamlinestudios,QA Intern,"Kuala Lumpur, Wilayah Persekutuan Kuala Lumpur",https://streamlinestudios.bamboohr.com/careers/165,165,,nao,nova
bamboohr,streamlinestudios,Technical Artist,,https://streamlinestudios.bamboohr.com/careers/110,110,,nao,nova
bamboohr,streamlinestudios,VFX Artist,,https://streamlinestudios.bamboohr.com/careers/109,109,,nao,nova
breezy,agbo,"Director, Product Marketing","Los Angeles, United States",https://agbo.breezy.hr/p/94b8bf657ebb-director-product-marketing,94b8bf657ebb,,nao,nova
breezy,agbo,Expression of Interest - Animator,"Los Angeles, United States",https://agbo.breezy.hr/p/dccd31defd96-expression-of-interest-animator,dccd31defd96,,nao,nova
breezy,agbo,Expression of Interest - Asset Artist,"Los Angeles, United States",https://agbo.breezy.hr/p/9428cd65e2b4-expression-of-interest-asset-artist,9428cd65e2b4,,nao,nova
breezy,agbo,Expression of Interest - FX Artist,"Los Angeles, United States",https://agbo.breezy.hr/p/09408f8add7a-expression-of-interest-fx-artist,09408f8add7a,,nao,nova
breezy,agbo,Expression of Interest - Realtime Lighting Technical Director,"Los Angeles, United States",https://agbo.breezy.hr/p/bb016b552396-expression-of-interest-realtime-lighting-technical-director,bb016b552396,,nao,nova
breezy,agbo,Expression of Interest - Rigging Artist,"Los Angeles, United States",https://agbo.breezy.hr/p/4f6087db7f59-expression-of-interest-rigging-artist,4f6087db7f59,,nao,nova
breezy,agbo,Expression of Interest - Technical Artist,"Los Angeles, United States",https://agbo.breezy.hr/p/c5ba3902727c-expression-of-interest-technical-artist,c5ba3902727c,,nao,nova
breezy,agbo,Generalist Engineer,"Raleigh, United States",https://agbo.breezy.hr/p/147ec5a10a07-generalist-engineer,147ec5a10a07,,nao,nova
breezy,agbo,Lead Technical Artist,"Raleigh, United States",https://agbo.breezy.hr/p/33265d3234ce-lead-technical-artist,33265d3234ce,,nao,nova
breezy,agbo,Lead VFX Artist,"Raleigh, United States",https://agbo.breezy.hr/p/f567af0272fe-lead-vfx-artist,f567af0272fe,,nao,nova
breezy,agbo,Rendering Engineer,"Raleigh, United States",https://agbo.breezy.hr/p/57f0727c25b9-rendering-engineer,57f0727c25b9,,nao,nova
breezy,agbo,Senior Gameplay Engineer,"Raleigh, United States",https://agbo.breezy.hr/p/e802e48f1f5b-senior-gameplay-engineer,e802e48f1f5b,,nao,nova
breezy,agbo,Senior Level Designer,"Raleigh, United States",https://agbo.breezy.hr/p/300d4fca7f98-senior-level-designer,300d4fca7f98,,nao,nova
breezy,agbo,"Senior Technical Designer, Events","Raleigh, United States",https://agbo.breezy.hr/p/a5b165b4788e-senior-technical-designer-events,a5b165b4788e,,nao,nova
breezy,agbo,Sr. Cinematic Layout Artist,"Raleigh, United States",https://agbo.breezy.hr/p/5487a9089f02-sr-cinematic-layout-artist,5487a9089f02,,nao,nova
breezy,agbo,Tools & Pipeline Engineer,"Raleigh, United States",https://agbo.breezy.hr/p/d445972193e5-tools-pipeline-engineer,d445972193e5,,nao,nova
breezy,playdead,Creature AI Programmer,"Copenhagen, Denmark",https://playdead.breezy.hr/p/939114732a3b01-creature-ai-programmer,939114732a3b01,,nao,nova
breezy,playdead,Experienced Technical Artist,"Copenhagen, Denmark",https://playdead.breezy.hr/p/929ceca71c9b01-experienced-technical-artist,929ceca71c9b01,,nao,nova
breezy,playdead,Experienced VFX Artist,"Copenhagen, Denmark",https://playdead.breezy.hr/p/dcfe3e3d234f01-experienced-vfx-artist,dcfe3e3d234f01,,nao,nova
breezy,playdead,Gameplay Programmer,"Copenhagen, Denmark",https://playdead.breezy.hr/p/40bbefca07e901-gameplay-programmer,40bbefca07e901,,nao,nova
breezy,playdead,Graphics Programmer,"Copenhagen, Denmark",https://playdead.breezy.hr/p/0ad48f69ad7801-graphics-programmer,0ad48f69ad7801,,nao,nova
breezy,playdead,Level Architect,"Copenhagen, Denmark",https://playdead.breezy.hr/p/f6e77e72ef9101-level-architect,f6e77e72ef9101,,nao,nova
breezy,playdead,Platform / Porting Programmer,"Copenhagen, Denmark",https://playdead.breezy.hr/p/f0073bcd0b7d01-platform-porting-programmer,f0073bcd0b7d01,,nao,nova
breezy,playdead,QA Student Worker,"Copenhagen, Denmark",https://playdead.breezy.hr/p/594c842087f601-qa-student-worker,594c842087f601,,nao,nova
breezy,playdead,Systems Programmer,"Copenhagen, Denmark",https://playdead.breezy.hr/p/0cbe7ead566401-systems-programmer,0cbe7ead566401,,nao,nova
breezy,playdead,Technical Director,"Copenhagen, Denmark",https://playdead.breezy.hr/p/f2df741f054d01-technical-director,f2df741f054d01,,nao,nova
breezy,playdead,Technical Gameplay Designer,"Copenhagen, Denmark",https://playdead.breezy.hr/p/69510ef4572201-technical-gameplay-designer,69510ef4572201,,nao,nova
breezy,warhorsestudios,Engine Tools Programmer,"Prague, Czech Republic",https://warhorsestudios.breezy.hr/p/1ea9b278ae5301-engine-tools-programmer,1ea9b278ae5301,,nao,nova
breezy,warhorsestudios,Hlavní / senior účetní,"Prague, Czech Republic",https://warhorsestudios.breezy.hr/p/39138017434f01-hlavni-senior-ucetni,39138017434f01,,nao,nova
breezy,warhorsestudios,Level Artist,"Prague, Czech Republic",https://warhorsestudios.breezy.hr/p/5e0abb1243c101-level-artist,5e0abb1243c101,,nao,nova
breezy,warhorsestudios,Senior Brand Communications Manager,"Prague, Czech Republic",https://warhorsestudios.breezy.hr/p/4dd04e4395dc01-senior-brand-communications-manager,4dd04e4395dc01,,nao,nova
greenhouse,2k,Art Director - Core,"Los Angeles, California, United States; Novato, California, United States",https://job-boards.greenhouse.io/2k/jobs/7964926003,7964926003,5872204003,nao,JA-FEITO
greenhouse,2k,Associate Art Director,"Montréal, Quebec, Canada",https://job-boards.greenhouse.io/2k/jobs/7714527003,7714527003,5756119003,nao,JA-FEITO
greenhouse,2k,"Associate Creative Producer, Core","Los Angeles, California, United States; Novato, California, United States",https://job-boards.greenhouse.io/2k/jobs/7812741003,7812741003,5799225003,nao,nova
greenhouse,2k,"Associate Manager, Content Localization","Tokyo, Chiyoda, Japan",https://job-boards.greenhouse.io/2k/jobs/7772145003,7772145003,5780839003,nao,nova
greenhouse,2k,"Associate Marketing Manager, Korea","Seoul, South Korea",https://job-boards.greenhouse.io/2k/jobs/7801198003,7801198003,5793573003,nao,nova
greenhouse,2k,Associate Producer,"Montréal, Quebec, Canada",https://job-boards.greenhouse.io/2k/jobs/7865976003,7865976003,5823764003,nao,nova
greenhouse,2k,Concepteur.trice UX Senior / Senior UX Designer,"Quebec, Canada",https://job-boards.greenhouse.io/2k/jobs/7865980003,7865980003,5823765003,nao,nova
greenhouse,2k,Data Ops Engineer,"Bangalore, Karnataka, India",https://job-boards.greenhouse.io/2k/jobs/7778402003,7778402003,5783330003,nao,nova
greenhouse,2k,Data Quality Engineer,"Bangalore, Karnataka, India",https://job-boards.greenhouse.io/2k/jobs/7728471003,7728471003,5762293003,nao,nova
greenhouse,2k,DevOps Engineer,"Bangalore, Karnataka, India",https://job-boards.greenhouse.io/2k/jobs/7865971003,7865971003,5823763003,nao,nova
greenhouse,2k,Directeur·rice du design / Design Director,"Canada; Montréal, Quebec, Canada; Quebec, Canada",https://job-boards.greenhouse.io/2k/jobs/7801211003,7801211003,5793578003,nao,nova
greenhouse,2k,Director of Data Engineering,"Dublin, Ireland",https://job-boards.greenhouse.io/2k/jobs/7762602003,7762602003,5776706003,nao,nova
greenhouse,2k,Engineering Manager,"Bangalore, Karnataka, India",https://job-boards.greenhouse.io/2k/jobs/7865984003,7865984003,5823767003,nao,nova
greenhouse,2k,Expert Gameplay AI Software Engineer,"Burnaby, British Columbia, Canada",https://job-boards.greenhouse.io/2k/jobs/7653108003,7653108003,5727298003,nao,nova
greenhouse,2k,Expert Lighting Artist,"Burnaby, British Columbia, Canada",https://job-boards.greenhouse.io/2k/jobs/7808524003,7808524003,5797047003,nao,nova
greenhouse,2k,Game Designer (Systems),"Burnaby, British Columbia, Canada",https://job-boards.greenhouse.io/2k/jobs/7964932003,7964932003,5872207003,nao,nova
greenhouse,2k,Gameplay Design Director,"Burnaby, British Columbia, Canada",https://job-boards.greenhouse.io/2k/jobs/5978842003,5978842003,4946970003,nao,nova
greenhouse,2k,Gameplay Engineer,"Novato, California, United States",https://job-boards.greenhouse.io/2k/jobs/7655940003,7655940003,5728480003,nao,nova
greenhouse,2k,Gameplay Engineer,"Montréal, Quebec, Canada",https://job-boards.greenhouse.io/2k/jobs/7655939003,7655939003,5728480003,nao,nova
greenhouse,2k,Gameplay Systems Software Engineer,"Burnaby, British Columbia, Canada",https://job-boards.greenhouse.io/2k/jobs/7749619003,7749619003,5771128003,nao,nova
greenhouse,2k,Graphics Engineer,"Novato, California, United States",https://job-boards.greenhouse.io/2k/jobs/7782526003,7782526003,5783331003,nao,nova
greenhouse,2k,Junior Engineer,"Shanghai, China",https://job-boards.greenhouse.io/2k/jobs/7740629003,7740629003,5219002003,nao,nova
greenhouse,2k,"LQA Analyst, Arabic","Madrid, Spain",https://job-boards.greenhouse.io/2k/jobs/7964894003,7964894003,5872188003,nao,nova
greenhouse,2k,"LQA Analyst, Russian","Madrid, Spain",https://job-boards.greenhouse.io/2k/jobs/7964888003,7964888003,5872185003,nao,nova
greenhouse,2k,Lead Animator,"Montréal, Quebec, Canada",https://job-boards.greenhouse.io/2k/jobs/7888166003,7888166003,5834550003,nao,nova
greenhouse,2k,Lead Animator,"Novato, California, United States",https://job-boards.greenhouse.io/2k/jobs/7888167003,7888167003,5834550003,nao,nova
greenhouse,2k,Lead Designer,"San Mateo, California, United States",https://job-boards.greenhouse.io/2k/jobs/7919518003,7919518003,5823761003,nao,nova
greenhouse,2k,"Lead Developer, Tools","Montréal, Quebec, Canada",https://job-boards.greenhouse.io/2k/jobs/7856220003,7856220003,5819030003,nao,nova
greenhouse,2k,Lead Level Artist,"Novato, California, United States",https://job-boards.greenhouse.io/2k/jobs/7812710003,7812710003,5799211003,nao,nova
greenhouse,2k,Lead Level Artist,"Montréal, Quebec, Canada",https://job-boards.greenhouse.io/2k/jobs/7812709003,7812709003,5799211003,nao,nova
greenhouse,2k,Lead Lighting Artist,"Novato, California, United States",https://job-boards.greenhouse.io/2k/jobs/7856226003,7856226003,5819031003,nao,nova
greenhouse,2k,Lead Lighting Artist,"Montréal, Quebec, Canada",https://job-boards.greenhouse.io/2k/jobs/7856225003,7856225003,5819031003,nao,nova
greenhouse,2k,Lead Security Analyst,"Austin, Texas, United States",https://job-boards.greenhouse.io/2k/jobs/7798955003,7798955003,5792666003,nao,nova
greenhouse,2k,Lead Security Architect,"Austin, Texas, United States",https://job-boards.greenhouse.io/2k/jobs/7812716003,7812716003,5799213003,nao,nova
greenhouse,2k,Lead Technical Artist  - Shaders,"Brno, South Moravian, Czechia",https://job-boards.greenhouse.io/2k/jobs/7533143003,7533143003,5678200003,nao,nova
greenhouse,2k,Lead Technical Artist  - Shaders,"Brighton, England, United Kingdom",https://job-boards.greenhouse.io/2k/jobs/7533148003,7533148003,5678200003,nao,nova
greenhouse,2k,Lead UI Engineer,"San Mateo, California, United States",https://job-boards.greenhouse.io/2k/jobs/7677521003,7677521003,5733867003,nao,nova
greenhouse,2k,Level Designer,United States,https://job-boards.greenhouse.io/2k/jobs/7978904003,7978904003,5879065003,nao,nova
greenhouse,2k,Localization Language Lead - Italian,"Madrid, Spain; Madrid, Spain",https://job-boards.greenhouse.io/2k/jobs/6562869003,6562869003,5209328003,nao,nova
greenhouse,2k,"Localization Language Lead, Arabic","Madrid, Spain",https://job-boards.greenhouse.io/2k/jobs/7809858003,7809858003,5797715003,nao,nova
greenhouse,2k,"Localization Language Lead, French","Madrid, Spain",https://job-boards.greenhouse.io/2k/jobs/6562867003,6562867003,5209327003,nao,nova
greenhouse,2k,"Localization Language Lead, German","Madrid, Spain",https://job-boards.greenhouse.io/2k/jobs/6562871003,6562871003,5209329003,nao,nova
greenhouse,2k,"Localization Language Lead, Polish","Madrid, Spain",https://job-boards.greenhouse.io/2k/jobs/7812737003,7812737003,5799223003,nao,nova
greenhouse,2k,"Localization Language Lead, Russian","Madrid, Spain",https://job-boards.greenhouse.io/2k/jobs/7812726003,7812726003,5799218003,nao,nova
greenhouse,2k,Localization Project Manager - APAC,"Tokyo, Chiyoda, Japan",https://job-boards.greenhouse.io/2k/jobs/7981441003,7981441003,5880212003,nao,nova
greenhouse,2k,Localization Specialist - Italian,"Madrid, Spain",https://job-boards.greenhouse.io/2k/jobs/7812732003,7812732003,5799221003,nao,nova
greenhouse,2k,"Manager, Commercial Strategy","Novato, California, United States",https://job-boards.greenhouse.io/2k/jobs/7798957003,7798957003,5792667003,nao,nova
greenhouse,2k,"Manager, FP&A","Novato, California, United States",https://job-boards.greenhouse.io/2k/jobs/7803222003,7803222003,5794510003,nao,nova
greenhouse,2k,"Manager, Global Go-to-Market, NAM, Core Games","Los Angeles, California, United States",https://job-boards.greenhouse.io/2k/jobs/7640730003,7640730003,5722269003,nao,nova
greenhouse,2k,"Manager, Global Social Marketing","Novato, California, United States",https://job-boards.greenhouse.io/2k/jobs/7790808003,7790808003,5788707003,nao,nova
greenhouse,2k,"Manager, HRBP & Labor Relations","Petaluma, California, United States",https://job-boards.greenhouse.io/2k/jobs/7792884003,7792884003,5789505003,nao,nova
greenhouse,2k,"Manager, Social Marketing","Novato, California, United States",https://job-boards.greenhouse.io/2k/jobs/7651061003,7651061003,5726416003,nao,nova
greenhouse,2k,Mobile Ad Monetization Manager,"Kirkland, Washington, United States",https://job-boards.greenhouse.io/2k/jobs/7801196003,7801196003,5793572003,nao,nova
greenhouse,2k,Office Admin,"Tel Aviv, Israel",https://job-boards.greenhouse.io/2k/jobs/7829591003,7829591003,5806194003,nao,nova
greenhouse,2k,Principal Mission Designer,"Brighton, England, United Kingdom",https://job-boards.greenhouse.io/2k/jobs/7760458003,7760458003,5775743003,nao,nova
greenhouse,2k,"Principal Software Engineer, Narrative Systems","Burnaby, British Columbia, Canada",https://job-boards.greenhouse.io/2k/jobs/7801202003,7801202003,5793575003,nao,nova
greenhouse,2k,Principal Technical Animator,"Brighton, England, United Kingdom",https://job-boards.greenhouse.io/2k/jobs/7764371003,7764371003,5775738003,nao,nova
greenhouse,2k,Producer,"Burnaby, British Columbia, Canada",https://job-boards.greenhouse.io/2k/jobs/7807546003,7807546003,5796635003,nao,nova
greenhouse,2k,Producer,"San Mateo, California, United States",https://job-boards.greenhouse.io/2k/jobs/7985627003,7985627003,5879474003,nao,nova
greenhouse,2k,Producer - Technical (12 month contract),"Prague, Czech Republic",https://job-boards.greenhouse.io/2k/jobs/7793437003,7793437003,5788709003,nao,nova
greenhouse,2k,Researcher,"Montréal, Quebec, Canada",https://job-boards.greenhouse.io/2k/jobs/7784347003,7784347003,5786264003,nao,nova
greenhouse,2k,Senior AI Designer,"Brighton, England, United Kingdom",https://job-boards.greenhouse.io/2k/jobs/7611931003,7611931003,5710751003,nao,nova
greenhouse,2k,Senior Animation Engineer,"Brighton, England, United Kingdom",https://job-boards.greenhouse.io/2k/jobs/7763604003,7763604003,5775740003,nao,nova
greenhouse,2k,"Senior Artist, Technical (Rigger) - NBA 2K","California, United States",https://job-boards.greenhouse.io/2k/jobs/7978391003,7978391003,5872211003,nao,nova
greenhouse,2k,"Senior Associate / Associate Manager, Asia Marketing","Tokyo, Chiyoda, Japan",https://job-boards.greenhouse.io/2k/jobs/6520855003,6520855003,5192585003,nao,nova
greenhouse,2k,Senior Backend Software Engineer,"Bangalore, Karnataka, India",https://job-boards.greenhouse.io/2k/jobs/7865968003,7865968003,5823762003,nao,nova
greenhouse,2k,Senior Combat Designer (AI archetype),"Novato, California, United States",https://job-boards.greenhouse.io/2k/jobs/7724137003,7724137003,5759832003,nao,nova
greenhouse,2k,Senior Combat Designer (AI archetype),"Montréal, Quebec, Canada",https://job-boards.greenhouse.io/2k/jobs/7724136003,7724136003,5759832003,nao,nova
greenhouse,2k,Senior Combat Designer (Encounters),"Novato, California, United States",https://job-boards.greenhouse.io/2k/jobs/7720898003,7720898003,5758522003,nao,nova
greenhouse,2k,Senior Combat Designer (Encounters),"Montréal, Quebec, Canada",https://job-boards.greenhouse.io/2k/jobs/7720897003,7720897003,5758522003,nao,nova
greenhouse,2k,Senior Data Developer,"Montréal, Quebec, Canada",https://job-boards.greenhouse.io/2k/jobs/7812714003,7812714003,5799212003,nao,nova
greenhouse,2k,"Senior Director of Product Management, Video Games","Los Angeles, California, United States",https://job-boards.greenhouse.io/2k/jobs/7692436003,7692436003,5747394003,nao,nova
greenhouse,2k,"Senior Director, HRBP","Novato, California, United States",https://job-boards.greenhouse.io/2k/jobs/7620340003,7620340003,5714302003,nao,nova
greenhouse,2k,"Senior Director, Online Services","San Mateo, California, United States",https://job-boards.greenhouse.io/2k/jobs/7813373003,7813373003,5796634003,nao,nova
greenhouse,2k,"Senior Director, Product Management (Small Axe Studios)","Novato, California, United States",https://job-boards.greenhouse.io/2k/jobs/7655914003,7655914003,5728472003,nao,nova
greenhouse,2k,"Senior Engineer, Server – NBA 2K","Novato, California, United States",https://job-boards.greenhouse.io/2k/jobs/7750300003,7750300003,5771475003,nao,nova
greenhouse,2k,Senior Full Stack Server Engineer,"Shanghai, China",https://job-boards.greenhouse.io/2k/jobs/7560589003,7560589003,4382386003,nao,nova
greenhouse,2k,Senior Gameplay Analytics Engineer (Unreal Engine),"Novato, California, United States",https://job-boards.greenhouse.io/2k/jobs/7724805003,7724805003,5760487003,nao,nova
greenhouse,2k,Senior Gameplay Animation Software Engineer,"Burnaby, British Columbia, Canada",https://job-boards.greenhouse.io/2k/jobs/7803231003,7803231003,5794515003,nao,nova
greenhouse,2k,Senior Gameplay Designer,"Burnaby, British Columbia, Canada",https://job-boards.greenhouse.io/2k/jobs/7512739003,7512739003,5672336003,nao,nova
greenhouse,2k,Senior Gameplay Online Engineer,"Burnaby, British Columbia, Canada",https://job-boards.greenhouse.io/2k/jobs/7651054003,7651054003,5726412003,nao,nova
greenhouse,2k,Senior Gameplay and Animation Engineer,"Brighton, England, United Kingdom",https://job-boards.greenhouse.io/2k/jobs/7533066003,7533066003,5678741003,nao,nova
greenhouse,2k,Senior Level Artist,"Novato, California, United States",https://job-boards.greenhouse.io/2k/jobs/7731298003,7731298003,5763817003,nao,nova
greenhouse,2k,Senior Level Artist,"Montréal, Quebec, Canada",https://job-boards.greenhouse.io/2k/jobs/7731297003,7731297003,5763817003,nao,nova
greenhouse,2k,Senior Level Designer,"Novato, California, United States",https://job-boards.greenhouse.io/2k/jobs/7793262003,7793262003,5789604003,nao,nova
greenhouse,2k,Senior Level Designer,"Montréal, Quebec, Canada",https://job-boards.greenhouse.io/2k/jobs/7793261003,7793261003,5789604003,nao,nova
greenhouse,2k,Senior Machine Learning Engineer,"Dublin, Ireland",https://job-boards.greenhouse.io/2k/jobs/7812947003,7812947003,5799318003,nao,nova
greenhouse,2k,"Senior Manager, Asia Marketing","Seoul, South Korea",https://job-boards.greenhouse.io/2k/jobs/7629738003,7629738003,5718033003,nao,nova
greenhouse,2k,"Senior Manager, Brand Marketing","London, England, United Kingdom",https://job-boards.greenhouse.io/2k/jobs/7780015003,7780015003,5784076003,nao,nova
greenhouse,2k,"Senior Manager, Global Product Marketing, NBA","Novato, California, United States",https://job-boards.greenhouse.io/2k/jobs/7655923003,7655923003,5728476003,nao,nova
greenhouse,2k,"Senior Manager, International GTM, NBA 2K","London, England, United Kingdom",https://job-boards.greenhouse.io/2k/jobs/7733484003,7733484003,5765664003,nao,nova
greenhouse,2k,Senior Online Services Software Engineer,"Burnaby, British Columbia, Canada",https://job-boards.greenhouse.io/2k/jobs/7748410003,7748410003,5770589003,nao,nova
greenhouse,2k,Senior Rendering Engineer,"Novato, California, United States",https://job-boards.greenhouse.io/2k/jobs/7720905003,7720905003,5758523003,nao,nova
greenhouse,2k,Senior Rendering Engineer,"Brighton, England, United Kingdom",https://job-boards.greenhouse.io/2k/jobs/7766934003,7766934003,5776709003,nao,nova
greenhouse,2k,Senior Rendering Programmer,"Montréal, Quebec, Canada",https://job-boards.greenhouse.io/2k/jobs/7720904003,7720904003,5758523003,nao,nova
greenhouse,2k,Senior Rendering Software Engineer,"Burnaby, British Columbia, Canada",https://job-boards.greenhouse.io/2k/jobs/7778375003,7778375003,5783318003,nao,nova
greenhouse,2k,Senior Site Reliability Engineer,"Burnaby, British Columbia, Canada",https://job-boards.greenhouse.io/2k/jobs/7856209003,7856209003,5819024003,nao,nova
greenhouse,2k,Senior Site Reliability Engineer,"Bangalore, Karnataka, India",https://job-boards.greenhouse.io/2k/jobs/7829588003,7829588003,5806192003,nao,nova
greenhouse,2k,Senior Systems Designer,"Burnaby, British Columbia, Canada",https://job-boards.greenhouse.io/2k/jobs/7611923003,7611923003,5710748003,nao,nova
greenhouse,2k,Senior Systems Engineer,"Austin, Texas, United States",https://job-boards.greenhouse.io/2k/jobs/7780664003,7780664003,5778756003,nao,nova
greenhouse,2k,Senior Systems Engineer,"Novato, California, United States",https://job-boards.greenhouse.io/2k/jobs/7767183003,7767183003,5778756003,nao,nova
greenhouse,2k,Senior Technical Animator,"Burnaby, British Columbia, Canada",https://job-boards.greenhouse.io/2k/jobs/7964937003,7964937003,5872210003,nao,nova
greenhouse,2k,Senior Technical Program Manager,"Austin, Texas, United States",https://job-boards.greenhouse.io/2k/jobs/7807537003,7807537003,5796630003,nao,nova
greenhouse,2k,Senior UX Designer,"Frisco, Texas, United States",https://job-boards.greenhouse.io/2k/jobs/7978555003,7978555003,5823765003,nao,nova
greenhouse,2k,Shader Technical Artist,"San Mateo, California, United States",https://job-boards.greenhouse.io/2k/jobs/7887479003,7887479003,5819028003,nao,nova
greenhouse,2k,Social Media Coordinator (French Speaking),"London, England, United Kingdom",https://job-boards.greenhouse.io/2k/jobs/7607493003,7607493003,5708810003,nao,nova
greenhouse,2k,"Software Development Manager, Engineering Services","Montréal, Quebec, Canada",https://job-boards.greenhouse.io/2k/jobs/7814032003,7814032003,5799777003,nao,nova
greenhouse,2k,"Software Development Manager, Tools & Products","Montréal, Quebec, Canada",https://job-boards.greenhouse.io/2k/jobs/7814030003,7814030003,5799776003,nao,nova
greenhouse,2k,Sr Applied Scientist,"Dublin, Ireland",https://job-boards.greenhouse.io/2k/jobs/7784351003,7784351003,5786266003,nao,nova
greenhouse,2k,"Sr. Manager, LQA","Madrid, Spain",https://job-boards.greenhouse.io/2k/jobs/7796121003,7796121003,5791202003,nao,nova
greenhouse,2k,Staff Data Analyst,"Novato, California, United States",https://job-boards.greenhouse.io/2k/jobs/7787506003,7787506003,5787320003,nao,nova
greenhouse,2k,Staff Platform Engineer,"Austin, Texas, United States",https://job-boards.greenhouse.io/2k/jobs/7807539003,7807539003,5796631003,nao,nova
greenhouse,2k,Staff Platform Engineer,"Austin, Texas, United States",https://job-boards.greenhouse.io/2k/jobs/7829580003,7829580003,5806188003,nao,nova
greenhouse,2k,"Technical Director, Tools","Montréal, Quebec, Canada",https://job-boards.greenhouse.io/2k/jobs/7814028003,7814028003,5799775003,nao,nova
greenhouse,2k,Technical Stage Manager,"Petaluma, California, United States",https://job-boards.greenhouse.io/2k/jobs/7692434003,7692434003,5747393003,nao,nova
greenhouse,2k,Technical Test Analyst II / I,"Vancouver, British Columbia, Canada",https://job-boards.greenhouse.io/2k/jobs/7980001003,7980001003,5879478003,nao,nova
greenhouse,atomiccartoons,CG Designer,Vancouver,https://job-boards.greenhouse.io/atomiccartoons/jobs/7807668003,7807668003,5796696003,nao,JA-FEITO
greenhouse,atomiccartoons,Expression Of Interest - LA,Los Angeles,https://job-boards.greenhouse.io/atomiccartoons/jobs/7565513003,7565513003,5691253003,nao,nova
greenhouse,atomiccartoons,Expression Of Interest - Vancouver,Vancouver,https://job-boards.greenhouse.io/atomiccartoons/jobs/7565498003,7565498003,5691248003,nao,JA-FEITO
greenhouse,atomiccartoons,Unreal CG Supervisor,Vancouver,https://job-boards.greenhouse.io/atomiccartoons/jobs/7980810003,7980810003,5879869003,nao,nova
greenhouse,atomiccartoons,Unreal Previs and Layout Supervisor,Vancouver,https://job-boards.greenhouse.io/atomiccartoons/jobs/7980746003,7980746003,5879836003,nao,nova
greenhouse,bluehole,[Bluehole Studio]  Technical Artist (5년 이상) - Project V,Pangyo,https://job-boards.greenhouse.io/bluehole/jobs/8496021002,8496021002,6393622002,nao,nova
greenhouse,bluehole,[Bluehole Studio] Animator (Lead / Senior) - Project V,Pangyo,https://job-boards.greenhouse.io/bluehole/jobs/8517834002,8517834002,6395174002,nao,nova
greenhouse,bluehole,[Bluehole Studio] Character Concept Artist (Lead / Senior) - Project V,Pangyo,https://job-boards.greenhouse.io/bluehole/jobs/8517835002,8517835002,6395164002,nao,nova
greenhouse,bluehole,[Bluehole Studio] Environment Concept Artist (Lead / Senior) - Project V,Pangyo,https://job-boards.greenhouse.io/bluehole/jobs/8517836002,8517836002,6395163002,nao,nova
greenhouse,bluehole,[Bluehole Studio] HR Operations (1년 이상 / 계약직),Pangyo,https://job-boards.greenhouse.io/bluehole/jobs/8771626002,8771626002,6509533002,nao,nova
greenhouse,bluehole,[Bluehole Studio] Lead VFX Artist,Pangyo,https://job-boards.greenhouse.io/bluehole/jobs/8540519002,8540519002,6367637002,nao,nova
greenhouse,bluehole,[Bluehole Studio] Lighting Artist (Lead / Senior) - Project V,Pangyo,https://job-boards.greenhouse.io/bluehole/jobs/8517837002,8517837002,6395167002,nao,nova
greenhouse,bluehole,[Bluehole Studio] VFX Artist (Lead / Senior) - Project V,Pangyo,https://job-boards.greenhouse.io/bluehole/jobs/8517838002,8517838002,6395168002,nao,nova
greenhouse,bluehole,[Bluehole Studio] 시니어 VFX 아티스트 (Senior VFX Artist) - TERA2,Pangyo,https://job-boards.greenhouse.io/bluehole/jobs/8507680002,8507680002,6386639002,nao,nova
greenhouse,bluehole,[Bluehole Studio] 시니어 클라이언트 프로그래머 (Senior Client Programmer) - TERA2,Pangyo,https://job-boards.greenhouse.io/bluehole/jobs/8509520002,8509520002,6386634002,nao,nova
greenhouse,bluehole,[Bluehole Studio] 아트 프로젝트 매니저 (Art PM) - Project V (2년 이상),Pangyo,https://job-boards.greenhouse.io/bluehole/jobs/8660234002,8660234002,6443929002,nao,nova
greenhouse,bluehole,[Bluehole Studio] 클라이언트 프로그래머 리드 (Client Programmer Lead) - TERA2,Pangyo,https://job-boards.greenhouse.io/bluehole/jobs/8478565002,8478565002,6386647002,nao,nova
greenhouse,bluehole,[Bluehole Studio] 테크니컬 프로젝트 매니저 (TPM) - Project V,Pangyo,https://job-boards.greenhouse.io/bluehole/jobs/8660235002,8660235002,6443960002,nao,nova
greenhouse,brandnewschool,Brand Motion Design Lead,London,http://boards.greenhouse.io/brandnewschool/jobs/5789541004?gh_jid=5789541004,5789541004,5045075004,nao,nova
greenhouse,brandnewschool,Brand Strategist,London,http://boards.greenhouse.io/brandnewschool/jobs/5802810004?gh_jid=5802810004,5802810004,5051421004,nao,nova
greenhouse,brandnewschool,Brand Systems Strategist,Los Angeles; New York,http://boards.greenhouse.io/brandnewschool/jobs/5819873004?gh_jid=5819873004,5819873004,5059931004,nao,nova
greenhouse,brandnewschool,Design & Animation Producer,New York,http://boards.greenhouse.io/brandnewschool/jobs/5763183004?gh_jid=5763183004,5763183004,5033166004,nao,nova
greenhouse,brandnewschool,General Interest - Apply Now,London; Los Angeles; New York,http://boards.greenhouse.io/brandnewschool/jobs/5818240004?gh_jid=5818240004,5818240004,5059089004,nao,nova
greenhouse,bungie,Marathon UI/UX Director,"United States, Remote",https://job-boards.greenhouse.io/bungie/jobs/5921280004,5921280004,5123412004,nao,nova
greenhouse,bungie,"Principal Marketing Manager, Marathon (Contract)","United States, Remote",https://job-boards.greenhouse.io/bungie/jobs/6181868004,6181868004,5210956004,nao,nova
greenhouse,bungie,"Senior Producer, Multimedia (Contract)","United States, Remote",https://job-boards.greenhouse.io/bungie/jobs/6139094004,6139094004,5197893004,nao,nova
greenhouse,cloudchamberen,Associate Art Director,"Montréal, Quebec, Canada",https://job-boards.greenhouse.io/cloudchamberen/jobs/7714526003,7714526003,5756119003,nao,nova
greenhouse,cloudchamberen,Associate Producer,"Montréal, Quebec, Canada",https://job-boards.greenhouse.io/cloudchamberen/jobs/7865973003,7865973003,5823764003,nao,nova
greenhouse,cloudchamberen,Gameplay Engineer,"Montréal, Quebec, Canada",https://job-boards.greenhouse.io/cloudchamberen/jobs/7660289003,7660289003,5728480003,nao,nova
greenhouse,cloudchamberen,Gameplay Engineer,"Novato, California, United States",https://job-boards.greenhouse.io/cloudchamberen/jobs/7655936003,7655936003,5728480003,nao,nova
greenhouse,cloudchamberen,Lead Animator,"Novato, California, United States",https://job-boards.greenhouse.io/cloudchamberen/jobs/7888165003,7888165003,5834550003,nao,nova
greenhouse,cloudchamberen,Lead Animator,"Montréal, Quebec, Canada",https://job-boards.greenhouse.io/cloudchamberen/jobs/7888163003,7888163003,5834550003,nao,nova
greenhouse,cloudchamberen,Lead Level Artist,"Novato, California, United States",https://job-boards.greenhouse.io/cloudchamberen/jobs/7812708003,7812708003,5799211003,nao,nova
greenhouse,cloudchamberen,Lead Level Artist,"Montréal, Quebec, Canada",https://job-boards.greenhouse.io/cloudchamberen/jobs/7812706003,7812706003,5799211003,nao,nova
greenhouse,cloudchamberen,Lead Lighting Artist,"Montréal, Quebec, Canada",https://job-boards.greenhouse.io/cloudchamberen/jobs/7856224003,7856224003,5819031003,nao,nova
greenhouse,cloudchamberen,Lead Lighting Artist,"Novato, California, United States",https://job-boards.greenhouse.io/cloudchamberen/jobs/7856222003,7856222003,5819031003,nao,nova
greenhouse,cloudchamberen,Senior Combat Designer (AI archetype),"Novato, California, United States",https://job-boards.greenhouse.io/cloudchamberen/jobs/7724135003,7724135003,5759832003,nao,nova
greenhouse,cloudchamberen,Senior Combat Designer (AI archetype),"Montréal, Quebec, Canada",https://job-boards.greenhouse.io/cloudchamberen/jobs/7724133003,7724133003,5759832003,nao,nova
greenhouse,cloudchamberen,Senior Combat Designer (Encounters),"Novato, California, United States",https://job-boards.greenhouse.io/cloudchamberen/jobs/7720896003,7720896003,5758522003,nao,nova
greenhouse,cloudchamberen,Senior Combat Designer (Encounters),"Montréal, Quebec, Canada",https://job-boards.greenhouse.io/cloudchamberen/jobs/7720894003,7720894003,5758522003,nao,nova
greenhouse,cloudchamberen,Senior Level Artist,"Montréal, Quebec, Canada",https://job-boards.greenhouse.io/cloudchamberen/jobs/7731294003,7731294003,5763817003,nao,nova
greenhouse,cloudchamberen,Senior Level Artist,"Novato, California, United States",https://job-boards.greenhouse.io/cloudchamberen/jobs/7731296003,7731296003,5763817003,nao,nova
greenhouse,cloudchamberen,Senior Level Designer,"Novato, California, United States",https://job-boards.greenhouse.io/cloudchamberen/jobs/7793260003,7793260003,5789604003,nao,nova
greenhouse,cloudchamberen,Senior Level Designer,"Montréal, Quebec, Canada",https://job-boards.greenhouse.io/cloudchamberen/jobs/7793258003,7793258003,5789604003,nao,nova
greenhouse,cloudchamberen,Senior Rendering Engineer,"Novato, California, United States",https://job-boards.greenhouse.io/cloudchamberen/jobs/7720903003,7720903003,5758523003,nao,nova
greenhouse,cloudchamberen,Senior Rendering Programmer,"Montréal, Quebec, Canada",https://job-boards.greenhouse.io/cloudchamberen/jobs/7720901003,7720901003,5758523003,nao,nova
greenhouse,digitaleclipse,Concept Designer and Illustrator (Video Games) - Digital Eclipse,"Emeryville, California",https://job-boards.greenhouse.io/digitaleclipse/jobs/5114920008,5114920008,4425485008,nao,nova
greenhouse,digitaleclipse,Senior Producer (Game Development),"Emeryville, CA",https://job-boards.greenhouse.io/digitaleclipse/jobs/5114855008,5114855008,4425452008,nao,nova
greenhouse,digitalextremes,Associate Influencer Marketing Manager,"London, Ontario or Remote",https://job-boards.greenhouse.io/digitalextremes/jobs/5190928007,5190928007,4658278007,nao,nova
greenhouse,digitalextremes,Concept Artist,"London, Ontario",https://job-boards.greenhouse.io/digitalextremes/jobs/5227518007,5227518007,4675971007,nao,JA-FEITO
greenhouse,digitalextremes,Recruitment & Talent Acquisition Specialist,"London, Ontario",https://job-boards.greenhouse.io/digitalextremes/jobs/5231315007,5231315007,4677858007,nao,nova
greenhouse,digitalextremes,Senior VFX Artist,"London, Ontario or Remote",https://job-boards.greenhouse.io/digitalextremes/jobs/5210646007,5210646007,4667899007,nao,nova
greenhouse,digitalextremes,"Software Engineer II, Web","London, Ontario",https://job-boards.greenhouse.io/digitalextremes/jobs/5169126007,5169126007,4647718007,nao,nova
greenhouse,fanaticscollectibles,Account Manager,"New York, NY, United States",https://job-boards.greenhouse.io/fanaticscollectibles/jobs/4253518009,4253518009,4148247009,nao,nova
greenhouse,fanaticscollectibles,"Account Manager, Breaker & Hobby Sales","New York, NY, United States",https://job-boards.greenhouse.io/fanaticscollectibles/jobs/4372446009,4372446009,4215237009,nao,nova
greenhouse,fanaticscollectibles,"Analyst, Strategic Operations","Coppell, TX, United States",https://job-boards.greenhouse.io/fanaticscollectibles/jobs/4304421009,4304421009,4178425009,nao,nova
greenhouse,fanaticscollectibles,Android Software Engineer,"New York, NY, United States",https://job-boards.greenhouse.io/fanaticscollectibles/jobs/4250817009,4250817009,4146677009,nao,nova
greenhouse,fanaticscollectibles,"Art Director - Topps Trading Cards, Japan","Tokyo, Japan",https://job-boards.greenhouse.io/fanaticscollectibles/jobs/4354309009,4354309009,4206192009,nao,nova
greenhouse,fanaticscollectibles,Associate Product Manager - Quick Strike,"New York, NY, United States",https://job-boards.greenhouse.io/fanaticscollectibles/jobs/4372366009,4372366009,4215188009,nao,nova
greenhouse,fanaticscollectibles,"Associate Product Manager - Topps Trading Cards, Tokyo, Japan","Tokyo, Japan",https://job-boards.greenhouse.io/fanaticscollectibles/jobs/4354462009,4354462009,4206239009,nao,nova
greenhouse,fanaticscollectibles,"Associate Product Manager, Trading Cards - Basketball","Coppell, TX, United States",https://job-boards.greenhouse.io/fanaticscollectibles/jobs/4373056009,4373056009,4215614009,nao,nova
greenhouse,fanaticscollectibles,Associate Project Manager,"London, England, United Kingdom",https://job-boards.greenhouse.io/fanaticscollectibles/jobs/4379971009,4379971009,4219722009,nao,nova
greenhouse,fanaticscollectibles,"Associate, Athlete Partnerships - Signings","New York, NY, United States",https://job-boards.greenhouse.io/fanaticscollectibles/jobs/4208995009,4208995009,4122336009,nao,nova
greenhouse,fanaticscollectibles,"Associate, People Intelligence","New York, NY, United States",https://job-boards.greenhouse.io/fanaticscollectibles/jobs/4363369009,4363369009,4210863009,nao,nova
greenhouse,fanaticscollectibles,"Associate, Product Architecture","New York, NY, United States",https://job-boards.greenhouse.io/fanaticscollectibles/jobs/4386103009,4386103009,4223352009,nao,nova
greenhouse,fanaticscollectibles,Auto Ops QC Associate,"Sunnyvale, TX, United States",https://job-boards.greenhouse.io/fanaticscollectibles/jobs/4243941009,4243941009,4142223009,nao,nova
greenhouse,fanaticscollectibles,Auto Ops Sticker Assessment Coordinator,"Sunnyvale, TX, United States",https://job-boards.greenhouse.io/fanaticscollectibles/jobs/4395021009,4395021009,4228621009,nao,nova
greenhouse,fanaticscollectibles,Automation Technician II,"Sunnyvale, TX, United States",https://job-boards.greenhouse.io/fanaticscollectibles/jobs/4224964009,4224964009,4131608009,nao,nova
greenhouse,fanaticscollectibles,B2B Fulfillment Supervisor (2nd Shift),"Sunnyvale, TX, United States",https://job-boards.greenhouse.io/fanaticscollectibles/jobs/4271939009,4271939009,4158582009,nao,nova
greenhouse,fanaticscollectibles,Business Strategist,"Seattle, WA, United States",https://job-boards.greenhouse.io/fanaticscollectibles/jobs/4224655009,4224655009,4131423009,nao,nova
greenhouse,fanaticscollectibles,Business System Analyst,"London, England, United Kingdom",https://job-boards.greenhouse.io/fanaticscollectibles/jobs/4267412009,4267412009,4156242009,nao,nova
greenhouse,fanaticscollectibles,"Collation Manager, 3rd Shift​","Sunnyvale, TX, United States",https://job-boards.greenhouse.io/fanaticscollectibles/jobs/4209103009,4209103009,4122393009,nao,nova
greenhouse,fanaticscollectibles,Collation QC Associate,"Sunnyvale, TX, United States",https://job-boards.greenhouse.io/fanaticscollectibles/jobs/4259319009,4259319009,4151712009,nao,nova
greenhouse,fanaticscollectibles,Collector Fulfillment Associate,"Allen, TX, United States",https://job-boards.greenhouse.io/fanaticscollectibles/jobs/4310515009,4310515009,4181973009,nao,nova
greenhouse,fanaticscollectibles,Collector Fulfillment Supervisor,"Allen, TX, United States",https://job-boards.greenhouse.io/fanaticscollectibles/jobs/4383625009,4383625009,4221984009,nao,nova
greenhouse,fanaticscollectibles,Concept Artist - Trading Card Game,"Seattle, WA, United States",https://job-boards.greenhouse.io/fanaticscollectibles/jobs/4309487009,4309487009,4181389009,nao,nova
greenhouse,fanaticscollectibles,Content Producer - Disney,"New York, NY, United States",https://job-boards.greenhouse.io/fanaticscollectibles/jobs/4368987009,4368987009,4213262009,nao,nova
greenhouse,fanaticscollectibles,Customer Support Associate,"Allen, TX, United States",https://job-boards.greenhouse.io/fanaticscollectibles/jobs/4382498009,4382498009,4221137009,nao,nova
greenhouse,fanaticscollectibles,Customer Support Associate,"New York, NY, United States",https://job-boards.greenhouse.io/fanaticscollectibles/jobs/4208219009,4208219009,4121825009,nao,nova
greenhouse,fanaticscollectibles,Customer Support Associate - Japanese Speaker,"Dallas, TX, United States; Los Angeles, CA, United States; New York, NY, United States",https://job-boards.greenhouse.io/fanaticscollectibles/jobs/4369529009,4369529009,4213553009,nao,nova
greenhouse,fanaticscollectibles,Digital Asset Management  Specialist,"Coppell, TX, United States",https://job-boards.greenhouse.io/fanaticscollectibles/jobs/4361087009,4361087009,4209599009,nao,nova
greenhouse,fanaticscollectibles,Digital Print Operations Manager,"Allen, TX, United States",https://job-boards.greenhouse.io/fanaticscollectibles/jobs/4391518009,4391518009,4226851009,nao,nova
greenhouse,fanaticscollectibles,Digital Production Artist,"Miramar, FL, United States",https://job-boards.greenhouse.io/fanaticscollectibles/jobs/4209054009,4209054009,4122367009,nao,nova
greenhouse,fanaticscollectibles,Director of Digital Print Operations,"Allen, TX, United States",https://job-boards.greenhouse.io/fanaticscollectibles/jobs/4377797009,4377797009,4218283009,nao,nova
greenhouse,fanaticscollectibles,"Director, Creative Development & Strategy","Los Angeles, CA, United States",https://job-boards.greenhouse.io/fanaticscollectibles/jobs/4355857009,4355857009,4207022009,nao,nova
greenhouse,fanaticscollectibles,"Director, Organized Play - TCG","Seattle, WA, United States",https://job-boards.greenhouse.io/fanaticscollectibles/jobs/4295348009,4295348009,4174022009,nao,nova
greenhouse,fanaticscollectibles,"Director, Product - Trading Cards (Entertainment)","Los Angeles, CA, United States; New York, NY, United States",https://job-boards.greenhouse.io/fanaticscollectibles/jobs/4326224009,4326224009,4191330009,nao,nova
greenhouse,fanaticscollectibles,EE/HVI Lead,"Allen, TX, United States",https://job-boards.greenhouse.io/fanaticscollectibles/jobs/4377669009,4377669009,4218194009,nao,nova
greenhouse,fanaticscollectibles,Editor,"Milton Keynes, England, United Kingdom",https://job-boards.greenhouse.io/fanaticscollectibles/jobs/4380111009,4380111009,4219777009,nao,nova
greenhouse,fanaticscollectibles,Engineering Manager - D2C Trust & Safety,"Ciudad de México, Mexico",https://job-boards.greenhouse.io/fanaticscollectibles/jobs/4283778009,4283778009,4167003009,nao,nova
greenhouse,fanaticscollectibles,Executive Assistant,"London, England, United Kingdom",https://job-boards.greenhouse.io/fanaticscollectibles/jobs/4395780009,4395780009,4229044009,nao,nova
greenhouse,fanaticscollectibles,Executive Assistant III,"Sunnyvale, TX, United States",https://job-boards.greenhouse.io/fanaticscollectibles/jobs/4361731009,4361731009,4209964009,nao,nova
greenhouse,fanaticscollectibles,Facilities Electrician,"Allen, TX, United States; Sunnyvale, TX, United States",https://job-boards.greenhouse.io/fanaticscollectibles/jobs/4309087009,4309087009,4181176009,nao,nova
greenhouse,fanaticscollectibles,Fanatics Collect (including Live) and Topps.com Global Legal Lead,"Los Angeles, CA, United States; New York, NY, United States",https://job-boards.greenhouse.io/fanaticscollectibles/jobs/4257712009,4257712009,4150705009,nao,nova
greenhouse,fanaticscollectibles,"Fixed Term Auto & Relics Coordinator, Italy","Assago, Italy",https://job-boards.greenhouse.io/fanaticscollectibles/jobs/4246116009,4246116009,4143710009,nao,nova
greenhouse,fanaticscollectibles,Flexo & Offset Platemaker,"Allen, TX, United States",https://job-boards.greenhouse.io/fanaticscollectibles/jobs/4249210009,4249210009,4145634009,nao,nova
greenhouse,fanaticscollectibles,Fulfillment and Post Production Operator,"Allen, TX, United States",https://job-boards.greenhouse.io/fanaticscollectibles/jobs/4383360009,4383360009,4221841009,nao,nova
greenhouse,fanaticscollectibles,"Full Stack Engineer, Growth","Los Angeles, CA, United States; New York, NY, United States",https://job-boards.greenhouse.io/fanaticscollectibles/jobs/4260584009,4260584009,4152473009,nao,nova
greenhouse,fanaticscollectibles,GTM Price & Strategy Associate,"New York, NY, United States",https://job-boards.greenhouse.io/fanaticscollectibles/jobs/4227192009,4227192009,4132960009,nao,nova
greenhouse,fanaticscollectibles,Game Designer - TCG,"Seattle, WA, United States",https://job-boards.greenhouse.io/fanaticscollectibles/jobs/4291988009,4291988009,4171835009,nao,nova
greenhouse,fanaticscollectibles,General Interest - Trading Card Games,"Seattle, WA, United States",https://job-boards.greenhouse.io/fanaticscollectibles/jobs/4237884009,4237884009,4138990009,nao,nova
greenhouse,fanaticscollectibles,Graphic Designer II,"London, England, United Kingdom",https://job-boards.greenhouse.io/fanaticscollectibles/jobs/4317761009,4317761009,4186275009,nao,nova
greenhouse,fanaticscollectibles,Graphic Designer II,"New York, NY, United States",https://job-boards.greenhouse.io/fanaticscollectibles/jobs/4355960009,4355960009,4207089009,nao,nova
greenhouse,fanaticscollectibles,Graphic Designer II - Topps Trading Cards - Japan,"Tokyo, Japan",https://job-boards.greenhouse.io/fanaticscollectibles/jobs/4354481009,4354481009,4206254009,nao,nova
greenhouse,fanaticscollectibles,HR Manager,"Paris, France",https://job-boards.greenhouse.io/fanaticscollectibles/jobs/4366654009,4366654009,4212344009,nao,nova
greenhouse,fanaticscollectibles,Information Security Coordinator,"Los Angeles, CA, United States; New York, NY, United States",https://job-boards.greenhouse.io/fanaticscollectibles/jobs/4376631009,4376631009,4217590009,nao,nova
greenhouse,fanaticscollectibles,Innovation Product Manager,"Sunnyvale, TX, United States",https://job-boards.greenhouse.io/fanaticscollectibles/jobs/4302597009,4302597009,4177397009,nao,nova
greenhouse,fanaticscollectibles,"Inventory Allocation & Batching Associate, Fulfillment","Sunnyvale, TX, United States",https://job-boards.greenhouse.io/fanaticscollectibles/jobs/4272640009,4272640009,4159008009,nao,nova
greenhouse,fanaticscollectibles,Junior Designer,"Milton Keynes, England, United Kingdom",https://job-boards.greenhouse.io/fanaticscollectibles/jobs/4307499009,4307499009,4180221009,nao,nova
greenhouse,fanaticscollectibles,Key Account Manager- Hobby Retail,"Paris, France",https://job-boards.greenhouse.io/fanaticscollectibles/jobs/4208316009,4208316009,4121906009,nao,nova
greenhouse,fanaticscollectibles,Lamina Machine Operator,"Allen, TX, United States",https://job-boards.greenhouse.io/fanaticscollectibles/jobs/4377822009,4377822009,4218298009,nao,nova
greenhouse,fanaticscollectibles,"Lead Product & Brand Designer, Topps.com","Los Angeles, CA, United States",https://job-boards.greenhouse.io/fanaticscollectibles/jobs/4208379009,4208379009,4121939009,nao,nova
greenhouse,fanaticscollectibles,Lead Quality Control,"Sunnyvale, TX, United States",https://job-boards.greenhouse.io/fanaticscollectibles/jobs/4215803009,4215803009,4126603009,nao,nova
greenhouse,fanaticscollectibles,"Lead Quality Control, 3rd Shift","Sunnyvale, TX, United States",https://job-boards.greenhouse.io/fanaticscollectibles/jobs/4229429009,4229429009,4134142009,nao,nova
greenhouse,fanaticscollectibles,"Lead, Affiliate Partner Programs","Los Angeles, CA, United States; New York, NY, United States",https://job-boards.greenhouse.io/fanaticscollectibles/jobs/4376654009,4376654009,4217607009,nao,nova
greenhouse,fanaticscollectibles,"Lead, Laminas","Sunnyvale, TX, United States",https://job-boards.greenhouse.io/fanaticscollectibles/jobs/4383814009,4383814009,4222073009,nao,nova
greenhouse,fanaticscollectibles,"Lead, Maintenance","Sunnyvale, TX, United States",https://job-boards.greenhouse.io/fanaticscollectibles/jobs/4225256009,4225256009,4131783009,nao,nova
greenhouse,fanaticscollectibles,"Lead, Security & Loss Prevention - 2nd or 3rd Shift","Sunnyvale, TX, United States",https://job-boards.greenhouse.io/fanaticscollectibles/jobs/4209025009,4209025009,4122353009,nao,nova
greenhouse,fanaticscollectibles,"Lead, Thinfilm","Sunnyvale, TX, United States",https://job-boards.greenhouse.io/fanaticscollectibles/jobs/4375812009,4375812009,4217066009,nao,nova
greenhouse,fanaticscollectibles,"Licensing & Partnerships Manager, Japan & Korea","Tokyo, Japan",https://job-boards.greenhouse.io/fanaticscollectibles/jobs/4355843009,4355843009,4207017009,nao,nova
greenhouse,fanaticscollectibles,Logistics Manager,"Tokyo, Japan",https://job-boards.greenhouse.io/fanaticscollectibles/jobs/4208338009,4208338009,4121917009,nao,nova
greenhouse,fanaticscollectibles,"Manager, HVI – 2nd Shift","Sunnyvale, TX, United States",https://job-boards.greenhouse.io/fanaticscollectibles/jobs/4363594009,4363594009,4210994009,nao,nova
greenhouse,fanaticscollectibles,"Manager, Licensing & Partnerships","New York, NY, United States",https://job-boards.greenhouse.io/fanaticscollectibles/jobs/4376627009,4376627009,4217588009,nao,nova
greenhouse,fanaticscollectibles,"Manager, Product Architecture","New York, NY, United States",https://job-boards.greenhouse.io/fanaticscollectibles/jobs/4381841009,4381841009,4220712009,nao,nova
greenhouse,fanaticscollectibles,Manufacturing Materials Planning Associate,"Sunnyvale, TX, United States",https://job-boards.greenhouse.io/fanaticscollectibles/jobs/4378579009,4378579009,4218767009,nao,nova
greenhouse,fanaticscollectibles,Manufacturing Project Manager,"Sunnyvale, TX, United States",https://job-boards.greenhouse.io/fanaticscollectibles/jobs/4361712009,4361712009,4209955009,nao,nova
greenhouse,fanaticscollectibles,Manufacturing Supervisor,"Sunnyvale, TX, United States",https://job-boards.greenhouse.io/fanaticscollectibles/jobs/4372130009,4372130009,4215107009,nao,nova
greenhouse,fanaticscollectibles,Narrative Designer - Trading Card Game,"Seattle, WA, United States",https://job-boards.greenhouse.io/fanaticscollectibles/jobs/4309540009,4309540009,4181412009,nao,nova
greenhouse,fanaticscollectibles,Numbering Machine Operator,"Allen, TX, United States",https://job-boards.greenhouse.io/fanaticscollectibles/jobs/4378127009,4378127009,4218495009,nao,nova
greenhouse,fanaticscollectibles,"Officer, Security & Loss Prevention (2nd or 3rd Shift)","Sunnyvale, TX, United States",https://job-boards.greenhouse.io/fanaticscollectibles/jobs/4209010009,4209010009,4122345009,nao,nova
greenhouse,fanaticscollectibles,Order Management Coordinator,"Milton Keynes, England, United Kingdom",https://job-boards.greenhouse.io/fanaticscollectibles/jobs/4327918009,4327918009,4192440009,nao,nova
greenhouse,fanaticscollectibles,Original Art Coordinator,"New York, NY, United States",https://job-boards.greenhouse.io/fanaticscollectibles/jobs/4377366009,4377366009,4218020009,nao,nova
greenhouse,fanaticscollectibles,"PO Coordinator, Talent Partnerships","Los Angeles, CA, United States",https://job-boards.greenhouse.io/fanaticscollectibles/jobs/4360204009,4360204009,4209172009,nao,nova
greenhouse,fanaticscollectibles,Pre-Flight Operator,"Miramar, FL, United States",https://job-boards.greenhouse.io/fanaticscollectibles/jobs/4242688009,4242688009,4141436009,nao,nova
greenhouse,fanaticscollectibles,Pre-Press QC Operator,"Coppell, TX, United States",https://job-boards.greenhouse.io/fanaticscollectibles/jobs/4378215009,4378215009,4218537009,nao,nova
greenhouse,fanaticscollectibles,Prepress Engineering Project Specialist,"Coppell, TX, United States",https://job-boards.greenhouse.io/fanaticscollectibles/jobs/4361516009,4361516009,4209850009,nao,nova
greenhouse,fanaticscollectibles,Press Operator (Night Shift),"Allen, TX, United States",https://job-boards.greenhouse.io/fanaticscollectibles/jobs/4209123009,4209123009,4122402009,nao,nova
greenhouse,fanaticscollectibles,Press Room Night Shift Supervisor,"Allen, TX, United States",https://job-boards.greenhouse.io/fanaticscollectibles/jobs/4372110009,4372110009,4215093009,nao,nova
greenhouse,fanaticscollectibles,Principal Graphic Designer - TCG,"Seattle, WA, United States",https://job-boards.greenhouse.io/fanaticscollectibles/jobs/4361795009,4361795009,4209995009,nao,nova
greenhouse,fanaticscollectibles,Principal Visual Artist,"New York, NY, United States",https://job-boards.greenhouse.io/fanaticscollectibles/jobs/4274428009,4274428009,4160158009,nao,JA-FEITO
greenhouse,fanaticscollectibles,Process Engineer,"Sunnyvale, TX, United States",https://job-boards.greenhouse.io/fanaticscollectibles/jobs/4272681009,4272681009,4159020009,nao,nova
greenhouse,fanaticscollectibles,Process Improvement Manager,"Sunnyvale, TX, United States",https://job-boards.greenhouse.io/fanaticscollectibles/jobs/4366798009,4366798009,4212400009,nao,nova
greenhouse,fanaticscollectibles,Product Data Analyst III,"New York, NY, United States",https://job-boards.greenhouse.io/fanaticscollectibles/jobs/4326947009,4326947009,4191876009,nao,nova
greenhouse,fanaticscollectibles,Product Manager - Entertainment,"San Diego, CA, United States",https://job-boards.greenhouse.io/fanaticscollectibles/jobs/4209068009,4209068009,4122375009,nao,nova
greenhouse,fanaticscollectibles,"Product Manager - Topps Trading Cards - Tokyo, Japan","Tokyo, Japan",https://job-boards.greenhouse.io/fanaticscollectibles/jobs/4354667009,4354667009,4206352009,nao,nova
greenhouse,fanaticscollectibles,Purchasing Clerk,"Sunnyvale, TX, United States",https://job-boards.greenhouse.io/fanaticscollectibles/jobs/4229407009,4229407009,4134127009,nao,nova
greenhouse,fanaticscollectibles,QA Coordinator,"Sunnyvale, TX, United States",https://job-boards.greenhouse.io/fanaticscollectibles/jobs/4375576009,4375576009,4216941009,nao,nova
greenhouse,fanaticscollectibles,QA Proofreader,"Coppell, TX, United States",https://job-boards.greenhouse.io/fanaticscollectibles/jobs/4361726009,4361726009,4209962009,nao,nova
greenhouse,fanaticscollectibles,QA Supervisor,"Allen, TX, United States",https://job-boards.greenhouse.io/fanaticscollectibles/jobs/4310171009,4310171009,4181758009,nao,nova
greenhouse,fanaticscollectibles,QC Associate,"Allen, TX, United States",https://job-boards.greenhouse.io/fanaticscollectibles/jobs/4378836009,4378836009,4218927009,nao,nova
greenhouse,fanaticscollectibles,QC Coordinator,"Allen, TX, United States",https://job-boards.greenhouse.io/fanaticscollectibles/jobs/4370475009,4370475009,4214172009,nao,nova
greenhouse,fanaticscollectibles,Quality Assurance Proofreader,"New York, NY, United States",https://job-boards.greenhouse.io/fanaticscollectibles/jobs/4274424009,4274424009,4160156009,nao,nova
greenhouse,fanaticscollectibles,"Quality Manager, 2nd Shift HVI​","Sunnyvale, TX, United States",https://job-boards.greenhouse.io/fanaticscollectibles/jobs/4209074009,4209074009,4122378009,nao,nova
greenhouse,fanaticscollectibles,"Quality Manager, 3rd Shift HVI​","Sunnyvale, TX, United States",https://job-boards.greenhouse.io/fanaticscollectibles/jobs/4221824009,4221824009,4129636009,nao,nova
greenhouse,fanaticscollectibles,"Quality Supervisor, HVI2 + Makeups​","Sunnyvale, TX, United States",https://job-boards.greenhouse.io/fanaticscollectibles/jobs/4209082009,4209082009,4122382009,nao,nova
greenhouse,fanaticscollectibles,Relic Cutter,"Sunnyvale, TX, United States",https://job-boards.greenhouse.io/fanaticscollectibles/jobs/4381669009,4381669009,4220619009,nao,nova
greenhouse,fanaticscollectibles,Retoucher Pre-Press,"Coppell, TX, United States; Miramar, FL, United States",https://job-boards.greenhouse.io/fanaticscollectibles/jobs/4377099009,4377099009,4217859009,nao,nova
greenhouse,fanaticscollectibles,Royalties Accounting Manager,"Coppell, TX, United States",https://job-boards.greenhouse.io/fanaticscollectibles/jobs/4299947009,4299947009,4175809009,nao,nova
greenhouse,fanaticscollectibles,"SOC Investigator, Security & Loss Prevention","Sunnyvale, TX, United States",https://job-boards.greenhouse.io/fanaticscollectibles/jobs/4209021009,4209021009,4122351009,nao,nova
greenhouse,fanaticscollectibles,Safety Manager,"Allen, TX, United States",https://job-boards.greenhouse.io/fanaticscollectibles/jobs/4378101009,4378101009,4218490009,nao,nova
greenhouse,fanaticscollectibles,"Sales Manager ANZ, KR & SEA","Hong Kong, China",https://job-boards.greenhouse.io/fanaticscollectibles/jobs/4302035009,4302035009,4177082009,nao,nova
greenhouse,fanaticscollectibles,"Sales Manager, Hong Kong, Macau and Taiwan","Hong Kong, China",https://job-boards.greenhouse.io/fanaticscollectibles/jobs/4354550009,4354550009,4206287009,nao,nova
greenhouse,fanaticscollectibles,"Sales Operation Coordinator, Japan","Tokyo, Japan",https://job-boards.greenhouse.io/fanaticscollectibles/jobs/4279643009,4279643009,4164248009,nao,nova
greenhouse,fanaticscollectibles,"Security Manager, EMEA","London, England, United Kingdom",https://job-boards.greenhouse.io/fanaticscollectibles/jobs/4309243009,4309243009,4181276009,nao,nova
greenhouse,fanaticscollectibles,"Senior AI Engineer, Finance Systems","New York, NY, United States",https://job-boards.greenhouse.io/fanaticscollectibles/jobs/4206398009,4206398009,4120589009,nao,nova
greenhouse,fanaticscollectibles,"Senior Accountant, International","London, England, United Kingdom",https://job-boards.greenhouse.io/fanaticscollectibles/jobs/4214120009,4214120009,4125522009,nao,nova
greenhouse,fanaticscollectibles,Senior Analyst Business Systems (Oracle Fusion Financial Modules),"Los Angeles, CA, United States; New York, NY, United States",https://job-boards.greenhouse.io/fanaticscollectibles/jobs/4209093009,4209093009,4122388009,nao,nova
greenhouse,fanaticscollectibles,"Senior Data Analyst, Operations","Los Angeles, CA, United States; New York, NY, United States",https://job-boards.greenhouse.io/fanaticscollectibles/jobs/4385520009,4385520009,4223039009,nao,nova
greenhouse,fanaticscollectibles,"Senior Director of Collector Relations, Europe","London, England, United Kingdom",https://job-boards.greenhouse.io/fanaticscollectibles/jobs/4208755009,4208755009,4122179009,nao,nova
greenhouse,fanaticscollectibles,"Senior Director, Manufacturing Technology Strategy","New York, NY, United States; Sunnyvale, TX, United States",https://job-boards.greenhouse.io/fanaticscollectibles/jobs/4378095009,4378095009,4218486009,nao,nova
greenhouse,fanaticscollectibles,"Senior Director, Publishing","Los Angeles, CA, United States; Seattle, WA, United States",https://job-boards.greenhouse.io/fanaticscollectibles/jobs/4303196009,4303196009,4177688009,nao,nova
greenhouse,fanaticscollectibles,"Senior Director, Software Engineer","Los Angeles, CA, United States",https://job-boards.greenhouse.io/fanaticscollectibles/jobs/4313872009,4313872009,,nao,nova
greenhouse,fanaticscollectibles,"Senior Engineer, Android (Instant Rips)","New York, NY, United States",https://job-boards.greenhouse.io/fanaticscollectibles/jobs/4391096009,4391096009,4226660009,nao,nova
greenhouse,fanaticscollectibles,"Senior Engineer, Live Operations","New York, NY, United States",https://job-boards.greenhouse.io/fanaticscollectibles/jobs/4355757009,4355757009,4206958009,nao,nova
greenhouse,fanaticscollectibles,Senior Graphic Designer,"New York, NY, United States",https://job-boards.greenhouse.io/fanaticscollectibles/jobs/4374287009,4374287009,4216177009,nao,nova
greenhouse,fanaticscollectibles,"Senior Manager, Business Operations","Sunnyvale, TX, United States",https://job-boards.greenhouse.io/fanaticscollectibles/jobs/4206412009,4206412009,4120601009,nao,nova
greenhouse,fanaticscollectibles,"Senior Manager, DACH Region - Live & Collect","Frankfurt am Main, Germany",https://job-boards.greenhouse.io/fanaticscollectibles/jobs/4360314009,4360314009,4134316009,nao,nova
greenhouse,fanaticscollectibles,"Senior Manager, Digital Print Operations","Allen, TX, United States",https://job-boards.greenhouse.io/fanaticscollectibles/jobs/4377807009,4377807009,4218289009,nao,nova
greenhouse,fanaticscollectibles,"Senior Manager, Human Resources","Los Angeles, CA, United States",https://job-boards.greenhouse.io/fanaticscollectibles/jobs/4304340009,4304340009,4178373009,nao,nova
greenhouse,fanaticscollectibles,"Senior Manager, Marketing - France/BeNeLux","Paris, France",https://job-boards.greenhouse.io/fanaticscollectibles/jobs/4209101009,4209101009,4122392009,nao,nova
greenhouse,fanaticscollectibles,"Senior Manager, Third Party Production","New York, NY, United States",https://job-boards.greenhouse.io/fanaticscollectibles/jobs/4377174009,4377174009,4217908009,nao,nova
greenhouse,fanaticscollectibles,"Senior Manager, User Acquisition","Los Angeles, CA, United States; New York, NY, United States",https://job-boards.greenhouse.io/fanaticscollectibles/jobs/4307924009,4307924009,4180456009,nao,nova
greenhouse,fanaticscollectibles,Senior MarTech Integration Engineer,"New York, NY, United States",https://job-boards.greenhouse.io/fanaticscollectibles/jobs/4219107009,4219107009,4128222009,nao,nova
greenhouse,fanaticscollectibles,Senior Private Sales Representative,"Dallas, TX, United States; Los Angeles, CA, United States; Miramar, FL, United States; New York, NY, United States; San Diego, CA, United States; Seattle, WA, United States; Tigard, OR, United States",https://job-boards.greenhouse.io/fanaticscollectibles/jobs/4378213009,4378213009,4218536009,nao,nova
greenhouse,fanaticscollectibles,"Senior Product Manager, Fanatics Live","New York, NY, United States",https://job-boards.greenhouse.io/fanaticscollectibles/jobs/4265930009,4265930009,4155503009,nao,nova
greenhouse,fanaticscollectibles,Senior Retoucher,"London, England, United Kingdom; Milton Keynes, England, United Kingdom",https://job-boards.greenhouse.io/fanaticscollectibles/jobs/4380135009,4380135009,4219782009,nao,nova
greenhouse,fanaticscollectibles,Senior SDET — Mobile Automation Engineer,"New York, NY, United States",https://job-boards.greenhouse.io/fanaticscollectibles/jobs/4229556009,4229556009,4134220009,nao,nova
greenhouse,fanaticscollectibles,"Senior Software Engineer, Operations","Ciudad de México, Mexico",https://job-boards.greenhouse.io/fanaticscollectibles/jobs/4375029009,4375029009,4216586009,nao,nova
greenhouse,fanaticscollectibles,"Software Engineer, Operations","Ciudad de México, Mexico",https://job-boards.greenhouse.io/fanaticscollectibles/jobs/4375036009,4375036009,4216589009,nao,nova
greenhouse,fanaticscollectibles,"Sr Manager, Game Design - TCG","Seattle, WA, United States",https://job-boards.greenhouse.io/fanaticscollectibles/jobs/4295340009,4295340009,4174017009,nao,nova
greenhouse,fanaticscollectibles,"Sr. Director, Brand and Product Marketing","Los Angeles, CA, United States; New York, NY, United States",https://job-boards.greenhouse.io/fanaticscollectibles/jobs/4282707009,4282707009,4166001009,nao,nova
greenhouse,fanaticscollectibles,"Sr. Manager, International Supply Chain Strategy","New York, NY, United States; Sunnyvale, TX, United States",https://job-boards.greenhouse.io/fanaticscollectibles/jobs/4383902009,4383902009,4222114009,nao,nova
greenhouse,fanaticscollectibles,Strategic Operations Associate,"London, England, United Kingdom",https://job-boards.greenhouse.io/fanaticscollectibles/jobs/4304700009,4304700009,4178613009,nao,nova
greenhouse,fanaticscollectibles,Strategic Sourcing Manager – Raw Materials,"Sunnyvale, TX, United States",https://job-boards.greenhouse.io/fanaticscollectibles/jobs/4209040009,4209040009,4122360009,nao,nova
greenhouse,fanaticscollectibles,"Supervisor, Auto Ops Maddox, 2nd Shift","Sunnyvale, TX, United States",https://job-boards.greenhouse.io/fanaticscollectibles/jobs/4209095009,4209095009,4122389009,nao,nova
greenhouse,fanaticscollectibles,"Supervisor, Auto Ops Sticker QC","Sunnyvale, TX, United States",https://job-boards.greenhouse.io/fanaticscollectibles/jobs/4229409009,4229409009,4134128009,nao,nova
greenhouse,fanaticscollectibles,Total Productive Maintenance Manager,"Sunnyvale, TX, United States",https://job-boards.greenhouse.io/fanaticscollectibles/jobs/4243901009,4243901009,4142200009,nao,nova
greenhouse,fanaticscollectibles,Trade Marketing & Events Manager,"Hong Kong, China",https://job-boards.greenhouse.io/fanaticscollectibles/jobs/4354597009,4354597009,4206305009,nao,nova
greenhouse,fanaticscollectibles,User Acquisition Manager,"New York, NY, United States",https://job-boards.greenhouse.io/fanaticscollectibles/jobs/4250023009,4250023009,4146147009,nao,nova
greenhouse,fanaticscollectibles,"VP, Commercial - Trading Card Games","Seattle, WA, United States",https://job-boards.greenhouse.io/fanaticscollectibles/jobs/4256995009,4256995009,4150196009,nao,nova
greenhouse,fanaticscollectibles,"VP, Publishing - Trading Card Games","Seattle, WA, United States",https://job-boards.greenhouse.io/fanaticscollectibles/jobs/4257643009,4257643009,4150653009,nao,nova
greenhouse,fanaticscollectibles,Vault Operations Associate (Sunday-Wednesday),"Tigard, OR, United States",https://job-boards.greenhouse.io/fanaticscollectibles/jobs/4227515009,4227515009,4133130009,nao,nova
greenhouse,fanaticscollectibles,Vault Operations Associate (Wednesday-Saturday),"Tigard, OR, United States",https://job-boards.greenhouse.io/fanaticscollectibles/jobs/4300194009,4300194009,4175944009,nao,nova
greenhouse,fanaticscollectibles,Vulcan Machine Operator,"Allen, TX, United States",https://job-boards.greenhouse.io/fanaticscollectibles/jobs/4377855009,4377855009,4218327009,nao,nova
greenhouse,goodjobgames,"2D Animator, Studio","Sarıyer, Istanbul",https://job-boards.greenhouse.io/goodjobgames/jobs/4968083003,4968083003,4539084003,nao,nova
greenhouse,goodjobgames,2D Artist,"Sarıyer, Istanbul",https://job-boards.greenhouse.io/goodjobgames/jobs/5095371003,5095371003,4592367003,nao,nova
greenhouse,goodjobgames,"2D Artist, Hybrid-Casual","Sarıyer, Istanbul",https://job-boards.greenhouse.io/goodjobgames/jobs/7972949003,7972949003,5876237003,nao,nova
greenhouse,goodjobgames,"2D Artist, Marketing","Sarıyer, Istanbul",https://job-boards.greenhouse.io/goodjobgames/jobs/7660128003,7660128003,5730157003,nao,nova
greenhouse,goodjobgames,"3D Animator, Marketing","Sarıyer, Istanbul",https://job-boards.greenhouse.io/goodjobgames/jobs/6296942003,6296942003,5088252003,nao,nova
greenhouse,goodjobgames,3D Artist,"Sarıyer, Istanbul",https://job-boards.greenhouse.io/goodjobgames/jobs/4303829003,4303829003,4202951003,nao,JA-FEITO
greenhouse,goodjobgames,"3D Artist, Hybrid-Casual","Sarıyer, Istanbul",https://job-boards.greenhouse.io/goodjobgames/jobs/7588887003,7588887003,5700893003,nao,JA-FEITO
greenhouse,goodjobgames,"3D Artist, Marketing","Sarıyer, Istanbul",https://job-boards.greenhouse.io/goodjobgames/jobs/6229125003,6229125003,5060533003,nao,nova
greenhouse,goodjobgames,AI Engineer,"Sarıyer, Istanbul",https://job-boards.greenhouse.io/goodjobgames/jobs/7489383003,7489383003,5662625003,nao,nova
greenhouse,goodjobgames,Accounting & Finance Specialist,"Sarıyer, Istanbul",https://job-boards.greenhouse.io/goodjobgames/jobs/7661377003,7661377003,5730601003,nao,nova
greenhouse,goodjobgames,Data & Monetization Analyst,"Sarıyer, Istanbul",https://job-boards.greenhouse.io/goodjobgames/jobs/7661366003,7661366003,5730598003,nao,nova
greenhouse,goodjobgames,Finance Controller,"Sarıyer, Istanbul",https://job-boards.greenhouse.io/goodjobgames/jobs/7886195003,7886195003,5833607003,nao,nova
greenhouse,goodjobgames,Game Developer,"Sarıyer, Istanbul",https://job-boards.greenhouse.io/goodjobgames/jobs/4221785003,4221785003,4163174003,nao,nova
greenhouse,goodjobgames,"Game Developer, Hybrid-Casual","Sarıyer, Istanbul",https://job-boards.greenhouse.io/goodjobgames/jobs/7972910003,7972910003,5876217003,nao,nova
greenhouse,goodjobgames,Growth Manager,"Sarıyer, Istanbul",https://job-boards.greenhouse.io/goodjobgames/jobs/6625065003,6625065003,5233851003,nao,nova
greenhouse,goodjobgames,Growth Manager - New Grad,"Sarıyer, Istanbul",https://job-boards.greenhouse.io/goodjobgames/jobs/6103932003,6103932003,5002733003,nao,nova
greenhouse,goodjobgames,Junior Game Developer,"Sarıyer, Istanbul",https://job-boards.greenhouse.io/goodjobgames/jobs/5332845003,5332845003,4684990003,nao,nova
greenhouse,goodjobgames,Junior Marketing Artist,"Sarıyer, Istanbul",https://job-boards.greenhouse.io/goodjobgames/jobs/7715325003,7715325003,5756404003,nao,nova
greenhouse,goodjobgames,Marketing Artist,"Sarıyer, Istanbul",https://job-boards.greenhouse.io/goodjobgames/jobs/7451583003,7451583003,5633679003,nao,nova
greenhouse,goodjobgames,Marketing Artist - Part Time,"Sarıyer, Istanbul",https://job-boards.greenhouse.io/goodjobgames/jobs/7715335003,7715335003,5756408003,nao,nova
greenhouse,goodjobgames,"Mini Game Artist, Marketing","Sarıyer, Istanbul",https://job-boards.greenhouse.io/goodjobgames/jobs/7721045003,7721045003,5758581003,nao,nova
greenhouse,goodjobgames,People & Culture Partner,"Sarıyer, İstanbul",https://job-boards.greenhouse.io/goodjobgames/jobs/7661801003,7661801003,5730747003,nao,nova
greenhouse,goodjobgames,Product Specialist - New Grad,"Sarıyer, Istanbul",https://job-boards.greenhouse.io/goodjobgames/jobs/6009136003,6009136003,4963206003,nao,nova
greenhouse,goodjobgames,"Product Specialist, Hybrid-Casual","Sarıyer, Istanbul",https://job-boards.greenhouse.io/goodjobgames/jobs/7972754003,7972754003,5876138003,nao,nova
greenhouse,goodjobgames,"Product Specialist, Part-Time","Sarıyer, Istanbul",https://job-boards.greenhouse.io/goodjobgames/jobs/7664183003,7664183003,5732361003,nao,nova
greenhouse,goodjobgames,Senior 3D Artist,"Sarıyer, Istanbul",https://job-boards.greenhouse.io/goodjobgames/jobs/7491067003,7491067003,5663352003,nao,JA-FEITO
greenhouse,goodjobgames,Senior Game Developer,"Sarıyer, Istanbul",https://job-boards.greenhouse.io/goodjobgames/jobs/4668446003,4668446003,4406812003,nao,nova
greenhouse,goodjobgames,Senior Software Engineer,"Sarıyer, Istanbul",https://job-boards.greenhouse.io/goodjobgames/jobs/6284775003,6284775003,5083033003,nao,nova
greenhouse,goodjobgames,Software Engineer,"Sarıyer, Istanbul",https://job-boards.greenhouse.io/goodjobgames/jobs/6284774003,6284774003,5083032003,nao,nova
greenhouse,goodjobgames,Software Engineer - New Grad,"Sarıyer, Istanbul",https://job-boards.greenhouse.io/goodjobgames/jobs/7574002003,7574002003,5694678003,nao,nova
greenhouse,goodjobgames,UI Artist,"Sarıyer, Istanbul",https://job-boards.greenhouse.io/goodjobgames/jobs/4618090003,4618090003,4381728003,nao,nova
greenhouse,hasbro,AI Creative Solution Partner,Hong Kong,https://job-boards.greenhouse.io/hasbro/jobs/4331771009,4331771009,4194688009,nao,nova
greenhouse,hasbro,AV Systems & Automation Engineer,"Renton, Washington, United States",https://job-boards.greenhouse.io/hasbro/jobs/4332815009,4332815009,4195279009,nao,nova
greenhouse,hasbro,Analyste principal(e) de la sécurité SAP,Canada,https://job-boards.greenhouse.io/hasbro/jobs/4327745009,4327745009,4192313009,nao,nova
greenhouse,hasbro,Applied AI Engineer,"Boston, Massachusetts, United States",https://job-boards.greenhouse.io/hasbro/jobs/4250645009,4250645009,4146532009,nao,nova
greenhouse,hasbro,"Art Director, Print Innovation","Renton, Washington, United States",https://job-boards.greenhouse.io/hasbro/jobs/4386021009,4386021009,4223305009,nao,nova
greenhouse,hasbro,Artiste Technique Sénior.e,"Canada; Montréal, Quebec, Canada",https://job-boards.greenhouse.io/hasbro/jobs/4252707009,4252707009,4147789009,nao,nova
greenhouse,hasbro,Assoc Graphic Designer,Hong Kong,https://job-boards.greenhouse.io/hasbro/jobs/4259238009,4259238009,4151653009,nao,nova
greenhouse,hasbro,Assoc Product Designer,Hong Kong,https://job-boards.greenhouse.io/hasbro/jobs/4299269009,4299269009,4175428009,nao,nova
greenhouse,hasbro,Associate Commissioning Art Director - D&D,"Renton, Washington, United States",https://job-boards.greenhouse.io/hasbro/jobs/4384520009,4384520009,4222471009,nao,nova
greenhouse,hasbro,Associate Game Designer - D&D,"Renton, Washington, United States",https://job-boards.greenhouse.io/hasbro/jobs/4386448009,4386448009,4223565009,nao,nova
greenhouse,hasbro,Associate Marketing Lifecycle Manager (Contract),"Remote; Renton, Washington, United States",https://job-boards.greenhouse.io/hasbro/jobs/4322322009,4322322009,4188653009,nao,nova
greenhouse,hasbro,"Associate Product Development Manager, D&D Softlines","Renton, Washington, United States",https://job-boards.greenhouse.io/hasbro/jobs/4367290009,4367290009,4212546009,nao,nova
greenhouse,hasbro,Associate Project Manager,Hong Kong,https://job-boards.greenhouse.io/hasbro/jobs/4285920009,4285920009,4168305009,nao,nova
greenhouse,hasbro,Associate Project Manager - D&D (Contract/Temporary),"Renton, Washington, United States",https://job-boards.greenhouse.io/hasbro/jobs/4320718009,4320718009,4187765009,nao,nova
greenhouse,hasbro,Attorney - Hasbro Gaming,"Boston, Massachusetts, United States",https://job-boards.greenhouse.io/hasbro/jobs/4252714009,4252714009,4147793009,nao,nova
greenhouse,hasbro,Automation Engineer,"Boston, Massachusetts, United States",https://job-boards.greenhouse.io/hasbro/jobs/4288711009,4288711009,4170049009,nao,nova
greenhouse,hasbro,Category Licensing Manager GSA m/w/d,Neu-Isenburg,https://job-boards.greenhouse.io/hasbro/jobs/4329560009,4329560009,4193420009,nao,nova
greenhouse,hasbro,Chef.fe d'équipe - Artist de personnages,Canada,https://job-boards.greenhouse.io/hasbro/jobs/4318249009,4318249009,4186506009,nao,nova
greenhouse,hasbro,Cloud Developer,Canada,https://job-boards.greenhouse.io/hasbro/jobs/4332878009,4332878009,4195322009,nao,nova
greenhouse,hasbro,Commercial Brand Manager,Australia,https://job-boards.greenhouse.io/hasbro/jobs/4362900009,4362900009,4210609009,nao,nova
greenhouse,hasbro,Commercial Brand Manager,India; Malaysia,https://job-boards.greenhouse.io/hasbro/jobs/4329455009,4329455009,4193357009,nao,nova
greenhouse,hasbro,Commercial Director,"Tokyo Prefecture, Japan",https://job-boards.greenhouse.io/hasbro/jobs/4250062009,4250062009,4146178009,nao,nova
greenhouse,hasbro,Commercial Financial Specialist,Colombia,https://job-boards.greenhouse.io/hasbro/jobs/4366607009,4366607009,4146169009,nao,nova
greenhouse,hasbro,Commissioning Art Director - D&D,"Renton, Washington, United States",https://job-boards.greenhouse.io/hasbro/jobs/4386587009,4386587009,4223658009,nao,nova
greenhouse,hasbro,Commissioning Art Director - Universes Beyond (Contingent/Contract),"Renton, Washington, United States",https://job-boards.greenhouse.io/hasbro/jobs/4384673009,4384673009,4222554009,nao,nova
greenhouse,hasbro,Community Manager,Canada,https://job-boards.greenhouse.io/hasbro/jobs/4315654009,4315654009,4185483009,nao,nova
greenhouse,hasbro,Concepteur.rice de cinématiques principal.e,Canada,https://job-boards.greenhouse.io/hasbro/jobs/4301307009,4301307009,4176677009,nao,nova
greenhouse,hasbro,Content Specialist,"Renton, Washington, United States",https://job-boards.greenhouse.io/hasbro/jobs/4386153009,4386153009,4223387009,nao,nova
greenhouse,hasbro,Content Specialist - D&D Beyond (Contract/Temporary),Canada Remote; United States,https://job-boards.greenhouse.io/hasbro/jobs/4342863009,4342863009,4200449009,nao,nova
greenhouse,hasbro,"Creative Lead, D&D Universes Beyond","Renton, Washington, United States",https://job-boards.greenhouse.io/hasbro/jobs/4375347009,4375347009,4216794009,nao,nova
greenhouse,hasbro,"Creative Manager, D&D Universes Beyond","Renton, Washington, United States",https://job-boards.greenhouse.io/hasbro/jobs/4375344009,4375344009,4216792009,nao,nova
greenhouse,hasbro,Creative Operations Specialist,Hong Kong,https://job-boards.greenhouse.io/hasbro/jobs/4331772009,4331772009,4194689009,nao,nova
greenhouse,hasbro,Customer Account Representative - Customer Order and Supply Chain (FTC),Uxbridge,https://job-boards.greenhouse.io/hasbro/jobs/4251923009,4251923009,4147348009,nao,nova
greenhouse,hasbro,Customer Success Engineer,United States,https://job-boards.greenhouse.io/hasbro/jobs/4340955009,4340955009,4199490009,nao,nova
greenhouse,hasbro,Data Engineer,"Boston, Massachusetts, United States",https://job-boards.greenhouse.io/hasbro/jobs/4267480009,4267480009,4147774009,nao,nova
greenhouse,hasbro,Data Platform Engineer,"Boston, Massachusetts, United States",https://job-boards.greenhouse.io/hasbro/jobs/4287583009,4287583009,4169331009,nao,nova
greenhouse,hasbro,"Digital Artist, Duel Masters - (Contract/Contingent)",United States,https://job-boards.greenhouse.io/hasbro/jobs/4330318009,4330318009,4193709009,nao,nova
greenhouse,hasbro,Director Analytics WOTC,"Renton, Washington, United States",https://job-boards.greenhouse.io/hasbro/jobs/4249909009,4249909009,4146074009,nao,nova
greenhouse,hasbro,Director Global Compensation,"Boston, Massachusetts, United States",https://job-boards.greenhouse.io/hasbro/jobs/4340891009,4340891009,4199448009,nao,nova
greenhouse,hasbro,Director Global Sourcing,Hong Kong,https://job-boards.greenhouse.io/hasbro/jobs/4308867009,4308867009,4181023009,nao,nova
greenhouse,hasbro,Director Global Trade Compliance,"Boston, Massachusetts, United States",https://job-boards.greenhouse.io/hasbro/jobs/4300162009,4300162009,4175929009,nao,nova
greenhouse,hasbro,Director of Cloud Infrastructure Engineering,"Renton, Washington, United States",https://job-boards.greenhouse.io/hasbro/jobs/4337603009,4337603009,4197502009,nao,nova
greenhouse,hasbro,Director of Retail Media,"Boston, Massachusetts, United States",https://job-boards.greenhouse.io/hasbro/jobs/4295466009,4295466009,4174091009,nao,nova
greenhouse,hasbro,"Director, DTC Site Operations","Renton, Washington, United States",https://job-boards.greenhouse.io/hasbro/jobs/4377317009,4377317009,4217984009,nao,nova
greenhouse,hasbro,"Director, GTM Program Management & Analytics","Renton, Washington, United States",https://job-boards.greenhouse.io/hasbro/jobs/4297680009,4297680009,4174918009,nao,nova
greenhouse,hasbro,Développeur.euse Infonuage,Canada,https://job-boards.greenhouse.io/hasbro/jobs/4332877009,4332877009,4195322009,nao,nova
greenhouse,hasbro,Executive Assistant,"Boston, Massachusetts, United States",https://job-boards.greenhouse.io/hasbro/jobs/4383339009,4383339009,4221821009,nao,nova
greenhouse,hasbro,Executive Associate,"Boston, Massachusetts, United States",https://job-boards.greenhouse.io/hasbro/jobs/4369340009,4369340009,4213448009,nao,nova
greenhouse,hasbro,Executive Operations Partner,United States,https://job-boards.greenhouse.io/hasbro/jobs/4377497009,4377497009,4218088009,nao,nova
greenhouse,hasbro,Facilities Manager,"Boston, Massachusetts, United States",https://job-boards.greenhouse.io/hasbro/jobs/4373535009,4373535009,4215874009,nao,nova
greenhouse,hasbro,Full Stack Engineer – AI Character Platform,"Montréal, Quebec, Canada",https://job-boards.greenhouse.io/hasbro/jobs/4250647009,4250647009,4146533009,nao,nova
greenhouse,hasbro,Game Designer,United States,https://job-boards.greenhouse.io/hasbro/jobs/4374292009,4374292009,4216181009,nao,nova
greenhouse,hasbro,Gestionnaire de communautés,Canada,https://job-boards.greenhouse.io/hasbro/jobs/4315653009,4315653009,4185483009,nao,nova
greenhouse,hasbro,"Global Sourcing Manager, Marketing","Boston, Massachusetts, United States",https://job-boards.greenhouse.io/hasbro/jobs/4310764009,4310764009,4182113009,nao,nova
greenhouse,hasbro,Global Supplier Planner,Shenzhen,https://job-boards.greenhouse.io/hasbro/jobs/4250642009,4250642009,4146529009,nao,nova
greenhouse,hasbro,Global Supply Planner,"Haiphong, Haiphong, Vietnam",https://job-boards.greenhouse.io/hasbro/jobs/4287840009,4287840009,4169488009,nao,nova
greenhouse,hasbro,Graphic Designer,Hong Kong,https://job-boards.greenhouse.io/hasbro/jobs/4259244009,4259244009,4151658009,nao,nova
greenhouse,hasbro,HR Coordinator (Temporary Position),"Boston, Massachusetts, United States; Pawtucket, Rhode Island, United States",https://job-boards.greenhouse.io/hasbro/jobs/4289405009,4289405009,4168790009,nao,nova
greenhouse,hasbro,HR Manager,"Boston, Massachusetts, United States",https://job-boards.greenhouse.io/hasbro/jobs/4249838009,4249838009,4146017009,nao,nova
greenhouse,hasbro,Human Resources Labor Consultant (Contract/Temporary),"Renton, Washington, United States",https://job-boards.greenhouse.io/hasbro/jobs/4298659009,4298659009,4175239009,nao,nova
greenhouse,hasbro,Ingénieur(e) full stack – Plateforme de personnages IA,"Montréal, Quebec, Canada",https://job-boards.greenhouse.io/hasbro/jobs/4250646009,4250646009,4146533009,nao,nova
greenhouse,hasbro,Ingénieur(e) principal(e) en plateforme infonuagique,"Montréal, Quebec, Canada",https://job-boards.greenhouse.io/hasbro/jobs/4257137009,4257137009,4145993009,nao,nova
greenhouse,hasbro,Investor Relations Sr Manager,"Boston, Massachusetts, United States",https://job-boards.greenhouse.io/hasbro/jobs/4250643009,4250643009,4146530009,nao,nova
greenhouse,hasbro,Japanese Bilingual Producer (Contract),"Renton, Washington, United States",https://job-boards.greenhouse.io/hasbro/jobs/4372097009,4372097009,4215082009,nao,nova
greenhouse,hasbro,Key Account Manager (S/E Market),Shanghai,https://job-boards.greenhouse.io/hasbro/jobs/4249773009,4249773009,4145964009,nao,nova
greenhouse,hasbro,Key Account Manager (S/E Market),Mexico,https://job-boards.greenhouse.io/hasbro/jobs/4322307009,4322307009,4188639009,nao,nova
greenhouse,hasbro,Key Account Manager m/w/d- Commercial Sales,Germany,https://job-boards.greenhouse.io/hasbro/jobs/4363307009,4363307009,4210828009,nao,nova
greenhouse,hasbro,Lead Software Development Engineer,"Renton, Washington, United States",https://job-boards.greenhouse.io/hasbro/jobs/4330380009,4330380009,4193892009,nao,nova
greenhouse,hasbro,"Learning & Development Senior Manager, Manager Excellence",United States,https://job-boards.greenhouse.io/hasbro/jobs/4341030009,4341030009,4199538009,nao,nova
greenhouse,hasbro,Manager Facilities,"London, England, United Kingdom",https://job-boards.greenhouse.io/hasbro/jobs/4390461009,4390461009,4226308009,nao,nova
greenhouse,hasbro,Manager Global Brand Development & Marketing,"Boston, Massachusetts, United States",https://job-boards.greenhouse.io/hasbro/jobs/4271636009,4271636009,4158394009,nao,nova
greenhouse,hasbro,Manager International Tax,"Boston, Massachusetts, United States",https://job-boards.greenhouse.io/hasbro/jobs/4249866009,4249866009,4146042009,nao,nova
greenhouse,hasbro,"Manager, Ad Operations","Boston, Massachusetts, United States",https://job-boards.greenhouse.io/hasbro/jobs/4330184009,4330184009,4193796009,nao,nova
greenhouse,hasbro,"Manager, Consumer Insights",United States,https://job-boards.greenhouse.io/hasbro/jobs/4383338009,4383338009,4221820009,nao,nova
greenhouse,hasbro,"Manager, Data Analytics","Renton, Washington, United States; United States",https://job-boards.greenhouse.io/hasbro/jobs/4285180009,4285180009,4167867009,nao,nova
greenhouse,hasbro,"Manager, Data Platform Engineering","Boston, Massachusetts, United States; Renton, Washington, United States",https://job-boards.greenhouse.io/hasbro/jobs/4337612009,4337612009,4197505009,nao,nova
greenhouse,hasbro,"Manager, Licensing Business Development-Mobile Gaming","Renton, Washington, United States",https://job-boards.greenhouse.io/hasbro/jobs/4259233009,4259233009,4151648009,nao,nova
greenhouse,hasbro,"Manager, Logistics",Hong Kong,https://job-boards.greenhouse.io/hasbro/jobs/4248358009,4248358009,4145144009,nao,nova
greenhouse,hasbro,"Manager, Retail Sales - Licensing",Los Angeles,https://job-boards.greenhouse.io/hasbro/jobs/4301037009,4301037009,4176526009,nao,nova
greenhouse,hasbro,"Manager, Social Media","Boston, Massachusetts, United States",https://job-boards.greenhouse.io/hasbro/jobs/4288935009,4288935009,4170192009,nao,nova
greenhouse,hasbro,"Manager, Sourcing Packaging & Paper",Hong Kong,https://job-boards.greenhouse.io/hasbro/jobs/4308868009,4308868009,4181024009,nao,nova
greenhouse,hasbro,"Marketing Manager, Trade/Retail","Renton, Washington, United States",https://job-boards.greenhouse.io/hasbro/jobs/4282136009,4282136009,4165671009,nao,nova
greenhouse,hasbro,Onboarding Manager,"Boston, Massachusetts, United States; United States",https://job-boards.greenhouse.io/hasbro/jobs/4302275009,4302275009,4177214009,nao,nova
greenhouse,hasbro,Order & Policy Analyst,"Boston, Massachusetts, United States",https://job-boards.greenhouse.io/hasbro/jobs/4364896009,4364896009,4211666009,nao,nova
greenhouse,hasbro,Package Comp Coordinator,Hong Kong,https://job-boards.greenhouse.io/hasbro/jobs/4341379009,4341379009,4199735009,nao,nova
greenhouse,hasbro,Packaging Engineer,Shenzhen,https://job-boards.greenhouse.io/hasbro/jobs/4317665009,4317665009,4186211009,nao,nova
greenhouse,hasbro,Paralegal,"Renton, Washington, United States",https://job-boards.greenhouse.io/hasbro/jobs/4342236009,4342236009,4200168009,nao,nova
greenhouse,hasbro,Paralegal,"Boston, Massachusetts, United States",https://job-boards.greenhouse.io/hasbro/jobs/4326752009,4326752009,4191742009,nao,nova
greenhouse,hasbro,Patent Assistant,"Boston, Massachusetts, United States",https://job-boards.greenhouse.io/hasbro/jobs/4370821009,4370821009,4214344009,nao,nova
greenhouse,hasbro,Play Content Manager,"Renton, Washington, United States",https://job-boards.greenhouse.io/hasbro/jobs/4301276009,4301276009,4176664009,nao,nova
greenhouse,hasbro,Principal Cinematic Animator,Canada,https://job-boards.greenhouse.io/hasbro/jobs/4301325009,4301325009,4176685009,nao,nova
greenhouse,hasbro,Principal Cinematic Animator,Canada,https://job-boards.greenhouse.io/hasbro/jobs/4301324009,4301324009,4176685009,nao,nova
greenhouse,hasbro,Principal Cinematics Designer,Canada,https://job-boards.greenhouse.io/hasbro/jobs/4301308009,4301308009,4176677009,nao,nova
greenhouse,hasbro,"Principal Game Designer, D&D Universes Beyond","Renton, Washington, United States",https://job-boards.greenhouse.io/hasbro/jobs/4375351009,4375351009,4216796009,nao,nova
greenhouse,hasbro,Principal Network Engineer,"Renton, Washington, United States",https://job-boards.greenhouse.io/hasbro/jobs/4361954009,4361954009,4210088009,nao,nova
greenhouse,hasbro,"Principal Platform Engineer, AI","Renton, Washington, United States",https://job-boards.greenhouse.io/hasbro/jobs/4272926009,4272926009,4159174009,nao,nova
greenhouse,hasbro,Principal SAP Security Analyst,Canada,https://job-boards.greenhouse.io/hasbro/jobs/4327746009,4327746009,4192313009,nao,nova
greenhouse,hasbro,Principal Software Engineer,"Renton, Washington, United States",https://job-boards.greenhouse.io/hasbro/jobs/4287749009,4287749009,4169436009,nao,nova
greenhouse,hasbro,"Principal Software Engineer, Consumer-Focused Platform","Renton, Washington, United States",https://job-boards.greenhouse.io/hasbro/jobs/4249916009,4249916009,4146080009,nao,nova
greenhouse,hasbro,Procurement Operations & Enablement Specialist,United States,https://job-boards.greenhouse.io/hasbro/jobs/4383340009,4383340009,4221822009,nao,nova
greenhouse,hasbro,Product Designer (Action Brands),Hong Kong,https://job-boards.greenhouse.io/hasbro/jobs/4299266009,4299266009,4175426009,nao,nova
greenhouse,hasbro,Product Designer (Fashion Brands),Hong Kong,https://job-boards.greenhouse.io/hasbro/jobs/4286898009,4286898009,4168881009,nao,nova
greenhouse,hasbro,Professional Services Sourcing Manager,"Renton, Washington, United States",https://job-boards.greenhouse.io/hasbro/jobs/4300757009,4300757009,4176352009,nao,nova
greenhouse,hasbro,Project Engineer (Chemical),Hong Kong,https://job-boards.greenhouse.io/hasbro/jobs/4376746009,4376746009,4217663009,nao,nova
greenhouse,hasbro,"Project Manager, Corporate Real Estate","Boston, Massachusetts, United States; Pawtucket, Rhode Island, United States",https://job-boards.greenhouse.io/hasbro/jobs/4257703009,4257703009,4150699009,nao,nova
greenhouse,hasbro,"Research Manager, Commercial & Shopper Insights","Renton, Washington, United States",https://job-boards.greenhouse.io/hasbro/jobs/4326072009,4326072009,4191203009,nao,nova
greenhouse,hasbro,Retail Development Manager w/m/d (Licensing) - GSA and EMEA Agent Markets,Germany,https://job-boards.greenhouse.io/hasbro/jobs/4293810009,4293810009,4173306009,nao,nova
greenhouse,hasbro,Retail and Play Program Lead - Trust & Safety,"Renton, Washington, United States",https://job-boards.greenhouse.io/hasbro/jobs/4267523009,4267523009,4156308009,nao,nova
greenhouse,hasbro,Royalty Analyst (12-15 Months Contract),Malaysia,https://job-boards.greenhouse.io/hasbro/jobs/4383337009,4383337009,4221819009,nao,nova
greenhouse,hasbro,Salesforce Contractor,"Renton, Washington, United States",https://job-boards.greenhouse.io/hasbro/jobs/4329944009,4329944009,4193636009,nao,nova
greenhouse,hasbro,Senior Director of Engineering - Enterprise Applications,"Boston, Massachusetts, United States",https://job-boards.greenhouse.io/hasbro/jobs/4249908009,4249908009,4146073009,nao,nova
greenhouse,hasbro,Senior FinOps Platform Engineer,"Renton, Washington, United States",https://job-boards.greenhouse.io/hasbro/jobs/4390971009,4390971009,4226594009,nao,nova
greenhouse,hasbro,Senior Financial Analyst - Licensing Consumer Products,City of London,https://job-boards.greenhouse.io/hasbro/jobs/4250539009,4250539009,4146445009,nao,nova
greenhouse,hasbro,Senior Full Stack Engineer II,"Renton, Washington, United States",https://job-boards.greenhouse.io/hasbro/jobs/4312792009,4312792009,4181720009,nao,nova
greenhouse,hasbro,Senior Marketing Data Analytics Engineer,"Boston, Massachusetts, United States",https://job-boards.greenhouse.io/hasbro/jobs/4383701009,4383701009,4222023009,nao,nova
greenhouse,hasbro,"Senior Principal Technical Product Manager, Commercial Process Automation & AI","Boston, Massachusetts, United States",https://job-boards.greenhouse.io/hasbro/jobs/4336161009,4336161009,4196735009,nao,nova
greenhouse,hasbro,"Senior Program Manager, DTC Platform Performance","Renton, Washington, United States",https://job-boards.greenhouse.io/hasbro/jobs/4250536009,4250536009,4146441009,nao,nova
greenhouse,hasbro,Senior Software Development Engineer,"Renton, Washington, United States",https://job-boards.greenhouse.io/hasbro/jobs/4374547009,4374547009,4216321009,nao,nova
greenhouse,hasbro,Senior Software Development Engineer,"Renton, Washington, United States",https://job-boards.greenhouse.io/hasbro/jobs/4376447009,4376447009,4217458009,nao,nova
greenhouse,hasbro,Senior Technical Artist,Canada,https://job-boards.greenhouse.io/hasbro/jobs/4252708009,4252708009,4147789009,nao,nova
greenhouse,hasbro,Senior Unreal Tools Engineer,"Renton, Washington, United States",https://job-boards.greenhouse.io/hasbro/jobs/4327244009,4327244009,4192039009,nao,nova
greenhouse,hasbro,Social Analyst (Social Intelligence & Listening),"Boston, Massachusetts, United States",https://job-boards.greenhouse.io/hasbro/jobs/4252629009,4252629009,4147741009,nao,nova
greenhouse,hasbro,Social Content Creater,Canada,https://job-boards.greenhouse.io/hasbro/jobs/4369189009,4369189009,4213354009,nao,nova
greenhouse,hasbro,Social Content Creator,Canada,https://job-boards.greenhouse.io/hasbro/jobs/4369190009,4369190009,4213354009,nao,nova
greenhouse,hasbro,Social Media Content Creator (Contract),"Austin, Texas, United States",https://job-boards.greenhouse.io/hasbro/jobs/4313560009,4313560009,4184201009,nao,nova
greenhouse,hasbro,Software Development Engineer II - D&D Beyond,Huntsville,https://job-boards.greenhouse.io/hasbro/jobs/4259198009,4259198009,4151628009,nao,nova
greenhouse,hasbro,"Specialist, Product Costing",Hong Kong,https://job-boards.greenhouse.io/hasbro/jobs/4368408009,4368408009,4212933009,nao,nova
greenhouse,hasbro,"Specialist, Supply Chain","Renton, Washington, United States",https://job-boards.greenhouse.io/hasbro/jobs/4329989009,4329989009,4193673009,nao,nova
greenhouse,hasbro,Spécialiste des systèmes (contrat 12 mois),"Montréal, Quebec, Canada",https://job-boards.greenhouse.io/hasbro/jobs/4307366009,4307366009,4180142009,nao,nova
greenhouse,hasbro,"Sr Accountant, Royalties","Boston, Massachusetts, United States",https://job-boards.greenhouse.io/hasbro/jobs/4374183009,4374183009,4216096009,nao,nova
greenhouse,hasbro,Sr Attorney,"Renton, Washington, United States",https://job-boards.greenhouse.io/hasbro/jobs/4370297009,4370297009,4214046009,nao,nova
greenhouse,hasbro,Sr Cloud Platform Engineer,"Montréal, Quebec, Canada",https://job-boards.greenhouse.io/hasbro/jobs/4249809009,4249809009,4145993009,nao,nova
greenhouse,hasbro,Sr Coordinator Logistics,Vietnam,https://job-boards.greenhouse.io/hasbro/jobs/4376743009,4376743009,4217660009,nao,nova
greenhouse,hasbro,Sr Costing Manager,Hong Kong,https://job-boards.greenhouse.io/hasbro/jobs/4308870009,4308870009,4181026009,nao,nova
greenhouse,hasbro,Sr Customer Service Rep,Australia,https://job-boards.greenhouse.io/hasbro/jobs/4388041009,4388041009,4224514009,nao,nova
greenhouse,hasbro,Sr Game Designer - D&D,"Renton, Washington, United States",https://job-boards.greenhouse.io/hasbro/jobs/4259220009,4259220009,4151638009,nao,nova
greenhouse,hasbro,Sr HR Manager,"Renton, Washington, United States",https://job-boards.greenhouse.io/hasbro/jobs/4249798009,4249798009,4145983009,nao,nova
greenhouse,hasbro,Sr Manager Demand Planning,United States,https://job-boards.greenhouse.io/hasbro/jobs/4284763009,4284763009,4167653009,nao,nova
greenhouse,hasbro,"Sr Manager, Leader Development","Boston, Massachusetts, United States",https://job-boards.greenhouse.io/hasbro/jobs/4249824009,4249824009,4146005009,nao,nova
greenhouse,hasbro,"Sr Principal Technical Product Manager, Marketing & Creative","Boston, Massachusetts, United States",https://job-boards.greenhouse.io/hasbro/jobs/4316992009,4316992009,4146027009,nao,nova
greenhouse,hasbro,Sr SAP S/4HANA Finance Applications Developer,"Boston, Massachusetts, United States",https://job-boards.greenhouse.io/hasbro/jobs/4330588009,4330588009,4194015009,nao,nova
greenhouse,hasbro,Sr Security Compliance Analyst,United States,https://job-boards.greenhouse.io/hasbro/jobs/4249813009,4249813009,4145995009,nao,nova
greenhouse,hasbro,Sr. Animatronics / Robotics Engineer,Hong Kong; Shenzhen,https://job-boards.greenhouse.io/hasbro/jobs/4288115009,4288115009,4169648009,nao,nova
greenhouse,hasbro,"Sr. Manager, Global Consumer Insights","Boston, Massachusetts, United States",https://job-boards.greenhouse.io/hasbro/jobs/4281897009,4281897009,4165452009,nao,nova
greenhouse,hasbro,Sr. SAP S/4HANA Order-to-Cash Configuration Analyst,"Boston, Massachusetts, United States",https://job-boards.greenhouse.io/hasbro/jobs/4332185009,4332185009,4194936009,nao,nova
greenhouse,hasbro,Sr. Social Media Manager - D&D (Contract),"Renton, Washington, United States",https://job-boards.greenhouse.io/hasbro/jobs/4309359009,4309359009,4181344009,nao,nova
greenhouse,hasbro,Supplier Performance Manager,Hong Kong,https://job-boards.greenhouse.io/hasbro/jobs/4308866009,4308866009,4181022009,nao,nova
greenhouse,hasbro,Supply Chain Finance Manager,"Boston, Massachusetts, United States",https://job-boards.greenhouse.io/hasbro/jobs/4289919009,4289919009,4170749009,nao,nova
greenhouse,hasbro,Systems Specialist (12-Month Contract),"Montréal, Quebec, Canada",https://job-boards.greenhouse.io/hasbro/jobs/4307367009,4307367009,4180142009,nao,nova
greenhouse,hasbro,TRPG Publishing Lead - D&D,"Renton, Washington, United States",https://job-boards.greenhouse.io/hasbro/jobs/4266847009,4266847009,4155961009,nao,nova
greenhouse,hasbro,Technical Production Specialist,"Renton, Washington, United States",https://job-boards.greenhouse.io/hasbro/jobs/4306074009,4306074009,4179416009,nao,nova
greenhouse,hasbro,Visual Writer - Universes Beyond (Contingent/Contract),"Renton, Washington, United States",https://job-boards.greenhouse.io/hasbro/jobs/4383868009,4383868009,4222076009,nao,nova
greenhouse,hasbro,Workplace Technology Support Engineer,"Renton, Washington, United States",https://job-boards.greenhouse.io/hasbro/jobs/4317699009,4317699009,4186237009,nao,nova
greenhouse,hasbro,Workplace Technology Support Engineer,"Pawtucket, Rhode Island, United States",https://job-boards.greenhouse.io/hasbro/jobs/4377634009,4377634009,4218174009,nao,nova
greenhouse,hasbro,Workplace Technology Support Engineer - Executive Support,"Boston, Massachusetts, United States; Pawtucket, Rhode Island, United States",https://job-boards.greenhouse.io/hasbro/jobs/4371706009,4371706009,4214842009,nao,nova
greenhouse,highdive,Analyste senior des données de jeu / Senior Game Data Analyst,Montreal,https://job-boards.greenhouse.io/highdive/jobs/5197835007,5197835007,4661675007,nao,nova
greenhouse,highdive,Animateur de gameplay senior / Senior Gameplay Animator,Montreal or Toronto,https://job-boards.greenhouse.io/highdive/jobs/5155470007,5155470007,4641094007,nao,nova
greenhouse,highdive,Artiste de niveau senior / Senior Level Artist,Toronto,https://job-boards.greenhouse.io/highdive/jobs/4985436007,4985436007,4560698007,nao,nova
greenhouse,highdive,Artiste principal en VFX / Principal VFX Artist,Montreal,https://job-boards.greenhouse.io/highdive/jobs/5127481007,5127481007,4627383007,nao,nova
greenhouse,highdive,Chef d'équipe - Artiste de niveau / Lead Level Artist,Toronto,https://job-boards.greenhouse.io/highdive/jobs/4795652007,4795652007,4458093007,nao,nova
greenhouse,highdive,Chef d'équipe - Artiste de niveaux / Lead Level Artist,Montreal,https://job-boards.greenhouse.io/highdive/jobs/5209337007,5209337007,4667258007,nao,nova
greenhouse,highdive,Concepteur de niveaux senior / Senior Level Designer,Montreal,https://job-boards.greenhouse.io/highdive/jobs/5129116007,5129116007,4628097007,nao,nova
greenhouse,jamfilled,Expression of Interest,"Toronto, Ottawa, Halifax",https://job-boards.greenhouse.io/jamfilled/jobs/7685474003,7685474003,5740534003,nao,JA-FEITO
greenhouse,krafton,[AI Frontier Div.] AI Native Full Stack Engineer (7년 이상),Seoul,https://job-boards.greenhouse.io/krafton/jobs/8524447002,8524447002,6404691002,nao,nova
greenhouse,krafton,[AI Frontier Div.] Game Product Owner (7년 이상),Seoul,https://job-boards.greenhouse.io/krafton/jobs/8593484002,8593484002,6432427002,nao,nova
greenhouse,krafton,[AI Frontier Div.] Product Owner (7년 이상),Seoul,https://job-boards.greenhouse.io/krafton/jobs/8465450002,8465450002,6381536002,nao,nova
greenhouse,krafton,"[AI Research Div.] '26, '27년 전문연구요원 신규편입 (경력무관)",Seoul,https://job-boards.greenhouse.io/krafton/jobs/8636227002,8636227002,6449114002,nao,nova
greenhouse,krafton,[AI Research Div.] AI Companion Team Internship (2년 이상 / 인턴),Seoul,https://job-boards.greenhouse.io/krafton/jobs/8125444002,8125444002,6219024002,nao,nova
greenhouse,krafton,[AI Research Div.] Foundation Model Evaluation Engineer - 독자 AI 파운데이션 모델 (2년 이상 / 인턴),Seoul,https://job-boards.greenhouse.io/krafton/jobs/8632414002,8632414002,6447650002,nao,nova
greenhouse,krafton,[AI Research Div.] ML Infrastructure Engineer (5년 이상),Seoul,https://job-boards.greenhouse.io/krafton/jobs/8565793002,8565793002,6421468002,nao,nova
greenhouse,krafton,[AI Research Div.] ML Serving Engineer (5년 이상),Seoul,https://job-boards.greenhouse.io/krafton/jobs/8682261002,8682261002,6468631002,nao,nova
greenhouse,krafton,[AI Research Div.] Postdoctoral Researcher - LLMs (계약직),Seoul,https://job-boards.greenhouse.io/krafton/jobs/8339620002,8339620002,6330648002,nao,nova
greenhouse,krafton,[AI Research Div.] Research Engineer - Foundation Models (2년 이상 / 계약직),Seoul,https://job-boards.greenhouse.io/krafton/jobs/8360146002,8360146002,6338272002,nao,nova
greenhouse,krafton,[AI Research Div.] Research Engineer - Vision Language Action Game Agent (2년 이상 / 인턴),Seoul,https://job-boards.greenhouse.io/krafton/jobs/8417764002,8417764002,6362162002,nao,nova
greenhouse,krafton,[AI Research Div.] Research Scientist - Foundation Models (2년 이상 / 계약직),Seoul,https://job-boards.greenhouse.io/krafton/jobs/8434572002,8434572002,6369191002,nao,nova
greenhouse,krafton,[AI Research Div.] Research Scientist Intern - 독자 AI 파운데이션 모델 (2년 이상 / 인턴),Seoul,https://job-boards.greenhouse.io/krafton/jobs/8401231002,8401231002,6354046002,nao,nova
greenhouse,krafton,[AI Research Div.] [전문연구요원] Research Scientist - Foundation Model (2년 이상),Seoul,https://job-boards.greenhouse.io/krafton/jobs/8460103002,8460103002,6379295002,nao,nova
greenhouse,krafton,[AI Research Div.] [전문연구요원] Research Scientist - Generalist Agent for Game Environments (2년 이상),Seoul,https://job-boards.greenhouse.io/krafton/jobs/8524455002,8524455002,6404695002,nao,nova
greenhouse,krafton,[AI Transformation Dept.] AX Governance Specialist (3년 이상 / 계약직),Seoul,https://job-boards.greenhouse.io/krafton/jobs/8648325002,8648325002,6453828002,nao,nova
greenhouse,krafton,[AI Transformation Dept.] AX Program Specialist (1년 이상 / 계약직),Seoul,https://job-boards.greenhouse.io/krafton/jobs/8572432002,8572432002,6424048002,nao,nova
greenhouse,krafton,[AI Transformation Dept.] Sr. AI DBA (7년 이상),Seoul,https://job-boards.greenhouse.io/krafton/jobs/8581524002,8581524002,6427653002,nao,nova
greenhouse,krafton,[AI Transformation Dept.] Sr. AI Data Pipeline Specialist (7년 이상),Seoul,https://job-boards.greenhouse.io/krafton/jobs/8503653002,8503653002,6396616002,nao,nova
greenhouse,krafton,[AI Transformation Dept.] Sr. AI DevOps Engineer (7년 이상),Seoul,https://job-boards.greenhouse.io/krafton/jobs/8581491002,8581491002,6427633002,nao,nova
greenhouse,krafton,[AI Transformation Dept.] Sr. AI Transformation Specialist (FDE) (7년 이상),Seoul,https://job-boards.greenhouse.io/krafton/jobs/8514459002,8514459002,6401180002,nao,nova
greenhouse,krafton,[Art Dept.] Technical Art (5년 이상 / 계약직),Seoul,https://job-boards.greenhouse.io/krafton/jobs/8503503002,8503503002,6396570002,nao,nova
greenhouse,krafton,[Art Dept.] 모션캡처 촬영/데이터 작업자 (신입 / 계약직),Pangyo,https://job-boards.greenhouse.io/krafton/jobs/8524463002,8524463002,6404701002,nao,nova
greenhouse,krafton,[Art Dept.] 모션캡처 촬영/데이터 작업자 (주니어) (3년 이상 / 계약직),Pangyo,https://job-boards.greenhouse.io/krafton/jobs/8524459002,8524459002,6404698002,nao,nova
greenhouse,krafton,[Audio Dept.] Sound Designer (3년 이상 / 계약직),Seoul,https://job-boards.greenhouse.io/krafton/jobs/8675496002,8675496002,6465334002,nao,nova
greenhouse,krafton,[Chairman’s Office] M&A Specialist (7년 이상),Seoul,https://job-boards.greenhouse.io/krafton/jobs/8511513002,8511513002,6396557002,nao,nova
greenhouse,krafton,[Corporate Brand Div.] Brand Planning Manager (5년 이상),Seoul,https://job-boards.greenhouse.io/krafton/jobs/8643946002,8643946002,6452145002,nao,nova
greenhouse,krafton,[Corporate Brand Div.] PR Manager (10년 이상),Seoul,https://job-boards.greenhouse.io/krafton/jobs/8514375002,8514375002,6401138002,nao,nova
greenhouse,krafton,[Finance Div.] East Asia Finance Team Member (7년 이상),Seoul,https://job-boards.greenhouse.io/krafton/jobs/8503414002,8503414002,6396519002,nao,nova
greenhouse,krafton,[Finance Div.] Financial Planning Team Member (5~15년),Seoul,https://job-boards.greenhouse.io/krafton/jobs/8625649002,8625649002,6444889002,nao,nova
greenhouse,krafton,[Finance Div.] Sr. Financial Strategy Specialist (7년 이상),Seoul,https://job-boards.greenhouse.io/krafton/jobs/8146868002,8146868002,6228065002,nao,nova
greenhouse,krafton,[Finance Div.] 공시/주주총회 담당 (1년 이상 / 계약직),Seoul,https://job-boards.greenhouse.io/krafton/jobs/8581498002,8581498002,6427637002,nao,nova
greenhouse,krafton,[Finance Div.][Legal Dept.] Commercial Counsel (5~10년),Seoul,https://job-boards.greenhouse.io/krafton/jobs/8686844002,8686844002,6470576002,nao,nova
greenhouse,krafton,[Finance Div.][Legal Dept.] Legal Counsel (2~10년),Seoul,https://job-boards.greenhouse.io/krafton/jobs/8333234002,8333234002,6327994002,nao,nova
greenhouse,krafton,[Game Research & Insights Dept.] Jr. 시선 데이터 분석 연구원 (경력무관 / 인턴),"Seoul; Seoul, South Korea",https://job-boards.greenhouse.io/krafton/jobs/8729078002,8729078002,6489898002,nao,nova
greenhouse,krafton,[Global Publishing Div. 1] Franchise PM (5년 이상),"Seoul; Seoul, South Korea",https://job-boards.greenhouse.io/krafton/jobs/8783587002,8783587002,6513884002,nao,nova
greenhouse,krafton,[HR Div.] Developer Relations Program 운영/지원 (3년 미만 / 계약직),Seoul,https://job-boards.greenhouse.io/krafton/jobs/8682189002,8682189002,6468599002,nao,nova
greenhouse,krafton,[HR Div.] ER Manager (10년 이상),Seoul,https://job-boards.greenhouse.io/krafton/jobs/8728809002,8728809002,6489759002,nao,nova
greenhouse,krafton,[HR Div.] Executive Assistant (2년 이상 / 계약직),Seoul,https://job-boards.greenhouse.io/krafton/jobs/8632514002,8632514002,6447695002,nao,nova
greenhouse,krafton,[HR Div.] Global HR (3~5년 / 계약직),Seoul,https://job-boards.greenhouse.io/krafton/jobs/8622007002,8622007002,6443279002,nao,nova
greenhouse,krafton,[HR Div.] Sr.Recruiter (5년 이상 / 계약직),Seoul,https://job-boards.greenhouse.io/krafton/jobs/8648323002,8648323002,6453827002,nao,nova
greenhouse,krafton,[Infra Div.] Technical Solution Engineer (10년 이상),Seoul,https://job-boards.greenhouse.io/krafton/jobs/8602124002,8602124002,6435744002,nao,nova
greenhouse,krafton,[Infra Div.] Technical Solution Engineer (15년 이상),Seoul,https://job-boards.greenhouse.io/krafton/jobs/8600522002,8600522002,6435009002,nao,nova
greenhouse,krafton,[KRAFTON JUNGLE] 크래프톤 정글 SW Engineer (1년 이상 / 계약직),Bundang,https://job-boards.greenhouse.io/krafton/jobs/8725253002,8725253002,6488164002,nao,nova
greenhouse,krafton,[KRAFTON JUNGLE] 크래프톤 정글 SW-AI Education Strategy Specialist (10년 이상),Seoul,https://job-boards.greenhouse.io/krafton/jobs/8574719002,8574719002,6424929002,nao,nova
greenhouse,krafton,[PUBG Franchise] Art Director (10년 이상),Seoul,https://job-boards.greenhouse.io/krafton/jobs/8470910002,8470910002,6383528002,nao,nova
greenhouse,krafton,[PUBG Franchise] East Esports Manager (3년~10년 / 계약직),Seoul,https://job-boards.greenhouse.io/krafton/jobs/8698665002,8698665002,6475888002,nao,nova
greenhouse,krafton,[PUBG Franchise] PUBG: BATTLEGROUNDS Global Marketer (1~3년 / 계약직),Seoul,https://job-boards.greenhouse.io/krafton/jobs/8698992002,8698992002,6476061002,nao,nova
greenhouse,krafton,[PUBG Franchise] PUBG: 배틀그라운드 한국 마케팅 담당 (2년 이상 / 계약직),Seoul,https://job-boards.greenhouse.io/krafton/jobs/8698655002,8698655002,6475885002,nao,nova
greenhouse,krafton,[PUBGM Publishing Div.] 중국어(간체) 파트너 커뮤니케이션 PM (1년 이상 / 계약직),Seoul,https://job-boards.greenhouse.io/krafton/jobs/8636203002,8636203002,6449102002,nao,nova
greenhouse,krafton,[Production Management Office] Studio Supporter (10년 이상),Seoul,https://job-boards.greenhouse.io/krafton/jobs/7584832002,7584832002,5980637002,nao,nova
greenhouse,krafton,[Publishing Platform Div.] Publishing Platform Product Manager (5년 이상 / 계약직),Seoul,https://job-boards.greenhouse.io/krafton/jobs/8698997002,8698997002,6476065002,nao,nova
greenhouse,krafton,[Publishing Platform Div.] Sr. Mobile App Developer (7년 이상 / 계약직),Seoul,https://job-boards.greenhouse.io/krafton/jobs/8460159002,8460159002,6379316002,nao,nova
greenhouse,krafton,[Publishing Services Management Div.] Service Policy Planning (신입 / 계약직),Seoul,https://job-boards.greenhouse.io/krafton/jobs/8545079002,8545079002,6413128002,nao,nova
greenhouse,krafton,[Publishing Services Management Div.] 글로벌 라이브 서비스 운영 담당자 (5년 이상),Seoul,https://job-boards.greenhouse.io/krafton/jobs/8754001002,8754001002,6413078002,nao,nova
greenhouse,krafton,[Space & Property Center] K-BOS Coordinator (7년 이상 / 계약직),Seoul,https://job-boards.greenhouse.io/krafton/jobs/8613056002,8613056002,6439989002,nao,nova
greenhouse,krafton,[Studio Support Div.] Localization Project Coordinator (2년 이상 / 계약직),Seoul,https://job-boards.greenhouse.io/krafton/jobs/8581468002,8581468002,6427620002,nao,nova
greenhouse,krafton,[Studio Support Div.] Native English Localization Specialist (1년 이상 / 계약직),Seoul,https://job-boards.greenhouse.io/krafton/jobs/8574570002,8574570002,6424857002,nao,nova
greenhouse,krafton,[Studio Support Div.] Partner Relationship Manager (5~10년 / 계약직),Seoul,https://job-boards.greenhouse.io/krafton/jobs/8725187002,8725187002,6404688002,nao,nova
greenhouse,krafton,[Studio Support Div.] Sr. Client Engineer (7년 이상),Seoul,https://job-boards.greenhouse.io/krafton/jobs/8754084002,8754084002,6396603002,nao,nova
greenhouse,krafton,[Studio Support Div.] Studio Relationship Manager (3~6년 / 계약직),Seoul,https://job-boards.greenhouse.io/krafton/jobs/8725186002,8725186002,6404689002,nao,nova
greenhouse,krafton,[Studio Support Div.] Tech Ops Lead (10년 이상),Seoul,https://job-boards.greenhouse.io/krafton/jobs/8607413002,8607413002,6396615002,nao,nova
greenhouse,kswh,QA Lead – Space Engineers 1,"Prague, Czech Republic (On-site) / Remote within EU",https://job-boards.eu.greenhouse.io/kswh/jobs/4940594101,4940594101,4506025101,nao,nova
greenhouse,loonshotgames,[Loonshot Games] 2D Animation Artist - Project AA (3년 이상),Seoul,https://job-boards.greenhouse.io/loonshotgames/jobs/8524438002,8524438002,6404685002,nao,nova
greenhouse,loonshotgames,[Loonshot Games] 3D Animator - Project AA (3년 이상),Seoul,https://job-boards.greenhouse.io/loonshotgames/jobs/8085761002,8085761002,6202325002,nao,nova
greenhouse,loonshotgames,[Loonshot Games] Character Concept Artist - Project AA (3년 이상),Seoul,https://job-boards.greenhouse.io/loonshotgames/jobs/8084569002,8084569002,6201767002,nao,nova
greenhouse,loonshotgames,[Loonshot Games] Client Programmer - Project AA (5년 이상),Seoul,https://job-boards.greenhouse.io/loonshotgames/jobs/8135149002,8135149002,6222870002,nao,nova
greenhouse,loonshotgames,[Loonshot Games] Client Programmer- Project Camp (5년 이상),Seoul,https://job-boards.greenhouse.io/loonshotgames/jobs/8651118002,8651118002,6455004002,nao,nova
greenhouse,loonshotgames,[Loonshot Games] Combat Designer - Project AA (3년 이상),Seoul,https://job-boards.greenhouse.io/loonshotgames/jobs/8125467002,8125467002,6219033002,nao,nova
greenhouse,loonshotgames,[Loonshot Games] Environment Concept Artist - Project AA (3년 이상),Seoul,https://job-boards.greenhouse.io/loonshotgames/jobs/8085746002,8085746002,6202318002,nao,nova
greenhouse,loonshotgames,[Loonshot Games] Server Programmer - Project AA (5년 이상),Seoul,https://job-boards.greenhouse.io/loonshotgames/jobs/8379840002,8379840002,6345562002,nao,nova
greenhouse,loonshotgames,[Loonshot Games] Spine Animator - Project AA (3년 이상),Seoul,https://job-boards.greenhouse.io/loonshotgames/jobs/8305135002,8305135002,6315561002,nao,nova
greenhouse,loonshotgames,[Loonshot Games] Sr. Character Concept Artist - Project Camp (5년 이상),Seoul,https://job-boards.greenhouse.io/loonshotgames/jobs/8085854002,8085854002,6202379002,nao,nova
greenhouse,loonshotgames,[Loonshot Games] Sr. Combat / Balance  Designer - Project Camp (5년 이상),Seoul,https://job-boards.greenhouse.io/loonshotgames/jobs/8460130002,8460130002,6379305002,nao,nova
greenhouse,loonshotgames,[Loonshot Games] Sr. Environment Concept & Pixel Artist - Project Camp (5년 이상),Seoul,https://job-boards.greenhouse.io/loonshotgames/jobs/8460128002,8460128002,6379304002,nao,nova
greenhouse,loonshotgames,[Loonshot Games] Story Artist - Project Camp (5년 이상),Seoul,https://job-boards.greenhouse.io/loonshotgames/jobs/8651106002,8651106002,6454997002,nao,nova
greenhouse,loonshotgames,[Loonshot Games] System Designer - Project AA (3년 이상),Seoul,https://job-boards.greenhouse.io/loonshotgames/jobs/8084540002,8084540002,6201753002,nao,nova
greenhouse,loonshotgames,[Loonshot Games] UX/UI Designer - Project Camp (5년 이상),Seoul,https://job-boards.greenhouse.io/loonshotgames/jobs/8651128002,8651128002,6455010002,nao,nova
greenhouse,loonshotgames,[Loonshot Games] 마케팅 콘텐츠 크리에이터 (3년~5년 / 계약직),Seoul,https://job-boards.greenhouse.io/loonshotgames/jobs/8651151002,8651151002,6455020002,nao,nova
greenhouse,loonshotgames,[Loonshot Games] 일본 사업 BD & PM (5년 이상),Seoul,https://job-boards.greenhouse.io/loonshotgames/jobs/8555894002,8555894002,6417500002,nao,nova
greenhouse,loonshotgames,[Loonshot Games] 콘텐츠 기획 & 외주 관리 (3년~5년),"Seoul; Seoul, South Korea",https://job-boards.greenhouse.io/loonshotgames/jobs/8651170002,8651170002,6455030002,nao,nova
greenhouse,loonshotgames,[Loonshot Games] 퍼블리싱 & 사업 PM (5년 이상),Seoul,https://job-boards.greenhouse.io/loonshotgames/jobs/8555902002,8555902002,6417521002,nao,nova
greenhouse,mobentertainment,2D Art Lead,United States,https://job-boards.greenhouse.io/mobentertainment/jobs/5200088007,5200088007,4662773007,nao,nova
greenhouse,mobentertainment,Concept Artist,United States,https://job-boards.greenhouse.io/mobentertainment/jobs/5221783007,5221783007,4673175007,nao,nova
greenhouse,mobentertainment,Contract QA Tester,United States,https://job-boards.greenhouse.io/mobentertainment/jobs/5202427007,5202427007,4663944007,nao,nova
greenhouse,mobentertainment,Contract Technical Cinematic Designer,United States,https://job-boards.greenhouse.io/mobentertainment/jobs/5152392007,5152392007,4639615007,nao,nova
greenhouse,mobentertainment,Contract UI Designer Video Games,United States,https://job-boards.greenhouse.io/mobentertainment/jobs/5226398007,5226398007,4675409007,nao,nova
greenhouse,mobentertainment,Lead Game Designer,United States,https://job-boards.greenhouse.io/mobentertainment/jobs/5191660007,5191660007,4658633007,nao,nova
greenhouse,mobentertainment,Senior Program Manager-Games,United States,https://job-boards.greenhouse.io/mobentertainment/jobs/5178760007,5178760007,4652334007,nao,nova
greenhouse,mobentertainment,Senior Technical Producer,United States,https://job-boards.greenhouse.io/mobentertainment/jobs/5156852007,5156852007,4641789007,nao,nova
greenhouse,mobentertainment,Senior Writer,United States,https://job-boards.greenhouse.io/mobentertainment/jobs/5189618007,5189618007,4657640007,nao,nova
greenhouse,ncamerica,Customer Support Lead,"Irvine, California",https://job-boards.greenhouse.io/ncamerica/jobs/4313867009,4313867009,4184373009,nao,nova
greenhouse,ncamerica,Lead Publishing Producer,"Irvine, California",https://job-boards.greenhouse.io/ncamerica/jobs/4287003009,4287003009,4168935009,nao,nova
greenhouse,ncamerica,Marketing Project Manager,"Irvine, California",https://job-boards.greenhouse.io/ncamerica/jobs/4306186009,4306186009,4179490009,nao,nova
greenhouse,ncamerica,Quality Assurance Tester,"Irvine, California",https://job-boards.greenhouse.io/ncamerica/jobs/4322392009,4322392009,4188706009,nao,nova
greenhouse,ncamerica,Senior Product Manager,"Irvine, California",https://job-boards.greenhouse.io/ncamerica/jobs/4317571009,4317571009,4186144009,nao,nova
greenhouse,nmcareers,Lead UI/UX Designer - Unannounced Project,"London, UK",https://job-boards.greenhouse.io/nmcareers/jobs/6109453004,6109453004,5182889004,nao,nova
greenhouse,nmcareers,Senior Meta Designer - Unannouced Project,"London, UK",https://job-boards.greenhouse.io/nmcareers/jobs/6130513004,6130513004,5189509004,nao,nova
greenhouse,playq,Don't See What You're Looking For?,"Santa Monica, CA",https://job-boards.greenhouse.io/playq/jobs/3055199,3055199,1784379,nao,JA-FEITO
greenhouse,roblox,Brand and Ad Operations Specialist,"San Mateo, CA, United States",https://careers.roblox.com/jobs/8171037?gh_jid=8171037,8171037,3536352,nao,nova
greenhouse,roblox,Business Operations Associate,"San Mateo, CA, United States",https://careers.roblox.com/jobs/8120368?gh_jid=8120368,8120368,3517138,nao,nova
greenhouse,roblox,"Data Analyst, Operations (IP & Legal Compliance)","Gurugram, Haryana, India",https://careers.roblox.com/jobs/7856888?gh_jid=7856888,7856888,3422409,nao,nova
greenhouse,roblox,Data Center Asset Management Specialist,"Goodyear, Arizona, United States",https://careers.roblox.com/jobs/8047847?gh_jid=8047847,8047847,3488093,nao,nova
greenhouse,roblox,Design Engineer,"San Mateo, CA, United States",https://careers.roblox.com/jobs/7826363?gh_jid=7826363,7826363,3415597,nao,nova
greenhouse,roblox,Developer Engagement Representative - ANZ (Australia / New Zealand)  (Part-Time Contract),Remote,https://careers.roblox.com/jobs/8020695?gh_jid=8020695,8020695,3477276,nao,nova
greenhouse,roblox,Developer Engagement Representative - LATAM (Part-Time Contract),Remote,https://careers.roblox.com/jobs/7705949?gh_jid=7705949,7705949,3386581,nao,nova
greenhouse,roblox,Developer Engagement Representative - Malaysia  (Part-Time Contract),Remote,https://careers.roblox.com/jobs/7978940?gh_jid=7978940,7978940,3462959,nao,nova
greenhouse,roblox,Developer Engagement Representative - Philippines (Part-Time Contract),Remote,https://careers.roblox.com/jobs/8083281?gh_jid=8083281,8083281,3502091,nao,nova
greenhouse,roblox,Developer Engagement Representative - Thailand (Part-Time Contract),Remote,https://careers.roblox.com/jobs/7992558?gh_jid=7992558,7992558,3467191,nao,nova
greenhouse,roblox,Developer Relations Manager -  EU region,"Amsterdam, North Holland, Netherlands",https://careers.roblox.com/jobs/7911884?gh_jid=7911884,7911884,3439579,nao,nova
greenhouse,roblox,"Director of Business Development, Payments","San Mateo, CA, United States",https://careers.roblox.com/jobs/7604271?gh_jid=7604271,7604271,3359246,nao,nova
greenhouse,roblox,Director of Engineering – Studio Systems,"San Mateo, CA, United States",https://careers.roblox.com/jobs/7719455?gh_jid=7719455,7719455,3389786,nao,nova
greenhouse,roblox,"Director of Public Policy, UAE/Middle East",Remote,https://careers.roblox.com/jobs/7832171?gh_jid=7832171,7832171,3417067,nao,nova
greenhouse,roblox,"Director, Engineering — Engineering Acceleration","San Mateo, CA, United States",https://careers.roblox.com/jobs/8029414?gh_jid=8029414,8029414,3480804,nao,nova
greenhouse,roblox,"Director, Product Management, Consumer Frontend","San Mateo, CA, United States",https://careers.roblox.com/jobs/7913665?gh_jid=7913665,7913665,3440338,nao,nova
greenhouse,roblox,"Distinguished Engineer, Machine Learning Systems – Economy","San Mateo, CA, United States",https://careers.roblox.com/jobs/7332473?gh_jid=7332473,7332473,3272940,nao,nova
greenhouse,roblox,Distinguished Machine Learning Engineer - Safety,"San Mateo, CA, United States",https://careers.roblox.com/jobs/7931911?gh_jid=7931911,7931911,3446459,nao,nova
greenhouse,roblox,Engineering Manager - Account Security,"San Mateo, CA, United States",https://careers.roblox.com/jobs/7940279?gh_jid=7940279,7940279,3449808,nao,nova
greenhouse,roblox,Engineering Manager - Subscriptions,"San Mateo, CA, United States",https://careers.roblox.com/jobs/8099956?gh_jid=8099956,8099956,3508951,nao,nova
greenhouse,roblox,"Engineering Manager, Application Security","San Mateo, CA, United States",https://careers.roblox.com/jobs/7887896?gh_jid=7887896,7887896,3430189,nao,nova
greenhouse,roblox,"Engineering Manager, Data Tooling","San Mateo, CA, United States",https://careers.roblox.com/jobs/8052237?gh_jid=8052237,8052237,3489960,nao,nova
greenhouse,roblox,"Engineering Manager, Home Infrastructure (Recommendation Systems)","San Mateo, CA, United States",https://careers.roblox.com/jobs/7905464?gh_jid=7905464,7905464,3436560,nao,nova
greenhouse,roblox,"Engineering Manager, Machine Learning Infrastructure, Ads","San Mateo, CA, United States",https://careers.roblox.com/jobs/8090079?gh_jid=8090079,8090079,3504950,nao,nova
greenhouse,roblox,"Engineering Manager, Observability Infrastructure","San Mateo, CA, United States",https://careers.roblox.com/jobs/7901793?gh_jid=7901793,7901793,3435453,nao,nova
greenhouse,roblox,"Executive Business Partner, Strategy and Operations","San Mateo, CA, United States",https://careers.roblox.com/jobs/7778939?gh_jid=7778939,7778939,3405361,nao,nova
greenhouse,roblox,"Finance Business Partner, Trust & Safety (6319)","San Mateo, CA, United States",https://careers.roblox.com/jobs/7977161?gh_jid=7977161,7977161,3462220,nao,nova
greenhouse,roblox,"Global Developer Engagement Representative, Part-Time, Contractor",Remote,https://careers.roblox.com/jobs/7736682?gh_jid=7736682,7736682,3394369,nao,nova
greenhouse,roblox,Global Mobility Lead,"San Mateo, CA, United States",https://careers.roblox.com/jobs/7944233?gh_jid=7944233,7944233,3450901,nao,nova
greenhouse,roblox,Growth Marketing Manager Lead,"San Mateo, CA, United States",https://careers.roblox.com/jobs/8077671?gh_jid=8077671,8077671,3499654,nao,nova
greenhouse,roblox,Hardware & Testing Lab Technician,"San Mateo, CA, United States",https://careers.roblox.com/jobs/8097774?gh_jid=8097774,8097774,3499869,nao,nova
greenhouse,roblox,IT Support Technician,"San Mateo, CA, United States",https://careers.roblox.com/jobs/8171128?gh_jid=8171128,8171128,3536394,nao,nova
greenhouse,roblox,"Law Enforcement Liaison, Mississippi",Remote,https://careers.roblox.com/jobs/8047865?gh_jid=8047865,8047865,3488102,nao,nova
greenhouse,roblox,"Lead, Support Operations Excellence","Gurugram, Haryana, India",https://careers.roblox.com/jobs/8070037?gh_jid=8070037,8070037,3496642,nao,nova
greenhouse,roblox,Legal Operations Technology Specialist,"San Mateo, CA, United States",https://careers.roblox.com/jobs/8107204?gh_jid=8107204,8107204,3512116,nao,nova
greenhouse,roblox,Localization Program Manager,"San Mateo, CA, United States",https://careers.roblox.com/jobs/7813041?gh_jid=7813041,7813041,3412141,nao,nova
greenhouse,roblox,Manager Data Center Operations,"Goodyear, Arizona, United States",https://careers.roblox.com/jobs/7808741?gh_jid=7808741,7808741,3410907,nao,nova
greenhouse,roblox,"Manager, Public Policy and US State Strategy","Washington, District of Columbia, United States",https://careers.roblox.com/jobs/8143149?gh_jid=8143149,8143149,3524071,nao,nova
greenhouse,roblox,"Marketing Manager, Europe","Amsterdam, North Holland, Netherlands",https://careers.roblox.com/jobs/7965517?gh_jid=7965517,7965517,3458190,nao,nova
greenhouse,roblox,"Marketing Manager, India","Gurugram, Haryana, India",https://careers.roblox.com/jobs/7921673?gh_jid=7921673,7921673,3443448,nao,nova
greenhouse,roblox,"Marketing Manager, Live Content (Short-Term)","San Mateo, CA, United States",https://careers.roblox.com/jobs/8168157?gh_jid=8168157,8168157,3534893,nao,nova
greenhouse,roblox,Moderation Escalation Specialist,"Gurugram, Haryana, India",https://careers.roblox.com/jobs/8097435?gh_jid=8097435,8097435,3507931,nao,nova
greenhouse,roblox,People & Talent Partner,"Vancouver, British Columbia, Canada",https://careers.roblox.com/jobs/8082672?gh_jid=8082672,8082672,3501821,nao,nova
greenhouse,roblox,People Business Associate (Short-Term),"San Mateo, CA, United States",https://careers.roblox.com/jobs/8107091?gh_jid=8107091,8107091,3512059,nao,nova
greenhouse,roblox,People Business Associate (Short-term),"San Mateo, CA, United States",https://careers.roblox.com/jobs/8107093?gh_jid=8107093,8107093,3512060,nao,nova
greenhouse,roblox,People Science & Learning Associate,"San Mateo, CA, United States",https://careers.roblox.com/jobs/8148344?gh_jid=8148344,8148344,3526079,nao,nova
greenhouse,roblox,Principal Data Engineer - Economy,"San Mateo, CA, United States",https://careers.roblox.com/jobs/7629489?gh_jid=7629489,7629489,3365456,nao,nova
greenhouse,roblox,"Principal Engineer, Studio Builder Tools","San Mateo, CA, United States",https://careers.roblox.com/jobs/7834163?gh_jid=7834163,7834163,3417447,nao,nova
greenhouse,roblox,Principal Enterprise Security Engineer,"San Mateo, CA, United States",https://careers.roblox.com/jobs/8036430?gh_jid=8036430,8036430,3483610,nao,nova
greenhouse,roblox,Principal Frontend Software Engineer - Discovery UX,"San Mateo, CA, United States",https://careers.roblox.com/jobs/8052466?gh_jid=8052466,8052466,3490046,nao,nova
greenhouse,roblox,"Principal Frontend Software Engineer, Connections","San Mateo, CA, United States",https://careers.roblox.com/jobs/8025477?gh_jid=8025477,8025477,3479199,nao,nova
greenhouse,roblox,"Principal Machine Learning Engineer, Content Safety","San Mateo, CA, United States",https://careers.roblox.com/jobs/8073283?gh_jid=8073283,8073283,3497883,nao,nova
greenhouse,roblox,"Principal Machine Learning Engineer, Embodied AI and Smart NPCs","San Mateo, CA, United States",https://careers.roblox.com/jobs/7629843?gh_jid=7629843,7629843,3365566,nao,nova
greenhouse,roblox,"Principal Machine Learning Infrastructure Engineer, Ads & Discovery","San Mateo, CA, United States",https://careers.roblox.com/jobs/7351202?gh_jid=7351202,7351202,3279377,nao,nova
greenhouse,roblox,Principal Model Optimization Engineer,"San Mateo, CA, United States",https://careers.roblox.com/jobs/7872401?gh_jid=7872401,7872401,3426135,nao,nova
greenhouse,roblox,Principal Network Engineer,"San Mateo, CA, United States",https://careers.roblox.com/jobs/7645403?gh_jid=7645403,7645403,3368485,nao,nova
greenhouse,roblox,Principal Rendering Engineer,"San Mateo, CA, United States",https://careers.roblox.com/jobs/8036287?gh_jid=8036287,8036287,3483556,nao,nova
greenhouse,roblox,"Principal Security Software Engineer, Application Security","San Mateo, CA, United States",https://careers.roblox.com/jobs/7789332?gh_jid=7789332,7789332,3407025,nao,nova
greenhouse,roblox,"Principal Security Software Engineer, Enterprise IAM","San Mateo, CA, United States",https://careers.roblox.com/jobs/7983905?gh_jid=7983905,7983905,3464675,nao,nova
greenhouse,roblox,"Principal Security Software Engineer, IAM","San Mateo, CA, United States",https://careers.roblox.com/jobs/8099958?gh_jid=8099958,8099958,3508952,nao,nova
greenhouse,roblox,Principal Software Engineer,"San Mateo, CA, United States",https://careers.roblox.com/jobs/8017415?gh_jid=8017415,8017415,3475902,nao,nova
greenhouse,roblox,Principal Software Engineer,"San Mateo, CA, United States",https://careers.roblox.com/jobs/7744272?gh_jid=7744272,7744272,3396572,nao,nova
greenhouse,roblox,Principal Software Engineer - Compute (Kubernetes),"San Mateo, CA, United States",https://careers.roblox.com/jobs/8024627?gh_jid=8024627,8024627,3478809,nao,nova
greenhouse,roblox,Principal Software Engineer - Content Lifecycle,"San Mateo, CA, United States",https://careers.roblox.com/jobs/7650307?gh_jid=7650307,7650307,3369935,nao,nova
greenhouse,roblox,Principal Software Engineer - Creator Collaboration,"San Mateo, CA, United States",https://careers.roblox.com/jobs/7769510?gh_jid=7769510,7769510,3369935,nao,nova
greenhouse,roblox,Principal Software Engineer - Creator Distributed Systems & Storage,"San Mateo, CA, United States",https://careers.roblox.com/jobs/7740153?gh_jid=7740153,7740153,3395262,nao,nova
greenhouse,roblox,Principal Software Engineer - Roblox Database,"San Mateo, CA, United States",https://careers.roblox.com/jobs/8036892?gh_jid=8036892,8036892,3483770,nao,nova
greenhouse,roblox,Principal Software Engineer - Roblox Economy Platform,"San Mateo, CA, United States",https://careers.roblox.com/jobs/7545955?gh_jid=7545955,7545955,3340235,nao,nova
greenhouse,roblox,"Principal Software Engineer, Backend - Sharing","San Mateo, CA, United States",https://careers.roblox.com/jobs/8013437?gh_jid=8013437,8013437,3474329,nao,nova
greenhouse,roblox,"Principal Software Engineer, CI and CD Foundation","San Mateo, CA, United States",https://careers.roblox.com/jobs/8047821?gh_jid=8047821,8047821,3488080,nao,nova
greenhouse,roblox,"Principal Software Engineer, Compute Fleet Management","San Mateo, CA, United States",https://careers.roblox.com/jobs/7983990?gh_jid=7983990,7983990,3464691,nao,nova
greenhouse,roblox,"Principal Software Engineer, Data Engineering","San Mateo, CA, United States",https://careers.roblox.com/jobs/7678832?gh_jid=7678832,7678832,3377967,nao,nova
greenhouse,roblox,"Principal Software Engineer, Data Infrastructure","San Mateo, CA, United States",https://careers.roblox.com/jobs/8029695?gh_jid=8029695,8029695,3480916,nao,nova
greenhouse,roblox,"Principal Software Engineer, Engine Systems","San Mateo, CA, United States",https://careers.roblox.com/jobs/8036223?gh_jid=8036223,8036223,3483527,nao,nova
greenhouse,roblox,"Principal Software Engineer, Engineering Acceleration","San Mateo, CA, United States",https://careers.roblox.com/jobs/7991993?gh_jid=7991993,7991993,3466967,nao,nova
greenhouse,roblox,"Principal Software Engineer, GPU Compute","San Mateo, CA, United States",https://careers.roblox.com/jobs/7978492?gh_jid=7978492,7978492,3462740,nao,nova
greenhouse,roblox,"Principal Software Engineer, Game Safety","San Mateo, CA, United States",https://careers.roblox.com/jobs/8031166?gh_jid=8031166,8031166,3481491,nao,nova
greenhouse,roblox,"Principal Software Engineer, Physics","Vancouver, British Columbia, Canada",https://careers.roblox.com/jobs/8084445?gh_jid=8084445,8084445,3468911,nao,nova
greenhouse,roblox,"Principal Software Engineer, Physics","Vancouver, British Columbia, Canada",https://careers.roblox.com/jobs/8024941?gh_jid=8024941,8024941,3478895,nao,nova
greenhouse,roblox,"Principal Software Engineer, Physics","San Mateo, CA, United States",https://careers.roblox.com/jobs/7998366?gh_jid=7998366,7998366,3468911,nao,nova
greenhouse,roblox,"Principal Software Engineer, WebRTC","San Mateo, CA, United States",https://careers.roblox.com/jobs/8036680?gh_jid=8036680,8036680,3483699,nao,nova
greenhouse,roblox,"Principal Technical Program Manager, Compute","San Mateo, CA, United States",https://careers.roblox.com/jobs/7997105?gh_jid=7997105,7997105,3468527,nao,nova
greenhouse,roblox,Principal/Senior Machine Learning Scientist - Search and Discovery,"San Mateo, CA, United States",https://careers.roblox.com/jobs/7655346?gh_jid=7655346,7655346,3371225,nao,nova
greenhouse,roblox,Privacy & Security Counsel,"San Mateo, CA, United States",https://careers.roblox.com/jobs/8172233?gh_jid=8172233,8172233,3536913,nao,nova
greenhouse,roblox,Proactive Moderation Operations Specialist,"Gurugram, Haryana, India",https://careers.roblox.com/jobs/8069989?gh_jid=8069989,8069989,3496619,nao,nova
greenhouse,roblox,"Product Counsel/ Sr Product Counsel, Advertising","San Mateo, CA, United States",https://careers.roblox.com/jobs/7779120?gh_jid=7779120,7779120,3405428,nao,nova
greenhouse,roblox,"Product Marketing Manager, Ads","San Mateo, CA, United States",https://careers.roblox.com/jobs/7951971?gh_jid=7951971,7951971,3453002,nao,nova
greenhouse,roblox,"Product Marketing Manager, Marketplace","San Mateo, CA, United States",https://careers.roblox.com/jobs/8139492?gh_jid=8139492,8139492,3522649,nao,nova
greenhouse,roblox,Product Support Specialist,"Gurugram, Haryana, India",https://careers.roblox.com/jobs/8070027?gh_jid=8070027,8070027,3496637,nao,nova
greenhouse,roblox,Quality Analyst,"Gurugram, Haryana, India",https://careers.roblox.com/jobs/8069987?gh_jid=8069987,8069987,3496618,nao,nova
greenhouse,roblox,Quality Analyst,"Gurugram, Haryana, India",https://careers.roblox.com/jobs/8070025?gh_jid=8070025,8070025,3496636,nao,nova
greenhouse,roblox,Receptionist,"Gurugram, Haryana, India",https://careers.roblox.com/jobs/8121877?gh_jid=8121877,8121877,3517785,nao,nova
greenhouse,roblox,Revenue Operations Manager,"San Mateo, CA, United States",https://careers.roblox.com/jobs/8171039?gh_jid=8171039,8171039,3536353,nao,nova
greenhouse,roblox,Senior / Principal Infrastructure Engineer - ML Platform,"San Mateo, CA, United States",https://careers.roblox.com/jobs/8027755?gh_jid=8027755,8027755,3480102,nao,nova
greenhouse,roblox,"Senior Analyst, Safety Operations Tooling","Gurugram, Haryana, India",https://careers.roblox.com/jobs/7957849?gh_jid=7957849,7957849,3406467,nao,nova
greenhouse,roblox,Senior Cloud Security Engineer,"San Mateo, CA, United States",https://careers.roblox.com/jobs/7997039?gh_jid=7997039,7997039,3468486,nao,nova
greenhouse,roblox,"Senior Data Engineer, Economy","San Mateo, CA, United States",https://careers.roblox.com/jobs/8172297?gh_jid=8172297,8172297,3536947,nao,nova
greenhouse,roblox,Senior Data Scientist - Consumer Frontend,"San Mateo, CA, United States",https://careers.roblox.com/jobs/7977682?gh_jid=7977682,7977682,3462379,nao,nova
greenhouse,roblox,Senior Data Scientist - Discovery,"San Mateo, CA, United States",https://careers.roblox.com/jobs/8037082?gh_jid=8037082,8037082,3483815,nao,nova
greenhouse,roblox,"Senior Data Scientist, Consumer Apps","San Mateo, CA, United States",https://careers.roblox.com/jobs/8127054?gh_jid=8127054,8127054,3519426,nao,nova
greenhouse,roblox,Senior Detection and Response Engineer,"San Mateo, CA, United States",https://careers.roblox.com/jobs/8070890?gh_jid=8070890,8070890,3496981,nao,nova
greenhouse,roblox,"Senior Director of Engineering, Generative AI","San Mateo, CA, United States",https://careers.roblox.com/jobs/8131695?gh_jid=8131695,8131695,3521147,nao,nova
greenhouse,roblox,"Senior Director, Policy Communications","San Mateo, CA, United States; Washington, District of Columbia, United States",https://careers.roblox.com/jobs/8082263?gh_jid=8082263,8082263,3501655,nao,nova
greenhouse,roblox,"Senior Engineering Manager, AI Roblox Studio","San Mateo, CA, United States",https://careers.roblox.com/jobs/8055512?gh_jid=8055512,8055512,3491253,nao,nova
greenhouse,roblox,"Senior Engineering Manager, AI Safety Platform","San Mateo, CA, United States",https://careers.roblox.com/jobs/8030839?gh_jid=8030839,8030839,3481352,nao,nova
greenhouse,roblox,"Senior Engineering Manager, Communications","San Mateo, CA, United States",https://careers.roblox.com/jobs/8077261?gh_jid=8077261,8077261,3499527,nao,nova
greenhouse,roblox,"Senior Engineering Manager, Search and Discovery","San Mateo, CA, United States",https://careers.roblox.com/jobs/7764306?gh_jid=7764306,7764306,3401058,nao,nova
greenhouse,roblox,Senior Enterprise Security Engineer,"San Mateo, CA, United States",https://careers.roblox.com/jobs/8042523?gh_jid=8042523,8042523,3485942,nao,nova
greenhouse,roblox,"Senior Frontend Engineer, Voice Communication","San Mateo, CA, United States",https://careers.roblox.com/jobs/8011015?gh_jid=8011015,8011015,3473358,nao,nova
greenhouse,roblox,Senior Frontend Software Engineer - Marketplace,"San Mateo, CA, United States",https://careers.roblox.com/jobs/7913878?gh_jid=7913878,7913878,3440454,nao,nova
greenhouse,roblox,"Senior Frontend Software Engineer, Ads Experience","San Mateo, CA, United States",https://careers.roblox.com/jobs/7396342?gh_jid=7396342,7396342,3296110,nao,nova
greenhouse,roblox,"Senior Frontend/Fullstack Software Engineer, Social Graph","San Mateo, CA, United States",https://careers.roblox.com/jobs/7760129?gh_jid=7760129,7760129,3399824,nao,nova
greenhouse,roblox,"Senior Fullstack Software Engineer, Profiles","San Mateo, CA, United States",https://careers.roblox.com/jobs/8140565?gh_jid=8140565,8140565,3523096,nao,nova
greenhouse,roblox,Senior Growth Data Engineer,"San Mateo, CA, United States",https://careers.roblox.com/jobs/8055450?gh_jid=8055450,8055450,3491227,nao,nova
greenhouse,roblox,Senior Growth Marketing Manager,"San Mateo, CA, United States",https://careers.roblox.com/jobs/7977893?gh_jid=7977893,7977893,3462484,nao,nova
greenhouse,roblox,Senior Hardware Engineer - GPU & AI Infrastructure,"San Mateo, CA, United States",https://careers.roblox.com/jobs/7463674?gh_jid=7463674,7463674,3316268,nao,nova
greenhouse,roblox,Senior Hardware Engineer - Infrastructure,"San Mateo, CA, United States",https://careers.roblox.com/jobs/7947153?gh_jid=7947153,7947153,3316268,nao,nova
greenhouse,roblox,"Senior Machine Learning Engineer, Ads","San Mateo, CA, United States",https://careers.roblox.com/jobs/7351220?gh_jid=7351220,7351220,3279387,nao,nova
greenhouse,roblox,"Senior Machine Learning Engineer, GenAI Data","San Mateo, CA, United States",https://careers.roblox.com/jobs/7943933?gh_jid=7943933,7943933,3450794,nao,nova
greenhouse,roblox,"Senior Machine Learning Engineering Manager, Safety AI Systems","San Mateo, CA, United States",https://careers.roblox.com/jobs/8047877?gh_jid=8047877,8047877,3488108,nao,nova
greenhouse,roblox,"Senior Machine Learning Engineering Manager, Text Safety","San Mateo, CA, United States",https://careers.roblox.com/jobs/8103714?gh_jid=8103714,8103714,3510698,nao,nova
greenhouse,roblox,"Senior Manager, Moderation Escalations","Gurugram, Haryana, India",https://careers.roblox.com/jobs/7983067?gh_jid=7983067,7983067,3464419,nao,nova
greenhouse,roblox,"Senior Mobile Systems Engineer, Audio Team (Android & C++)","San Mateo, CA, United States",https://careers.roblox.com/jobs/7528070?gh_jid=7528070,7528070,3334493,nao,nova
greenhouse,roblox,Senior Offensive Security Engineer,"San Mateo, CA, United States",https://careers.roblox.com/jobs/8070888?gh_jid=8070888,8070888,3496980,nao,nova
greenhouse,roblox,Senior Payments Compliance Manager,"San Mateo, CA, United States",https://careers.roblox.com/jobs/8107208?gh_jid=8107208,8107208,3512118,nao,nova
greenhouse,roblox,Senior Privacy Engineer,"San Mateo, CA, United States",https://careers.roblox.com/jobs/8094717?gh_jid=8094717,8094717,3506669,nao,nova
greenhouse,roblox,Senior Privacy Software Engineer,"San Mateo, CA, United States",https://careers.roblox.com/jobs/8022674?gh_jid=8022674,8022674,3477997,nao,nova
greenhouse,roblox,"Senior Product Designer, Monetization","San Mateo, CA, United States",https://careers.roblox.com/jobs/8094661?gh_jid=8094661,8094661,3506638,nao,nova
greenhouse,roblox,"Senior Product Designer, Safety","San Mateo, CA, United States",https://careers.roblox.com/jobs/8068678?gh_jid=8068678,8068678,3496147,nao,nova
greenhouse,roblox,"Senior Product Manager, AI Content Safety","San Mateo, CA, United States",https://careers.roblox.com/jobs/8035873?gh_jid=8035873,8035873,3483449,nao,nova
greenhouse,roblox,"Senior Product Manager, App Performance & Architecture","San Mateo, CA, United States",https://careers.roblox.com/jobs/7839534?gh_jid=7839534,7839534,3418639,nao,nova
greenhouse,roblox,"Senior Product Manager, Compute Platform","San Mateo, CA, United States",https://careers.roblox.com/jobs/7994532?gh_jid=7994532,7994532,3467909,nao,nova
greenhouse,roblox,"Senior Product Manager, Content Sharing","San Mateo, CA, United States",https://careers.roblox.com/jobs/8127058?gh_jid=8127058,8127058,3519428,nao,nova
greenhouse,roblox,"Senior Product Manager, Engineering Acceleration","San Mateo, CA, United States",https://careers.roblox.com/jobs/7701911?gh_jid=7701911,7701911,3384999,nao,nova
greenhouse,roblox,"Senior Product Manager, Inference Platform","San Mateo, CA, United States",https://careers.roblox.com/jobs/7997195?gh_jid=7997195,7997195,3468566,nao,nova
greenhouse,roblox,Senior Product Support Specialist,"Gurugram, Haryana, India",https://careers.roblox.com/jobs/8111889?gh_jid=8111889,8111889,3513874,nao,nova
greenhouse,roblox,Senior Rendering Engineer Manager,"Vancouver, British Columbia, Canada",https://careers.roblox.com/jobs/7441754?gh_jid=7441754,7441754,3201770,nao,nova
greenhouse,roblox,Senior Rendering Engineer Manager,"San Mateo, CA, United States",https://careers.roblox.com/jobs/7100730?gh_jid=7100730,7100730,3201770,nao,nova
greenhouse,roblox,"Senior Security Engineer, Detection and Response","London, England, United Kingdom",https://careers.roblox.com/jobs/8037805?gh_jid=8037805,8037805,3484035,nao,nova
greenhouse,roblox,Senior Security GRC Analyst,"San Mateo, CA, United States",https://careers.roblox.com/jobs/8056346?gh_jid=8056346,8056346,3491541,nao,nova
greenhouse,roblox,"Senior Security Software Engineer, Application Security","San Mateo, CA, United States",https://careers.roblox.com/jobs/7896293?gh_jid=7896293,7896293,3432275,nao,nova
greenhouse,roblox,"Senior Security Software Engineer, IAM","San Mateo, CA, United States",https://careers.roblox.com/jobs/8016408?gh_jid=8016408,8016408,3475500,nao,nova
greenhouse,roblox,"Senior Security Software Engineer, Infrastructure Security","San Mateo, CA, United States",https://careers.roblox.com/jobs/7896061?gh_jid=7896061,7896061,3432236,nao,nova
greenhouse,roblox,"Senior Security Software Engineer, Vulnerability Management","San Mateo, CA, United States",https://careers.roblox.com/jobs/7922649?gh_jid=7922649,7922649,3443879,nao,nova
greenhouse,roblox,"Senior Site Reliability Engineer, Compute","San Mateo, CA, United States",https://careers.roblox.com/jobs/8042554?gh_jid=8042554,8042554,3485956,nao,nova
greenhouse,roblox,"Senior Software Engineer (Backend), Communities","San Mateo, CA, United States",https://careers.roblox.com/jobs/8131273?gh_jid=8131273,8131273,3520960,nao,nova
greenhouse,roblox,Senior Software Engineer (C++),"San Mateo, CA, United States",https://careers.roblox.com/jobs/8025510?gh_jid=8025510,8025510,3282617,nao,nova
greenhouse,roblox,Senior Software Engineer - Avatar Personalization,"San Mateo, CA, United States",https://careers.roblox.com/jobs/7545202?gh_jid=7545202,7545202,3339952,nao,nova
greenhouse,roblox,Senior Software Engineer - Bot Defense,"San Mateo, CA, United States",https://careers.roblox.com/jobs/8047817?gh_jid=8047817,8047817,3488078,nao,nova
greenhouse,roblox,Senior Software Engineer - Consoles,"San Mateo, CA, United States",https://careers.roblox.com/jobs/8089039?gh_jid=8089039,8089039,3504574,nao,nova
greenhouse,roblox,Senior Software Engineer - Content Understanding,"San Mateo, CA, United States",https://careers.roblox.com/jobs/8094470?gh_jid=8094470,8094470,3506571,nao,nova
greenhouse,roblox,Senior Software Engineer - Core Platform and Systems,"San Mateo, CA, United States",https://careers.roblox.com/jobs/8079797?gh_jid=8079797,8079797,3500486,nao,nova
greenhouse,roblox,Senior Software Engineer - Core UX Studio,"San Mateo, CA, United States",https://careers.roblox.com/jobs/8079799?gh_jid=8079799,8079799,3500487,nao,nova
greenhouse,roblox,Senior Software Engineer - Creator Business,"San Mateo, CA, United States",https://careers.roblox.com/jobs/8003347?gh_jid=8003347,8003347,3470165,nao,nova
greenhouse,roblox,Senior Software Engineer - Data Access,"San Mateo, CA, United States",https://careers.roblox.com/jobs/7437922?gh_jid=7437922,7437922,3308521,nao,nova
greenhouse,roblox,"Senior Software Engineer - Data Infrastructure, Safety","San Mateo, CA, United States",https://careers.roblox.com/jobs/7852258?gh_jid=7852258,7852258,3421454,nao,nova
greenhouse,roblox,Senior Software Engineer - Desktop,"San Mateo, CA, United States",https://careers.roblox.com/jobs/8127056?gh_jid=8127056,8127056,3519427,nao,nova
greenhouse,roblox,Senior Software Engineer - Fraud,"San Mateo, CA, United States",https://careers.roblox.com/jobs/8008607?gh_jid=8008607,8008607,3472401,nao,nova
greenhouse,roblox,Senior Software Engineer - Game Engine Systems (C++),"San Mateo, CA, United States",https://careers.roblox.com/jobs/7449585?gh_jid=7449585,7449585,3311465,nao,nova
greenhouse,roblox,Senior Software Engineer - Marketplace (Avatar Identity),"San Mateo, CA, United States",https://careers.roblox.com/jobs/7913302?gh_jid=7913302,7913302,3440189,nao,nova
greenhouse,roblox,Senior Software Engineer - Marketplace Foundation,"San Mateo, CA, United States",https://careers.roblox.com/jobs/8142712?gh_jid=8142712,8142712,3523910,nao,nova
greenhouse,roblox,Senior Software Engineer - Network Transport (C++),"San Mateo, CA, United States",https://careers.roblox.com/jobs/7561743?gh_jid=7561743,7561743,3311465,nao,nova
greenhouse,roblox,Senior Software Engineer - Non-Playable Character Behavior,"San Mateo, CA, United States",https://careers.roblox.com/jobs/8016277?gh_jid=8016277,8016277,3475461,nao,nova
greenhouse,roblox,Senior Software Engineer - Orchestration,"San Mateo, CA, United States",https://careers.roblox.com/jobs/8047831?gh_jid=8047831,8047831,3488085,nao,nova
greenhouse,roblox,Senior Software Engineer - Release,"San Mateo, CA, United States",https://careers.roblox.com/jobs/7923586?gh_jid=7923586,7923586,3444282,nao,nova
greenhouse,roblox,Senior Software Engineer - Safety Experience,"San Mateo, CA, United States",https://careers.roblox.com/jobs/7985997?gh_jid=7985997,7985997,3465441,nao,nova
greenhouse,roblox,Senior Software Engineer - Storage,"San Mateo, CA, United States",https://careers.roblox.com/jobs/8148394?gh_jid=8148394,8148394,3423816,nao,nova
greenhouse,roblox,Senior Software Engineer - Storage Cache,"San Mateo, CA, United States",https://careers.roblox.com/jobs/7862605?gh_jid=7862605,7862605,3423816,nao,nova
greenhouse,roblox,Senior Software Engineer - Studio Tools,"San Mateo, CA, United States",https://careers.roblox.com/jobs/8079795?gh_jid=8079795,8079795,3500485,nao,nova
greenhouse,roblox,"Senior Software Engineer, 3D Engine Scalability","San Mateo, CA, United States",https://careers.roblox.com/jobs/8131354?gh_jid=8131354,8131354,3520991,nao,nova
greenhouse,roblox,"Senior Software Engineer, Ads Experience (C++)","San Mateo, CA, United States",https://careers.roblox.com/jobs/7655780?gh_jid=7655780,7655780,3371328,nao,nova
greenhouse,roblox,"Senior Software Engineer, Ads Platform","San Mateo, CA, United States",https://careers.roblox.com/jobs/8011079?gh_jid=8011079,8011079,3473394,nao,nova
greenhouse,roblox,"Senior Software Engineer, App Performance","San Mateo, CA, United States",https://careers.roblox.com/jobs/7360413?gh_jid=7360413,7360413,3282617,nao,nova
greenhouse,roblox,"Senior Software Engineer, Application Gateway","San Mateo, CA, United States",https://careers.roblox.com/jobs/7698330?gh_jid=7698330,7698330,3383990,nao,nova
greenhouse,roblox,"Senior Software Engineer, Avatar Animation","Vancouver, British Columbia, Canada",https://careers.roblox.com/jobs/8024947?gh_jid=8024947,8024947,3478895,nao,nova
greenhouse,roblox,"Senior Software Engineer, Avatar Animation","San Mateo, CA, United States",https://careers.roblox.com/jobs/7540219?gh_jid=7540219,7540219,3338226,nao,nova
greenhouse,roblox,"Senior Software Engineer, Client Systems (C++)","San Mateo, CA, United States",https://careers.roblox.com/jobs/8036535?gh_jid=8036535,8036535,3483647,nao,nova
greenhouse,roblox,"Senior Software Engineer, Compute Cell Platform","San Mateo, CA, United States",https://careers.roblox.com/jobs/8056362?gh_jid=8056362,8056362,3491545,nao,nova
greenhouse,roblox,"Senior Software Engineer, Core Engine","San Mateo, CA, United States",https://careers.roblox.com/jobs/8160843?gh_jid=8160843,8160843,3508096,nao,nova
greenhouse,roblox,"Senior Software Engineer, Core UI","San Mateo, CA, United States",https://careers.roblox.com/jobs/8036724?gh_jid=8036724,8036724,3483709,nao,nova
greenhouse,roblox,"Senior Software Engineer, Creator Experience","San Mateo, CA, United States",https://careers.roblox.com/jobs/8120054?gh_jid=8120054,8120054,3517022,nao,nova
greenhouse,roblox,"Senior Software Engineer, Data Engineering (Short Term)","San Mateo, CA, United States",https://careers.roblox.com/jobs/8174475?gh_jid=8174475,8174475,3537809,nao,nova
greenhouse,roblox,"Senior Software Engineer, Data Infrastructure","San Mateo, CA, United States",https://careers.roblox.com/jobs/8014486?gh_jid=8014486,8014486,3474717,nao,nova
greenhouse,roblox,"Senior Software Engineer, Data Infrastructure","San Mateo, CA, United States",https://careers.roblox.com/jobs/8011273?gh_jid=8011273,8011273,3473435,nao,nova
greenhouse,roblox,"Senior Software Engineer, Engine Systems","San Mateo, CA, United States",https://careers.roblox.com/jobs/7309267?gh_jid=7309267,7309267,3268267,nao,nova
greenhouse,roblox,"Senior Software Engineer, Engineering Acceleration","San Mateo, CA, United States",https://careers.roblox.com/jobs/8047829?gh_jid=8047829,8047829,3488084,nao,nova
greenhouse,roblox,"Senior Software Engineer, Engineering Acceleration Foundations","San Mateo, CA, United States",https://careers.roblox.com/jobs/7998339?gh_jid=7998339,7998339,3468898,nao,nova
greenhouse,roblox,"Senior Software Engineer, Frontend (App Foundations)","San Mateo, CA, United States",https://careers.roblox.com/jobs/8036943?gh_jid=8036943,8036943,3483786,nao,nova
greenhouse,roblox,"Senior Software Engineer, Game Engine Systems","San Mateo, CA, United States",https://careers.roblox.com/jobs/7354277?gh_jid=7354277,7354277,3268267,nao,nova
greenhouse,roblox,"Senior Software Engineer, Geometry","Vancouver, British Columbia, Canada",https://careers.roblox.com/jobs/8025023?gh_jid=8025023,8025023,3478895,nao,nova
greenhouse,roblox,"Senior Software Engineer, Observability","San Mateo, CA, United States",https://careers.roblox.com/jobs/8129395?gh_jid=8129395,8129395,3520231,nao,nova
greenhouse,roblox,"Senior Software Engineer, Privacy Infrastructure","San Mateo, CA, United States",https://careers.roblox.com/jobs/8127033?gh_jid=8127033,8127033,3519421,nao,nova
greenhouse,roblox,"Senior Software Engineer, Runtime","San Mateo, CA, United States",https://careers.roblox.com/jobs/8097810?gh_jid=8097810,8097810,3508096,nao,nova
greenhouse,roblox,"Senior Software Engineer, Safety Foundation","San Mateo, CA, United States",https://careers.roblox.com/jobs/8017352?gh_jid=8017352,8017352,3475879,nao,nova
greenhouse,roblox,"Senior Software Engineer, Service Mesh","San Mateo, CA, United States",https://careers.roblox.com/jobs/8015824?gh_jid=8015824,8015824,3475304,nao,nova
greenhouse,roblox,"Senior Software Engineer, Sharing","San Mateo, CA, United States",https://careers.roblox.com/jobs/8164933?gh_jid=8164933,8164933,3533513,nao,nova
greenhouse,roblox,"Senior Software Engineer, UGC Validation","San Mateo, CA, United States",https://careers.roblox.com/jobs/7997637?gh_jid=7997637,7997637,3468707,nao,nova
greenhouse,roblox,"Senior Software Engineer, iOS","San Mateo, CA, United States",https://careers.roblox.com/jobs/8140563?gh_jid=8140563,8140563,3523095,nao,nova
greenhouse,roblox,Senior Software Engineer- Account Authentication,"San Mateo, CA, United States",https://careers.roblox.com/jobs/8092905?gh_jid=8092905,8092905,3505835,nao,nova
greenhouse,roblox,Senior Software Engineer: Assistant,"San Mateo, CA, United States",https://careers.roblox.com/jobs/8047823?gh_jid=8047823,8047823,3488081,nao,nova
greenhouse,roblox,"Senior Technical Program Manager, Human-in-the-Loop Operations","San Mateo, CA, United States",https://careers.roblox.com/jobs/8104285?gh_jid=8104285,8104285,3510917,nao,nova
greenhouse,roblox,"Senior Threat Investigator, Safety Investigations","San Mateo, CA, United States",https://careers.roblox.com/jobs/8066262?gh_jid=8066262,8066262,3495196,nao,nova
greenhouse,roblox,"Senior/Principal Data Scientist, AVC ( Audio/Video/Communications)","San Mateo, CA, United States",https://careers.roblox.com/jobs/8121895?gh_jid=8121895,8121895,3517792,nao,nova
greenhouse,roblox,"Senior/Principal Product Manager, Engine Systems Foundations","San Mateo, CA, United States",https://careers.roblox.com/jobs/8079846?gh_jid=8079846,8079846,3500506,nao,nova
greenhouse,roblox,"Software Engineer, Account Authentication","San Mateo, CA, United States",https://careers.roblox.com/jobs/8097701?gh_jid=8097701,8097701,3508049,nao,nova
greenhouse,roblox,"Software Engineer, Communications","San Mateo, CA, United States",https://careers.roblox.com/jobs/8083944?gh_jid=8083944,8083944,3502311,nao,nova
greenhouse,roblox,"Software Engineer, Creator","San Mateo, CA, United States",https://careers.roblox.com/jobs/8115917?gh_jid=8115917,8115917,3515230,nao,nova
greenhouse,roblox,"Software Engineer, Creator Business","San Mateo, CA, United States",https://careers.roblox.com/jobs/8113334?gh_jid=8113334,8113334,3514372,nao,nova
greenhouse,roblox,"Software Engineer, Creator Studio","San Mateo, CA, United States",https://careers.roblox.com/jobs/8131689?gh_jid=8131689,8131689,3521145,nao,nova
greenhouse,roblox,"Software Engineer, Economy Platform","San Mateo, CA, United States",https://careers.roblox.com/jobs/8060254?gh_jid=8060254,8060254,3493228,nao,nova
greenhouse,roblox,"Software Engineer, Foundation AI","San Mateo, CA, United States",https://careers.roblox.com/jobs/8123004?gh_jid=8123004,8123004,3518189,nao,nova
greenhouse,roblox,"Software Engineering Manager, Engine UI","San Mateo, CA, United States",https://careers.roblox.com/jobs/7482015?gh_jid=7482015,7482015,3320335,nao,nova
greenhouse,roblox,Strategic Sourcing Manager - Technology,"San Mateo, CA, United States",https://careers.roblox.com/jobs/8047841?gh_jid=8047841,8047841,3488090,nao,nova
greenhouse,roblox,Support Escalations Specialist,"Gurugram, Haryana, India",https://careers.roblox.com/jobs/7886349?gh_jid=7886349,7886349,3430043,nao,nova
greenhouse,roblox,Support Escalations Specialist,"Gurugram, Haryana, India",https://careers.roblox.com/jobs/8069997?gh_jid=8069997,8069997,3496624,nao,nova
greenhouse,roblox,TLM (Tech Lead Manager) - Recommendation Systems (Homepage),"San Mateo, CA, United States",https://careers.roblox.com/jobs/8123084?gh_jid=8123084,8123084,3436560,nao,nova
greenhouse,roblox,Technical Director - AI Roblox Studio,"San Mateo, CA, United States",https://careers.roblox.com/jobs/8046794?gh_jid=8046794,8046794,3487669,nao,nova
greenhouse,roblox,"Technical Director, Content Platform","San Mateo, CA, United States",https://careers.roblox.com/jobs/7754152?gh_jid=7754152,7754152,3398722,nao,nova
greenhouse,roblox,"Technical Director, Roblox Studio","San Mateo, CA, United States",https://careers.roblox.com/jobs/8067424?gh_jid=8067424,8067424,3495669,nao,nova
greenhouse,roblox,Technical Sourcer (Short Term),"San Mateo, CA, United States",https://careers.roblox.com/jobs/8036991?gh_jid=8036991,8036991,3483798,nao,nova
greenhouse,roblox,User Researcher,"San Mateo, CA, United States",https://careers.roblox.com/jobs/8070133?gh_jid=8070133,8070133,3496677,nao,nova
greenhouse,roblox,"[2026] Senior Machine Learning Engineer (Systems), Embodied AI/NPCs, ML Platform - PhD Early Career","San Mateo, CA, United States",https://careers.roblox.com/jobs/8027588?gh_jid=8027588,8027588,3480026,nao,nova
greenhouse,roblox,"[2026] Senior Machine Learning Engineer (Systems), Embodied AI/NPCs, ML Platform - PhD Early Career","San Mateo, CA, United States",https://careers.roblox.com/jobs/8027587?gh_jid=8027587,8027587,3480026,nao,nova
greenhouse,roblox,"[2026] Senior Machine Learning Engineer, Recommendation Systems - PhD Early Career","San Mateo, CA, United States",https://careers.roblox.com/jobs/7350081?gh_jid=7350081,7350081,3278988,nao,nova
greenhouse,roblox,"[2027] Associate Product Designer, Early Career","San Mateo, CA, United States",https://careers.roblox.com/jobs/8143982?gh_jid=8143982,8143982,3524389,nao,nova
greenhouse,roblox,"[2027] Associate Product Manager, Early Career","San Mateo, CA, United States",https://careers.roblox.com/jobs/8143976?gh_jid=8143976,8143976,3524387,nao,nova
greenhouse,roblox,"[2027] Software Engineer, Early Career","San Mateo, CA, United States",https://careers.roblox.com/jobs/8072244?gh_jid=8072244,8072244,3497487,nao,nova
greenhouse,roblox,[Summer 2027] Product Design Intern,"San Mateo, CA, United States",https://careers.roblox.com/jobs/8143984?gh_jid=8143984,8143984,3524390,nao,nova
greenhouse,roblox,[Summer 2027] Product Management Intern,"San Mateo, CA, United States",https://careers.roblox.com/jobs/8143981?gh_jid=8143981,8143981,3524388,nao,nova
greenhouse,roblox,[Summer 2027] Software Engineer Intern,"San Mateo, CA, United States",https://careers.roblox.com/jobs/8072713?gh_jid=8072713,8072713,3497687,nao,nova
greenhouse,scopely,3D Artist - Monopoly GO!,"ES - Barcelona, Spain",https://job-boards.greenhouse.io/scopely/jobs/5398064008?gh_jid=5398064008,5398064008,4536495008,nao,JA-FEITO
greenhouse,scopely,AI  Artist (2D Generalist ) - Bingo Bash,"IN - Bangalore, India",https://job-boards.greenhouse.io/scopely/jobs/5372414008?gh_jid=5372414008,5372414008,4523504008,nao,nova
greenhouse,scopely,AI Data Specialist - Tokyo,"JP - Tokyo, Japan",https://job-boards.greenhouse.io/scopely/jobs/5395477008?gh_jid=5395477008,5395477008,4535174008,nao,nova
greenhouse,scopely,"AI Game Developer (Designer, Artist, Or Engineer)","US - Culver City, United States; US - United States",https://job-boards.greenhouse.io/scopely/jobs/5374032008?gh_jid=5374032008,5374032008,4524345008,nao,nova
greenhouse,scopely,Accounting Associate,"ES - Barcelona, Spain",https://job-boards.greenhouse.io/scopely/jobs/5406912008?gh_jid=5406912008,5406912008,4539554008,nao,nova
greenhouse,scopely,Accounting Associate,"ES - Barcelona, Spain",https://job-boards.greenhouse.io/scopely/jobs/5290844008?gh_jid=5290844008,5290844008,4502448008,nao,nova
greenhouse,scopely,Analytics Engineer,"ES - Barcelona, Spain",https://job-boards.greenhouse.io/scopely/jobs/4626426008?gh_jid=4626426008,4626426008,4216411008,nao,nova
greenhouse,scopely,Animation Lead,"ES - Barcelona, Spain",https://job-boards.greenhouse.io/scopely/jobs/5393063008?gh_jid=5393063008,5393063008,4533986008,nao,nova
greenhouse,scopely,Art Director,CH - China,https://job-boards.greenhouse.io/scopely/jobs/5407171008?gh_jid=5407171008,5407171008,4539674008,nao,nova
greenhouse,scopely,"Associate Counsel, Product & Privacy","ES - Barcelona, Spain",https://job-boards.greenhouse.io/scopely/jobs/5397052008?gh_jid=5397052008,5397052008,4535942008,nao,nova
greenhouse,scopely,Associate Global Mobility Partner,"ES - Barcelona, Spain",https://job-boards.greenhouse.io/scopely/jobs/5233319008?gh_jid=5233319008,5233319008,4481051008,nao,nova
greenhouse,scopely,Associate Product Manager,"ES - Barcelona, Spain",https://job-boards.greenhouse.io/scopely/jobs/5409500008?gh_jid=5409500008,5409500008,4540886008,nao,nova
greenhouse,scopely,Associate Product Marketing Manager- Monopoly Go!,"US - Culver City, United States",https://job-boards.greenhouse.io/scopely/jobs/5375411008?gh_jid=5375411008,5375411008,4525050008,nao,nova
greenhouse,scopely,Client Engineer,"CH - Shanghai, China",https://job-boards.greenhouse.io/scopely/jobs/5196204008?gh_jid=5196204008,5196204008,4463234008,nao,nova
greenhouse,scopely,Client Engineer,"ES - Barcelona, Spain",https://job-boards.greenhouse.io/scopely/jobs/5342840008?gh_jid=5342840008,5342840008,4513770008,nao,nova
greenhouse,scopely,Commercial Counsel,"US - Culver City, United States",https://job-boards.greenhouse.io/scopely/jobs/5221008008?gh_jid=5221008008,5221008008,4475090008,nao,nova
greenhouse,scopely,Creative Marketing Manager,"CH - Shanghai, China",https://job-boards.greenhouse.io/scopely/jobs/5276789008?gh_jid=5276789008,5276789008,4496378008,nao,nova
greenhouse,scopely,"Creative Production Manager, User Acquisition","MX - Mexico City, Mexico",https://job-boards.greenhouse.io/scopely/jobs/5238543008?gh_jid=5238543008,5238543008,4483517008,nao,nova
greenhouse,scopely,Creator Strategy & Growth Manager,"ES - Barcelona, Spain",https://job-boards.greenhouse.io/scopely/jobs/5398040008?gh_jid=5398040008,5398040008,4536483008,nao,nova
greenhouse,scopely,DEI Partner,"ES - Barcelona, Spain",https://job-boards.greenhouse.io/scopely/jobs/5180550008?gh_jid=5180550008,5180550008,4456122008,nao,nova
greenhouse,scopely,Data Analyst (CRM),"ES - Barcelona, Spain",https://job-boards.greenhouse.io/scopely/jobs/5212408008?gh_jid=5212408008,5212408008,4470836008,nao,nova
greenhouse,scopely,Data Analyst - MARVEL Strike Force,US - United States,https://job-boards.greenhouse.io/scopely/jobs/5301857008?gh_jid=5301857008,5301857008,4505179008,nao,nova
greenhouse,scopely,Data Analyst - MARVEL Strike Force,CA - Canada,https://job-boards.greenhouse.io/scopely/jobs/5397611008?gh_jid=5397611008,5397611008,4505179008,nao,nova
greenhouse,scopely,Data Governance Expert,"ES - Barcelona, Spain",https://job-boards.greenhouse.io/scopely/jobs/4980008008?gh_jid=4980008008,4980008008,4365099008,nao,nova
greenhouse,scopely,Director of Community - Unannounced Project,US - United States,https://job-boards.greenhouse.io/scopely/jobs/5400350008?gh_jid=5400350008,5400350008,4537674008,nao,nova
greenhouse,scopely,Director of Live Roadmap & Release Operations | MONOPOLY GO!,"ES - Barcelona, Spain",https://job-boards.greenhouse.io/scopely/jobs/5363713008?gh_jid=5363713008,5363713008,4329180008,nao,nova
greenhouse,scopely,Director of Marketing - Monster Hunter Now,"JP - Tokyo, Japan",https://job-boards.greenhouse.io/scopely/jobs/5021595008?gh_jid=5021595008,5021595008,4381206008,nao,nova
greenhouse,scopely,"Director of Marketing, North America - Pikmin Bloom","US - San Francisco, United States",https://job-boards.greenhouse.io/scopely/jobs/4981705008?gh_jid=4981705008,4981705008,4366002008,nao,nova
greenhouse,scopely,Director of Product,"CH - Shanghai, China",https://job-boards.greenhouse.io/scopely/jobs/4994957008?gh_jid=4994957008,4994957008,4372277008,nao,nova
greenhouse,scopely,Director of Product (Features) - Star Trek Fleet Command,"GB - London, United Kingdom",https://job-boards.greenhouse.io/scopely/jobs/5039429008?gh_jid=5039429008,5039429008,4390112008,nao,nova
greenhouse,scopely,Director of Product (Features) - Star Trek Fleet Command,"IE - Dublin, Ireland",https://job-boards.greenhouse.io/scopely/jobs/5390687008?gh_jid=5390687008,5390687008,4390112008,nao,nova
greenhouse,scopely,Director of Product (Features) - Star Trek Fleet Command,"ES - Barcelona, Spain",https://job-boards.greenhouse.io/scopely/jobs/5390680008?gh_jid=5390680008,5390680008,4390112008,nao,nova
greenhouse,scopely,Director of Product - Monopoly GO!,"ES - Barcelona, Spain",https://job-boards.greenhouse.io/scopely/jobs/5294094008?gh_jid=5294094008,5294094008,4503474008,nao,nova
greenhouse,scopely,"Director, Cloud Governance",CA - Canada; US - United States,https://job-boards.greenhouse.io/scopely/jobs/5352490008?gh_jid=5352490008,5352490008,4516130008,nao,nova
greenhouse,scopely,"Director, Legal Operations","US - Culver City, California, United States",https://job-boards.greenhouse.io/scopely/jobs/5414563008?gh_jid=5414563008,5414563008,4543297008,nao,nova
greenhouse,scopely,"Director, Performance Marketing","CH - Shanghai, China",https://job-boards.greenhouse.io/scopely/jobs/5281535008?gh_jid=5281535008,5281535008,4484026008,nao,nova
greenhouse,scopely,"Director, Performance Marketing -  Unannounced ARPG Mobile Game",US - United States,https://job-boards.greenhouse.io/scopely/jobs/5239651008?gh_jid=5239651008,5239651008,4484026008,nao,nova
greenhouse,scopely,"Director, Quality Assurance","US - Culver City, United States",https://job-boards.greenhouse.io/scopely/jobs/5383261008?gh_jid=5383261008,5383261008,4529081008,nao,nova
greenhouse,scopely,"Director, Senior Employment Counsel (Global)","ES - Barcelona, Spain",https://job-boards.greenhouse.io/scopely/jobs/5287064008?gh_jid=5287064008,5287064008,4500569008,nao,nova
greenhouse,scopely,Engineer Manager (Unity) - WWE Champions,"IN - Bangalore, India",https://job-boards.greenhouse.io/scopely/jobs/5347393008?gh_jid=5347393008,5347393008,4514857008,nao,nova
greenhouse,scopely,Engineering Manager,"ES - Barcelona, Spain",https://job-boards.greenhouse.io/scopely/jobs/5282364008?gh_jid=5282364008,5282364008,4498177008,nao,nova
greenhouse,scopely,Engineering Manager (Backend ) - WWE Champions,"IN - Bangalore, India",https://job-boards.greenhouse.io/scopely/jobs/5347395008?gh_jid=5347395008,5347395008,4514858008,nao,nova
greenhouse,scopely,"Engineering Manager, Client (Unity) - Unannounced Project","ES - Barcelona, Spain",https://job-boards.greenhouse.io/scopely/jobs/5414234008?gh_jid=5414234008,5414234008,4543119008,nao,nova
greenhouse,scopely,Executive Producer  - WWE Champions,"IN - Bangalore, India",https://job-boards.greenhouse.io/scopely/jobs/5320399008?gh_jid=5320399008,5320399008,4509353008,nao,nova
greenhouse,scopely,Executive Talent Acquisition and Operations Coordinator,"US - Culver City, United States",https://job-boards.greenhouse.io/scopely/jobs/5289461008?gh_jid=5289461008,5289461008,4501751008,nao,nova
greenhouse,scopely,Game Design Director - Star Trek Fleet Command,"ES - Barcelona, Spain",https://job-boards.greenhouse.io/scopely/jobs/5390693008?gh_jid=5390693008,5390693008,4463268008,nao,nova
greenhouse,scopely,Game Design Director - Star Trek Fleet Command,"IE - Dublin, Ireland",https://job-boards.greenhouse.io/scopely/jobs/5390694008?gh_jid=5390694008,5390694008,4463268008,nao,nova
greenhouse,scopely,Game Design Director - Star Trek Fleet Command,"GB - London, United Kingdom",https://job-boards.greenhouse.io/scopely/jobs/5196257008?gh_jid=5196257008,5196257008,4463268008,nao,nova
greenhouse,scopely,Game Designer - Wheel of Fortune!,"ES - Barcelona, Spain",https://job-boards.greenhouse.io/scopely/jobs/5404699008?gh_jid=5404699008,5404699008,4538493008,nao,nova
greenhouse,scopely,General Ledger Accountant,"ES - Barcelona, Spain",https://job-boards.greenhouse.io/scopely/jobs/5255568008?gh_jid=5255568008,5255568008,4489679008,nao,nova
greenhouse,scopely,General Manager - Monster Hunter Now,"JP - Tokyo, Japan",https://job-boards.greenhouse.io/scopely/jobs/5195469008?gh_jid=5195469008,5195469008,4462865008,nao,nova
greenhouse,scopely,Global Live Event Marketing Manager - Pikmin Bloom,"JP - Tokyo, Japan",https://job-boards.greenhouse.io/scopely/jobs/5215189008?gh_jid=5215189008,5215189008,4472322008,nao,nova
greenhouse,scopely,IT Support Technician,"ES - Seville, Spain",https://job-boards.greenhouse.io/scopely/jobs/5413582008?gh_jid=5413582008,5413582008,4542809008,nao,nova
greenhouse,scopely,Intern - Game Design (Slot),"IN - Bangalore, India",https://job-boards.greenhouse.io/scopely/jobs/5256167008?gh_jid=5256167008,5256167008,4489930008,nao,nova
greenhouse,scopely,Lead 3D Artist - Monopoly GO!,"ES - Barcelona, Spain",https://job-boards.greenhouse.io/scopely/jobs/5398038008?gh_jid=5398038008,5398038008,4536482008,nao,JA-FEITO
greenhouse,scopely,Lead Finance Analyst,"ES - Barcelona, Spain",https://job-boards.greenhouse.io/scopely/jobs/5386596008?gh_jid=5386596008,5386596008,4530725008,nao,nova
greenhouse,scopely,Lead Finance Analyst,"GB - London, United Kingdom",https://job-boards.greenhouse.io/scopely/jobs/5393200008?gh_jid=5393200008,5393200008,4530725008,nao,nova
greenhouse,scopely,Lead Game Capture Artist,"ES - Barcelona, Spain",https://job-boards.greenhouse.io/scopely/jobs/5395416008?gh_jid=5395416008,5395416008,4535139008,nao,nova
greenhouse,scopely,Lead Product Manager (Performance) - Star Trek Fleet Command,"IL - Tel Aviv, Israel",https://job-boards.greenhouse.io/scopely/jobs/5222107008?gh_jid=5222107008,5222107008,4475590008,nao,nova
greenhouse,scopely,Lead Product Manager - Star Trek Fleet Command,"IN - Bangalore, India",https://job-boards.greenhouse.io/scopely/jobs/5191999008?gh_jid=5191999008,5191999008,4461158008,nao,nova
greenhouse,scopely,Lead QA Engineer,"IN - Bangalore, India",https://job-boards.greenhouse.io/scopely/jobs/5371149008?gh_jid=5371149008,5371149008,4522855008,nao,nova
greenhouse,scopely,Lead Systems Designer - Star Trek Fleet Command,"ES - Barcelona, Spain",https://job-boards.greenhouse.io/scopely/jobs/5388806008?gh_jid=5388806008,5388806008,4526930008,nao,nova
greenhouse,scopely,Lead Systems Designer - Star Trek Fleet Command,"GB - London, United Kingdom",https://job-boards.greenhouse.io/scopely/jobs/5379017008?gh_jid=5379017008,5379017008,4526930008,nao,nova
greenhouse,scopely,Lead Systems Designer - Star Trek Fleet Command,"IE - Dublin, Ireland",https://job-boards.greenhouse.io/scopely/jobs/5388807008?gh_jid=5388807008,5388807008,4526930008,nao,nova
greenhouse,scopely,Lead Technical Artist,"CH - Shanghai, China",https://job-boards.greenhouse.io/scopely/jobs/5256146008?gh_jid=5256146008,5256146008,4489925008,nao,nova
greenhouse,scopely,Lead Technical Product Manager - MONOPOLY GO!,US - United States,https://job-boards.greenhouse.io/scopely/jobs/5380596008?gh_jid=5380596008,5380596008,4527742008,nao,nova
greenhouse,scopely,Lead UI Artist - MONOPOLY GO!,"ES - Barcelona, Spain",https://job-boards.greenhouse.io/scopely/jobs/5396799008?gh_jid=5396799008,5396799008,4535798008,nao,nova
greenhouse,scopely,Licensing Operations Coordinator,US - United States,https://job-boards.greenhouse.io/scopely/jobs/5407344008?gh_jid=5407344008,5407344008,4539760008,nao,nova
greenhouse,scopely,Licensing Operations Coordinator,CA - Canada,https://job-boards.greenhouse.io/scopely/jobs/5413072008?gh_jid=5413072008,5413072008,4539760008,nao,nova
greenhouse,scopely,Lighting and VFX Lead,"ES - Barcelona, Spain",https://job-boards.greenhouse.io/scopely/jobs/4592695008?gh_jid=4592695008,4592695008,4203913008,nao,nova
greenhouse,scopely,"Manager I, Performance Marketing",CA - Canada,https://job-boards.greenhouse.io/scopely/jobs/5193836008?gh_jid=5193836008,5193836008,4462031008,nao,nova
greenhouse,scopely,"Manager, CRM & Lifecycle","ES - Barcelona, Spain",https://job-boards.greenhouse.io/scopely/jobs/5395360008?gh_jid=5395360008,5395360008,4535106008,nao,nova
greenhouse,scopely,Marketing Intelligence & AI Automation Manager,"MX - Mexico City, Mexico",https://job-boards.greenhouse.io/scopely/jobs/5394541008?gh_jid=5394541008,5394541008,4534759008,nao,nova
greenhouse,scopely,Motion Designer Lead,"ES - Barcelona, Spain",https://job-boards.greenhouse.io/scopely/jobs/5397082008?gh_jid=5397082008,5397082008,4535959008,nao,nova
greenhouse,scopely,Partner Success Manager - Unannounced Project,"ES - Barcelona, Spain",https://job-boards.greenhouse.io/scopely/jobs/5343699008?gh_jid=5343699008,5343699008,4514019008,nao,nova
greenhouse,scopely,People Technology Project Manager,"ES - Barcelona, Spain",https://job-boards.greenhouse.io/scopely/jobs/5255594008?gh_jid=5255594008,5255594008,4489697008,nao,nova
greenhouse,scopely,Performance Marketing Director,"ES - Barcelona, Spain",https://job-boards.greenhouse.io/scopely/jobs/5282076008?gh_jid=5282076008,5282076008,4498046008,nao,nova
greenhouse,scopely,Performance Marketing Manager,"ES - Barcelona, Spain",https://job-boards.greenhouse.io/scopely/jobs/5216080008?gh_jid=5216080008,5216080008,4472808008,nao,nova
greenhouse,scopely,Playable Ads Developer_Flamed,"ES - Barcelona, Spain",https://job-boards.greenhouse.io/scopely/jobs/5323963008?gh_jid=5323963008,5323963008,4510066008,nao,nova
greenhouse,scopely,Player Services Representative,"IN - Bangalore, India",https://job-boards.greenhouse.io/scopely/jobs/5410401008?gh_jid=5410401008,5410401008,4541341008,nao,nova
greenhouse,scopely,Pokémon GO Game Producer - In-game Live Events,"JP - Tokyo, Japan",https://job-boards.greenhouse.io/scopely/jobs/5380382008?gh_jid=5380382008,5380382008,4470450008,nao,nova
greenhouse,scopely,Principal Software Engineer (Unity) - WWE Champions,"IN - Bangalore, India",https://job-boards.greenhouse.io/scopely/jobs/5347405008?gh_jid=5347405008,5347405008,4514863008,nao,nova
greenhouse,scopely,Principal Systems Designer,US - United States,https://job-boards.greenhouse.io/scopely/jobs/5406914008?gh_jid=5406914008,5406914008,4539555008,nao,nova
greenhouse,scopely,Principal Systems Designer,CA - Canada,https://job-boards.greenhouse.io/scopely/jobs/5413049008?gh_jid=5413049008,5413049008,4539555008,nao,nova
greenhouse,scopely,Principal UX designer - Monopoly GO!,"ES - Seville, Spain",https://job-boards.greenhouse.io/scopely/jobs/5294097008?gh_jid=5294097008,5294097008,4503476008,nao,nova
greenhouse,scopely,Producer - MONOPOLY GO!,"US - Culver City, California, United States",https://job-boards.greenhouse.io/scopely/jobs/5413351008?gh_jid=5413351008,5413351008,4541878008,nao,nova
greenhouse,scopely,Producer - MONOPOLY GO!,US - United States,https://job-boards.greenhouse.io/scopely/jobs/5411631008?gh_jid=5411631008,5411631008,4541878008,nao,nova
greenhouse,scopely,Product Manager Performance - Star Trek Fleet Command,"IN - Bangalore, India",https://job-boards.greenhouse.io/scopely/jobs/5180566008?gh_jid=5180566008,5180566008,4456130008,nao,nova
greenhouse,scopely,Product Marketing Manager - Star Trek,US - United States,https://job-boards.greenhouse.io/scopely/jobs/5380598008?gh_jid=5380598008,5380598008,4527743008,nao,nova
greenhouse,scopely,Product Marketing Manager - Star Trek,"GB - London, United Kingdom",https://job-boards.greenhouse.io/scopely/jobs/5389041008?gh_jid=5389041008,5389041008,4527743008,nao,nova
greenhouse,scopely,Product Marketing Manager - Star Trek,"ES - Barcelona, Spain",https://job-boards.greenhouse.io/scopely/jobs/5389044008?gh_jid=5389044008,5389044008,4527743008,nao,nova
greenhouse,scopely,Product Marketing Manager - Star Trek,"IE - Dublin, Ireland",https://job-boards.greenhouse.io/scopely/jobs/5389045008?gh_jid=5389045008,5389045008,4527743008,nao,nova
greenhouse,scopely,Product Marketing Manager- Monopoly Go!,"US - Culver City, United States",https://job-boards.greenhouse.io/scopely/jobs/5375407008?gh_jid=5375407008,5375407008,4525048008,nao,nova
greenhouse,scopely,Production Director – Seasonal Content,US - United States,https://job-boards.greenhouse.io/scopely/jobs/5364642008?gh_jid=5364642008,5364642008,4445370008,nao,nova
greenhouse,scopely,Production Director – Seasonal Content | MONOPOLY GO!,"ES - Barcelona, Spain",https://job-boards.greenhouse.io/scopely/jobs/5363714008?gh_jid=5363714008,5363714008,4445370008,nao,nova
greenhouse,scopely,Production Director – Seasonal Content | MONOPOLY GO!,GB - United Kingdom,https://job-boards.greenhouse.io/scopely/jobs/5157412008?gh_jid=5157412008,5157412008,4445370008,nao,nova
greenhouse,scopely,Senior 3D Artist - Monopoly GO!,"ES - Barcelona, Spain",https://job-boards.greenhouse.io/scopely/jobs/5398026008?gh_jid=5398026008,5398026008,4536474008,nao,JA-FEITO
greenhouse,scopely,Senior AI Engineer_FLAMED,"ES - Barcelona, Spain",https://job-boards.greenhouse.io/scopely/jobs/5342333008?gh_jid=5342333008,5342333008,4513644008,nao,nova
greenhouse,scopely,Senior Accounting Associate,"ES - Barcelona, Spain",https://job-boards.greenhouse.io/scopely/jobs/5255570008?gh_jid=5255570008,5255570008,4489680008,nao,nova
greenhouse,scopely,Senior Agentic AI Engineer - Gen AI,"IN - Bangalore, India",https://job-boards.greenhouse.io/scopely/jobs/5395775008?gh_jid=5395775008,5395775008,4535323008,nao,nova
greenhouse,scopely,Senior Analytics Engineer,"MX - Mexico City, Mexico",https://job-boards.greenhouse.io/scopely/jobs/5250464008?gh_jid=5250464008,5250464008,4487320008,nao,nova
greenhouse,scopely,Senior Analytics Engineer,"ES - Barcelona, Spain",https://job-boards.greenhouse.io/scopely/jobs/4596685008?gh_jid=4596685008,4596685008,4205625008,nao,nova
greenhouse,scopely,Senior Animator – MONOPOLY GO!,"ES - Barcelona, Spain",https://job-boards.greenhouse.io/scopely/jobs/5396208008?gh_jid=5396208008,5396208008,4535536008,nao,nova
greenhouse,scopely,"Senior CRM Manager, Star Trek Fleet Command","ES - Barcelona, Spain",https://job-boards.greenhouse.io/scopely/jobs/5212406008?gh_jid=5212406008,5212406008,4470835008,nao,nova
greenhouse,scopely,Senior Cloud Security Engineer,"US - Bellevue, United States",https://job-boards.greenhouse.io/scopely/jobs/5110280008?gh_jid=5110280008,5110280008,4422813008,nao,nova
greenhouse,scopely,Senior Combat Designer,"ES - Barcelona, Spain; GB - London, United Kingdom; IE - Dublin, Ireland",https://job-boards.greenhouse.io/scopely/jobs/5284001008?gh_jid=5284001008,5284001008,4498916008,nao,nova
greenhouse,scopely,Senior Community Manager - MARVEL Strike  Force,CA - Canada,https://job-boards.greenhouse.io/scopely/jobs/5382921008?gh_jid=5382921008,5382921008,4528908008,nao,nova
greenhouse,scopely,Senior Community Manager - MARVEL Strike Force,"MX - Mexico City, Mexico",https://job-boards.greenhouse.io/scopely/jobs/5398783008?gh_jid=5398783008,5398783008,4528908008,nao,nova
greenhouse,scopely,"Senior Data Scientist, Marketing","US - San Francisco, United States",https://job-boards.greenhouse.io/scopely/jobs/5234167008?gh_jid=5234167008,5234167008,4481444008,nao,nova
greenhouse,scopely,Senior Director of Community - New Game,US - United States,https://job-boards.greenhouse.io/scopely/jobs/5220555008?gh_jid=5220555008,5220555008,4474866008,nao,nova
greenhouse,scopely,"Senior Director of Product, Performance - Unannounced Title","CH - Shanghai, China",https://job-boards.greenhouse.io/scopely/jobs/5388771008?gh_jid=5388771008,5388771008,4506582008,nao,nova
greenhouse,scopely,"Senior Director of Product, Performance - Unannounced Title","US - Culver City, United States; US - United States",https://job-boards.greenhouse.io/scopely/jobs/5308474008?gh_jid=5308474008,5308474008,4506582008,nao,nova
greenhouse,scopely,"Senior Director of Product, Roadmap",CA - Canada; US - United States,https://job-boards.greenhouse.io/scopely/jobs/5287656008?gh_jid=5287656008,5287656008,4500880008,nao,nova
greenhouse,scopely,"Senior Director, Marketing – New Game Launch","ES - Barcelona, Spain",https://job-boards.greenhouse.io/scopely/jobs/5123217008?gh_jid=5123217008,5123217008,4429449008,nao,nova
greenhouse,scopely,"Senior Director, Product - Live Game (Pokémon GO)","US - San Francisco, United States",https://job-boards.greenhouse.io/scopely/jobs/4981697008?gh_jid=4981697008,4981697008,4365998008,nao,nova
greenhouse,scopely,Senior Economy Designer - Monster Hunter Now,"JP - Tokyo, Japan",https://job-boards.greenhouse.io/scopely/jobs/4981693008?gh_jid=4981693008,4981693008,4365996008,nao,nova
greenhouse,scopely,"Senior Engineer, Graphics - Unannounced Project","ES - Barcelona, Spain; ES - Spain; GB - United Kingdom; IE - Ireland; PT - Portugal",https://job-boards.greenhouse.io/scopely/jobs/5368795008?gh_jid=5368795008,5368795008,4521729008,nao,nova
greenhouse,scopely,Senior Game Producer - WWE Champions,"IN - Bangalore, India",https://job-boards.greenhouse.io/scopely/jobs/5298505008?gh_jid=5298505008,5298505008,4504414008,nao,nova
greenhouse,scopely,"Senior Manager, Global Compensation Programs","US - Culver City, California, United States",https://job-boards.greenhouse.io/scopely/jobs/5416591008?gh_jid=5416591008,5416591008,4486396008,nao,nova
greenhouse,scopely,"Senior Manager, Global Compensation Programs","US - San Francisco, United States",https://job-boards.greenhouse.io/scopely/jobs/5248500008?gh_jid=5248500008,5248500008,4486396008,nao,nova
greenhouse,scopely,Senior Marquee Talent Partner,"ES - Barcelona, Spain",https://job-boards.greenhouse.io/scopely/jobs/5350758008?gh_jid=5350758008,5350758008,4515721008,nao,nova
greenhouse,scopely,Senior Motion Designer,"ES - Barcelona, Spain",https://job-boards.greenhouse.io/scopely/jobs/5394587008?gh_jid=5394587008,5394587008,4534781008,nao,nova
greenhouse,scopely,Senior People Business Partner_Monopoly GO,"ES - Seville, Spain",https://job-boards.greenhouse.io/scopely/jobs/5352492008?gh_jid=5352492008,5352492008,4516131008,nao,nova
greenhouse,scopely,Senior Platform Engineer (Reliability) - Unannounced Project,ES - Spain; GB - United Kingdom; IE - Ireland; PT - Portugal,https://job-boards.greenhouse.io/scopely/jobs/5081833008?gh_jid=5081833008,5081833008,4409020008,nao,nova
greenhouse,scopely,Senior Producer,"ES - Barcelona, Spain",https://job-boards.greenhouse.io/scopely/jobs/5343533008?gh_jid=5343533008,5343533008,4513968008,nao,nova
greenhouse,scopely,Senior Producer - Star Trek Fleet Command,"ES - Barcelona, Spain",https://job-boards.greenhouse.io/scopely/jobs/5390702008?gh_jid=5390702008,5390702008,4461119008,nao,nova
greenhouse,scopely,Senior Producer - Star Trek Fleet Command,"GB - London, United Kingdom",https://job-boards.greenhouse.io/scopely/jobs/5191920008?gh_jid=5191920008,5191920008,4461119008,nao,nova
greenhouse,scopely,Senior Producer - Star Trek Fleet Command,"IE - Dublin, Ireland",https://job-boards.greenhouse.io/scopely/jobs/5390699008?gh_jid=5390699008,5390699008,4461119008,nao,nova
greenhouse,scopely,Senior Producer - WWE Champions,US - United States,https://job-boards.greenhouse.io/scopely/jobs/5283484008?gh_jid=5283484008,5283484008,4498654008,nao,nova
greenhouse,scopely,Senior Producer - WWE Champions,CA - Canada,https://job-boards.greenhouse.io/scopely/jobs/5398789008?gh_jid=5398789008,5398789008,4498654008,nao,nova
greenhouse,scopely,Senior Product Analyst - MONOPOLY GO!,"US - Culver City, United States",https://job-boards.greenhouse.io/scopely/jobs/5409516008?gh_jid=5409516008,5409516008,4540829008,nao,nova
greenhouse,scopely,Senior Product Analyst - MONOPOLY GO!,US - United States,https://job-boards.greenhouse.io/scopely/jobs/5409401008?gh_jid=5409401008,5409401008,4540829008,nao,nova
greenhouse,scopely,Senior Product Analyst - Stumble Guys!,"ES - Barcelona, Spain",https://job-boards.greenhouse.io/scopely/jobs/5285387008?gh_jid=5285387008,5285387008,4499713008,nao,nova
greenhouse,scopely,Senior Product Analyst - Stumble Guys!,"GB - Dundee, United Kingdom",https://job-boards.greenhouse.io/scopely/jobs/5384536008?gh_jid=5384536008,5384536008,4499713008,nao,nova
greenhouse,scopely,Senior Product Analyst - Stumble Guys!,"IL - Tel Aviv, Israel",https://job-boards.greenhouse.io/scopely/jobs/5384531008?gh_jid=5384531008,5384531008,4499713008,nao,nova
greenhouse,scopely,Senior Product Manager - Star Trek Fleet Command,"IN - Bangalore, India",https://job-boards.greenhouse.io/scopely/jobs/5323238008?gh_jid=5323238008,5323238008,4509887008,nao,nova
greenhouse,scopely,Senior Product Manager - Unannounced Project,"ES - Barcelona, Spain",https://job-boards.greenhouse.io/scopely/jobs/4662583008?gh_jid=4662583008,4662583008,4231418008,nao,nova
greenhouse,scopely,Senior Product Manager performance - Monopoly GO!,"ES - Barcelona, Spain",https://job-boards.greenhouse.io/scopely/jobs/5396883008?gh_jid=5396883008,5396883008,4535843008,nao,nova
greenhouse,scopely,Senior Product Marketing Manager - Pikmin Bloom,"JP - Tokyo, Japan",https://job-boards.greenhouse.io/scopely/jobs/5215191008?gh_jid=5215191008,5215191008,4472323008,nao,nova
greenhouse,scopely,Senior QA Engineer,"IN - Bangalore, India",https://job-boards.greenhouse.io/scopely/jobs/5399871008?gh_jid=5399871008,5399871008,4537422008,nao,nova
greenhouse,scopely,Senior Security Compliance Engineer,"ES - Barcelona, Spain",https://job-boards.greenhouse.io/scopely/jobs/5181482008?gh_jid=5181482008,5181482008,4456549008,nao,nova
greenhouse,scopely,"Senior Security Engineer, Software","CH - Zurich, Switzerland",https://job-boards.greenhouse.io/scopely/jobs/5250466008?gh_jid=5250466008,5250466008,4487321008,nao,nova
greenhouse,scopely,Senior Software Engineer (Game Development) - Pikmin Bloom,"JP - Tokyo, Japan",https://job-boards.greenhouse.io/scopely/jobs/5180929008?gh_jid=5180929008,5180929008,4456271008,nao,nova
greenhouse,scopely,Senior Software Engineer (Gaming Full Stack) - WWE Champions,US - United States,https://job-boards.greenhouse.io/scopely/jobs/5372408008?gh_jid=5372408008,5372408008,4523500008,nao,nova
greenhouse,scopely,Senior Software Engineer (Gaming Full Stack) - WWE Champions,CA - Canada,https://job-boards.greenhouse.io/scopely/jobs/5398786008?gh_jid=5398786008,5398786008,4523500008,nao,nova
greenhouse,scopely,Senior Software Engineer (Gaming Full Stack) - WWE Champions,"MX - Mexico City, Mexico",https://job-boards.greenhouse.io/scopely/jobs/5398787008?gh_jid=5398787008,5398787008,4523500008,nao,nova
greenhouse,scopely,Senior Software Engineer (Unity),"IN - Bangalore, India",https://job-boards.greenhouse.io/scopely/jobs/5360707008?gh_jid=5360707008,5360707008,4518075008,nao,nova
greenhouse,scopely,Senior Software Engineer (Unity) - WWE Champions,"IN - Bangalore, India",https://job-boards.greenhouse.io/scopely/jobs/5298507008?gh_jid=5298507008,5298507008,4504415008,nao,nova
greenhouse,scopely,"Senior Technical Director, Release Management & Automation (AI)","ES - Barcelona, Spain",https://job-boards.greenhouse.io/scopely/jobs/5238541008?gh_jid=5238541008,5238541008,4483516008,nao,nova
greenhouse,scopely,Senior Technology Auditor,"US - Culver City, California, United States",https://job-boards.greenhouse.io/scopely/jobs/5412856008?gh_jid=5412856008,5412856008,4542473008,nao,nova
greenhouse,scopely,Senior Test Platform & Reliability Engineer - Star Trek Fleet Command,"IE - Dublin, Ireland",https://job-boards.greenhouse.io/scopely/jobs/5347517008?gh_jid=5347517008,5347517008,4514883008,nao,nova
greenhouse,scopely,Senior UI Artist - MONOPOLY GO!,"ES - Barcelona, Spain",https://job-boards.greenhouse.io/scopely/jobs/5396797008?gh_jid=5396797008,5396797008,4535797008,nao,nova
greenhouse,scopely,Senior UX Designer - Monster Hunter Now,"JP - Tokyo, Japan",https://job-boards.greenhouse.io/scopely/jobs/5238547008?gh_jid=5238547008,5238547008,4483519008,nao,nova
greenhouse,scopely,Senior UX Designer - Star Trek Fleet Command,"ES - Barcelona, Spain",https://job-boards.greenhouse.io/scopely/jobs/5399532008?gh_jid=5399532008,5399532008,4537230008,nao,nova
greenhouse,scopely,Senior UX Designer - Star Trek Fleet Command,"IE - Dublin, Ireland",https://job-boards.greenhouse.io/scopely/jobs/5414911008?gh_jid=5414911008,5414911008,4537230008,nao,nova
greenhouse,scopely,Senior UX Designer - Star Trek Fleet Command,GB - United Kingdom,https://job-boards.greenhouse.io/scopely/jobs/5414912008?gh_jid=5414912008,5414912008,4537230008,nao,nova
greenhouse,scopely,Senior/Software Engineer,"ES - Barcelona, Spain",https://job-boards.greenhouse.io/scopely/jobs/4596752008?gh_jid=4596752008,4596752008,4205650008,nao,nova
greenhouse,scopely,Software Engineer (Unity),"IN - Bangalore, India",https://job-boards.greenhouse.io/scopely/jobs/5360705008?gh_jid=5360705008,5360705008,4518074008,nao,nova
greenhouse,scopely,Software Engineer - Data Infrastructure,"JP - Tokyo, Japan",https://job-boards.greenhouse.io/scopely/jobs/5395475008?gh_jid=5395475008,5395475008,4535173008,nao,nova
greenhouse,scopely,Software Engineer - Pokemon GO Platform,"MX - Mexico City, Mexico",https://job-boards.greenhouse.io/scopely/jobs/5261506008?gh_jid=5261506008,5261506008,4491330008,nao,nova
greenhouse,scopely,"Sr Manager CRM, Marvel Strike Force","ES - Barcelona, Spain",https://job-boards.greenhouse.io/scopely/jobs/5200216008?gh_jid=5200216008,5200216008,4464940008,nao,nova
greenhouse,scopely,Sr Marketing Artist,"ES - Barcelona, Spain",https://job-boards.greenhouse.io/scopely/jobs/5394718008?gh_jid=5394718008,5394718008,4534846008,nao,nova
greenhouse,scopely,Sr Motion Designer,"ES - Barcelona, Spain",https://job-boards.greenhouse.io/scopely/jobs/5393059008?gh_jid=5393059008,5393059008,4533983008,nao,nova
greenhouse,scopely,"Sr. Development Manager, LiveOps QA","ES - Barcelona, Spain",https://job-boards.greenhouse.io/scopely/jobs/5210907008?gh_jid=5210907008,5210907008,4470095008,nao,nova
greenhouse,scopely,Sr. Security Compliance Engineer,"ES - Barcelona, Spain",https://job-boards.greenhouse.io/scopely/jobs/5387038008?gh_jid=5387038008,5387038008,4456549008,nao,nova
greenhouse,scopely,Sr.Client Security Engineer,"CH - Shanghai, China",https://job-boards.greenhouse.io/scopely/jobs/5123830008?gh_jid=5123830008,5123830008,4429729008,nao,nova
greenhouse,scopely,"Staff Engineer, Server","ES - Barcelona, Spain",https://job-boards.greenhouse.io/scopely/jobs/4958835008?gh_jid=4958835008,4958835008,4355077008,nao,nova
greenhouse,scopely,Staff Software Engineer,"US - San Francisco, California, United States",https://job-boards.greenhouse.io/scopely/jobs/5416941008?gh_jid=5416941008,5416941008,4544565008,nao,nova
greenhouse,scopely,Talent Partner,"MX - Mexico City, Mexico",https://job-boards.greenhouse.io/scopely/jobs/5297910008?gh_jid=5297910008,5297910008,4504309008,nao,nova
greenhouse,scopely,Technical Artist - Yahtzee! With Buddies,"ES - Barcelona, Spain",https://job-boards.greenhouse.io/scopely/jobs/5406471008?gh_jid=5406471008,5406471008,4539303008,nao,nova
greenhouse,scopely,Technical Product Manager - Gen AI,"IN - Bangalore, India",https://job-boards.greenhouse.io/scopely/jobs/5151646008?gh_jid=5151646008,5151646008,4442479008,nao,nova
greenhouse,scopely,UI Artist - MONOPOLY GO!,"ES - Barcelona, Spain",https://job-boards.greenhouse.io/scopely/jobs/5396801008?gh_jid=5396801008,5396801008,4535799008,nao,nova
greenhouse,scopely,UX Designer - New Geolocation-Based Mobile Game,"JP - Tokyo, Japan",https://job-boards.greenhouse.io/scopely/jobs/4981766008?gh_jid=4981766008,4981766008,4366038008,nao,nova
greenhouse,scopely,UX Designer - Pokémon GO Platform,"MX - Mexico City, Mexico",https://job-boards.greenhouse.io/scopely/jobs/5394984008?gh_jid=5394984008,5394984008,4534964008,nao,nova
greenhouse,scopely,VIP Player Services Lead - Tiki Solitaire TriPeaks,CA - Canada,https://job-boards.greenhouse.io/scopely/jobs/5354199008?gh_jid=5354199008,5354199008,4516445008,nao,nova
greenhouse,sonyinteractiveentertainmentglobal,AI Engineer,"United States, San Diego, CA",https://job-boards.greenhouse.io/sonyinteractiveentertainmentglobal/jobs/6007946004,6007946004,5159536004,nao,nova
greenhouse,sonyinteractiveentertainmentglobal,Audio and UX Software Engineer,"United States, San Mateo, CA",https://job-boards.greenhouse.io/sonyinteractiveentertainmentglobal/jobs/6145057004,6145057004,5200895004,nao,nova
greenhouse,sonyinteractiveentertainmentglobal,Baseball Test Analyst,"United States, San Diego, CA",https://job-boards.greenhouse.io/sonyinteractiveentertainmentglobal/jobs/6015683004,6015683004,5163085004,nao,nova
greenhouse,sonyinteractiveentertainmentglobal,Brand Manager - Live Content and Seasonal Marketing,"United States, San Mateo, CA",https://job-boards.greenhouse.io/sonyinteractiveentertainmentglobal/jobs/6117167004,6117167004,5188002004,nao,nova
greenhouse,sonyinteractiveentertainmentglobal,Brand Manager Mobile Marketing (Contract),"United States, San Mateo, CA",https://job-boards.greenhouse.io/sonyinteractiveentertainmentglobal/jobs/6173052004,6173052004,5208306004,nao,nova
greenhouse,sonyinteractiveentertainmentglobal,"Business Development Manager, PlayStation Plus","United States, San Mateo, CA",https://job-boards.greenhouse.io/sonyinteractiveentertainmentglobal/jobs/5787448004,5787448004,5043885004,nao,nova
greenhouse,sonyinteractiveentertainmentglobal,"Change Management Specialist, Finance Transformation (Contract)","United States, Remote",https://job-boards.greenhouse.io/sonyinteractiveentertainmentglobal/jobs/6101909004,6101909004,5178928004,nao,nova
greenhouse,sonyinteractiveentertainmentglobal,Cloud Infrastructure & Platform Engineer,"United States, Madison, WI",https://job-boards.greenhouse.io/sonyinteractiveentertainmentglobal/jobs/6151556004,6151556004,5203893004,nao,nova
greenhouse,sonyinteractiveentertainmentglobal,"Commercial Manager, D2C - Change & Go-To-Market","United States, San Mateo, CA",https://job-boards.greenhouse.io/sonyinteractiveentertainmentglobal/jobs/6122462004,6122462004,5190504004,nao,nova
greenhouse,sonyinteractiveentertainmentglobal,Communications Insight Analyst,"United States, San Mateo, CA",https://job-boards.greenhouse.io/sonyinteractiveentertainmentglobal/jobs/6113803004,6113803004,5186403004,nao,nova
greenhouse,sonyinteractiveentertainmentglobal,Communications Specialist,"Australia, Sydney",https://job-boards.greenhouse.io/sonyinteractiveentertainmentglobal/jobs/6121693004,6121693004,5190155004,nao,nova
greenhouse,sonyinteractiveentertainmentglobal,Contract Senior Organic Growth Specialist,"United States, San Mateo, CA",https://job-boards.greenhouse.io/sonyinteractiveentertainmentglobal/jobs/6136862004,6136862004,5196617004,nao,nova
greenhouse,sonyinteractiveentertainmentglobal,Creative Manager,"Malaysia, Petaling Jaya",https://job-boards.greenhouse.io/sonyinteractiveentertainmentglobal/jobs/6104544004,6104544004,5180377004,nao,nova
greenhouse,sonyinteractiveentertainmentglobal,Creator Platform Operations & Governance Manager,"United States, San Mateo, CA",https://job-boards.greenhouse.io/sonyinteractiveentertainmentglobal/jobs/6108934004,6108934004,5182697004,nao,nova
greenhouse,sonyinteractiveentertainmentglobal,Data Center Strategy & Commercial Management Specialist,"United States, Austin, TX",https://job-boards.greenhouse.io/sonyinteractiveentertainmentglobal/jobs/6145943004,6145943004,4999860004,nao,nova
greenhouse,sonyinteractiveentertainmentglobal,Data Engineer (12 month Fixed term Contract),"United Kingdom, London",https://job-boards.greenhouse.io/sonyinteractiveentertainmentglobal/jobs/5823360004,5823360004,5061691004,nao,nova
greenhouse,sonyinteractiveentertainmentglobal,Data Engineer II,"United States, Aliso Viejo, CA",https://job-boards.greenhouse.io/sonyinteractiveentertainmentglobal/jobs/6147069004,6147069004,5202021004,nao,nova
greenhouse,sonyinteractiveentertainmentglobal,Data Scientist - Forecasting,"United Kingdom, London",https://job-boards.greenhouse.io/sonyinteractiveentertainmentglobal/jobs/5556304004,5556304004,4938433004,nao,nova
greenhouse,sonyinteractiveentertainmentglobal,"Data Scientist - Measurement, Experimentation & Causal Inference","United Kingdom, London",https://job-boards.greenhouse.io/sonyinteractiveentertainmentglobal/jobs/6116526004,6116526004,5187708004,nao,nova
greenhouse,sonyinteractiveentertainmentglobal,Data Scientist II - Decision Science,"United States, San Mateo, CA",https://job-boards.greenhouse.io/sonyinteractiveentertainmentglobal/jobs/6149266004,6149266004,5202904004,nao,nova
greenhouse,sonyinteractiveentertainmentglobal,"Data Scientist, D2C Data Science","United States, San Diego, CA",https://job-boards.greenhouse.io/sonyinteractiveentertainmentglobal/jobs/6006539004,6006539004,5159009004,nao,nova
greenhouse,sonyinteractiveentertainmentglobal,Design Director,"Canada, Montreal, QC",https://job-boards.greenhouse.io/sonyinteractiveentertainmentglobal/jobs/6098184004,6098184004,5177134004,nao,nova
greenhouse,sonyinteractiveentertainmentglobal,Development Strategy and Support Director,"United Kingdom, London",https://job-boards.greenhouse.io/sonyinteractiveentertainmentglobal/jobs/5792765004,5792765004,5046601004,nao,nova
greenhouse,sonyinteractiveentertainmentglobal,Director of Product Management,"United Kingdom, London",https://job-boards.greenhouse.io/sonyinteractiveentertainmentglobal/jobs/5970474004,5970474004,5142496004,nao,nova
greenhouse,sonyinteractiveentertainmentglobal,"Director, Client Partnerships","United States, San Mateo, CA",https://job-boards.greenhouse.io/sonyinteractiveentertainmentglobal/jobs/6113745004,6113745004,5186372004,nao,nova
greenhouse,sonyinteractiveentertainmentglobal,"Director, Data Science - Product Management","United States, San Mateo, CA",https://job-boards.greenhouse.io/sonyinteractiveentertainmentglobal/jobs/5985221004,5985221004,5148888004,nao,nova
greenhouse,sonyinteractiveentertainmentglobal,"Director, Legal - Privacy & Data (AMER)","United States, San Mateo, CA",https://job-boards.greenhouse.io/sonyinteractiveentertainmentglobal/jobs/5691936004,5691936004,4999259004,nao,nova
greenhouse,sonyinteractiveentertainmentglobal,"Director, Litigation EMEA","United Kingdom, London",https://job-boards.greenhouse.io/sonyinteractiveentertainmentglobal/jobs/6099375004,6099375004,5038207004,nao,nova
greenhouse,sonyinteractiveentertainmentglobal,"Director, Product Innovation","United States, San Mateo, CA",https://job-boards.greenhouse.io/sonyinteractiveentertainmentglobal/jobs/6136852004,6136852004,5196615004,nao,nova
greenhouse,sonyinteractiveentertainmentglobal,"Director, Program Management","United States, San Diego, CA",https://job-boards.greenhouse.io/sonyinteractiveentertainmentglobal/jobs/6145077004,6145077004,5200900004,nao,nova
greenhouse,sonyinteractiveentertainmentglobal,"Director, Resource Planning","United States, San Mateo, CA",https://job-boards.greenhouse.io/sonyinteractiveentertainmentglobal/jobs/6138052004,6138052004,5197227004,nao,nova
greenhouse,sonyinteractiveentertainmentglobal,"Director, Technical Program Management & Engineering Business Operations","United States, San Mateo, CA",https://job-boards.greenhouse.io/sonyinteractiveentertainmentglobal/jobs/6119797004,6119797004,5189531004,nao,nova
greenhouse,sonyinteractiveentertainmentglobal,Engineering Manager - Gaming Developer and Future Technology,"United Kingdom, London",https://job-boards.greenhouse.io/sonyinteractiveentertainmentglobal/jobs/6128865004,6128865004,5192857004,nao,nova
greenhouse,sonyinteractiveentertainmentglobal,"Events Specialist, Global Events & Activations","United States, San Mateo, CA",https://job-boards.greenhouse.io/sonyinteractiveentertainmentglobal/jobs/6145035004,6145035004,5200886004,nao,nova
greenhouse,sonyinteractiveentertainmentglobal,Executive Assistant 2,"United States, San Mateo, CA",https://job-boards.greenhouse.io/sonyinteractiveentertainmentglobal/jobs/6176308004,6176308004,5209390004,nao,nova
greenhouse,sonyinteractiveentertainmentglobal,Experience Strategy Manager,"United States, San Mateo, CA",https://job-boards.greenhouse.io/sonyinteractiveentertainmentglobal/jobs/6128632004,6128632004,5192718004,nao,nova
greenhouse,sonyinteractiveentertainmentglobal,"Fraud Strategist, Quantitative","United States, San Mateo, CA",https://job-boards.greenhouse.io/sonyinteractiveentertainmentglobal/jobs/5808176004,5808176004,5054100004,nao,nova
greenhouse,sonyinteractiveentertainmentglobal,General Manager,"United Kingdom, London",https://job-boards.greenhouse.io/sonyinteractiveentertainmentglobal/jobs/5800310004,5800310004,5050055004,nao,nova
greenhouse,sonyinteractiveentertainmentglobal,Graphics Programmer,"Netherlands, Utrecht",https://job-boards.greenhouse.io/sonyinteractiveentertainmentglobal/jobs/6143015004,6143015004,5199746004,nao,nova
greenhouse,sonyinteractiveentertainmentglobal,Growth Marketing & User Acquisition,"Canada, Waterloo, ON",https://job-boards.greenhouse.io/sonyinteractiveentertainmentglobal/jobs/6145065004,6145065004,5200897004,nao,nova
greenhouse,sonyinteractiveentertainmentglobal,Growth Strategy Manager,"United States, Los Angeles, CA",https://job-boards.greenhouse.io/sonyinteractiveentertainmentglobal/jobs/6104790004,6104790004,5180512004,nao,nova
greenhouse,sonyinteractiveentertainmentglobal,Hardware Fleet Operations Specialist,"United States, Aliso Viejo, CA",https://job-boards.greenhouse.io/sonyinteractiveentertainmentglobal/jobs/6150986004,6150986004,5188130004,nao,nova
greenhouse,sonyinteractiveentertainmentglobal,IT Support Coordinator (Contract Role),"United States, Los Angeles, CA",https://job-boards.greenhouse.io/sonyinteractiveentertainmentglobal/jobs/6117397004,6117397004,5188131004,nao,nova
greenhouse,sonyinteractiveentertainmentglobal,IT Support Specialist,"United States, Los Angeles, CA",https://job-boards.greenhouse.io/sonyinteractiveentertainmentglobal/jobs/6173572004,6173572004,5208454004,nao,nova
greenhouse,sonyinteractiveentertainmentglobal,IT Systems Analyst,"Ireland, Dublin",https://job-boards.greenhouse.io/sonyinteractiveentertainmentglobal/jobs/6134153004,6134153004,5195263004,nao,nova
greenhouse,sonyinteractiveentertainmentglobal,IT Systems Engineer - Active Directory,"Ireland, Dublin",https://job-boards.greenhouse.io/sonyinteractiveentertainmentglobal/jobs/6115744004,6115744004,5187404004,nao,nova
greenhouse,sonyinteractiveentertainmentglobal,International Media Manager – LATAM,"Brazil, Sao Paulo",https://job-boards.greenhouse.io/sonyinteractiveentertainmentglobal/jobs/6149262004,6149262004,5202903004,nao,nova
greenhouse,sonyinteractiveentertainmentglobal,Lead Analytics Engineer,"Canada, Remote",https://job-boards.greenhouse.io/sonyinteractiveentertainmentglobal/jobs/6140335004,6140335004,5198535004,nao,nova
greenhouse,sonyinteractiveentertainmentglobal,Lead Character Tools Engineer,"United States, Remote",https://job-boards.greenhouse.io/sonyinteractiveentertainmentglobal/jobs/6166111004,6166111004,5205832004,nao,nova
greenhouse,sonyinteractiveentertainmentglobal,"Manager, Software Engineering","United States, San Mateo, CA",https://job-boards.greenhouse.io/sonyinteractiveentertainmentglobal/jobs/6018465004,6018465004,5164509004,nao,nova
greenhouse,sonyinteractiveentertainmentglobal,"Manager, Software Engineering","United States, Madison, WI",https://job-boards.greenhouse.io/sonyinteractiveentertainmentglobal/jobs/6181191004,6181191004,5210785004,nao,nova
greenhouse,sonyinteractiveentertainmentglobal,"Manager, Software Engineering","United States, San Mateo, CA",https://job-boards.greenhouse.io/sonyinteractiveentertainmentglobal/jobs/6127233004,6127233004,5192079004,nao,nova
greenhouse,sonyinteractiveentertainmentglobal,"Manager, Software Engineering DevEx","United States, San Mateo, CA",https://job-boards.greenhouse.io/sonyinteractiveentertainmentglobal/jobs/5831551004,5831551004,5065723004,nao,nova
greenhouse,sonyinteractiveentertainmentglobal,"Manager, UX Design, Connect","United States, San Mateo, CA",https://job-boards.greenhouse.io/sonyinteractiveentertainmentglobal/jobs/6020465004,6020465004,5165526004,nao,nova
greenhouse,sonyinteractiveentertainmentglobal,"Marketing Director, Brand Culture","United States, San Mateo, CA",https://job-boards.greenhouse.io/sonyinteractiveentertainmentglobal/jobs/6113807004,6113807004,5186404004,nao,nova
greenhouse,sonyinteractiveentertainmentglobal,Network Planner Analyst,"Australia, Adelaide",https://job-boards.greenhouse.io/sonyinteractiveentertainmentglobal/jobs/6115730004,6115730004,5187400004,nao,nova
greenhouse,sonyinteractiveentertainmentglobal,Payments Analyst,"United States, San Diego, CA",https://job-boards.greenhouse.io/sonyinteractiveentertainmentglobal/jobs/6006527004,6006527004,5159006004,nao,nova
greenhouse,sonyinteractiveentertainmentglobal,People Experience Advisor - Italian Speaking (Inside IR35 Day Rate Contract - 6m),"United Kingdom, London",https://job-boards.greenhouse.io/sonyinteractiveentertainmentglobal/jobs/6151882004,6151882004,5203993004,nao,nova
greenhouse,sonyinteractiveentertainmentglobal,People Experience Consultant,"United Kingdom, London",https://job-boards.greenhouse.io/sonyinteractiveentertainmentglobal/jobs/6146073004,6146073004,5201525004,nao,nova
greenhouse,sonyinteractiveentertainmentglobal,People Technology Platform Engineer (Workday),"Ireland, Dublin",https://job-boards.greenhouse.io/sonyinteractiveentertainmentglobal/jobs/5981439004,5981439004,5146872004,nao,nova
greenhouse,sonyinteractiveentertainmentglobal,Physical Security Systems Analyst (12m Day Rate Contract - Inside IR35),"United Kingdom, London",https://job-boards.greenhouse.io/sonyinteractiveentertainmentglobal/jobs/6108930004,6108930004,5182696004,nao,nova
greenhouse,sonyinteractiveentertainmentglobal,Principal Wireless Protocol Architect/Engineer,"United States, San Mateo, CA",https://job-boards.greenhouse.io/sonyinteractiveentertainmentglobal/jobs/5530503004,5530503004,4925292004,nao,nova
greenhouse,sonyinteractiveentertainmentglobal,Product Manager,"Canada, Waterloo, ON",https://job-boards.greenhouse.io/sonyinteractiveentertainmentglobal/jobs/6147053004,6147053004,5202017004,nao,nova
greenhouse,sonyinteractiveentertainmentglobal,Product Marketing Manager,"United States, San Mateo, CA",https://job-boards.greenhouse.io/sonyinteractiveentertainmentglobal/jobs/6102750004,6102750004,5179508004,nao,nova
greenhouse,sonyinteractiveentertainmentglobal,Production Manager (Contract),"United States, San Mateo, CA",https://job-boards.greenhouse.io/sonyinteractiveentertainmentglobal/jobs/6178577004,6178577004,5209930004,nao,nova
greenhouse,sonyinteractiveentertainmentglobal,QA Sr Analyst (Contract),"United States, Los Angeles, CA",https://job-boards.greenhouse.io/sonyinteractiveentertainmentglobal/jobs/6115184004,6115184004,5187106004,nao,nova
greenhouse,sonyinteractiveentertainmentglobal,Sales Operations Senior Executive,"Singapore, Singapore",https://job-boards.greenhouse.io/sonyinteractiveentertainmentglobal/jobs/5988760004,5988760004,5150555004,nao,nova
greenhouse,sonyinteractiveentertainmentglobal,Security Analytics Engineer,"United Kingdom, London",https://job-boards.greenhouse.io/sonyinteractiveentertainmentglobal/jobs/6124253004,6124253004,5191630004,nao,nova
greenhouse,sonyinteractiveentertainmentglobal,Senior Analytics Engineer,"United Kingdom, London",https://job-boards.greenhouse.io/sonyinteractiveentertainmentglobal/jobs/5985600004,5985600004,5149043004,nao,nova
greenhouse,sonyinteractiveentertainmentglobal,Senior Associate Content Planning Manager,"United States, San Mateo, CA",https://job-boards.greenhouse.io/sonyinteractiveentertainmentglobal/jobs/6149272004,6149272004,5202906004,nao,nova
greenhouse,sonyinteractiveentertainmentglobal,Senior Business Systems Analyst - ServiceNow,"Ireland, Dublin",https://job-boards.greenhouse.io/sonyinteractiveentertainmentglobal/jobs/5976909004,5976909004,5144759004,nao,nova
greenhouse,sonyinteractiveentertainmentglobal,Senior Cinematic Animator (CONTRACT),"United States, Remote",https://job-boards.greenhouse.io/sonyinteractiveentertainmentglobal/jobs/6164400004,6164400004,5205584004,nao,nova
greenhouse,sonyinteractiveentertainmentglobal,Senior Cinematic Facial Animator (CONTRACT),"United States, Remote",https://job-boards.greenhouse.io/sonyinteractiveentertainmentglobal/jobs/6164734004,6164734004,5205681004,nao,nova
greenhouse,sonyinteractiveentertainmentglobal,Senior Commercial Manager,"Brazil, Sao Paulo",https://job-boards.greenhouse.io/sonyinteractiveentertainmentglobal/jobs/6104778004,6104778004,5180506004,nao,nova
greenhouse,sonyinteractiveentertainmentglobal,Senior Community Operation Manager,"United Kingdom, London",https://job-boards.greenhouse.io/sonyinteractiveentertainmentglobal/jobs/5792769004,5792769004,5046602004,nao,nova
greenhouse,sonyinteractiveentertainmentglobal,Senior Data Scientist,"United States, Los Angeles, CA",https://job-boards.greenhouse.io/sonyinteractiveentertainmentglobal/jobs/6115732004,6115732004,5187401004,nao,nova
greenhouse,sonyinteractiveentertainmentglobal,Senior Data Scientist -  Experimentation & Measurement,"United States, San Mateo, CA",https://job-boards.greenhouse.io/sonyinteractiveentertainmentglobal/jobs/5743956004,5743956004,5023146004,nao,nova
greenhouse,sonyinteractiveentertainmentglobal,Senior Data Scientist -  Experimentation & Measurement,"United States, San Diego, CA",https://job-boards.greenhouse.io/sonyinteractiveentertainmentglobal/jobs/5755168004,5755168004,5023146004,nao,nova
greenhouse,sonyinteractiveentertainmentglobal,"Senior Event Planner, Global Events & Activations","United States, San Mateo, CA",https://job-boards.greenhouse.io/sonyinteractiveentertainmentglobal/jobs/6145027004,6145027004,5200884004,nao,nova
greenhouse,sonyinteractiveentertainmentglobal,Senior Experience Planning & Merchandising Associate Manager,"United States, San Mateo, CA",https://job-boards.greenhouse.io/sonyinteractiveentertainmentglobal/jobs/6128646004,6128646004,5192722004,nao,nova
greenhouse,sonyinteractiveentertainmentglobal,Senior Finance Data Governance Consultant (Contract),"United States, Remote",https://job-boards.greenhouse.io/sonyinteractiveentertainmentglobal/jobs/6167071004,6167071004,5206146004,nao,nova
greenhouse,sonyinteractiveentertainmentglobal,"Senior Graphics Programmer, Mobile (iOS/Android)","United States, San Diego, CA",https://job-boards.greenhouse.io/sonyinteractiveentertainmentglobal/jobs/5849862004,5849862004,5074165004,nao,nova
greenhouse,sonyinteractiveentertainmentglobal,Senior IT Systems Engineer-Studio IT,"United States, Los Angeles, CA",https://job-boards.greenhouse.io/sonyinteractiveentertainmentglobal/jobs/5983598004,5983598004,5147989004,nao,nova
greenhouse,sonyinteractiveentertainmentglobal,"Senior Manager, Integration Engineering","Ireland, Dublin",https://job-boards.greenhouse.io/sonyinteractiveentertainmentglobal/jobs/6145085004,6145085004,5200902004,nao,nova
greenhouse,sonyinteractiveentertainmentglobal,"Senior Manager, Machine Learning","United Kingdom, London",https://job-boards.greenhouse.io/sonyinteractiveentertainmentglobal/jobs/5969849004,5969849004,5142162004,nao,nova
greenhouse,sonyinteractiveentertainmentglobal,"Senior Manager, Regional Security – Americas","United States, Los Angeles, CA",https://job-boards.greenhouse.io/sonyinteractiveentertainmentglobal/jobs/6122988004,6122988004,5157084004,nao,nova
greenhouse,sonyinteractiveentertainmentglobal,"Senior Manager, Regional Security – Americas","United States, San Diego, CA",https://job-boards.greenhouse.io/sonyinteractiveentertainmentglobal/jobs/6001333004,6001333004,5157084004,nao,nova
greenhouse,sonyinteractiveentertainmentglobal,"Senior Manager, Regional Security – Americas","United States, Aliso Viejo, CA",https://job-boards.greenhouse.io/sonyinteractiveentertainmentglobal/jobs/6122987004,6122987004,5157084004,nao,nova
greenhouse,sonyinteractiveentertainmentglobal,Senior Manufacturing Engineer,"Taiwan, Taipei City",https://job-boards.greenhouse.io/sonyinteractiveentertainmentglobal/jobs/5832064004,5832064004,5066014004,nao,nova
greenhouse,sonyinteractiveentertainmentglobal,"Senior Media Planner, Contract","United States, San Mateo, CA",https://job-boards.greenhouse.io/sonyinteractiveentertainmentglobal/jobs/6146030004,6146030004,5201508004,nao,nova
greenhouse,sonyinteractiveentertainmentglobal,Senior Optimization Programmer,"Netherlands, Utrecht",https://job-boards.greenhouse.io/sonyinteractiveentertainmentglobal/jobs/6142826004,6142826004,5199661004,nao,nova
greenhouse,sonyinteractiveentertainmentglobal,Senior Planning & Portfolio Program Manager,"United States, San Mateo, CA",https://job-boards.greenhouse.io/sonyinteractiveentertainmentglobal/jobs/5978895004,5978895004,5145762004,nao,nova
greenhouse,sonyinteractiveentertainmentglobal,Senior Producer (CONTRACT),"United States, Remote",https://job-boards.greenhouse.io/sonyinteractiveentertainmentglobal/jobs/6152603004,6152603004,5204062004,nao,nova
greenhouse,sonyinteractiveentertainmentglobal,Senior Product Analyst,"United States, Remote",https://job-boards.greenhouse.io/sonyinteractiveentertainmentglobal/jobs/5988338004,5988338004,5150343004,nao,nova
greenhouse,sonyinteractiveentertainmentglobal,Senior Product Manager,"United States, San Mateo, CA",https://job-boards.greenhouse.io/sonyinteractiveentertainmentglobal/jobs/6011556004,6011556004,5161281004,nao,nova
greenhouse,sonyinteractiveentertainmentglobal,Senior Product Manager,"United States, San Diego, CA",https://job-boards.greenhouse.io/sonyinteractiveentertainmentglobal/jobs/6006519004,6006519004,5159004004,nao,nova
greenhouse,sonyinteractiveentertainmentglobal,Senior Production Manager,"United States, San Mateo, CA",https://job-boards.greenhouse.io/sonyinteractiveentertainmentglobal/jobs/6178581004,6178581004,5209931004,nao,nova
greenhouse,sonyinteractiveentertainmentglobal,Senior Production Operations Engineer,"United States, San Diego, CA",https://job-boards.greenhouse.io/sonyinteractiveentertainmentglobal/jobs/6141158004,6141158004,5198907004,nao,nova
greenhouse,sonyinteractiveentertainmentglobal,Senior Service Reliability Engineer,"Germany, Berlin",https://job-boards.greenhouse.io/sonyinteractiveentertainmentglobal/jobs/5976661004,5976661004,5144608004,nao,nova
greenhouse,sonyinteractiveentertainmentglobal,Senior Software Development Engineer in Test,"United States, San Mateo, CA",https://job-boards.greenhouse.io/sonyinteractiveentertainmentglobal/jobs/6116646004,6116646004,5187774004,nao,nova
greenhouse,sonyinteractiveentertainmentglobal,Senior Software Engineer,"Ireland, Dublin",https://job-boards.greenhouse.io/sonyinteractiveentertainmentglobal/jobs/6176301004,6176301004,5209385004,nao,nova
greenhouse,sonyinteractiveentertainmentglobal,Senior Software Engineer,"United Kingdom, Liverpool",https://job-boards.greenhouse.io/sonyinteractiveentertainmentglobal/jobs/6017297004,6017297004,5163960004,nao,nova
greenhouse,sonyinteractiveentertainmentglobal,Senior Software Engineer,"United Kingdom, London",https://job-boards.greenhouse.io/sonyinteractiveentertainmentglobal/jobs/6021939004,6021939004,5163960004,nao,nova
greenhouse,sonyinteractiveentertainmentglobal,Senior Software Engineer,"United States, San Mateo, CA",https://job-boards.greenhouse.io/sonyinteractiveentertainmentglobal/jobs/6134777004,6134777004,5195581004,nao,nova
greenhouse,sonyinteractiveentertainmentglobal,Senior Software Engineer,"United States, San Mateo, CA",https://job-boards.greenhouse.io/sonyinteractiveentertainmentglobal/jobs/6104596004,6104596004,5180406004,nao,nova
greenhouse,sonyinteractiveentertainmentglobal,Senior Software Engineer (Platform Data Reliability & Automation),"United States, San Diego, CA",https://job-boards.greenhouse.io/sonyinteractiveentertainmentglobal/jobs/6030609004,6030609004,5172571004,nao,nova
greenhouse,sonyinteractiveentertainmentglobal,Senior Software Engineer - Cloud Streaming,"United States, Aliso Viejo, CA",https://job-boards.greenhouse.io/sonyinteractiveentertainmentglobal/jobs/6128873004,6128873004,5192859004,nao,nova
greenhouse,sonyinteractiveentertainmentglobal,Senior Software Engineer - Streaming & Systems,"United States, Aliso Viejo, CA",https://job-boards.greenhouse.io/sonyinteractiveentertainmentglobal/jobs/6128869004,6128869004,5192858004,nao,nova
greenhouse,sonyinteractiveentertainmentglobal,Senior Software Engineer / Software Developer (React Native),"Canada, Waterloo, ON",https://job-boards.greenhouse.io/sonyinteractiveentertainmentglobal/jobs/6126786004,6126786004,5190862004,nao,nova
greenhouse,sonyinteractiveentertainmentglobal,Senior Software Engineer Cloud Engineering (Contractor),"United States, Aliso Viejo, CA",https://job-boards.greenhouse.io/sonyinteractiveentertainmentglobal/jobs/6118761004,6118761004,5188961004,nao,nova
greenhouse,sonyinteractiveentertainmentglobal,Senior Software Engineer SDK,"United States, San Mateo, CA",https://job-boards.greenhouse.io/sonyinteractiveentertainmentglobal/jobs/5842559004,5842559004,5071017004,nao,nova
greenhouse,sonyinteractiveentertainmentglobal,"Senior Software Engineer, Audio Validation Systems","United Kingdom, London",https://job-boards.greenhouse.io/sonyinteractiveentertainmentglobal/jobs/6006523004,6006523004,5159005004,nao,nova
greenhouse,sonyinteractiveentertainmentglobal,Senior Software Engineer/ Software Developer (Backend),"Canada, Waterloo, ON",https://job-boards.greenhouse.io/sonyinteractiveentertainmentglobal/jobs/6145081004,6145081004,5200901004,nao,nova
greenhouse,sonyinteractiveentertainmentglobal,Senior Software Quality Engineer (Contract),"United States, San Mateo, CA",https://job-boards.greenhouse.io/sonyinteractiveentertainmentglobal/jobs/6115746004,6115746004,5187405004,nao,nova
greenhouse,sonyinteractiveentertainmentglobal,Senior Software Quality Engineer Contractor,"United States, San Mateo, CA",https://job-boards.greenhouse.io/sonyinteractiveentertainmentglobal/jobs/6147065004,6147065004,5202020004,nao,nova
greenhouse,sonyinteractiveentertainmentglobal,Senior Technical Designer,"United States, Santa Monica, CA",https://job-boards.greenhouse.io/sonyinteractiveentertainmentglobal/jobs/5983976004,5983976004,5146397004,nao,nova
greenhouse,sonyinteractiveentertainmentglobal,Senior Technical Gameplay Animator,"United States, Santa Monica, CA",https://job-boards.greenhouse.io/sonyinteractiveentertainmentglobal/jobs/5804428004,5804428004,4977575004,nao,nova
greenhouse,sonyinteractiveentertainmentglobal,Senior UI Tools Programmer (CONTRACT),"United States, San Diego, CA",https://job-boards.greenhouse.io/sonyinteractiveentertainmentglobal/jobs/6123410004,6123410004,5191035004,nao,nova
greenhouse,sonyinteractiveentertainmentglobal,"Senior/Staff Data Scientist - Measurement, Experimentation & Causal Inference","United Kingdom, London",https://job-boards.greenhouse.io/sonyinteractiveentertainmentglobal/jobs/6115736004,6115736004,5187402004,nao,nova
greenhouse,sonyinteractiveentertainmentglobal,Senior/Staff Software Engineer - Rendering API,"United Kingdom, London",https://job-boards.greenhouse.io/sonyinteractiveentertainmentglobal/jobs/5837061004,5837061004,5068616004,nao,nova
greenhouse,sonyinteractiveentertainmentglobal,Site Reliability Engineer,"Germany, Berlin",https://job-boards.greenhouse.io/sonyinteractiveentertainmentglobal/jobs/5976696004,5976696004,5144608004,nao,nova
greenhouse,sonyinteractiveentertainmentglobal,Site Reliability Engineer II,"United States, Aliso Viejo, CA",https://job-boards.greenhouse.io/sonyinteractiveentertainmentglobal/jobs/5843870004,5843870004,5071642004,nao,nova
greenhouse,sonyinteractiveentertainmentglobal,Software Development Engineer in Test,"United States, San Mateo, CA",https://job-boards.greenhouse.io/sonyinteractiveentertainmentglobal/jobs/6151890004,6151890004,5203995004,nao,nova
greenhouse,sonyinteractiveentertainmentglobal,Software Development Engineer in Test (Firmware and Driver SDET Contractor),"United States, San Mateo, CA",https://job-boards.greenhouse.io/sonyinteractiveentertainmentglobal/jobs/6120141004,6120141004,5152843004,nao,nova
greenhouse,sonyinteractiveentertainmentglobal,Software Development Engineer in Test Contractor (SDET Contractor),"United States, San Mateo, CA",https://job-boards.greenhouse.io/sonyinteractiveentertainmentglobal/jobs/6015203004,6015203004,5162875004,nao,nova
greenhouse,sonyinteractiveentertainmentglobal,Software Development Engineer in Test II,"United States, San Mateo, CA",https://job-boards.greenhouse.io/sonyinteractiveentertainmentglobal/jobs/5980025004,5980025004,5146300004,nao,nova
greenhouse,sonyinteractiveentertainmentglobal,Software Development Engineer in Test II - Contractor,"United States, San Mateo, CA",https://job-boards.greenhouse.io/sonyinteractiveentertainmentglobal/jobs/6145023004,6145023004,5200883004,nao,nova
greenhouse,sonyinteractiveentertainmentglobal,"Software Development Engineer in Test – 12-Month Contract | SQL, Snowflake & Databricks","Ireland, Dublin",https://job-boards.greenhouse.io/sonyinteractiveentertainmentglobal/jobs/6008595004,6008595004,5159904004,nao,nova
greenhouse,sonyinteractiveentertainmentglobal,"Software Development Engineer in Test, ML","United States, San Mateo, CA",https://job-boards.greenhouse.io/sonyinteractiveentertainmentglobal/jobs/5985245004,5985245004,5148893004,nao,nova
greenhouse,sonyinteractiveentertainmentglobal,Software Development Manager,"United Kingdom, Bristol",https://job-boards.greenhouse.io/sonyinteractiveentertainmentglobal/jobs/6017268004,6017268004,5163944004,nao,nova
greenhouse,sonyinteractiveentertainmentglobal,"Software Development Manager, Social Experiences","United States, San Diego, CA",https://job-boards.greenhouse.io/sonyinteractiveentertainmentglobal/jobs/6147061004,6147061004,5202019004,nao,nova
greenhouse,sonyinteractiveentertainmentglobal,Software Eng II,"Ireland, Dublin",https://job-boards.greenhouse.io/sonyinteractiveentertainmentglobal/jobs/6097843004,6097843004,5176973004,nao,nova
greenhouse,sonyinteractiveentertainmentglobal,Software Eng II,"Ireland, Dublin",https://job-boards.greenhouse.io/sonyinteractiveentertainmentglobal/jobs/5983553004,5983553004,5147972004,nao,nova
greenhouse,sonyinteractiveentertainmentglobal,Software Eng II,"Ireland, Dublin",https://job-boards.greenhouse.io/sonyinteractiveentertainmentglobal/jobs/6118765004,6118765004,5188962004,nao,nova
greenhouse,sonyinteractiveentertainmentglobal,Software Engineer,"Ireland, Dublin",https://job-boards.greenhouse.io/sonyinteractiveentertainmentglobal/jobs/6176297004,6176297004,5209383004,nao,nova
greenhouse,sonyinteractiveentertainmentglobal,Software Engineer - C#/Windows,"United Kingdom, London",https://job-boards.greenhouse.io/sonyinteractiveentertainmentglobal/jobs/5969132004,5969132004,5141775004,nao,nova
greenhouse,sonyinteractiveentertainmentglobal,Software Engineer - Frontend Development,"Ireland, Dublin",https://job-boards.greenhouse.io/sonyinteractiveentertainmentglobal/jobs/6122466004,6122466004,5190505004,nao,nova
greenhouse,sonyinteractiveentertainmentglobal,Software Engineer - Frontend/Full Stack,"Ireland, Dublin",https://job-boards.greenhouse.io/sonyinteractiveentertainmentglobal/jobs/5822183004,5822183004,5061035004,nao,nova
greenhouse,sonyinteractiveentertainmentglobal,Software Engineer I,"United States, San Mateo, CA",https://job-boards.greenhouse.io/sonyinteractiveentertainmentglobal/jobs/6104600004,6104600004,5180407004,nao,nova
greenhouse,sonyinteractiveentertainmentglobal,Software Engineer I SDK,"United States, San Mateo, CA",https://job-boards.greenhouse.io/sonyinteractiveentertainmentglobal/jobs/6119793004,6119793004,5189530004,nao,nova
greenhouse,sonyinteractiveentertainmentglobal,Software Engineer II,"United States, San Mateo, CA",https://job-boards.greenhouse.io/sonyinteractiveentertainmentglobal/jobs/6101023004,6101023004,5178533004,nao,nova
greenhouse,sonyinteractiveentertainmentglobal,Software Engineer II / Software Developer II (React Native),"Canada, Waterloo, ON",https://job-boards.greenhouse.io/sonyinteractiveentertainmentglobal/jobs/6134526004,6134526004,5190862004,nao,nova
greenhouse,sonyinteractiveentertainmentglobal,"Software Engineer II, Client Platform","United States, San Mateo, CA",https://job-boards.greenhouse.io/sonyinteractiveentertainmentglobal/jobs/6174379004,6174379004,5015322004,nao,nova
greenhouse,sonyinteractiveentertainmentglobal,Software Engineer II/ Software Developer (Backend),"Canada, Waterloo, ON",https://job-boards.greenhouse.io/sonyinteractiveentertainmentglobal/jobs/6145793004,6145793004,5200901004,nao,nova
greenhouse,sonyinteractiveentertainmentglobal,Software Engineering Manager,"Ireland, Dublin",https://job-boards.greenhouse.io/sonyinteractiveentertainmentglobal/jobs/5889415004,5889415004,5108874004,nao,nova
greenhouse,sonyinteractiveentertainmentglobal,Software QA Engineer,"United States, San Mateo, CA",https://job-boards.greenhouse.io/sonyinteractiveentertainmentglobal/jobs/6118771004,6118771004,5188964004,nao,nova
greenhouse,sonyinteractiveentertainmentglobal,"Sr Concept Artist, Environments","United States, Los Angeles, CA",https://job-boards.greenhouse.io/sonyinteractiveentertainmentglobal/jobs/6118327004,6118327004,5188591004,nao,JA-FEITO
greenhouse,sonyinteractiveentertainmentglobal,"Sr Director, Business Strategy and Planning","United States, San Mateo, CA",https://job-boards.greenhouse.io/sonyinteractiveentertainmentglobal/jobs/6138056004,6138056004,5197228004,nao,nova
greenhouse,sonyinteractiveentertainmentglobal,"Sr Director, Sound Design","United States, Remote",https://job-boards.greenhouse.io/sonyinteractiveentertainmentglobal/jobs/5988572004,5988572004,5150459004,nao,nova
greenhouse,sonyinteractiveentertainmentglobal,"Sr Manager, Fraud Operations, Investigations, & Grey Markets","United States, San Diego, CA",https://job-boards.greenhouse.io/sonyinteractiveentertainmentglobal/jobs/6162239004,6162239004,5204890004,nao,nova
greenhouse,sonyinteractiveentertainmentglobal,"Sr Manager, National Sales","Brazil, Sao Paulo",https://job-boards.greenhouse.io/sonyinteractiveentertainmentglobal/jobs/6108926004,6108926004,5182695004,nao,nova
greenhouse,sonyinteractiveentertainmentglobal,"Sr Software Development Engineer in Test, ML","United States, San Mateo, CA",https://job-boards.greenhouse.io/sonyinteractiveentertainmentglobal/jobs/5985253004,5985253004,5148895004,nao,nova
greenhouse,sonyinteractiveentertainmentglobal,Sr Software Eng,"Ireland, Dublin",https://job-boards.greenhouse.io/sonyinteractiveentertainmentglobal/jobs/5983551004,5983551004,5147971004,nao,nova
greenhouse,sonyinteractiveentertainmentglobal,Sr Software Engineer,"United States, San Mateo, CA",https://job-boards.greenhouse.io/sonyinteractiveentertainmentglobal/jobs/5996147004,5996147004,4978709004,nao,nova
greenhouse,sonyinteractiveentertainmentglobal,Sr. Account Manager,"United States, San Mateo, CA",https://job-boards.greenhouse.io/sonyinteractiveentertainmentglobal/jobs/6146034004,6146034004,5201509004,nao,nova
greenhouse,sonyinteractiveentertainmentglobal,"Sr. Director, Platform & Product Analytics","United States, San Mateo, CA",https://job-boards.greenhouse.io/sonyinteractiveentertainmentglobal/jobs/6104878004,6104878004,5180554004,nao,nova
greenhouse,sonyinteractiveentertainmentglobal,Sr. Machine Learning Engineer,"United Kingdom, London",https://job-boards.greenhouse.io/sonyinteractiveentertainmentglobal/jobs/5976950004,5976950004,5144777004,nao,nova
greenhouse,sonyinteractiveentertainmentglobal,Sr. Manager Finance Transformation,"United Kingdom, London",https://job-boards.greenhouse.io/sonyinteractiveentertainmentglobal/jobs/6101969004,6101969004,5178959004,nao,nova
greenhouse,sonyinteractiveentertainmentglobal,"Sr. Manager, Finance Transformation","United States, Remote",https://job-boards.greenhouse.io/sonyinteractiveentertainmentglobal/jobs/6101968004,6101968004,5178959004,nao,nova
greenhouse,sonyinteractiveentertainmentglobal,Sr. Software Development Engineer in Test,"United States, Austin, TX",https://job-boards.greenhouse.io/sonyinteractiveentertainmentglobal/jobs/6128006004,6128006004,5192414004,nao,nova
greenhouse,sonyinteractiveentertainmentglobal,"Sr. Software Development Engineer in Test, AI/ML","United States, San Mateo, CA",https://job-boards.greenhouse.io/sonyinteractiveentertainmentglobal/jobs/6009124004,6009124004,5160178004,nao,nova
greenhouse,sonyinteractiveentertainmentglobal,"Staff Business Analyst, PlayStation Store","United States, San Mateo, CA",https://job-boards.greenhouse.io/sonyinteractiveentertainmentglobal/jobs/5639568004,5639568004,4975851004,nao,nova
greenhouse,sonyinteractiveentertainmentglobal,Staff Data Science Product Manager,"United Kingdom, London",https://job-boards.greenhouse.io/sonyinteractiveentertainmentglobal/jobs/5988330004,5988330004,5150341004,nao,nova
greenhouse,sonyinteractiveentertainmentglobal,Staff Data Scientist -  Experimentation & Measurement,"United States, San Mateo, CA",https://job-boards.greenhouse.io/sonyinteractiveentertainmentglobal/jobs/5743955004,5743955004,5023146004,nao,nova
greenhouse,sonyinteractiveentertainmentglobal,Staff Data Scientist -  Experimentation & Measurement,"United States, Remote",https://job-boards.greenhouse.io/sonyinteractiveentertainmentglobal/jobs/5778928004,5778928004,5023146004,nao,nova
greenhouse,sonyinteractiveentertainmentglobal,Staff Machine Learning Engineer,"United Kingdom, London",https://job-boards.greenhouse.io/sonyinteractiveentertainmentglobal/jobs/6124257004,6124257004,5191631004,nao,nova
greenhouse,sonyinteractiveentertainmentglobal,Staff Production Operations Engineer,"United States, San Diego, CA",https://job-boards.greenhouse.io/sonyinteractiveentertainmentglobal/jobs/6139860004,6139860004,5198297004,nao,nova
greenhouse,sonyinteractiveentertainmentglobal,Staff Program Manager,"United States, San Diego, CA",https://job-boards.greenhouse.io/sonyinteractiveentertainmentglobal/jobs/5990749004,5990749004,5151834004,nao,nova
greenhouse,sonyinteractiveentertainmentglobal,"Staff Program Manager, Innovation Go-to-Market","United States, San Mateo, CA",https://job-boards.greenhouse.io/sonyinteractiveentertainmentglobal/jobs/5987531004,5987531004,5149877004,nao,nova
greenhouse,sonyinteractiveentertainmentglobal,Staff Software Development Engineer in Test,"United States, San Mateo, CA",https://job-boards.greenhouse.io/sonyinteractiveentertainmentglobal/jobs/6147950004,6147950004,5161266004,nao,nova
greenhouse,sonyinteractiveentertainmentglobal,Staff Software Engineer,"Canada, Waterloo, ON",https://job-boards.greenhouse.io/sonyinteractiveentertainmentglobal/jobs/6151886004,6151886004,5203994004,nao,nova
greenhouse,sonyinteractiveentertainmentglobal,Staff Software Engineer – Data,"United States, San Mateo, CA",https://job-boards.greenhouse.io/sonyinteractiveentertainmentglobal/jobs/6147288004,6147288004,5198909004,nao,nova
greenhouse,sonyinteractiveentertainmentglobal,Staff Software Engineer – Data,"United States, San Diego, CA",https://job-boards.greenhouse.io/sonyinteractiveentertainmentglobal/jobs/6141163004,6141163004,5198909004,nao,nova
greenhouse,sonyinteractiveentertainmentglobal,Staff Technical Program Manager,"United Kingdom, Bristol",https://job-boards.greenhouse.io/sonyinteractiveentertainmentglobal/jobs/6118767004,6118767004,5188963004,nao,nova
greenhouse,sonyinteractiveentertainmentglobal,Staff Technical Program Manager,"United Kingdom, London",https://job-boards.greenhouse.io/sonyinteractiveentertainmentglobal/jobs/6118817004,6118817004,5188963004,nao,nova
greenhouse,sonyinteractiveentertainmentglobal,Technical Account Manager,"Korea, Republic of, Seoul",https://job-boards.greenhouse.io/sonyinteractiveentertainmentglobal/jobs/6179015004,6179015004,5162878004,nao,nova
greenhouse,sonyinteractiveentertainmentglobal,Technical Account Manager II – Korean Game Partners,"United Kingdom, London",https://job-boards.greenhouse.io/sonyinteractiveentertainmentglobal/jobs/6015214004,6015214004,5162878004,nao,nova
greenhouse,sonyinteractiveentertainmentglobal,Technical Operations Support Analyst,"United States, Aliso Viejo, CA",https://job-boards.greenhouse.io/sonyinteractiveentertainmentglobal/jobs/6117388004,6117388004,5188128004,nao,nova
greenhouse,sonyinteractiveentertainmentglobal,Technical Planning Analytics Analyst (Contract),"United States, Remote",https://job-boards.greenhouse.io/sonyinteractiveentertainmentglobal/jobs/6142044004,6142044004,5199332004,nao,nova
greenhouse,sonyinteractiveentertainmentglobal,Technical Program Management (Contract),"United States, San Mateo, CA",https://job-boards.greenhouse.io/sonyinteractiveentertainmentglobal/jobs/6118745004,6118745004,5188957004,nao,nova
greenhouse,sonyinteractiveentertainmentglobal,Technical Program Management (Contract),"United States, San Mateo, CA",https://job-boards.greenhouse.io/sonyinteractiveentertainmentglobal/jobs/6118741004,6118741004,5188956004,nao,nova
greenhouse,sonyinteractiveentertainmentglobal,Video Producer,"United Kingdom, London",https://job-boards.greenhouse.io/sonyinteractiveentertainmentglobal/jobs/6128642004,6128642004,5192721004,nao,nova
greenhouse,sonypicturesanimation,Post Production Supervisor - Features,"Los Angeles, California, United States",https://job-boards.greenhouse.io/sonypicturesanimation/jobs/7984617003,7984617003,5881536003,nao,nova
greenhouse,sonypicturesanimation,Story Artist - Feature,"Los Angeles, California, United States",https://job-boards.greenhouse.io/sonypicturesanimation/jobs/7929939003,7929939003,5854718003,nao,nova
greenhouse,sonypicturesimageworks,Animateur / Animator,"Montréal, Quebec, Canada",https://job-boards.greenhouse.io/sonypicturesimageworks/jobs/5357899003,5357899003,4238961003,nao,nova
greenhouse,sonypicturesimageworks,Animateur d’expérience / Experienced Animator,"Montréal, Quebec, Canada",https://job-boards.greenhouse.io/sonypicturesimageworks/jobs/5357922003,5357922003,4238961003,nao,nova
greenhouse,sonypicturesimageworks,Animation TD,"Vancouver, British Columbia, Canada",https://job-boards.greenhouse.io/sonypicturesimageworks/jobs/7767516003,7767516003,5778895003,nao,nova
greenhouse,sonypicturesimageworks,Animator,"Vancouver, British Columbia, Canada",https://job-boards.greenhouse.io/sonypicturesimageworks/jobs/4356606003,4356606003,4238961003,nao,nova
greenhouse,sonypicturesimageworks,Artiste d'assemblage de scènes / Scene Assembly Artist,"Montréal, Quebec, Canada",https://job-boards.greenhouse.io/sonypicturesimageworks/jobs/7641573003,7641573003,5722405003,nao,nova
greenhouse,sonypicturesimageworks,Associate Technical Director (ATD),"Vancouver, British Columbia, Canada",https://job-boards.greenhouse.io/sonypicturesimageworks/jobs/7120254003,7120254003,5304615003,nao,nova
greenhouse,sonypicturesimageworks,Associé(e) directeur(trice) technique en animation (ATD Animation),"Montréal, Quebec, Canada",https://job-boards.greenhouse.io/sonypicturesimageworks/jobs/7767518003,7767518003,5778895003,nao,nova
greenhouse,sonypicturesimageworks,CFX Pipeline Tech,"Vancouver, British Columbia, Canada",https://job-boards.greenhouse.io/sonypicturesimageworks/jobs/7598348003,7598348003,5632629003,nao,nova
greenhouse,sonypicturesimageworks,Chef(fe) du département d’animation / Head of Department - Animation,"Montréal, Quebec, Canada",https://job-boards.greenhouse.io/sonypicturesimageworks/jobs/7776747003,7776747003,5782097003,nao,nova
greenhouse,sonypicturesimageworks,Compositeur / Compositor,"Montréal, Quebec, Canada",https://job-boards.greenhouse.io/sonypicturesimageworks/jobs/5357950003,5357950003,4243508003,nao,nova
greenhouse,sonypicturesimageworks,Compositeur d’expérience / Experienced Compositor,"Montréal, Quebec, Canada",https://job-boards.greenhouse.io/sonypicturesimageworks/jobs/5357955003,5357955003,4243508003,nao,nova
greenhouse,sonypicturesimageworks,Compositor,"Vancouver, British Columbia, Canada",https://job-boards.greenhouse.io/sonypicturesimageworks/jobs/4363718003,4363718003,4243508003,nao,nova
greenhouse,sonypicturesimageworks,Content Security & Compliance Engineer,"Vancouver, British Columbia, Canada",https://job-boards.greenhouse.io/sonypicturesimageworks/jobs/7819606003,7819606003,5801854003,nao,nova
greenhouse,sonypicturesimageworks,"Coordonnateur(trice) de production, intermédiaire/ Production Coordinator, Intermediate","Montréal, Quebec, Canada",https://job-boards.greenhouse.io/sonypicturesimageworks/jobs/7726788003,7726788003,5761276003,nao,nova
greenhouse,sonypicturesimageworks,Directeur(trice) technique de pipeline – niveau expérimenté / Experienced Pipeline TD,"Montréal, Quebec, Canada",https://job-boards.greenhouse.io/sonypicturesimageworks/jobs/7619090003,7619090003,4243555003,nao,nova
greenhouse,sonypicturesimageworks,Développeur(euse) logiciel  - Simulation (Houdini) / Simulation (Houdini) - Senior Technical Developer,"Montréal, Quebec, Canada",https://job-boards.greenhouse.io/sonypicturesimageworks/jobs/7626867003,7626867003,5716886003,nao,nova
greenhouse,sonypicturesimageworks,Développeur(euse) logiciel senior – d’applications  // Senior Software Developer  –Application,"Montréal, Quebec, Canada",https://job-boards.greenhouse.io/sonypicturesimageworks/jobs/7691215003,7691215003,5746924003,nao,nova
greenhouse,sonypicturesimageworks,Experienced Animator,"Vancouver, British Columbia, Canada",https://job-boards.greenhouse.io/sonypicturesimageworks/jobs/4363701003,4363701003,4238961003,nao,nova
greenhouse,sonypicturesimageworks,Experienced Compositor,"Vancouver, British Columbia, Canada",https://job-boards.greenhouse.io/sonypicturesimageworks/jobs/4363719003,4363719003,4243508003,nao,nova
greenhouse,sonypicturesimageworks,Experienced FX Artist,"Vancouver, British Columbia, Canada",https://job-boards.greenhouse.io/sonypicturesimageworks/jobs/4363728003,4363728003,4243514003,nao,nova
greenhouse,sonypicturesimageworks,Experienced Layout Artist,"Vancouver, British Columbia, Canada",https://job-boards.greenhouse.io/sonypicturesimageworks/jobs/4363736003,4363736003,4243521003,nao,nova
greenhouse,sonypicturesimageworks,Experienced Lighter,"Vancouver, British Columbia, Canada",https://job-boards.greenhouse.io/sonypicturesimageworks/jobs/4363740003,4363740003,4243525003,nao,nova
greenhouse,sonypicturesimageworks,Experienced Matte Painter,"Vancouver, British Columbia, Canada",https://job-boards.greenhouse.io/sonypicturesimageworks/jobs/4363744003,4363744003,4243527003,nao,nova
greenhouse,sonypicturesimageworks,Experienced Pipeline TD,"Vancouver, British Columbia, Canada",https://job-boards.greenhouse.io/sonypicturesimageworks/jobs/4363786003,4363786003,4243555003,nao,nova
greenhouse,sonypicturesimageworks,Experienced Rigger,"Vancouver, British Columbia, Canada",https://job-boards.greenhouse.io/sonypicturesimageworks/jobs/4363794003,4363794003,4243559003,nao,nova
greenhouse,sonypicturesimageworks,Expression of Interest,"Los Angeles, California, United States; Montréal, Quebec, Canada; Vancouver, British Columbia, Canada",https://job-boards.greenhouse.io/sonypicturesimageworks/jobs/4551278003,4551278003,4344569003,nao,JA-FEITO
greenhouse,sonypicturesimageworks,Expression of Interest - CG Supervisor,"Vancouver, British Columbia, Canada",https://job-boards.greenhouse.io/sonypicturesimageworks/jobs/7980975003,7980975003,5879956003,nao,nova
greenhouse,sonypicturesimageworks,Expression of Interest - Production,Canada,https://job-boards.greenhouse.io/sonypicturesimageworks/jobs/6060207003,6060207003,4984490003,nao,nova
greenhouse,sonypicturesimageworks,FX Artist,"Vancouver, British Columbia, Canada",https://job-boards.greenhouse.io/sonypicturesimageworks/jobs/4363727003,4363727003,4243514003,nao,nova
greenhouse,sonypicturesimageworks,Head of Department - Animation,"Vancouver, British Columbia, Canada",https://job-boards.greenhouse.io/sonypicturesimageworks/jobs/7775117003,7775117003,5782097003,nao,nova
greenhouse,sonypicturesimageworks,Layout Artist,"Vancouver, British Columbia, Canada",https://job-boards.greenhouse.io/sonypicturesimageworks/jobs/4363735003,4363735003,4243521003,nao,nova
greenhouse,sonypicturesimageworks,Lighter,"Vancouver, British Columbia, Canada",https://job-boards.greenhouse.io/sonypicturesimageworks/jobs/4363739003,4363739003,4243525003,nao,nova
greenhouse,sonypicturesimageworks,Look of Picture Technical Director (LOP TD),"Vancouver, British Columbia, Canada",https://job-boards.greenhouse.io/sonypicturesimageworks/jobs/7832435003,7832435003,5807542003,nao,nova
greenhouse,sonypicturesimageworks,Matte Painter,"Vancouver, British Columbia, Canada",https://job-boards.greenhouse.io/sonypicturesimageworks/jobs/4363743003,4363743003,4243527003,nao,nova
greenhouse,sonypicturesimageworks,Pipeline TD,"Vancouver, British Columbia, Canada",https://job-boards.greenhouse.io/sonypicturesimageworks/jobs/4363785003,4363785003,4243555003,nao,nova
greenhouse,sonypicturesimageworks,Production Coordinator Sr,"Montréal, Quebec, Canada",https://job-boards.greenhouse.io/sonypicturesimageworks/jobs/5901839003,5901839003,4914889003,nao,nova
greenhouse,sonypicturesimageworks,"Production Coordinator, Intermediate","Vancouver, British Columbia, Canada",https://job-boards.greenhouse.io/sonypicturesimageworks/jobs/5901865003,5901865003,4914905003,nao,nova
greenhouse,sonypicturesimageworks,"Production Coordinator, Senior","Vancouver, British Columbia, Canada",https://job-boards.greenhouse.io/sonypicturesimageworks/jobs/6093444003,6093444003,4998251003,nao,nova
greenhouse,sonypicturesimageworks,Production Services Technician (PST),"Vancouver, British Columbia, Canada",https://job-boards.greenhouse.io/sonypicturesimageworks/jobs/4413227003,4413227003,4272261003,nao,nova
greenhouse,sonypicturesimageworks,Rigger,"Vancouver, British Columbia, Canada",https://job-boards.greenhouse.io/sonypicturesimageworks/jobs/4363793003,4363793003,4243559003,nao,nova
greenhouse,sonypicturesimageworks,Scene Assembly Artist,"Vancouver, British Columbia, Canada",https://job-boards.greenhouse.io/sonypicturesimageworks/jobs/7641160003,7641160003,5722405003,nao,nova
greenhouse,sonypicturesimageworks,"Senior Software Engineer, Application","Vancouver, British Columbia, Canada",https://job-boards.greenhouse.io/sonypicturesimageworks/jobs/7679410003,7679410003,5739834003,nao,nova
greenhouse,sonypicturesimageworks,Simulation (Houdini) - Technical Engineer,"Vancouver, British Columbia, Canada",https://job-boards.greenhouse.io/sonypicturesimageworks/jobs/7626940003,7626940003,5716920003,nao,nova
greenhouse,sonypicturesimageworks,Éclairagiste / Lighter - Montreal,"Montréal, Quebec, Canada",https://job-boards.greenhouse.io/sonypicturesimageworks/jobs/5357979003,5357979003,4243525003,nao,nova
greenhouse,sonypicturesimageworks,Éclairagiste d’expérience - Experienced Lighter - Montreal,"Montréal, Quebec, Canada",https://job-boards.greenhouse.io/sonypicturesimageworks/jobs/5357980003,5357980003,4243525003,nao,nova
greenhouse,swayboxstudios,Compositing Supervisor,"New Orleans, LA",https://job-boards.greenhouse.io/swayboxstudios/jobs/4181768009,4181768009,4105256009,nao,nova
greenhouse,swayboxstudios,Costumer,"New Orleans, LA",https://job-boards.greenhouse.io/swayboxstudios/jobs/4002647009,4002647009,4002246009,nao,nova
greenhouse,swayboxstudios,Graphic Designer - Fabric Print Tech,"New Orleans, LA",https://job-boards.greenhouse.io/swayboxstudios/jobs/4002036009,4002036009,4001809009,nao,nova
greenhouse,swayboxstudios,Houdini Technical Director,"New Orleans, LA",https://job-boards.greenhouse.io/swayboxstudios/jobs/4354389009,4354389009,4206217009,nao,nova
greenhouse,swayboxstudios,Lead 3D Tracking Artist,"New Orleans, LA",https://job-boards.greenhouse.io/swayboxstudios/jobs/4354674009,4354674009,4206355009,nao,nova
greenhouse,swayboxstudios,Lead Compositing Artist,"New Orleans, LA",https://job-boards.greenhouse.io/swayboxstudios/jobs/4181791009,4181791009,4105278009,nao,nova
greenhouse,swayboxstudios,Lead Render Wrangler,"New Orleans, LA",https://job-boards.greenhouse.io/swayboxstudios/jobs/4390562009,4390562009,4226366009,nao,nova
greenhouse,swayboxstudios,Unreal Technical Artist,"New Orleans, LA",https://job-boards.greenhouse.io/swayboxstudios/jobs/4376517009,4376517009,4217507009,nao,nova
greenhouse,tripledotstudios,2D Artist,Jakarta,https://job-boards.eu.greenhouse.io/tripledotstudios/jobs/4870239101,4870239101,4472681101,nao,nova
greenhouse,tripledotstudios,Community Manager,Jakarta,https://job-boards.eu.greenhouse.io/tripledotstudios/jobs/4943845101,4943845101,4508222101,nao,nova
greenhouse,tripledotstudios,Copy of Senior Ad Monetisation Analyst,Limassol,https://job-boards.eu.greenhouse.io/tripledotstudios/jobs/4962299101,4962299101,4512803101,nao,nova
greenhouse,tripledotstudios,Data Engineer,Barcelona,https://job-boards.eu.greenhouse.io/tripledotstudios/jobs/4941466101,4941466101,4507197101,nao,nova
greenhouse,tripledotstudios,Data Engineer,Warsaw,https://job-boards.eu.greenhouse.io/tripledotstudios/jobs/4965121101,4965121101,4517663101,nao,nova
greenhouse,tripledotstudios,Data Scientist,Jakarta,https://job-boards.eu.greenhouse.io/tripledotstudios/jobs/4939207101,4939207101,4506177101,nao,nova
greenhouse,tripledotstudios,Data Scientist,London,https://job-boards.eu.greenhouse.io/tripledotstudios/jobs/4953254101,4953254101,4506177101,nao,nova
greenhouse,tripledotstudios,DevOps Engineer & IT Operations Engineer,Jakarta,https://job-boards.eu.greenhouse.io/tripledotstudios/jobs/4960157101,4960157101,4515396101,nao,nova
greenhouse,tripledotstudios,Early Careers Talent Partner,Jakarta,https://job-boards.eu.greenhouse.io/tripledotstudios/jobs/4835161101,4835161101,4454812101,nao,nova
greenhouse,tripledotstudios,Game Balance Designer (temporary 3-month contract),Limassol,https://job-boards.eu.greenhouse.io/tripledotstudios/jobs/4919894101,4919894101,4497557101,nao,nova
greenhouse,tripledotstudios,Game Designer (Hybrid Casual),Limassol,https://job-boards.eu.greenhouse.io/tripledotstudios/jobs/4945678101,4945678101,4508386101,nao,nova
greenhouse,tripledotstudios,Game Designer (Hybrid Casual),Warsaw,https://job-boards.eu.greenhouse.io/tripledotstudios/jobs/4963495101,4963495101,4508386101,nao,nova
greenhouse,tripledotstudios,Game Designer (Hybrid Casual),Tblisi,https://job-boards.eu.greenhouse.io/tripledotstudios/jobs/4944288101,4944288101,4508386101,nao,nova
greenhouse,tripledotstudios,Game Designer (Hybrid Casual),Minsk,https://job-boards.eu.greenhouse.io/tripledotstudios/jobs/4944287101,4944287101,4508386101,nao,nova
greenhouse,tripledotstudios,Game Designer - Lion Studios,Remote Europe,https://job-boards.eu.greenhouse.io/tripledotstudios/jobs/4965778101,4965778101,4513557101,nao,nova
greenhouse,tripledotstudios,Game Designer - Lion Studios,Berlin,https://job-boards.eu.greenhouse.io/tripledotstudios/jobs/4955732101,4955732101,4513557101,nao,nova
greenhouse,tripledotstudios,Game Market Analyst - Lion Studios,Berlin,https://job-boards.eu.greenhouse.io/tripledotstudios/jobs/4954095101,4954095101,4512956101,nao,nova
greenhouse,tripledotstudios,HR Operations Manager,Tel Aviv,https://job-boards.eu.greenhouse.io/tripledotstudios/jobs/4950993101,4950993101,4511487101,nao,nova
greenhouse,tripledotstudios,Head of Engineering,Tel Aviv,https://job-boards.eu.greenhouse.io/tripledotstudios/jobs/4952291101,4952291101,4512113101,nao,nova
greenhouse,tripledotstudios,Lead Creative Strategist,Melbourne,https://job-boards.eu.greenhouse.io/tripledotstudios/jobs/4821157101,4821157101,4447862101,nao,nova
greenhouse,tripledotstudios,Lead Game Designer,Toronto,https://job-boards.eu.greenhouse.io/tripledotstudios/jobs/4877809101,4877809101,4476667101,nao,nova
greenhouse,tripledotstudios,Lead Product Manager,Toronto,https://job-boards.eu.greenhouse.io/tripledotstudios/jobs/4963621101,4963621101,4516436101,nao,nova
greenhouse,tripledotstudios,Lead Product Manager,Dallas,https://job-boards.eu.greenhouse.io/tripledotstudios/jobs/4962411101,4962411101,4516436101,nao,nova
greenhouse,tripledotstudios,Lead Technical Artist,Toronto,https://job-boards.eu.greenhouse.io/tripledotstudios/jobs/4950796101,4950796101,4511378101,nao,nova
greenhouse,tripledotstudios,Marketing Creatives Producer,Minsk,https://job-boards.eu.greenhouse.io/tripledotstudios/jobs/4963839101,4963839101,4517122101,nao,nova
greenhouse,tripledotstudios,Marketing Creatives Producer,Limassol,https://job-boards.eu.greenhouse.io/tripledotstudios/jobs/4963849101,4963849101,4517122101,nao,nova
greenhouse,tripledotstudios,Marketing Creatives Producer,Tblisi,https://job-boards.eu.greenhouse.io/tripledotstudios/jobs/4963850101,4963850101,4517122101,nao,nova
greenhouse,tripledotstudios,Marketing Creatives Producer,Serbia,https://job-boards.eu.greenhouse.io/tripledotstudios/jobs/4963853101,4963853101,4517122101,nao,nova
greenhouse,tripledotstudios,Mobile Game Illustrator,Toronto,https://job-boards.eu.greenhouse.io/tripledotstudios/jobs/4932452101,4932452101,4503378101,nao,nova
greenhouse,tripledotstudios,Monetisation Operations Analyst,Jakarta,https://job-boards.eu.greenhouse.io/tripledotstudios/jobs/4954404101,4954404101,4513053101,nao,nova
greenhouse,tripledotstudios,Monetisation Operations Associate,Jakarta,https://job-boards.eu.greenhouse.io/tripledotstudios/jobs/4968570101,4968570101,4519122101,nao,nova
greenhouse,tripledotstudios,Playable Ads Developer,Barcelona,https://job-boards.eu.greenhouse.io/tripledotstudios/jobs/4861471101,4861471101,4465778101,nao,nova
greenhouse,tripledotstudios,Playable Ads Developer,Warsaw,https://job-boards.eu.greenhouse.io/tripledotstudios/jobs/4861470101,4861470101,4465778101,nao,nova
greenhouse,tripledotstudios,Playable Ads Developer,Minsk,https://job-boards.eu.greenhouse.io/tripledotstudios/jobs/4860683101,4860683101,4465778101,nao,nova
greenhouse,tripledotstudios,Playable Ads Developer,Remote Europe,https://job-boards.eu.greenhouse.io/tripledotstudios/jobs/4965296101,4965296101,4465778101,nao,nova
greenhouse,tripledotstudios,Principal Technical Artist,Toronto,https://job-boards.eu.greenhouse.io/tripledotstudios/jobs/4951036101,4951036101,4511512101,nao,nova
greenhouse,tripledotstudios,Principal Technical Artist,Dallas,https://job-boards.eu.greenhouse.io/tripledotstudios/jobs/4952612101,4952612101,4511512101,nao,nova
greenhouse,tripledotstudios,Privacy Counsel,Minsk,https://job-boards.eu.greenhouse.io/tripledotstudios/jobs/4928779101,4928779101,4501674101,nao,nova
greenhouse,tripledotstudios,Privacy Counsel,Barcelona,https://job-boards.eu.greenhouse.io/tripledotstudios/jobs/4928778101,4928778101,4501674101,nao,nova
greenhouse,tripledotstudios,Privacy Counsel,Warsaw,https://job-boards.eu.greenhouse.io/tripledotstudios/jobs/4928776101,4928776101,4501674101,nao,nova
greenhouse,tripledotstudios,Privacy Counsel,Berlin,https://job-boards.eu.greenhouse.io/tripledotstudios/jobs/4928777101,4928777101,4501674101,nao,nova
greenhouse,tripledotstudios,Producer,Barcelona,https://job-boards.eu.greenhouse.io/tripledotstudios/jobs/4953969101,4953969101,4512897101,nao,nova
greenhouse,tripledotstudios,Producer,London,https://job-boards.eu.greenhouse.io/tripledotstudios/jobs/4954014101,4954014101,4512897101,nao,nova
greenhouse,tripledotstudios,Product Director (Hybrid Casual),Minsk,https://job-boards.eu.greenhouse.io/tripledotstudios/jobs/4939388101,4939388101,4506200101,nao,nova
greenhouse,tripledotstudios,Product Director (Hybrid Casual),Barcelona,https://job-boards.eu.greenhouse.io/tripledotstudios/jobs/4939366101,4939366101,4506200101,nao,nova
greenhouse,tripledotstudios,Product Director (Hybrid Casual),Limassol,https://job-boards.eu.greenhouse.io/tripledotstudios/jobs/4939385101,4939385101,4506200101,nao,nova
greenhouse,tripledotstudios,Product Director (Hybrid Casual),Warsaw,https://job-boards.eu.greenhouse.io/tripledotstudios/jobs/4939386101,4939386101,4506200101,nao,nova
greenhouse,tripledotstudios,Product Manager (R&D),Jakarta,https://job-boards.eu.greenhouse.io/tripledotstudios/jobs/4947219101,4947219101,4509763101,nao,nova
greenhouse,tripledotstudios,Product Manager - Engineering,Tblisi,https://job-boards.eu.greenhouse.io/tripledotstudios/jobs/4962288101,4962288101,4515093101,nao,nova
greenhouse,tripledotstudios,Product Manager - Engineering,Warsaw,https://job-boards.eu.greenhouse.io/tripledotstudios/jobs/4962294101,4962294101,4515093101,nao,nova
greenhouse,tripledotstudios,Product Manager - Engineering,Remote Europe,https://job-boards.eu.greenhouse.io/tripledotstudios/jobs/4962282101,4962282101,4515093101,nao,nova
greenhouse,tripledotstudios,Product Manager - Engineering,Barcelona,https://job-boards.eu.greenhouse.io/tripledotstudios/jobs/4962289101,4962289101,4515093101,nao,nova
greenhouse,tripledotstudios,Product Manager - Engineering,Berlin,https://job-boards.eu.greenhouse.io/tripledotstudios/jobs/4959251101,4959251101,4515093101,nao,nova
greenhouse,tripledotstudios,Product Manager - Engineering,London,https://job-boards.eu.greenhouse.io/tripledotstudios/jobs/4962290101,4962290101,4515093101,nao,nova
greenhouse,tripledotstudios,Product Manager - Engineering,Limassol,https://job-boards.eu.greenhouse.io/tripledotstudios/jobs/4962280101,4962280101,4515093101,nao,nova
greenhouse,tripledotstudios,Product Manager - Lion Studios,Berlin,https://job-boards.eu.greenhouse.io/tripledotstudios/jobs/4955754101,4955754101,4513561101,nao,nova
greenhouse,tripledotstudios,Product Manager - Lion Studios,Remote Europe,https://job-boards.eu.greenhouse.io/tripledotstudios/jobs/4965757101,4965757101,4513561101,nao,nova
greenhouse,tripledotstudios,Product Scientist,Berlin,https://job-boards.eu.greenhouse.io/tripledotstudios/jobs/4948833101,4948833101,4510483101,nao,nova
greenhouse,tripledotstudios,Senior Ad Monetisation Analyst,Warsaw,https://job-boards.eu.greenhouse.io/tripledotstudios/jobs/4962300101,4962300101,4512803101,nao,nova
greenhouse,tripledotstudios,Senior Ad Monetisation Analyst,Remote Europe,https://job-boards.eu.greenhouse.io/tripledotstudios/jobs/4960068101,4960068101,4512803101,nao,nova
greenhouse,tripledotstudios,Senior Ad Monetisation Analyst,London,https://job-boards.eu.greenhouse.io/tripledotstudios/jobs/4962297101,4962297101,4512803101,nao,nova
greenhouse,tripledotstudios,Senior Ad Monetisation Analyst,Barcelona,https://job-boards.eu.greenhouse.io/tripledotstudios/jobs/4962295101,4962295101,4512803101,nao,nova
greenhouse,tripledotstudios,Senior Ad Monetisation Analyst,Berlin,https://job-boards.eu.greenhouse.io/tripledotstudios/jobs/4953783101,4953783101,4512803101,nao,nova
greenhouse,tripledotstudios,Senior Animator (Unity),Tblisi,https://job-boards.eu.greenhouse.io/tripledotstudios/jobs/4948637101,4948637101,4510406101,nao,nova
greenhouse,tripledotstudios,Senior Animator (Unity),Limassol,https://job-boards.eu.greenhouse.io/tripledotstudios/jobs/4948638101,4948638101,4510406101,nao,nova
greenhouse,tripledotstudios,Senior Animator (Unity),Minsk,https://job-boards.eu.greenhouse.io/tripledotstudios/jobs/4948636101,4948636101,4510406101,nao,nova
greenhouse,tripledotstudios,Senior Product Manager,Barcelona,https://job-boards.eu.greenhouse.io/tripledotstudios/jobs/4941941101,4941941101,4507375101,nao,nova
greenhouse,tripledotstudios,Senior Quality Assurance Engineer,Warsaw,https://job-boards.eu.greenhouse.io/tripledotstudios/jobs/4951559101,4951559101,4511767101,nao,nova
greenhouse,tripledotstudios,Senior Software Engineer (C#),Jakarta,https://job-boards.eu.greenhouse.io/tripledotstudios/jobs/4926736101,4926736101,4447681101,nao,nova
greenhouse,tripledotstudios,Senior Unity Software Engineer,Jakarta,https://job-boards.eu.greenhouse.io/tripledotstudios/jobs/4820731101,4820731101,4447681101,nao,nova
greenhouse,tripledotstudios,Software Engineer (Cocos2d-x),Jakarta,https://job-boards.eu.greenhouse.io/tripledotstudios/jobs/4931784101,4931784101,4503117101,nao,nova
greenhouse,tripledotstudios,Studio Management Director - Lion Studios,Berlin,https://job-boards.eu.greenhouse.io/tripledotstudios/jobs/4948624101,4948624101,4510397101,nao,nova
greenhouse,tripledotstudios,Studio Management Director - Lion Studios,Remote Europe,https://job-boards.eu.greenhouse.io/tripledotstudios/jobs/4965785101,4965785101,4510397101,nao,nova
greenhouse,tripledotstudios,Talent Acquisition Partner,Tel Aviv,https://job-boards.eu.greenhouse.io/tripledotstudios/jobs/4949610101,4949610101,4497541101,nao,nova
greenhouse,tripledotstudios,Technical Artist,Jakarta,https://job-boards.eu.greenhouse.io/tripledotstudios/jobs/4821131101,4821131101,4447845101,nao,nova
greenhouse,tripledotstudios,Unity Software Engineer,Jakarta,https://job-boards.eu.greenhouse.io/tripledotstudios/jobs/4969494101,4969494101,4447681101,nao,nova
greenhouse,tripledotstudios,User Acquisition Manager,London,https://job-boards.eu.greenhouse.io/tripledotstudios/jobs/4937084101,4937084101,4505371101,nao,nova
greenhouse,tripledotstudios,VP of AI,London,https://job-boards.eu.greenhouse.io/tripledotstudios/jobs/4874021101,4874021101,4475089101,nao,nova
greenhouse,unknownworlds,Technical UI Designer,Remote,https://job-boards.greenhouse.io/unknownworlds/jobs/8625252002,8625252002,6444705002,nao,nova
greenhouse,wargamingen,2D Artist (World of Warships Franchise),Belgrade,https://job-boards.greenhouse.io/wargamingen/jobs/8066793,8066793,3495413,nao,nova
greenhouse,wargamingen,"Armored Vehicle (Historical) Consultant (World of Tanks, PC)",Belgrade,https://job-boards.greenhouse.io/wargamingen/jobs/7965678,7965678,3458266,nao,nova
greenhouse,wargamingen,Art Director (World of Tanks Console),Vilnius,https://job-boards.greenhouse.io/wargamingen/jobs/8030714,8030714,3481332,nao,nova
greenhouse,wargamingen,Art Director (World of Tanks Console),Belgrade,https://job-boards.greenhouse.io/wargamingen/jobs/8030704,8030704,3481332,nao,nova
greenhouse,wargamingen,Art Director (World of Tanks Console),Nicosia,https://job-boards.greenhouse.io/wargamingen/jobs/8030709,8030709,3481332,nao,nova
greenhouse,wargamingen,"Art Manager/Lead Art Owner (World of Tanks, PC)",Belgrade,https://job-boards.greenhouse.io/wargamingen/jobs/8064276,8064276,3494440,nao,nova
greenhouse,wargamingen,"Art Manager/Lead Art Owner (World of Tanks, PC)",Nicosia,https://job-boards.greenhouse.io/wargamingen/jobs/8064281,8064281,3494440,nao,nova
greenhouse,wargamingen,"Art Manager/Lead Art Owner (World of Tanks, PC)",Vilnius,https://job-boards.greenhouse.io/wargamingen/jobs/8064286,8064286,3494440,nao,nova
greenhouse,wargamingen,"Art Manager/Lead Art Owner (World of Tanks, PC) (m/f/i)",Warsaw,https://job-boards.greenhouse.io/wargamingen/jobs/8064287,8064287,3494440,nao,nova
greenhouse,wargamingen,CG Artist,Kyiv,https://job-boards.greenhouse.io/wargamingen/jobs/8169078,8169078,3535330,nao,JA-FEITO
greenhouse,wargamingen,CG Artist,Kyiv,https://job-boards.greenhouse.io/wargamingen/jobs/8108499,8108499,3512624,nao,JA-FEITO
greenhouse,wargamingen,"CRM Marketing Manager (World of Warships, PC)",Belgrade,https://job-boards.greenhouse.io/wargamingen/jobs/8158698,8158698,3531145,nao,nova
greenhouse,wargamingen,Cinematic Artist (World of Tanks: HEAT),Nicosia,https://job-boards.greenhouse.io/wargamingen/jobs/8048330,8048330,3488328,nao,nova
greenhouse,wargamingen,"Content Operations Manager(World of Tanks, PC)",Nicosia,https://job-boards.greenhouse.io/wargamingen/jobs/8156802,8156802,3530393,nao,nova
greenhouse,wargamingen,"Content Operations Manager(World of Tanks, PC)",Vilnius,https://job-boards.greenhouse.io/wargamingen/jobs/8156807,8156807,3530393,nao,nova
greenhouse,wargamingen,"Content Operations Manager(World of Tanks, PC)",Belgrade,https://job-boards.greenhouse.io/wargamingen/jobs/8156797,8156797,3530393,nao,nova
greenhouse,wargamingen,"Content Operations Manager(World of Tanks, PC)(m/f/i)",Warsaw,https://job-boards.greenhouse.io/wargamingen/jobs/8156808,8156808,3530393,nao,nova
greenhouse,wargamingen,Data Analyst,Nicosia,https://job-boards.greenhouse.io/wargamingen/jobs/7955999,7955999,3370769,nao,nova
greenhouse,wargamingen,Data Analyst,Belgrade,https://job-boards.greenhouse.io/wargamingen/jobs/7955997,7955997,3370769,nao,nova
greenhouse,wargamingen,Game Designer (World of Tanks PC),Nicosia,https://job-boards.greenhouse.io/wargamingen/jobs/8129695,8129695,3520348,nao,nova
greenhouse,wargamingen,Game Designer (World of Tanks PC),Vilnius,https://job-boards.greenhouse.io/wargamingen/jobs/8129700,8129700,3520348,nao,nova
greenhouse,wargamingen,Game Designer (World of Tanks),Kyiv,https://job-boards.greenhouse.io/wargamingen/jobs/8139027,8139027,3522491,nao,nova
greenhouse,wargamingen,Game Designer (World of Warships: Legends),Belgrade,https://job-boards.greenhouse.io/wargamingen/jobs/8078961,8078961,3500193,nao,nova
greenhouse,wargamingen,"Gameplay Developer (World of Tanks, PC)",Prague,https://job-boards.greenhouse.io/wargamingen/jobs/7972336,7972336,3460773,nao,nova
greenhouse,wargamingen,Gameplay Engineer (World of Warships),Belgrade,https://job-boards.greenhouse.io/wargamingen/jobs/8164203,8164203,3533229,nao,nova
greenhouse,wargamingen,LiveOps Specialist (World of Tanks: HEAT),Nicosia,https://job-boards.greenhouse.io/wargamingen/jobs/8179289,8179289,3539550,nao,nova
greenhouse,wargamingen,QA Engineer (World of Tanks Console),Belgrade,https://job-boards.greenhouse.io/wargamingen/jobs/8161257,8161257,3532187,nao,nova
greenhouse,wargamingen,Render Engineer (Unannounced Project),Nicosia,https://job-boards.greenhouse.io/wargamingen/jobs/7938117,7938117,3448855,nao,nova
greenhouse,wargamingen,Render Engineer (Unannounced Project),Belgrade,https://job-boards.greenhouse.io/wargamingen/jobs/7938112,7938112,3448855,nao,nova
greenhouse,wargamingen,"SSE Engineer (World of Tanks, PC & Console)",Vilnius,https://job-boards.greenhouse.io/wargamingen/jobs/8156228,8156228,3530196,nao,nova
greenhouse,wargamingen,"Senior Community Manager EN (World of Tanks, PC)",Prague,https://job-boards.greenhouse.io/wargamingen/jobs/7841726,7841726,3419034,nao,nova
greenhouse,wargamingen,Senior Concept Artist Generalist (World of Tanks: HEAT),Vilnius,https://job-boards.greenhouse.io/wargamingen/jobs/7694787,7694787,3383004,nao,nova
greenhouse,wargamingen,Senior Concept Artist Generalist (World of Tanks: HEAT),Nicosia,https://job-boards.greenhouse.io/wargamingen/jobs/7694782,7694782,3383004,nao,nova
greenhouse,wargamingen,Senior Concept Artist Generalist (World of Tanks: HEAT),Belgrade,https://job-boards.greenhouse.io/wargamingen/jobs/7694777,7694777,3383004,nao,nova
greenhouse,wargamingen,Senior Concept Artist Generalist (World of Tanks: HEAT)(m/f/i),Warsaw,https://job-boards.greenhouse.io/wargamingen/jobs/7694788,7694788,3383004,nao,nova
greenhouse,wargamingen,Senior Concept Artist – Vehicles / Props (World of Tanks),Belgrade,https://job-boards.greenhouse.io/wargamingen/jobs/7837365,7837365,3418025,nao,nova
greenhouse,wargamingen,Senior Concept Artist – Vehicles / Props (World of Tanks),Nicosia,https://job-boards.greenhouse.io/wargamingen/jobs/7837370,7837370,3418025,nao,nova
greenhouse,wargamingen,Senior Concept Artist – Vehicles / Props (World of Tanks),Vilnius,https://job-boards.greenhouse.io/wargamingen/jobs/7837375,7837375,3418025,nao,nova
greenhouse,wargamingen,Senior Concept Artist – Vehicles / Props (World of Tanks) (m/f/i),Warsaw,https://job-boards.greenhouse.io/wargamingen/jobs/7837376,7837376,3418025,nao,nova
greenhouse,wargamingen,Senior Frontend Engineer (World of Warships),Belgrade,https://job-boards.greenhouse.io/wargamingen/jobs/8159636,8159636,3531512,nao,nova
greenhouse,wargamingen,Senior QA Engineer (World of Tanks),Kyiv,https://job-boards.greenhouse.io/wargamingen/jobs/8139010,8139010,3522490,nao,nova
greenhouse,wargamingen,Server Developer (World of Tanks Console),Belgrade,https://job-boards.greenhouse.io/wargamingen/jobs/8041225,8041225,3485429,nao,nova
greenhouse,wargamingen,Service Desk System Administrator,Nicosia,https://job-boards.greenhouse.io/wargamingen/jobs/8087960,8087960,3504148,nao,nova
greenhouse,wargamingen,Social Media Management Intern (World of Tanks),Prague,https://job-boards.greenhouse.io/wargamingen/jobs/8176489,8176489,3538576,nao,nova
greenhouse,wargamingen,"Sr Performance Automation QA Engineer (World of Warships, PC)",Nicosia,https://job-boards.greenhouse.io/wargamingen/jobs/8124666,8124666,3518717,nao,nova
greenhouse,wargamingen,"Sr Performance Automation QA Engineer (World of Warships, PC)",Belgrade,https://job-boards.greenhouse.io/wargamingen/jobs/8124661,8124661,3518717,nao,nova
greenhouse,wargamingen,System Designer/Business Analyst (World of Tanks),Kyiv,https://job-boards.greenhouse.io/wargamingen/jobs/8138994,8138994,3522489,nao,nova
lever,avalanchestudios,Art Director,Stockholm,https://jobs.lever.co/avalanchestudios/596ec1d3-822d-4543-8787-cb01f9141898,596ec1d3-822d-4543-8787-cb01f9141898,,nao,nova
lever,avalanchestudios,Business Controller,Stockholm,https://jobs.lever.co/avalanchestudios/023c5155-3c47-47f5-91c7-3d9c059bc2cd,023c5155-3c47-47f5-91c7-3d9c059bc2cd,,nao,nova
lever,avalanchestudios,IT System Administrator,Stockholm,https://jobs.lever.co/avalanchestudios/31a9b2fe-d0af-40ba-bc48-61293a64002b,31a9b2fe-d0af-40ba-bc48-61293a64002b,,nao,nova
lever,avalanchestudios,Network Programmer,Stockholm,https://jobs.lever.co/avalanchestudios/01887794-ec15-4a20-95e2-bcfffad46968,01887794-ec15-4a20-95e2-bcfffad46968,,nao,nova
lever,avalanchestudios,People Coordinator,Stockholm,https://jobs.lever.co/avalanchestudios/7bcd140b-b7ee-4d9b-9569-15927d04f464,7bcd140b-b7ee-4d9b-9569-15927d04f464,,nao,nova
lever,avalanchestudios,QA Tester [Fixed Term],Stockholm,https://jobs.lever.co/avalanchestudios/674bb8d2-5fbd-4cd8-8fa6-75d1178cbcee,674bb8d2-5fbd-4cd8-8fa6-75d1178cbcee,,nao,nova
lever,avalanchestudios,Release Manager,Stockholm,https://jobs.lever.co/avalanchestudios/0bec3427-7147-4bfa-b3a8-9f94d6bc4cac,0bec3427-7147-4bfa-b3a8-9f94d6bc4cac,,nao,nova
lever,avalanchestudios,Senior Analytics Engineer,Stockholm,https://jobs.lever.co/avalanchestudios/557484be-0668-4a31-a06b-84a52edbdd51,557484be-0668-4a31-a06b-84a52edbdd51,,nao,nova
lever,avalanchestudios,Senior Cloud Engineer,Stockholm,https://jobs.lever.co/avalanchestudios/5188df85-9155-499f-b9fa-b8c703be8a2f,5188df85-9155-499f-b9fa-b8c703be8a2f,,nao,nova
lever,avalanchestudios,Senior Data Engineer,Stockholm,https://jobs.lever.co/avalanchestudios/cfabf115-b13a-45f9-83d0-db2efc358335,cfabf115-b13a-45f9-83d0-db2efc358335,,nao,nova
lever,avalanchestudios,Senior Producer,Stockholm,https://jobs.lever.co/avalanchestudios/d37523d3-eb60-4d45-91c2-11767f5957c3,d37523d3-eb60-4d45-91c2-11767f5957c3,,nao,nova
lever,avalanchestudios,Sound Designer [Fixed Term],Stockholm,https://jobs.lever.co/avalanchestudios/34e05018-cd16-4d05-96e6-5ffa29adb66e,34e05018-cd16-4d05-96e6-5ffa29adb66e,,nao,nova
lever,avalanchestudios,Technical Director,Stockholm,https://jobs.lever.co/avalanchestudios/ba587541-066a-48cf-96a5-c71fbfb341e1,ba587541-066a-48cf-96a5-c71fbfb341e1,,nao,nova
lever,avalanchestudios,Technical QA Engineer [Fixed Term],Stockholm,https://jobs.lever.co/avalanchestudios/379268f1-f531-4e6c-9a9d-3978d5870512,379268f1-f531-4e6c-9a9d-3978d5870512,,nao,nova
lever,avalanchestudios,World Designer [Fixed Term],Stockholm,https://jobs.lever.co/avalanchestudios/872fcdbb-41af-4777-acc0-a6be22ef04d5,872fcdbb-41af-4777-acc0-a6be22ef04d5,,nao,nova
lever,bentoboxent,Bento Box Atlanta - Submit Your Portfolios Here for Future Job Opportunities,"Atlanta, GA",https://jobs.lever.co/bentoboxent/d7bb6a2c-e196-45d5-948a-665d658a6bf5,d7bb6a2c-e196-45d5-948a-665d658a6bf5,,nao,nova
lever,bhvr,Art director - Unannounced project | Directeur·trice artistique -  Projet non-annoncé,"Montreal, QC",https://jobs.lever.co/bhvr/4db7b168-3106-4b40-9abe-9f27d510f62c,4db7b168-3106-4b40-9abe-9f27d510f62c,,nao,nova
lever,bhvr,Brand Director – 7 Days To Die | Directeur·trice de marque – 7 Days To Die,"Montreal, QC",https://jobs.lever.co/bhvr/51e1953d-96d6-4d81-bbda-302bc31ddedb,51e1953d-96d6-4d81-bbda-302bc31ddedb,,nao,nova
lever,bhvr,Build Pipeline Programmer | Programmeur·se Build Pipeline - Dead by Daylight,"Montreal, QC",https://jobs.lever.co/bhvr/1d47d040-6e60-491d-8214-3f4e3fcc7a52,1d47d040-6e60-491d-8214-3f4e3fcc7a52,,nao,nova
lever,bhvr,Design Director - 7 Days to Die  | Directeur·trice Design - 7 Days to Die,"Montreal, QC",https://jobs.lever.co/bhvr/d7d317a5-970e-47e3-b20e-184e1e586f53,d7d317a5-970e-47e3-b20e-184e1e586f53,,nao,nova
lever,bhvr,Financial Analyst | Analyste financier·e,"Montreal, QC",https://jobs.lever.co/bhvr/9bf2e08c-def2-49fc-87d4-7c5f2c6f2b50,9bf2e08c-def2-49fc-87d4-7c5f2c6f2b50,,nao,nova
lever,bhvr,Gameplay Programmer - Dead by Daylight | Programmeur·euse jouabilité - Dead by Daylight,"Montreal, QC",https://jobs.lever.co/bhvr/51365dfe-d47a-4782-98f7-08bca354f4df,51365dfe-d47a-4782-98f7-08bca354f4df,,nao,nova
lever,bhvr,IT Senior Procurement Specialist |  Spécialiste sénior·e des achats IT,"Montreal, QC",https://jobs.lever.co/bhvr/66ccdf8b-bf4f-4cc8-8439-fa5a8ba01746,66ccdf8b-bf4f-4cc8-8439-fa5a8ba01746,,nao,nova
lever,bhvr,Merchandising Operations Manager | Gestionnaire des opérations de marchandises,"Montreal, QC",https://jobs.lever.co/bhvr/81394fe9-fa4b-42c2-9332-5365817a308e,81394fe9-fa4b-42c2-9332-5365817a308e,,nao,nova
lever,bhvr,Principal Systems Programmer - Dead By Daylight | Programmeur·euse systèmes principal·e - Dead By Daylight,"Montreal, QC",https://jobs.lever.co/bhvr/c6b47fef-033c-42ed-aa35-4d58e6678bca,c6b47fef-033c-42ed-aa35-4d58e6678bca,,nao,nova
lever,bhvr,Project Manager - Dead by Daylight | Gestionnaire de projet - Dead by Daylight,"Montreal, QC",https://jobs.lever.co/bhvr/7249200c-5107-496f-9dd2-41967fd30adf,7249200c-5107-496f-9dd2-41967fd30adf,,nao,nova
lever,bhvr,Release Manager - Dead By Daylight | Responsable du Déploiement  - Dead By Daylight,"Montreal, QC",https://jobs.lever.co/bhvr/7b077f8a-1363-4509-96e9-b96166e974cb,7b077f8a-1363-4509-96e9-b96166e974cb,,nao,nova
lever,bhvr,Sales & Partnerships Manager | Gestionnaire des ventes et partenariats,"Montreal, QC",https://jobs.lever.co/bhvr/e7cd98ec-d9af-406a-b23e-6fba91f0178b,e7cd98ec-d9af-406a-b23e-6fba91f0178b,,nao,nova
lever,bhvr,Senior Backend Programmer | Programmeur·euse Backend Sénior·e,"Montreal, QC",https://jobs.lever.co/bhvr/898bf3c2-0b13-435a-b878-a11c5ae91498,898bf3c2-0b13-435a-b878-a11c5ae91498,,nao,nova
lever,bhvr,Senior Backend Programmer – Central Technologies | Programmeur·euse Backend Sénior·e – Technologies centrales,"Montreal, QC",https://jobs.lever.co/bhvr/909e32a5-3df5-46e5-96b4-73fff61c2eb9,909e32a5-3df5-46e5-96b4-73fff61c2eb9,,nao,nova
lever,bhvr,Senior Backend Programmer – Unannounced project | Programmeur·euse Backend Sénior·e – Projet non-annoncé.,"Montreal, QC",https://jobs.lever.co/bhvr/4b9c3548-49d5-41dd-ab4b-61fcdb7dd624,4b9c3548-49d5-41dd-ab4b-61fcdb7dd624,,nao,nova
lever,bhvr,Senior Build Pipeline Programmer - Dead by Daylight,"Middlesbrough, EN",https://jobs.lever.co/bhvr/cadd6f8d-f655-404d-91e8-557ddae0ee86,cadd6f8d-f655-404d-91e8-557ddae0ee86,,nao,nova
lever,bhvr,Senior Building Maintenance Technician | Technicien·ne d'entretien de bâtiment sénior·e,"Montreal, QC",https://jobs.lever.co/bhvr/93cc195f-11ae-4d01-836e-d013ca9b74f2,93cc195f-11ae-4d01-836e-d013ca9b74f2,,nao,nova
lever,bhvr,Senior Combat Designer - Blight: Survival | Concepteur·rice de Combat Sénior·e - Blight: Survival,"Montreal, QC",https://jobs.lever.co/bhvr/e8f9fa42-13bd-4521-bfbb-8ec216b6d1da,e8f9fa42-13bd-4521-bfbb-8ec216b6d1da,,nao,nova
lever,bhvr,Senior Data Developer | Développeur·euse de données sénior·e,"Montreal, QC",https://jobs.lever.co/bhvr/096cfeaf-253c-44ba-ad5d-86e4be00cf85,096cfeaf-253c-44ba-ad5d-86e4be00cf85,,nao,nova
lever,bhvr,Senior DevOps Programmer - Core Technologies  | Programmeur·euse DevOps sénior·e - Technologies centrales,"Montreal, QC",https://jobs.lever.co/bhvr/b6940b52-ca9a-48c6-b2f0-e61847c3f4a7,b6940b52-ca9a-48c6-b2f0-e61847c3f4a7,,nao,nova
lever,bhvr,Senior DevOps Programmer – Unannounced project | Programmeur·euse DevOps sénior·e – Projet non-annoncé,"Montreal, QC",https://jobs.lever.co/bhvr/35ba86ce-d1a3-4da5-909b-23d72df5d481,35ba86ce-d1a3-4da5-909b-23d72df5d481,,nao,nova
lever,bhvr,"Senior Development Tester  - Quality Assurance, Audio  - Dead by Daylight  | Testeur·se de développement  - Assurance qualité sénior·e, Audio","Montreal, QC",https://jobs.lever.co/bhvr/fb13dc92-0b64-4952-855c-7fa5323dfc27,fb13dc92-0b64-4952-855c-7fa5323dfc27,,nao,nova
lever,bhvr,Senior Financial Analyst | Analyste financier·e Sénior·e,"Montreal, QC",https://jobs.lever.co/bhvr/06855abc-fcc0-4f03-b065-3bd1d82629e0,06855abc-fcc0-4f03-b065-3bd1d82629e0,,nao,nova
lever,bhvr,Senior Game Designer  - Dead by Daylight | Concepteur·trice de jeu senior·e Senior·e - Dead by Daylight,"Montreal, QC",https://jobs.lever.co/bhvr/8c96a092-b775-4791-b70f-10629efb39ed,8c96a092-b775-4791-b70f-10629efb39ed,,nao,nova
lever,bhvr,Senior Game Designer - 7 days to die| Concepteur ·trice  de jeu Senior ·e - 7 days to die,"Montreal, QC",https://jobs.lever.co/bhvr/311c4d91-6a01-43f9-b1c1-16d9799f663b,311c4d91-6a01-43f9-b1c1-16d9799f663b,,nao,nova
lever,bhvr,Senior Generalist Programmer - Dead by Daylight | Programmeur·euse Généraliste Senior·e - Dead by Daylight,"Montreal, QC",https://jobs.lever.co/bhvr/5edb729b-ae86-4bea-a2ab-f081d9bb0087,5edb729b-ae86-4bea-a2ab-f081d9bb0087,,nao,nova
lever,bhvr,Senior Level Designer - Unannounced Project | Concepteur·rice de niveaux sénior·e - Projet non-annoncé,"Montreal, QC",https://jobs.lever.co/bhvr/e1576270-0ff8-4cc7-9dbc-20609357e667,e1576270-0ff8-4cc7-9dbc-20609357e667,,nao,nova
lever,bhvr,Senior Sound Designer - Dead by Daylight | Concepteur·trice de son sénior·e - Dead by Daylight,"Montreal, QC",https://jobs.lever.co/bhvr/f8b6949f-77d2-4cf6-99e6-90e846ec97c2,f8b6949f-77d2-4cf6-99e6-90e846ec97c2,,nao,nova
lever,bhvr,Senior Systems Programmer - 7 Days to Die | Programmeur·euse systèmes sénior·e - 7 Days to Die,"Montreal, QC",https://jobs.lever.co/bhvr/e2849254-012f-4113-9012-de8bb39cf2af,e2849254-012f-4113-9012-de8bb39cf2af,,nao,nova
lever,bhvr,Senior Systems Programmer - Dead By Daylight | Programmeur·euse systèmes senior·e - Dead By Daylight,"Montreal, QC",https://jobs.lever.co/bhvr/d5844330-5421-4eab-8691-d96ca2da30b3,d5844330-5421-4eab-8691-d96ca2da30b3,,nao,nova
lever,bhvr,Senior Technical Animator - Dead by Daylight | Animateur·rice Technique Sénior·e - Dead by Daylight,"Montreal, QC",https://jobs.lever.co/bhvr/8a155408-95ae-44b2-81d9-e2a0670126fb,8a155408-95ae-44b2-81d9-e2a0670126fb,,nao,nova
lever,bhvr,Senior Technical Animator - Dead by Daylight | Animateur·rice Technique Sénior·e - Dead by Daylight.,"Montreal, QC",https://jobs.lever.co/bhvr/27959b6d-7071-4005-99aa-f035b74f0e65,27959b6d-7071-4005-99aa-f035b74f0e65,,nao,nova
lever,bhvr,Senior UX Designer - Blight: Survival | Concepteur·trice UX sénior·e - Blight: Survival,"Montreal, QC",https://jobs.lever.co/bhvr/051d59fb-28e7-4637-8177-7e0704818f7d,051d59fb-28e7-4637-8177-7e0704818f7d,,nao,nova
lever,bhvr,Senior UX Designer - Central Technology | Concepteur·trice UX sénior·e - Technologies centrales,"Montreal, QC",https://jobs.lever.co/bhvr/c8ae6c99-8c7d-4bab-bf33-a1e2e0d8c446,c8ae6c99-8c7d-4bab-bf33-a1e2e0d8c446,,nao,nova
lever,bhvr,UX Director - 7 Days to Die | Directeur·trice UX - 7 Days to Die,"Montreal, QC",https://jobs.lever.co/bhvr/699b475b-8b42-47c7-8fa2-8282f939cf7c,699b475b-8b42-47c7-8fa2-8282f939cf7c,,nao,nova
lever,blackbirdinteractive,Intermediate Software Engineer (Unreal Engine 5),"Vancouver, BC, Canada",https://jobs.lever.co/blackbirdinteractive/13c5ffd2-f76f-49cf-9a78-78b296e08588,13c5ffd2-f76f-49cf-9a78-78b296e08588,,nao,nova
lever,blackbirdinteractive,"Lead Software Engineer, Original Game (Unreal Engine 5)","Vancouver, BC, Canada",https://jobs.lever.co/blackbirdinteractive/08a17822-d52b-4cc5-8e64-e80d5dc4ae25,08a17822-d52b-4cc5-8e64-e80d5dc4ae25,,nao,nova
lever,blackbirdinteractive,Senior Level Designer (4-Month Contract),"Vancouver, BC, Canada",https://jobs.lever.co/blackbirdinteractive/b0dd03f3-09ec-409f-b14d-2a1d7032ed82,b0dd03f3-09ec-409f-b14d-2a1d7032ed82,,nao,nova
lever,blackbirdinteractive,Senior Level Designer (5-month contract),"Vancouver, BC, Canada",https://jobs.lever.co/blackbirdinteractive/9ae1eeba-1c1e-4a35-9f70-8ef176f3b15b,9ae1eeba-1c1e-4a35-9f70-8ef176f3b15b,,nao,nova
lever,blackbirdinteractive,Senior UI/UX Designer (5-month contract),"Vancouver, BC, Canada",https://jobs.lever.co/blackbirdinteractive/751972ef-2240-4b80-97d9-d9f06026ee8b,751972ef-2240-4b80-97d9-d9f06026ee8b,,nao,nova
lever,blackbirdinteractive,Technical Animator (12-month contract),"Vancouver, BC, Canada",https://jobs.lever.co/blackbirdinteractive/3e7c12f7-870b-4147-9f09-71f46ae29c23,3e7c12f7-870b-4147-9f09-71f46ae29c23,,nao,nova
lever,blackbirdinteractive,Technical UI/UX Designer (5-month contract),"Vancouver, BC, Canada",https://jobs.lever.co/blackbirdinteractive/3104c526-04dd-4e42-b7e5-56885f92efdd,3104c526-04dd-4e42-b7e5-56885f92efdd,,nao,nova
lever,blackbirdinteractive,UI/UX Designer (5-month contract),"Vancouver, BC, Canada",https://jobs.lever.co/blackbirdinteractive/ae555f5e-aa96-4a32-8e6c-06bf286bdbb9,ae555f5e-aa96-4a32-8e6c-06bf286bdbb9,,nao,nova
lever,blackbirdinteractive,VFX Artist (3-month contract),"Vancouver, BC, Canada",https://jobs.lever.co/blackbirdinteractive/134a5b7d-12c8-4e1f-889d-216b1ceed2d8,134a5b7d-12c8-4e1f-889d-216b1ceed2d8,,nao,nova
lever,dreamgames,AI Content Producer,Istanbul,https://jobs.lever.co/dreamgames/79b732cb-96d7-4792-b7bb-be5c48fa2218,79b732cb-96d7-4792-b7bb-be5c48fa2218,,nao,nova
lever,dreamgames,"AI Engineer, Performance Marketing",Istanbul,https://jobs.lever.co/dreamgames/2a2c64d7-cc33-49a0-bf41-807b28933ca7,2a2c64d7-cc33-49a0-bf41-807b28933ca7,,nao,nova
lever,dreamgames,Art Outsourcing Specialist,Istanbul,https://jobs.lever.co/dreamgames/a14313c7-3834-4630-8366-50a798e9a87d,a14313c7-3834-4630-8366-50a798e9a87d,,nao,nova
lever,dreamgames,DevOps Engineer,Istanbul,https://jobs.lever.co/dreamgames/36e9e67a-d287-4794-a4ec-95cac8950169,36e9e67a-d287-4794-a4ec-95cac8950169,,nao,nova
lever,dreamgames,Executive Assistant,Istanbul,https://jobs.lever.co/dreamgames/651c57dd-3705-4f5f-bc9f-7f9e4c4cab46,651c57dd-3705-4f5f-bc9f-7f9e4c4cab46,,nao,nova
lever,dreamgames,Executive Chef,Istanbul,https://jobs.lever.co/dreamgames/12a927ed-6a20-499b-b197-1050cc872a46,12a927ed-6a20-499b-b197-1050cc872a46,,nao,nova
lever,dreamgames,Game Developer,Istanbul,https://jobs.lever.co/dreamgames/f16a1f7b-03e4-493a-b5bc-851f66e105cd,f16a1f7b-03e4-493a-b5bc-851f66e105cd,,nao,nova
lever,dreamgames,IT Manager,Istanbul,https://jobs.lever.co/dreamgames/5be18f10-0ba2-4fec-b607-612487faf078,5be18f10-0ba2-4fec-b607-612487faf078,,nao,nova
lever,dreamgames,Marketing Illustrator,Istanbul,https://jobs.lever.co/dreamgames/9905ab64-0fc7-4def-ac9b-a68c6c501a80,9905ab64-0fc7-4def-ac9b-a68c6c501a80,,nao,nova
lever,dreamgames,"Pipeline 2D Technical Director, Animation Studio",London,https://jobs.lever.co/dreamgames/be41cfa0-5bd4-4176-a456-4f22a55bf90b,be41cfa0-5bd4-4176-a456-4f22a55bf90b,,nao,nova
lever,dreamgames,Product Specialist,Istanbul,https://jobs.lever.co/dreamgames/42816904-a6cf-4cde-a5bd-89e755cf95f2,42816904-a6cf-4cde-a5bd-89e755cf95f2,,nao,nova
lever,dreamgames,Product Specialist (New Grad),Istanbul,https://jobs.lever.co/dreamgames/dc798d6d-34a8-4784-aea7-e4c3c69d20bd,dc798d6d-34a8-4784-aea7-e4c3c69d20bd,,nao,nova
lever,dreamgames,Senior DevOps Engineer,Istanbul,https://jobs.lever.co/dreamgames/665462af-2bae-4c82-b2da-b27cee93bccf,665462af-2bae-4c82-b2da-b27cee93bccf,,nao,nova
lever,dreamgames,"Senior Event Specialist, People",Istanbul,https://jobs.lever.co/dreamgames/464546bc-67b4-4edd-beda-f334753faba4,464546bc-67b4-4edd-beda-f334753faba4,,nao,nova
lever,dreamgames,Senior IT Specialist,Istanbul,https://jobs.lever.co/dreamgames/12a19a00-30ad-4e34-aa4c-f9040fb31271,12a19a00-30ad-4e34-aa4c-f9040fb31271,,nao,nova
lever,dreamgames,Senior Software Engineer,Istanbul,https://jobs.lever.co/dreamgames/82f56330-c6c7-42d5-a438-731cda77dbd5,82f56330-c6c7-42d5-a438-731cda77dbd5,,nao,nova
lever,dreamgames,Software Engineer,Istanbul,https://jobs.lever.co/dreamgames/ddd317b1-11f6-4477-9ca0-d35dd0a279fe,ddd317b1-11f6-4477-9ca0-d35dd0a279fe,,nao,nova
lever,dreamgames,Software Engineer (New Grad),Istanbul,https://jobs.lever.co/dreamgames/0714caf0-4077-44f3-a1d4-8985b9baf1bc,0714caf0-4077-44f3-a1d4-8985b9baf1bc,,nao,nova
lever,dreamgames,"Software Engineer, Performance Marketing",Istanbul,https://jobs.lever.co/dreamgames/2a650ecb-c187-4e06-a50a-ee23866a952e,2a650ecb-c187-4e06-a50a-ee23866a952e,,nao,nova
lever,jamcity,3D Artist,Montevideo,https://jobs.lever.co/jamcity/5162e400-e24f-47f1-9a64-51548812b74a,5162e400-e24f-47f1-9a64-51548812b74a,,nao,nova
lever,jamcity,"Associate Director, Growth Marketing","Culver City, CA",https://jobs.lever.co/jamcity/c6d5eb23-addf-4b19-ac4f-c17017f58446,c6d5eb23-addf-4b19-ac4f-c17017f58446,,nao,nova
lever,jamcity,Game Director,Toronto,https://jobs.lever.co/jamcity/dbc476dc-f4aa-4b58-a914-aaee730a9f87,dbc476dc-f4aa-4b58-a914-aaee730a9f87,,nao,nova
lever,jamcity,General Resume Submissions,"ALL Jam City, CA",https://jobs.lever.co/jamcity/136adc53-aeb8-4598-8a62-de5dc6b0150a,136adc53-aeb8-4598-8a62-de5dc6b0150a,,nao,nova
lever,jamcity,Growth Marketing Manager,"Culver City, CA",https://jobs.lever.co/jamcity/94943ae6-6d9c-4dd1-8035-8510ce668e51,94943ae6-6d9c-4dd1-8035-8510ce668e51,,nao,nova
lever,jamcity,HRIS Analyst,"Culver City, CA",https://jobs.lever.co/jamcity/81200890-b986-4d3b-96f0-c9d4987386b2,81200890-b986-4d3b-96f0-c9d4987386b2,,nao,nova
lever,jamcity,Lead Producer,"Carlsbad, CA",https://jobs.lever.co/jamcity/447a0acc-8b52-4b0b-8255-a7cb86f2a55b,447a0acc-8b52-4b0b-8255-a7cb86f2a55b,,nao,nova
lever,jamcity,Lead Product Manager,"Carlsbad, CA",https://jobs.lever.co/jamcity/2434afe6-2113-4cc3-8712-f99b161ca2ef,2434afe6-2113-4cc3-8712-f99b161ca2ef,,nao,nova
lever,jamcity,Level Design Artist,"San Francisco, CA",https://jobs.lever.co/jamcity/787abb3b-1009-42f3-bf82-9846dff0e646,787abb3b-1009-42f3-bf82-9846dff0e646,,nao,nova
lever,jamcity,QA Analyst,Montevideo,https://jobs.lever.co/jamcity/a47349d7-1ba6-4c64-8ea6-3d64736a384c,a47349d7-1ba6-4c64-8ea6-3d64736a384c,,nao,nova
lever,jamcity,"Senior Manager,Total Rewards and People Operations","Culver City, CA",https://jobs.lever.co/jamcity/78e17d67-4b59-41b2-a85c-7056a984830d,78e17d67-4b59-41b2-a85c-7056a984830d,,nao,nova
lever,jamcity,Senior People Partner,"Culver City, CA",https://jobs.lever.co/jamcity/334ca9f0-4613-426e-9d8f-62211302f12a,334ca9f0-4613-426e-9d8f-62211302f12a,,nao,nova
lever,jamcity,Senior UI/UX Designer,"San Francisco, CA",https://jobs.lever.co/jamcity/d070fa96-6925-4c71-9fd4-fb4502651f13,d070fa96-6925-4c71-9fd4-fb4502651f13,,nao,nova
lever,jamcity,Technical Animator,"San Francisco, CA",https://jobs.lever.co/jamcity/b2dc2180-109a-4486-804e-77fb5e8e51ed,b2dc2180-109a-4486-804e-77fb5e8e51ed,,nao,nova
lever,jamcity,Total Rewards Generalist,"Culver City, CA",https://jobs.lever.co/jamcity/95258651-72cf-498d-b137-b88719fb0145,95258651-72cf-498d-b137-b88719fb0145,,nao,nova
lever,jamcity,UI/UX Designer,"San Francisco, CA",https://jobs.lever.co/jamcity/7361228f-02ca-43ed-b2b6-5c3ab1c6bd7b,7361228f-02ca-43ed-b2b6-5c3ab1c6bd7b,,nao,nova
lever,kabam,2026 Game Changer Scholarship Application,Remote Canada,https://jobs.lever.co/kabam/58307897-0ce6-4066-8382-29aa2411b717,58307897-0ce6-4066-8382-29aa2411b717,,nao,nova
lever,kabam,Associate Live Operations Specialist - Contract,Montreal,https://jobs.lever.co/kabam/ffab5893-4b25-4040-9fbb-f247041ef988,ffab5893-4b25-4040-9fbb-f247041ef988,,nao,nova
lever,kabam,Data Analyst,Vancouver,https://jobs.lever.co/kabam/cbdbaeeb-1228-40c6-a022-48306ea63635,cbdbaeeb-1228-40c6-a022-48306ea63635,,nao,nova
lever,kabam,Game Director,Vancouver,https://jobs.lever.co/kabam/1c709072-b282-4c55-a860-8cc44e28ba07,1c709072-b282-4c55-a860-8cc44e28ba07,,nao,nova
lever,kabam,Game Programmer (1 Year Contract),Montreal,https://jobs.lever.co/kabam/3f7c87e6-9c86-44c5-8184-f5ed1e429c89,3f7c87e6-9c86-44c5-8184-f5ed1e429c89,,nao,nova
lever,kabam,"Growth Marketing Manager, ASO (Contract)",Vancouver,https://jobs.lever.co/kabam/b974a409-510c-4d1a-946e-32cd10c2a9e9,b974a409-510c-4d1a-946e-32cd10c2a9e9,,nao,nova
lever,kabam,Lead Producer,Vancouver,https://jobs.lever.co/kabam/90be6e1a-b4e4-40e0-af5b-8b6b2173aaf1,90be6e1a-b4e4-40e0-af5b-8b6b2173aaf1,,nao,nova
lever,kabam,Live Operations Specialist (Contract),Vancouver,https://jobs.lever.co/kabam/b7b5ae84-5d75-4492-8b37-d547be5092de,b7b5ae84-5d75-4492-8b37-d547be5092de,,nao,nova
lever,kabam,"Manager, Payroll",Vancouver,https://jobs.lever.co/kabam/8f9bdbed-c142-4b52-a71a-d2d9d29d8f11,8f9bdbed-c142-4b52-a71a-d2d9d29d8f11,,nao,nova
lever,kabam,Principal Backend Programmer,Montreal,https://jobs.lever.co/kabam/74017619-4185-4d47-b01b-9396fa247fb0,74017619-4185-4d47-b01b-9396fa247fb0,,nao,nova
lever,kabam,Producer 2,Vancouver,https://jobs.lever.co/kabam/8f80b56d-9443-4d87-9a32-bd473c1e6dfe,8f80b56d-9443-4d87-9a32-bd473c1e6dfe,,nao,nova
lever,kabam,Product Manager,Vancouver,https://jobs.lever.co/kabam/ace1dc63-d0a4-431c-9a44-fc9d907d43e2,ace1dc63-d0a4-431c-9a44-fc9d907d43e2,,nao,nova
lever,kabam,Product Marketing Manager,Vancouver,https://jobs.lever.co/kabam/e257e181-07a8-4fc7-a4d8-c8f32b0505fb,e257e181-07a8-4fc7-a4d8-c8f32b0505fb,,nao,nova
lever,kabam,Programmeur Backend Principal,Montreal,https://jobs.lever.co/kabam/7b7becfb-5567-40c2-b0e8-d3e271f113be,7b7becfb-5567-40c2-b0e8-d3e271f113be,,nao,nova
lever,kabam,Programmeur de jeux  (Contrat d'un an),Montreal,https://jobs.lever.co/kabam/e98c8efd-b82f-414a-a1ad-a5ec3b672f13,e98c8efd-b82f-414a-a1ad-a5ec3b672f13,,nao,nova
lever,kabam,Senior Creative Director,Vancouver,https://jobs.lever.co/kabam/8277b192-703d-4076-bc6e-1e21ecefd74b,8277b192-703d-4076-bc6e-1e21ecefd74b,,nao,nova
lever,kabam,Senior Live Operations Specialist,Vancouver,https://jobs.lever.co/kabam/fa35e623-65cb-4c08-9e2e-1f939641a0b5,fa35e623-65cb-4c08-9e2e-1f939641a0b5,,nao,nova
lever,kabam,Senior Product Manager,Vancouver,https://jobs.lever.co/kabam/509c3760-32ee-47ce-b4fe-6f2b4c41f56f,509c3760-32ee-47ce-b4fe-6f2b4c41f56f,,nao,nova
lever,kabam,Senior Software Engineer (Contract),Vancouver,https://jobs.lever.co/kabam/8f698c31-2b81-4bbc-9c6c-d5442a6f9e10,8f698c31-2b81-4bbc-9c6c-d5442a6f9e10,,nao,nova
lever,kabam,"Spécialiste Associé, Opérations en Direct - Contrat",Montreal,https://jobs.lever.co/kabam/fd0c5999-e507-4692-8a6a-1d9e1f3fde43,fd0c5999-e507-4692-8a6a-1d9e1f3fde43,,nao,nova
lever,kabam,UI Technical Designer (Contract),Vancouver,https://jobs.lever.co/kabam/9befe4e3-b4ac-4c22-bdef-a5cc3b75ad1c,9befe4e3-b4ac-4c22-bdef-a5cc3b75ad1c,,nao,nova
lever,kabam,Video Artist (6 Month Contract),Vancouver,https://jobs.lever.co/kabam/d07a353f-e077-4ff5-b78e-3d5d4785eb84,d07a353f-e077-4ff5-b78e-3d5d4785eb84,,nao,nova
lever,kabam,Workplace Experience Coordinator,Vancouver,https://jobs.lever.co/kabam/01d5d5ef-f4f8-4480-9681-171a84fb7d00,01d5d5ef-f4f8-4480-9681-171a84fb7d00,,nao,nova
lever,larian,3PL & Production Logistics Specialist,Warsaw,https://jobs.lever.co/larian/8ea397ca-d54a-4957-b23c-6b9274a74509,8ea397ca-d54a-4957-b23c-6b9274a74509,,nao,nova
lever,larian,Animator – Open Application | Animateur - candidature libre,Any,https://jobs.lever.co/larian/426112f6-122c-4cef-b97f-37e7df14526f,426112f6-122c-4cef-b97f-37e7df14526f,,nao,nova
lever,larian,Combat Designer | Concepteur de combats,Quebec,https://jobs.lever.co/larian/ace7bbeb-31ff-44ea-991d-223ef9685284,ace7bbeb-31ff-44ea-991d-223ef9685284,,nao,nova
lever,larian,Combat Designer – Open Application | Concepteur de combats - candidature libre,Any,https://jobs.lever.co/larian/66793055-cc67-4691-8191-56713e457714,66793055-cc67-4691-8191-56713e457714,,nao,nova
lever,larian,Concept and 2D Artist – Open Application | Artiste conceptuel et 2D - candidature libre,Any,https://jobs.lever.co/larian/4fd694b3-ece7-4307-9949-15cac512a815,4fd694b3-ece7-4307-9949-15cac512a815,,nao,nova
lever,larian,DevOps – Open Application | DevOps - candidature libre,Any,https://jobs.lever.co/larian/19153167-a979-4236-917d-1a83c0ab631e,19153167-a979-4236-917d-1a83c0ab631e,,nao,nova
lever,larian,Engine Programmer,Kuala Lumpur,https://jobs.lever.co/larian/5100ac36-a346-41c1-a24b-db8837cd4d11,5100ac36-a346-41c1-a24b-db8837cd4d11,,nao,nova
lever,larian,Engine Programmer,Warsaw,https://jobs.lever.co/larian/f2e32e37-6595-455a-bd3c-f23b0f362108,f2e32e37-6595-455a-bd3c-f23b0f362108,,nao,nova
lever,larian,Engine Programmer | Programmeur moteur,Quebec,https://jobs.lever.co/larian/a6fcb51e-72d8-46f1-973f-96f976d62ac2,a6fcb51e-72d8-46f1-973f-96f976d62ac2,,nao,nova
lever,larian,Engine Programmer – Open Application | Programmeur moteur - candidature libre,Any,https://jobs.lever.co/larian/6f14f128-5014-41a7-a7a4-383cc3c29608,6f14f128-5014-41a7-a7a4-383cc3c29608,,nao,nova
lever,larian,Engine Programming Internship,Kuala Lumpur,https://jobs.lever.co/larian/0be702b9-092e-4e3d-b876-c35c32157d6b,0be702b9-092e-4e3d-b876-c35c32157d6b,,nao,nova
lever,larian,Gameplay Programmer,Warsaw,https://jobs.lever.co/larian/bce7861d-77eb-469e-a905-d4473fe64af7,bce7861d-77eb-469e-a905-d4473fe64af7,,nao,nova
lever,larian,Gameplay Programmer Internship,Barcelona,https://jobs.lever.co/larian/d546d9c3-ab0d-4c77-81d8-8b8388c158ff,d546d9c3-ab0d-4c77-81d8-8b8388c158ff,,nao,nova
lever,larian,Gameplay Programmer | Programmeur de gameplay,Quebec,https://jobs.lever.co/larian/cc0ef944-ed91-4758-a3cd-c1ae408f3db1,cc0ef944-ed91-4758-a3cd-c1ae408f3db1,,nao,nova
lever,larian,Gameplay Programmer – Open Application | Programmeur gameplay - candidature libre,Any,https://jobs.lever.co/larian/8a0ddf95-82a6-470f-9a1b-3126f569613b,8a0ddf95-82a6-470f-9a1b-3126f569613b,,nao,nova
lever,larian,Gameplay programmer,Guildford,https://jobs.lever.co/larian/6b6eb172-a4cb-431f-8af9-23236f8e51c9,6b6eb172-a4cb-431f-8af9-23236f8e51c9,,nao,nova
lever,larian,Graphics Programmer,Warsaw,https://jobs.lever.co/larian/45d0d17a-8da3-4029-afde-cdf3756d606a,45d0d17a-8da3-4029-afde-cdf3756d606a,,nao,nova
lever,larian,Graphics Programmer | Programmeur graphique,Quebec,https://jobs.lever.co/larian/90646081-e334-4901-bd3c-2dd4e89de0c1,90646081-e334-4901-bd3c-2dd4e89de0c1,,nao,nova
lever,larian,Graphics Programmer – Open Application | Programmeur graphique - candidature libre,Any,https://jobs.lever.co/larian/828b8b15-a5be-40c1-9530-a45b7c581b8b,828b8b15-a5be-40c1-9530-a45b7c581b8b,,nao,nova
lever,larian,Junior Engine Programmer,Kuala Lumpur,https://jobs.lever.co/larian/445d0e02-e194-49ba-9e18-82f9821389c8,445d0e02-e194-49ba-9e18-82f9821389c8,,nao,nova
lever,larian,Junior Gameplay Programmer,Kuala Lumpur,https://jobs.lever.co/larian/ad8ea7ad-77b1-4839-8268-412ab72faf8b,ad8ea7ad-77b1-4839-8268-412ab72faf8b,,nao,nova
lever,larian,Junior Tools Programmer,Kuala Lumpur,https://jobs.lever.co/larian/1fe93583-dd13-4354-9a63-348e7c3a6dcd,1fe93583-dd13-4354-9a63-348e7c3a6dcd,,nao,nova
lever,larian,Junior Web Dev QA Analyst,Warsaw,https://jobs.lever.co/larian/5bd314b3-0fcd-4dc1-9097-410d7b3f51cd,5bd314b3-0fcd-4dc1-9097-410d7b3f51cd,,nao,nova
lever,larian,Language Manager - Korean,Dublin,https://jobs.lever.co/larian/296c121a-c282-4c29-b157-eda3699531cf,296c121a-c282-4c29-b157-eda3699531cf,,nao,nova
lever,larian,Language Manager - Russian,Dublin,https://jobs.lever.co/larian/97f645eb-798c-43fb-af9f-34615eab229d,97f645eb-798c-43fb-af9f-34615eab229d,,nao,nova
lever,larian,Lead Engine Programmer,Warsaw,https://jobs.lever.co/larian/b57d52f4-b6c3-41d6-8299-7004a4841972,b57d52f4-b6c3-41d6-8299-7004a4841972,,nao,nova
lever,larian,Lead Engine Programmer | Responsable programmation moteur,Quebec,https://jobs.lever.co/larian/aa67bbf9-d58f-4e60-85ff-68072d374cf1,aa67bbf9-d58f-4e60-85ff-68072d374cf1,,nao,nova
lever,larian,Lead Graphics Programmer,Warsaw,https://jobs.lever.co/larian/57b36ac5-4918-470b-926f-0d818b3f476d,57b36ac5-4918-470b-926f-0d818b3f476d,,nao,nova
lever,larian,Lead Graphics Programmer  | Programmeur de graphismes principal,Quebec,https://jobs.lever.co/larian/9c06bb8d-cc20-4b22-87a2-0e959d70a294,9c06bb8d-cc20-4b22-87a2-0e959d70a294,,nao,nova
lever,larian,Lead Tools Programmer,Warsaw,https://jobs.lever.co/larian/82fe4422-5c06-4ea0-b12b-44863a19adc9,82fe4422-5c06-4ea0-b12b-44863a19adc9,,nao,nova
lever,larian,Lead Tools Programmer | Responsable Programmeur outils,Quebec,https://jobs.lever.co/larian/9952f23f-69f6-4461-87a8-186f9c8c4250,9952f23f-69f6-4461-87a8-186f9c8c4250,,nao,nova
lever,larian,Level Design Internship,Gent,https://jobs.lever.co/larian/27fc755d-40b6-43b9-b58a-3ca3ebb01fc7,27fc755d-40b6-43b9-b58a-3ca3ebb01fc7,,nao,nova
lever,larian,Level Designer,Guildford,https://jobs.lever.co/larian/2379cc51-2eb7-4e8c-9dcc-052cb7a8c868,2379cc51-2eb7-4e8c-9dcc-052cb7a8c868,,nao,nova
lever,larian,Level Designer | Concepteur de niveaux,Quebec,https://jobs.lever.co/larian/a928f2a4-9d47-4049-a713-98975f6c72fe,a928f2a4-9d47-4049-a713-98975f6c72fe,,nao,nova
lever,larian,Level Designer – Open Application | Concepteur de niveaux - candidature libre,Any,https://jobs.lever.co/larian/c94ffeae-dd5e-4a6e-a239-dddbcec58f9c,c94ffeae-dd5e-4a6e-a239-dddbcec58f9c,,nao,nova
lever,larian,Lighting Artist – Open Application | Artiste spécialiste de l'éclairage - candidature libre,Any,https://jobs.lever.co/larian/bf42260a-554e-44dd-8d96-a6621982d4ca,bf42260a-554e-44dd-8d96-a6621982d4ca,,nao,nova
lever,larian,Machine Learning Engineer,Guildford,https://jobs.lever.co/larian/252fd4ba-7d3c-4186-8da8-48a9f6f111a4,252fd4ba-7d3c-4186-8da8-48a9f6f111a4,,nao,nova
lever,larian,Motion Capture Engineer – Open Application,Guildford,https://jobs.lever.co/larian/3281647f-284e-4c59-8690-733c359b227b,3281647f-284e-4c59-8690-733c359b227b,,nao,nova
lever,larian,Producer – Open Application | Producteur - candidature libre,Any,https://jobs.lever.co/larian/c34990ef-5128-44de-86fc-b1df5d596a51,c34990ef-5128-44de-86fc-b1df5d596a51,,nao,nova
lever,larian,RPG Designer,Dublin,https://jobs.lever.co/larian/c586648f-02cc-4c7e-b189-d68b71d5fa4a,c586648f-02cc-4c7e-b189-d68b71d5fa4a,,nao,nova
lever,larian,RPG Designer | Concepteur des Jeux de rôle,Quebec,https://jobs.lever.co/larian/1461a85a-b36c-4b96-974d-6e3e7dcd5cf9,1461a85a-b36c-4b96-974d-6e3e7dcd5cf9,,nao,nova
lever,larian,Scripter | Scripteur,Quebec,https://jobs.lever.co/larian/985a11f6-ab93-4a19-a06d-aaabf95c62b5,985a11f6-ab93-4a19-a06d-aaabf95c62b5,,nao,nova
lever,larian,Senior DevOps Full Stack Developer,Warsaw,https://jobs.lever.co/larian/8dc39b30-2d2b-4e33-9ba1-eaac56c2ba5c,8dc39b30-2d2b-4e33-9ba1-eaac56c2ba5c,,nao,nova
lever,larian,Senior Engine Programmer | Programmeur moteur senior,Quebec,https://jobs.lever.co/larian/d0392b7a-fdca-4540-9d72-1a6892e4663f,d0392b7a-fdca-4540-9d72-1a6892e4663f,,nao,nova
lever,larian,Senior RPG Designer,Warsaw,https://jobs.lever.co/larian/81f77b67-e968-4de9-b074-1bdd6e05ba5d,81f77b67-e968-4de9-b074-1bdd6e05ba5d,,nao,nova
lever,larian,Senior Tools Programmer,Kuala Lumpur,https://jobs.lever.co/larian/f7199feb-794d-437c-bed1-369e36d7fdc8,f7199feb-794d-437c-bed1-369e36d7fdc8,,nao,nova
lever,larian,Sound Designer – Open Application | Concepteur sonore - candidature libre,Any,https://jobs.lever.co/larian/90157c7a-cc80-4cc3-8d78-285e5745f25e,90157c7a-cc80-4cc3-8d78-285e5745f25e,,nao,nova
lever,larian,Storytelling Director,Guildford,https://jobs.lever.co/larian/f28d860b-caed-486f-9815-b69f93b5e789,f28d860b-caed-486f-9815-b69f93b5e789,,nao,nova
lever,larian,Systems Designer | Concepteur de systèmes,Quebec,https://jobs.lever.co/larian/8f5e8945-1191-438e-aaf0-10ecfd9adb4e,8f5e8945-1191-438e-aaf0-10ecfd9adb4e,,nao,nova
lever,larian,Systems Designer – Open Application | Concepteur de systèmes - candidature libre,Any,https://jobs.lever.co/larian/fb8fefbf-099e-4161-94ba-e32ce409dda2,fb8fefbf-099e-4161-94ba-e32ce409dda2,,nao,nova
lever,larian,Talent Sourcer (Recruiter) | Sourceur de talents (recruteur),Quebec,https://jobs.lever.co/larian/d953f55c-63b5-41a3-933e-1850cd68c7be,d953f55c-63b5-41a3-933e-1850cd68c7be,,nao,nova
lever,larian,Tech Audio Designer  | Concepteur sonore technique,Quebec,https://jobs.lever.co/larian/c0eba700-cfdb-4481-acf2-063f5772d5d8,c0eba700-cfdb-4481-acf2-063f5772d5d8,,nao,nova
lever,larian,Technical Animator or Rigger – Open Application | Animateur technique ou de squelettage - candidature ouverte,Any,https://jobs.lever.co/larian/f499a22b-9ea6-418b-be66-c0d7b5efaee3,f499a22b-9ea6-418b-be66-c0d7b5efaee3,,nao,nova
lever,larian,Technical Artist - Pipeline & Tools,Barcelona,https://jobs.lever.co/larian/1dc05a1f-50ad-419b-8772-d2c4bd5cad57,1dc05a1f-50ad-419b-8772-d2c4bd5cad57,,nao,nova
lever,larian,Technical Artist – Open Application | Artiste technique - candidature libre,Any,https://jobs.lever.co/larian/4ef19671-90b0-4cc7-9365-64aa3c671563,4ef19671-90b0-4cc7-9365-64aa3c671563,,nao,nova
lever,larian,Technical QA – Open Application | Contrôle qualité technique - candidature libre,Any,https://jobs.lever.co/larian/566055cd-27a3-4429-a829-cc10e2132308,566055cd-27a3-4429-a829-cc10e2132308,,nao,nova
lever,larian,Tools Programmer – Open Application | Programmeur d'outils - candidature libre,Any,https://jobs.lever.co/larian/ab49ca27-e300-4d68-a787-61a182f97e49,ab49ca27-e300-4d68-a787-61a182f97e49,,nao,nova
lever,larian,UI/UX Designer – Open Application | Concepteur d'interface et d'expérience utilisateur - candidature libre,Any,https://jobs.lever.co/larian/fd0719ec-645d-4314-9356-2cf853aa8802,fd0719ec-645d-4314-9356-2cf853aa8802,,nao,nova
lever,larian,Voice Designer  (12 Month FTC),Guildford,https://jobs.lever.co/larian/459febf2-c703-434b-9d3c-bd1d464be047,459febf2-c703-434b-9d3c-bd1d464be047,,nao,nova
lever,larian,Writer,Warsaw,https://jobs.lever.co/larian/cd334afc-3346-48be-9c52-2006945174be,cd334afc-3346-48be-9c52-2006945174be,,nao,nova
lever,larian,Writer – Open Application | Scénariste - candidature libre,Any,https://jobs.lever.co/larian/09bd74d9-6abc-44cf-af96-7236b7fc64ee,09bd74d9-6abc-44cf-af96-7236b7fc64ee,,nao,nova
lever,neowiz,AI Service Engineer (전문연구요원),NEOWIZ,https://jobs.lever.co/neowiz/75932945-7224-4368-84bd-dcde43348d6e,75932945-7224-4368-84bd-dcde43348d6e,,nao,nova
lever,neowiz,Car Care Assistant (장애인 채용),NEOWIZ,https://jobs.lever.co/neowiz/f23d7481-0340-4bdf-a9f8-f31ade4cefe8,f23d7481-0340-4bdf-a9f8-f31ade4cefe8,,nao,nova
lever,neowiz,Content & Community Marketing Manager (China),NEOWIZ,https://jobs.lever.co/neowiz/8513459e-6434-453a-9855-97b447039118,8513459e-6434-453a-9855-97b447039118,,nao,nova
lever,neowiz,FP&A 담당자,NEOWIZ,https://jobs.lever.co/neowiz/ec52d20a-20d1-4621-9b34-cd3ab123c5e0,ec52d20a-20d1-4621-9b34-cd3ab123c5e0,,nao,nova
lever,neowiz,Financial Accountant(연결회계),NEOWIZ,https://jobs.lever.co/neowiz/3320e7f2-9bcd-45c0-8b03-2c4351a8f9fe,3320e7f2-9bcd-45c0-8b03-2c4351a8f9fe,,nao,nova
lever,neowiz,IP Merchandise Lead,NEOWIZ,https://jobs.lever.co/neowiz/3aee6e8e-e98b-4ce5-a4ff-a6d2a41ab78f,3aee6e8e-e98b-4ce5-a4ff-a6d2a41ab78f,,nao,nova
lever,neowiz,Massage Therapist (장애인 채용),NEOWIZ,https://jobs.lever.co/neowiz/2f718f75-1e42-45b8-8697-ac264657782b,2f718f75-1e42-45b8-8697-ac264657782b,,nao,nova
lever,neowiz,[ASTRA9 Studio] 내러티브 중심 RPG 신작 프로젝트 클라이언트 프로그래머,NEOWIZ,https://jobs.lever.co/neowiz/c3704f2e-5921-49f2-a9c2-8857696d846f,c3704f2e-5921-49f2-a9c2-8857696d846f,,nao,nova
lever,neowiz,[NOUGH Studio] P의 거짓 차기작 3D 캐릭터 모델러,NEOWIZ,https://jobs.lever.co/neowiz/5ad83a87-38c2-4441-81da-5ab73e3217fc,5ad83a87-38c2-4441-81da-5ab73e3217fc,,nao,JA-FEITO
lever,neowiz,[NOUGH Studio] P의 거짓 차기작 Producer,NEOWIZ,https://jobs.lever.co/neowiz/8ec875e2-4a05-461e-9a91-0660f2f3981a,8ec875e2-4a05-461e-9a91-0660f2f3981a,,nao,nova
lever,neowiz,[Onetake Studio] JRPG 신작 프로젝트 3D 배경 모델러,NEOWIZ,https://jobs.lever.co/neowiz/19af5396-0ff5-4d14-acc6-f5d6ea5df995,19af5396-0ff5-4d14-acc6-f5d6ea5df995,,nao,nova
lever,neowiz,[Onetake Studio] 고양이와 스프 크리에이티브/기획 디렉터,NEOWIZ,https://jobs.lever.co/neowiz/558c52dc-e247-4b33-99a0-9cd92932fee4,558c52dc-e247-4b33-99a0-9cd92932fee4,,nao,nova
lever,neowiz,[Onetake Studio] 오리지널IP 신작 콘솔 프로젝트 3D 애니메이터,NEOWIZ,https://jobs.lever.co/neowiz/7995486e-3cee-4cf5-9c9b-652ba22450c8,7995486e-3cee-4cf5-9c9b-652ba22450c8,,nao,nova
lever,neowiz,[Onetake Studio] 오리지널IP 신작 콘솔 프로젝트 3D 캐릭터 모델러,NEOWIZ,https://jobs.lever.co/neowiz/7de35c5d-137c-4c03-9453-5f93228899f7,7de35c5d-137c-4c03-9453-5f93228899f7,,nao,JA-FEITO
lever,neowiz,[Onetake Studio] 오리지널IP 신작 콘솔 프로젝트 내러티브 기획자,NEOWIZ,https://jobs.lever.co/neowiz/1868965d-cc2d-4c3b-8ba4-98baccec3515,1868965d-cc2d-4c3b-8ba4-98baccec3515,,nao,nova
lever,neowiz,[네오위즈] 아트 프리랜서,NEOWIZ,https://jobs.lever.co/neowiz/0a492269-2cbd-44b4-9c7c-83809ff52e4d,0a492269-2cbd-44b4-9c7c-83809ff52e4d,,nao,nova
lever,neowiz,[네오위즈] 인재 Pool,NEOWIZ,https://jobs.lever.co/neowiz/c74ffadf-1e4e-4a3e-8ec3-fde9cc8f2aa3,c74ffadf-1e4e-4a3e-8ec3-fde9cc8f2aa3,,nao,nova
lever,neowiz,사내 보건관리자 (장애인 채용),NEOWIZ,https://jobs.lever.co/neowiz/c977653e-1360-4c18-a48b-452af618f650,c977653e-1360-4c18-a48b-452af618f650,,nao,nova
lever,neowiz,사운드 디자이너 (계약직),NEOWIZ,https://jobs.lever.co/neowiz/d31e735f-b2df-4a3d-be7f-be6951653054,d31e735f-b2df-4a3d-be7f-be6951653054,,nao,nova
lever,neowiz,서브컬처 게임 마케팅 담당자 (계약직),NEOWIZ,https://jobs.lever.co/neowiz/fdccb086-3288-4ca9-a5a8-25a797f99572,fdccb086-3288-4ca9-a5a8-25a797f99572,,nao,nova
lever,neowiz,중화권사업팀 팬덤 마케팅 PM,NEOWIZ,https://jobs.lever.co/neowiz/8fb74642-d16b-46d5-81a1-e15f62de6547,8fb74642-d16b-46d5-81a1-e15f62de6547,,nao,nova
lever,neowiz,총무 담당자 (Workplace & Employee Experience),NEOWIZ,https://jobs.lever.co/neowiz/7476e356-86e6-44a0-a3a0-7435903d39e1,7476e356-86e6-44a0-a3a0-7435903d39e1,,nao,nova
lever,skyboxlabs,Security Analyst,"Burnaby, British Columbia",https://jobs.lever.co/skyboxlabs/186f5815-0f8f-4da9-b78c-c2d613a8dba3,186f5815-0f8f-4da9-b78c-c2d613a8dba3,,nao,nova
lever,skyboxlabs,Senior Gameplay Software Engineer (UE5),"Burnaby, British Columbia",https://jobs.lever.co/skyboxlabs/c31046c8-3204-4a30-978c-171cd7874f27,c31046c8-3204-4a30-978c-171cd7874f27,,nao,nova
lever,skyboxlabs,Senior Technical Artist (UE5),"Burnaby, British Columbia",https://jobs.lever.co/skyboxlabs/0b0982e3-1625-4a2c-97a3-3f591f551cbb,0b0982e3-1625-4a2c-97a3-3f591f551cbb,,nao,nova
lever,skydance,2D Effects Artist (Temporary/Freelance),"Santa Monica, Los Angeles",https://jobs.lever.co/skydance/53d76f8f-f886-472e-b526-331056e7c87a,53d76f8f-f886-472e-b526-331056e7c87a,,nao,nova
lever,skydance,Animation Trainee,Madrid,https://jobs.lever.co/skydance/e4fd3440-69b1-46e1-a2d4-42f264fb1d12,e4fd3440-69b1-46e1-a2d4-42f264fb1d12,,nao,nova
lever,skydance,Animator,Madrid,https://jobs.lever.co/skydance/95e3b293-f655-4d19-b98b-d34ae713d088,95e3b293-f655-4d19-b98b-d34ae713d088,,nao,nova
lever,skydance,Art Director,"Santa Monica, Los Angeles",https://jobs.lever.co/skydance/3c0632d5-f6a1-436b-a94c-a41854ebcce3,3c0632d5-f6a1-436b-a94c-a41854ebcce3,,nao,nova
lever,skydance,Email Marketing Specialist (Temporary/Independent Contractor),Los Angeles,https://jobs.lever.co/skydance/14f3bd4e-2dca-4c87-a16b-3d2d7dec3040,14f3bd4e-2dca-4c87-a16b-3d2d7dec3040,,nao,nova
lever,skydance,Environment Set Dressing Trainee,Madrid,https://jobs.lever.co/skydance/570eb832-3f6e-47cc-9a34-f7b34ca74a92,570eb832-3f6e-47cc-9a34-f7b34ca74a92,,nao,nova
lever,skydance,"Lead Producer, Publishing (6-months Contract)",California (Remote),https://jobs.lever.co/skydance/ff39616b-98a0-442b-8a38-b08e94a1a4cd,ff39616b-98a0-442b-8a38-b08e94a1a4cd,,nao,nova
lever,skydance,Mid Systems Administrator,Madrid,https://jobs.lever.co/skydance/fdbe01b1-e36c-408a-93d7-02f0e3f78be3,fdbe01b1-e36c-408a-93d7-02f0e3f78be3,,nao,nova
lever,skydance,Office Receptionist,"Santa Monica, Los Angeles",https://jobs.lever.co/skydance/0b74e3b2-ebc2-43a0-a3d0-79cb4dadeb1b,0b74e3b2-ebc2-43a0-a3d0-79cb4dadeb1b,,nao,nova
lever,skydance,Pipeline Engineer,Madrid,https://jobs.lever.co/skydance/1f95bafc-036c-44e3-8c74-27ad5415bb71,1f95bafc-036c-44e3-8c74-27ad5415bb71,,nao,nova
lever,skydance,Pipeline Engineer Trainee,Madrid,https://jobs.lever.co/skydance/ddbb6dd7-0ec1-403a-876b-85208ad02b84,ddbb6dd7-0ec1-403a-876b-85208ad02b84,,nao,nova
lever,skydance,Principal Engineer,"Santa Monica, Los Angeles",https://jobs.lever.co/skydance/284e1d4b-71fb-45c1-afe1-b692e6053fef,284e1d4b-71fb-45c1-afe1-b692e6053fef,,nao,nova
lever,skydance,Production Trainee,Madrid,https://jobs.lever.co/skydance/5aa9fc93-5563-4814-8080-2f6d815fa661,5aa9fc93-5563-4814-8080-2f6d815fa661,,nao,nova
lever,skydance,QA Lead,California (Remote),https://jobs.lever.co/skydance/c8f07b13-09ec-4ef9-a1ab-275cfbafb502,c8f07b13-09ec-4ef9-a1ab-275cfbafb502,,nao,nova
lever,skydance,"QA Manager, Publishing (6-months Contract)",California (Remote),https://jobs.lever.co/skydance/7d787d0c-440f-48d2-a2a8-f915ce78c486,7d787d0c-440f-48d2-a2a8-f915ce78c486,,nao,nova
lever,skydance,Senior Animator,Madrid,https://jobs.lever.co/skydance/60f265de-5552-46b0-a67c-0ce5b2928be3,60f265de-5552-46b0-a67c-0ce5b2928be3,,nao,nova
lever,skydance,Senior Crowds Technical Artist,Madrid,https://jobs.lever.co/skydance/ba65408a-7944-4ab0-af68-e57898d34792,ba65408a-7944-4ab0-af68-e57898d34792,,nao,nova
lever,skydance,Senior Rigging Artist,Madrid,https://jobs.lever.co/skydance/855b4875-4a82-479d-bce1-0fd7a81734bf,855b4875-4a82-479d-bce1-0fd7a81734bf,,nao,nova
lever,skydance,Senior Systems Engineer,"Santa Monica, Los Angeles",https://jobs.lever.co/skydance/a96528ca-e6d9-495a-855e-5f5a90e4ca0e,a96528ca-e6d9-495a-855e-5f5a90e4ca0e,,nao,nova
lever,skydance,Social Media Manager (6-month project hire),"Santa Monica, Los Angeles",https://jobs.lever.co/skydance/2ab60c39-8851-490d-8650-da2d67e3cc93,2ab60c39-8851-490d-8650-da2d67e3cc93,,nao,nova
lever,skydance,"VP, Head of Strategy & Business Operations",Los Angeles,https://jobs.lever.co/skydance/a4d11f5d-8f4b-4d18-b07f-0c131e4fdaa8,a4d11f5d-8f4b-4d18-b07f-0c131e4fdaa8,,nao,nova
lever,thinkingbox,Art Director - Thinkingbox,Toronto,https://jobs.lever.co/thinkingbox/9de918e1-3726-42c7-870d-e85067923329,9de918e1-3726-42c7-870d-e85067923329,,nao,nova
lever,thinkingbox,"Art Director, Motion - The Heist",Toronto,https://jobs.lever.co/thinkingbox/dd09ad83-e4a9-46bf-9a28-8f865beea506,dd09ad83-e4a9-46bf-9a28-8f865beea506,,nao,nova
lever,thinkingbox,Creative Director - AntiSocial,Toronto,https://jobs.lever.co/thinkingbox/82c5943f-c2ce-43a0-a38e-4387dd896990,82c5943f-c2ce-43a0-a38e-4387dd896990,,nao,nova
lever,thinkingbox,Creative Director - AntiSocial,Los Angeles,https://jobs.lever.co/thinkingbox/98fce4ca-c99d-4417-a781-269a0fea22a3,98fce4ca-c99d-4417-a781-269a0fea22a3,,nao,nova
lever,thinkingbox,Designer - Thinkingbox,Vancouver,https://jobs.lever.co/thinkingbox/a90629b1-9cea-4a33-bdb8-da5e9ef55ba9,a90629b1-9cea-4a33-bdb8-da5e9ef55ba9,,nao,nova
lever,thinkingbox,Director of Photography / Post-Production Lead - The Heist,Vancouver,https://jobs.lever.co/thinkingbox/3a96ab34-3d07-48e9-ad57-db554a20984e,3a96ab34-3d07-48e9-ad57-db554a20984e,,nao,nova
lever,thinkingbox,Director of Production - Thinkingbox,Los Angeles,https://jobs.lever.co/thinkingbox/f83db847-9b03-404c-a9ba-396cb372b066,f83db847-9b03-404c-a9ba-396cb372b066,,nao,nova
lever,thinkingbox,Executive Creative Director - AntiSocial,Toronto,https://jobs.lever.co/thinkingbox/1f410f76-0854-494c-b328-dc1b662e7f75,1f410f76-0854-494c-b328-dc1b662e7f75,,nao,nova
lever,thinkingbox,Executive Producer - Thinkingbox,London,https://jobs.lever.co/thinkingbox/a2850294-d09c-4708-88d9-bf45228479c1,a2850294-d09c-4708-88d9-bf45228479c1,,nao,nova
lever,thinkingbox,Executive Producer - Thinkingbox,Toronto,https://jobs.lever.co/thinkingbox/cad48367-8e40-4075-a6f6-ebcfe4e2f73a,cad48367-8e40-4075-a6f6-ebcfe4e2f73a,,nao,nova
lever,thinkingbox,Executive Producer - Thinkingbox,Los Angeles,https://jobs.lever.co/thinkingbox/df0081c2-cffc-4c2c-88cf-a18317861325,df0081c2-cffc-4c2c-88cf-a18317861325,,nao,nova
lever,thinkingbox,Influencer Strategy Director - AntiSocial,Toronto,https://jobs.lever.co/thinkingbox/e4174f03-3ac2-450c-a087-dc48a0318209,e4174f03-3ac2-450c-a087-dc48a0318209,,nao,nova
lever,thinkingbox,Junior Accountant - Thinkingbox,Vancouver,https://jobs.lever.co/thinkingbox/ea1accbe-20d9-4234-90e6-bee2b91f34fd,ea1accbe-20d9-4234-90e6-bee2b91f34fd,,nao,nova
lever,thinkingbox,Senior Producer - Thinkingbox,Toronto,https://jobs.lever.co/thinkingbox/57e3b1c8-defe-4c80-a33e-a1bea02f8527,57e3b1c8-defe-4c80-a33e-a1bea02f8527,,nao,nova
lever,thinkingbox,Senior Producer - Thinkingbox,Los Angeles,https://jobs.lever.co/thinkingbox/6f0c5d87-007f-484f-9341-07815ef738c6,6f0c5d87-007f-484f-9341-07815ef738c6,,nao,nova
lever,thinkingbox,Studio Coordinator - Thinkingbox,Toronto,https://jobs.lever.co/thinkingbox/bc3ad907-f385-4b71-8787-0af8ec3230fb,bc3ad907-f385-4b71-8787-0af8ec3230fb,,nao,nova
recruitee,framestore,2D Lead/ Compositing Supervisor,"London, Greater London, United Kingdom",https://framestore.recruitee.com/o/2d-lead-compositing-supervisor,1522567,,nao,nova
recruitee,framestore,Animateur·trice 3D | 3D Animator,"Montreal, Quebec, Canada",https://framestore.recruitee.com/o/animateurtrice-3d-3d-animator-3,2408833,,nao,nova
recruitee,framestore,Animation Supervisor,"Montreal, Quebec, Canada",https://framestore.recruitee.com/o/superviseure-de-lanimationanimation-supervisor,1706536,,nao,nova
recruitee,framestore,Animator,Remote job,https://framestore.recruitee.com/o/animator-2033,2705873,,nao,nova
recruitee,framestore,Animator,"London, Greater London, United Kingdom",https://framestore.recruitee.com/o/animator-film-episodic,644203,,nao,nova
recruitee,framestore,Associate Producer,"Mumbai, Mahārāshtra, India",https://framestore.recruitee.com/o/head-of-production-2-3,1687201,,nao,nova
recruitee,framestore,CG Supervisor,"Mumbai, Mahārāshtra, India",https://framestore.recruitee.com/o/cg-supervisor-mumbai,1351189,,nao,nova
recruitee,framestore,Compositing Supervisor,"Mumbai, Mahārāshtra, India",https://framestore.recruitee.com/o/compositing-supervisor-2024,1164648,,nao,nova
recruitee,framestore,Compositor,"London, Greater London, United Kingdom",https://framestore.recruitee.com/o/compositor-19,1348985,,nao,nova
recruitee,framestore,Compositor - Mid / Senior Level,"London, Greater London, United Kingdom",https://framestore.recruitee.com/o/compositor-mid-senior-level,513362,,nao,nova
recruitee,framestore,Compositor - Mid/Senior,"Melbourne, Victoria, Australia",https://framestore.recruitee.com/o/compositor-midsenior,2720868,,nao,nova
recruitee,framestore,Compositor - Short Term contract August 2026,"Montreal, Quebec, Canada",https://framestore.recruitee.com/o/compositeurrice-compositor-contrat-court-terme-aout-2026,2561125,,nao,nova
recruitee,framestore,Crowd TD,"London, Greater London, United Kingdom",https://framestore.recruitee.com/o/crowd-td-3,2575086,,nao,nova
recruitee,framestore,Data Operator,"Mumbai, Mahārāshtra, India",https://framestore.recruitee.com/o/data-operator-mumbai,745043,,nao,nova
recruitee,framestore,Digital Matte Painter,Remote job,https://framestore.recruitee.com/o/digital-matte-painter-4,2730192,,nao,nova
recruitee,framestore,Directeur.rice technique des effets | FX Technical Director,"Montreal, Quebec, Canada",https://framestore.recruitee.com/o/fx-technical-director-short-term-contract-2-3,1747590,,nao,nova
recruitee,framestore,Directeur.trice Technique des effets de foule | Crowd TD,"Montreal, Quebec, Canada",https://framestore.recruitee.com/o/directeurtrice-technique-des-effets-de-foule-crowd-td,2357383,,nao,nova
recruitee,framestore,Expression of Interest 2026 - Melbourne,"Melbourne, Victoria, Australia",https://framestore.recruitee.com/o/expression-of-interest-2026-melbourne,2467827,,nao,nova
recruitee,framestore,FX TD,"London, Greater London, United Kingdom",https://framestore.recruitee.com/o/fx-td-2027,513272,,nao,nova
recruitee,framestore,Freelance: CG - Chicago,Remote job,https://framestore.recruitee.com/o/freelance-cg-chicago,513172,,nao,nova
recruitee,framestore,Freelance: CG - Los Angeles,Remote job,https://framestore.recruitee.com/o/freelance-cg-los-angeles,513953,,nao,nova
recruitee,framestore,Freelance: CG - New York,Remote job,https://framestore.recruitee.com/o/freelance-cg-new-york,514243,,nao,nova
recruitee,framestore,Freelance: Nuke - Chicago,Remote job,https://framestore.recruitee.com/o/freelance-nuke-chicago,513398,,nao,nova
recruitee,framestore,Freelance: Nuke - Los Angeles,Remote job,https://framestore.recruitee.com/o/freelance-nuke-los-angeles,513993,,nao,nova
recruitee,framestore,Freelance: Nuke - New York,Remote job,https://framestore.recruitee.com/o/freelance-nuke-new-york,513371,,nao,nova
recruitee,framestore,Freelance: VFX Producers - New York,Remote job,https://framestore.recruitee.com/o/freelance-vfx-producers-new-york,514011,,nao,nova
recruitee,framestore,IT Support Analyst,"Montreal, Quebec, Canada",https://framestore.recruitee.com/o/analyste-en-support-ti-it-support-analyst,2535963,,nao,nova
recruitee,framestore,Launchpad Insights | Kickstart Your Future with Hands-On Work Experience in Visual Effects!,"London, Greater London, United Kingdom",https://framestore.recruitee.com/o/unpaid-work-experience,1421977,,nao,nova
recruitee,framestore,Layout TD,"London, Greater London, United Kingdom",https://framestore.recruitee.com/o/layout-td,514546,,nao,nova
recruitee,framestore,Lead Animator,"Mumbai, Mahārāshtra, India",https://framestore.recruitee.com/o/animation-lead,1434789,,nao,nova
recruitee,framestore,Lighting Supervisor,"Mumbai, Mahārāshtra, India",https://framestore.recruitee.com/o/lighting-supervisor,2566903,,nao,nova
recruitee,framestore,Lighting TD,"Montreal, Quebec, Canada",https://framestore.recruitee.com/o/directeurtrice-technique-des-eclairages-lighting-td-2026,2442835,,nao,nova
recruitee,framestore,Lighting TD,"London, Greater London, United Kingdom",https://framestore.recruitee.com/o/lighting-td-expression-of-interest-2,2083468,,nao,nova
recruitee,framestore,Lighting TD - Junior,"Melbourne, Victoria, Australia",https://framestore.recruitee.com/o/lighting-td-junior,2722221,,nao,nova
recruitee,framestore,Lighting TD - Mid/Senior,Remote job,https://framestore.recruitee.com/o/lighting-td-midsenior-3,2722237,,nao,nova
recruitee,framestore,Paint & Roto Artist,"London, Greater London, United Kingdom",https://framestore.recruitee.com/o/paint-roto-artist,513997,,nao,nova
recruitee,framestore,Production Coordinator,"Mumbai, Mahārāshtra, India",https://framestore.recruitee.com/o/production-coordinator-mumbai,641543,,nao,nova
recruitee,framestore,Senior Animator,"Mumbai, Mahārāshtra, India",https://framestore.recruitee.com/o/senior-animator-film-episodic-2,1400329,,nao,nova
recruitee,framestore,Senior Animator,"London, Greater London, United Kingdom",https://framestore.recruitee.com/o/senior-animator-film-episodic,618082,,nao,nova
recruitee,framestore,Senior Cloud Developer,"London, Greater London, United Kingdom",https://framestore.recruitee.com/o/senior-cloud-dev,2654975,,nao,nova
recruitee,framestore,Social Media Editor / Creator,"London, Greater London, United Kingdom",https://framestore.recruitee.com/o/social-media-editor-creator,2722077,,nao,nova
recruitee,framestore,Systems Support Administrator,"New York, New York, United States",https://framestore.recruitee.com/o/systems-support-administrator-2026,2733837,,nao,nova
recruitee,framestore,Unreal Engine Developer,"London, Greater London, United Kingdom",https://framestore.recruitee.com/o/unreal-engine-dev,2719113,,nao,nova
recruitee,framestore,VFX Production Coordinator,"Montreal, Quebec, Canada",https://framestore.recruitee.com/o/vfx-production-coordinator-speculative-applications-only,513437,,nao,nova
recruitee,huuuge,ASO Manager,"Warszawa , Mazowieckie, Poland",https://huuuge.recruitee.com/o/aso-manager,2558395,,nao,nova
recruitee,huuuge,Head of User Acquisition,"Warszawa , Mazowieckie, Poland",https://huuuge.recruitee.com/o/head-of-user-acquisition,2702969,,nao,nova
recruitee,huuuge,Monetization Specialist,"Warszawa , Mazowieckie, Poland",https://huuuge.recruitee.com/o/monetization-specialist-7,2601325,,nao,nova
recruitee,huuuge,No match? No worries!,"Szczecin, Zachodniopomorskie, Poland",https://huuuge.recruitee.com/o/no-match-no-worries,796516,,nao,nova
recruitee,huuuge,Senior Data Analyst,"Warszawa , Mazowieckie, Poland",https://huuuge.recruitee.com/o/senior-data-analyst-1,2658219,,nao,nova
recruitee,huuuge,Senior Data Analyst (Marketing),"Warszawa , Mazowieckie, Poland",https://huuuge.recruitee.com/o/senior-data-analyst-marketing,2638486,,nao,nova
recruitee,huuuge,Senior Data Scientist (Marketing),"Warszawa , Mazowieckie, Poland",https://huuuge.recruitee.com/o/senior-data-scientist-marketing,2638693,,nao,nova
recruitee,playrix,AI Artist,"London, Greater London, United Kingdom",https://playrix.recruitee.com/o/2d-artist-2-10,2061146,,nao,nova
recruitee,playrix,Social Media Manager,"London, Greater London, United Kingdom",https://playrix.recruitee.com/o/social-media-manager,2671320,,nao,nova
recruitee,playrix,[ТЕСТ] DEFAULT тестовая вакансия для рекомендаций,Remote job,https://playrix.recruitee.com/o/t12duvo1yw,1731252,,nao,nova
recruitee,squeezestudio,Administrateur(-trice) systèmes senior – Infrastructure et automatisation,"Montréal, Québec, Canada",https://squeezestudio.recruitee.com/o/administrateur-trice-systemes-senior-infrastructure-et-automatisation,2691544,,nao,nova
recruitee,squeezestudio,Candidatures spontanées,Poste à distance,https://squeezestudio.recruitee.com/o/candidatures-spontanees,429391,,nao,JA-FEITO
smartrecruiters,blumpstudio,Généraliste AfterEffect 2D / 3D,"Paris, IDF, fr",https://jobs.smartrecruiters.com/blumpstudio/744000140199109,744000140199109,,nao,nova
smartrecruiters,blumpstudio,Mattepainting / Concept Artist,"Paris, IDF, fr",https://jobs.smartrecruiters.com/blumpstudio/744000140041270,744000140041270,,nao,nova
smartrecruiters,cdprojektred,Business Systems Development Director,"Warsaw, Masovian Voivodeship, pl",https://jobs.smartrecruiters.com/cdprojektred/744000139628619,744000139628619,,nao,nova
smartrecruiters,cdprojektred,Delivery Manager IT Operations,"Warsaw, Masovian Voivodeship, pl",https://jobs.smartrecruiters.com/cdprojektred/744000146722526,744000146722526,,nao,nova
smartrecruiters,cdprojektred,DevOps Engineering Manager,"Warsaw, Masovian Voivodeship, pl",https://jobs.smartrecruiters.com/cdprojektred/744000146658099,744000146658099,,nao,nova
smartrecruiters,cdprojektred,Employer Branding Specialist,"Warsaw, Masovian Voivodeship, pl",https://jobs.smartrecruiters.com/cdprojektred/744000144753664,744000144753664,,nao,nova
smartrecruiters,cdprojektred,Engineering Director,"Warsaw, Masovian Voivodeship, pl",https://jobs.smartrecruiters.com/cdprojektred/744000146658319,744000146658319,,nao,nova
smartrecruiters,cdprojektred,"Engineering Manager, Gameplay","Warsaw, Masovian Voivodeship, pl",https://jobs.smartrecruiters.com/cdprojektred/744000142635893,744000142635893,,nao,nova
smartrecruiters,cdprojektred,Environment Art QA Analyst,"Warsaw, Masovian Voivodeship, pl",https://jobs.smartrecruiters.com/cdprojektred/744000140250889,744000140250889,,nao,nova
smartrecruiters,cdprojektred,Expert Animation Programmer (R&D),"Vancouver, BC, ca",https://jobs.smartrecruiters.com/cdprojektred/744000144627050,744000144627050,,nao,nova
smartrecruiters,cdprojektred,Expert IT Network Engineer,"Warsaw, Masovian Voivodeship, pl",https://jobs.smartrecruiters.com/cdprojektred/744000146466799,744000146466799,,nao,nova
smartrecruiters,cdprojektred,Expert Level Designer,"Warsaw, Masovian Voivodeship, pl",https://jobs.smartrecruiters.com/cdprojektred/744000131838265,744000131838265,,nao,nova
smartrecruiters,cdprojektred,Gestionnaire Principal de la Recherche,"Montreal, QC, ca",https://jobs.smartrecruiters.com/cdprojektred/744000147140029,744000147140029,,nao,nova
smartrecruiters,cdprojektred,IT Systems Engineer,"Warsaw, Masovian Voivodeship, pl",https://jobs.smartrecruiters.com/cdprojektred/744000143353740,744000143353740,,nao,nova
smartrecruiters,cdprojektred,Lead Gameplay Engineer (NPC Behavior),"Warsaw, Masovian Voivodeship, pl",https://jobs.smartrecruiters.com/cdprojektred/744000143774407,744000143774407,,nao,nova
smartrecruiters,cdprojektred,Lead Gameplay Producer,"Boston, MA, us",https://jobs.smartrecruiters.com/cdprojektred/744000147628749,744000147628749,,nao,nova
smartrecruiters,cdprojektred,Lead Narrative Producer,"Boston, MA, us",https://jobs.smartrecruiters.com/cdprojektred/744000146658039,744000146658039,,nao,nova
smartrecruiters,cdprojektred,Lead Sound Designer,"Warsaw, pl",https://jobs.smartrecruiters.com/cdprojektred/744000142632739,744000142632739,,nao,nova
smartrecruiters,cdprojektred,Lead VFX Artist,"Warsaw, Masovian Voivodeship, pl",https://jobs.smartrecruiters.com/cdprojektred/744000142664350,744000142664350,,nao,nova
smartrecruiters,cdprojektred,ML Technical Lead,"Warsaw, Masovian Voivodeship, pl",https://jobs.smartrecruiters.com/cdprojektred/744000139197469,744000139197469,,nao,nova
smartrecruiters,cdprojektred,QA Lead,"Warsaw, Masovian Voivodeship, pl",https://jobs.smartrecruiters.com/cdprojektred/744000144698495,744000144698495,,nao,nova
smartrecruiters,cdprojektred,QA Lead,"Warsaw, Masovian Voivodeship, pl",https://jobs.smartrecruiters.com/cdprojektred/744000139948749,744000139948749,,nao,nova
smartrecruiters,cdprojektred,Scanning Specialist,"Boston, MA, us",https://jobs.smartrecruiters.com/cdprojektred/744000145516725,744000145516725,,nao,nova
smartrecruiters,cdprojektred,Senior 3D Motion Designer,"Warsaw, Masovian Voivodeship, pl",https://jobs.smartrecruiters.com/cdprojektred/744000146936549,744000146936549,,nao,nova
smartrecruiters,cdprojektred,Senior Audio Design QA Analyst,"Warsaw, Masovian Voivodeship, pl",https://jobs.smartrecruiters.com/cdprojektred/744000147141259,744000147141259,,nao,nova
smartrecruiters,cdprojektred,Senior Audio Tech QA Analyst,"Warsaw, Masovian Voivodeship, pl",https://jobs.smartrecruiters.com/cdprojektred/744000147141029,744000147141029,,nao,nova
smartrecruiters,cdprojektred,Senior ESG & Environmental Specialist,"Warsaw, Masovian Voivodeship, pl",https://jobs.smartrecruiters.com/cdprojektred/744000146145549,744000146145549,,nao,nova
smartrecruiters,cdprojektred,"Senior Engineer, Core","EUROPE - Multiple Locations, REMOTE, pl",https://jobs.smartrecruiters.com/cdprojektred/744000144615479,744000144615479,,nao,nova
smartrecruiters,cdprojektred,"Senior Engineer, Gameplay","Warsaw, Masovian Voivodeship, pl",https://jobs.smartrecruiters.com/cdprojektred/744000143353679,744000143353679,,nao,nova
smartrecruiters,cdprojektred,Senior Gameplay Designer,"Warsaw, Masovian Voivodeship, pl",https://jobs.smartrecruiters.com/cdprojektred/744000123860449,744000123860449,,nao,nova
smartrecruiters,cdprojektred,Senior Procurement Specialist,"Warsaw, Masovian Voivodeship, pl",https://jobs.smartrecruiters.com/cdprojektred/744000146470894,744000146470894,,nao,nova
smartrecruiters,cdprojektred,Senior Publishing Producer,"Warsaw, Masovian Voivodeship, pl",https://jobs.smartrecruiters.com/cdprojektred/744000146657819,744000146657819,,nao,nova
smartrecruiters,cdprojektred,Senior QA Engineer,"Boston, MA, us",https://jobs.smartrecruiters.com/cdprojektred/744000145350579,744000145350579,,nao,nova
smartrecruiters,cdprojektred,Senior Quest Designer,"Warsaw, Masovian Voivodeship, pl",https://jobs.smartrecruiters.com/cdprojektred/744000138293379,744000138293379,,nao,nova
smartrecruiters,cdprojektred,Senior Quest Designer,"Warsaw, Masovian Voivodeship, pl",https://jobs.smartrecruiters.com/cdprojektred/744000071781996,744000071781996,,nao,nova
smartrecruiters,cdprojektred,Senior Research Manager,"Remote, ca",https://jobs.smartrecruiters.com/cdprojektred/744000147140169,744000147140169,,nao,nova
smartrecruiters,cdprojektred,Senior Research Manager,"Montreal, QC, ca",https://jobs.smartrecruiters.com/cdprojektred/744000147135947,744000147135947,,nao,nova
smartrecruiters,cdprojektred,Senior Research Manager,"Remote, Multiple Locations, us",https://jobs.smartrecruiters.com/cdprojektred/744000147139949,744000147139949,,nao,nova
smartrecruiters,cdprojektred,Senior Shared Tech QA Analyst,"Warsaw, Masovian Voivodeship, pl",https://jobs.smartrecruiters.com/cdprojektred/744000147227759,744000147227759,,nao,nova
smartrecruiters,cdprojektred,Senior VFX Artist,"Warsaw, Masovian Voivodeship, pl",https://jobs.smartrecruiters.com/cdprojektred/744000143352561,744000143352561,,nao,nova
smartrecruiters,cdprojektred,Senior Voice Designer,"Warsaw, Masovian Voivodeship, pl",https://jobs.smartrecruiters.com/cdprojektred/744000145693591,744000145693591,,nao,nova
smartrecruiters,cdprojektred,Software Engineer (C++) - Online/Multiplayer,"Warsaw, Masovian Voivodeship, pl",https://jobs.smartrecruiters.com/cdprojektred/744000132828464,744000132828464,,nao,nova
smartrecruiters,cdprojektred,Tech QA Lead,"Warsaw, Masovian Voivodeship, pl",https://jobs.smartrecruiters.com/cdprojektred/744000144143017,744000144143017,,nao,nova
smartrecruiters,cdprojektred,UX Director,"Warsaw, Masovian Voivodeship, pl",https://jobs.smartrecruiters.com/cdprojektred/744000146661129,744000146661129,,nao,nova
smartrecruiters,gameloft,2D Graphic Designer,"Sofia, Sofia City Province, bg",https://jobs.smartrecruiters.com/gameloft/744000137841519,744000137841519,,nao,nova
smartrecruiters,gameloft,Account Manager,"Seattle, WA, us",https://jobs.smartrecruiters.com/gameloft/744000126539670,744000126539670,,nao,nova
smartrecruiters,gameloft,Artiste en animation graphique (Marketing) Contrat Temporaire - Motion Designer (Marketing) Temporary Contract,"Montreal, QC, ca",https://jobs.smartrecruiters.com/gameloft/744000145604539,744000145604539,,nao,nova
smartrecruiters,gameloft,Business Development Manager,"Ho Chi Minh City, Ho Chi Minh, vn",https://jobs.smartrecruiters.com/gameloft/744000132817487,744000132817487,,nao,nova
smartrecruiters,gameloft,Communications Intern,"Brisbane, QLD, au",https://jobs.smartrecruiters.com/gameloft/744000144523419,744000144523419,,nao,nova
smartrecruiters,gameloft,Coordinateur(trice) des opérations audio - Audio Operations Coordinator,"Montreal, QC, ca",https://jobs.smartrecruiters.com/gameloft/744000146034752,744000146034752,,nao,nova
smartrecruiters,gameloft,Coordonnateur(trice) de studio - Studio Coordinator,"Montreal, QC, ca",https://jobs.smartrecruiters.com/gameloft/744000131217239,744000131217239,,nao,nova
smartrecruiters,gameloft,Creative Project Manager,"Brisbane, QLD, au",https://jobs.smartrecruiters.com/gameloft/744000144515339,744000144515339,,nao,nova
smartrecruiters,gameloft,Designer Graphique Senior (Marketing) Contrat Temporaire - Senior Graphic Designer (Marketing) – Temporary Contract,"Montreal, QC, ca",https://jobs.smartrecruiters.com/gameloft/744000137672429,744000137672429,,nao,nova
smartrecruiters,gameloft,DevOps Software Engineer,"Brisbane, QLD, au",https://jobs.smartrecruiters.com/gameloft/744000144515801,744000144515801,,nao,nova
smartrecruiters,gameloft,DevOps pour infrastructure cloud - DevOps for Cloud Infrastructure,"Montreal, QC, ca",https://jobs.smartrecruiters.com/gameloft/744000127486505,744000127486505,,nao,nova
smartrecruiters,gameloft,Developer Experience (DX) Lead,"Bucharest, Bucharest, ro",https://jobs.smartrecruiters.com/gameloft/744000140860009,744000140860009,,nao,nova
smartrecruiters,gameloft,Devops & Release Engineer,"Paris, IDF, fr",https://jobs.smartrecruiters.com/gameloft/744000136778258,744000136778258,,nao,nova
smartrecruiters,gameloft,"Division Principal Game Programmer (Unreal Engine, AI)","Ho Chi Minh City, Ho Chi Minh, vn",https://jobs.smartrecruiters.com/gameloft/744000143985439,744000143985439,,nao,nova
smartrecruiters,gameloft,Développeur(se) d'automatisation et d'infrastructure - Infrastructure & Automation Developer,"Montreal, QC, ca",https://jobs.smartrecruiters.com/gameloft/744000135040419,744000135040419,,nao,nova
smartrecruiters,gameloft,Embedded QA,"Paris, IDF, fr",https://jobs.smartrecruiters.com/gameloft/744000136747775,744000136747775,,nao,nova
smartrecruiters,gameloft,Game Designer Intern,"Hanoi, vn",https://jobs.smartrecruiters.com/gameloft/744000144738274,744000144738274,,nao,nova
smartrecruiters,gameloft,Game Economy & Progression Designer,"Bucharest, Bucharest, ro",https://jobs.smartrecruiters.com/gameloft/744000136733114,744000136733114,,nao,nova
smartrecruiters,gameloft,HRBP Specialist,"Ho Chi Minh City, Ho Chi Minh, vn",https://jobs.smartrecruiters.com/gameloft/744000145447089,744000145447089,,nao,nova
smartrecruiters,gameloft,IT Manager,"Brisbane, Queensland, au",https://jobs.smartrecruiters.com/gameloft/744000140393689,744000140393689,,nao,nova
smartrecruiters,gameloft,Lead Game Designer (PC/Console/Mobile),"Barcelona, CT, es",https://jobs.smartrecruiters.com/gameloft/744000145789760,744000145789760,,nao,nova
smartrecruiters,gameloft,Lead Game Designer [Disney Dreamlight Valley],"Lviv, Lviv Oblast, ua",https://jobs.smartrecruiters.com/gameloft/744000142876500,744000142876500,,nao,nova
smartrecruiters,gameloft,Localization Design Lead (2D and Video Assets),"Ho Chi Minh City, Ho Chi Minh, vn",https://jobs.smartrecruiters.com/gameloft/744000145415469,744000145415469,,nao,nova
smartrecruiters,gameloft,Manual QA,"Lviv, Lviv Oblast, ua",https://jobs.smartrecruiters.com/gameloft/744000147489419,744000147489419,,nao,nova
smartrecruiters,gameloft,Product Manager (Monetization Manager),"Hanoi, vn",https://jobs.smartrecruiters.com/gameloft/744000144738369,744000144738369,,nao,nova
smartrecruiters,gameloft,Release Engineer,"Barcelona, CT, es",https://jobs.smartrecruiters.com/gameloft/744000147431435,744000147431435,,nao,nova
smartrecruiters,gameloft,Responsable du marketing cinématique - Lead Marketing Cinematic,"Montreal, QC, ca",https://jobs.smartrecruiters.com/gameloft/744000140472994,744000140472994,,nao,nova
smartrecruiters,gameloft,Senior Concept Artist,"Barcelona, CT, es",https://jobs.smartrecruiters.com/gameloft/744000146666324,744000146666324,,nao,nova
smartrecruiters,gameloft,Senior Graphic Designer,"Brisbane, QLD, au",https://jobs.smartrecruiters.com/gameloft/744000144514822,744000144514822,,nao,nova
smartrecruiters,gameloft,Senior Level Designer,"Brisbane, QLD, au",https://jobs.smartrecruiters.com/gameloft/744000140392455,744000140392455,,nao,nova
smartrecruiters,gameloft,Senior Level Designer,"Paris, IDF, fr",https://jobs.smartrecruiters.com/gameloft/744000136734759,744000136734759,,nao,nova
smartrecruiters,gameloft,Senior Product Manager - Asphalt Legends,"Barcelona, CT, es",https://jobs.smartrecruiters.com/gameloft/744000147861369,744000147861369,,nao,nova
smartrecruiters,gameloft,Senior Technical Artist,"Paris, IDF, fr",https://jobs.smartrecruiters.com/gameloft/744000136753850,744000136753850,,nao,nova
smartrecruiters,gameloft,Senior UI Designer,"Barcelona, CT, es",https://jobs.smartrecruiters.com/gameloft/744000146922463,744000146922463,,nao,nova
smartrecruiters,gameloft,Stagiaire en Ressources Humaines - Human Resources Intern,"Montreal, QC, ca",https://jobs.smartrecruiters.com/gameloft/744000141577590,744000141577590,,nao,nova
smartrecruiters,gameloft,Video Artist,"Bucharest, Bucharest, ro",https://jobs.smartrecruiters.com/gameloft/744000138295106,744000138295106,,nao,nova
smartrecruiters,gameloft,[Dungeons & Dragons PC-Console] Artiste de concept - Concept Artist,"Montreal, QC, ca",https://jobs.smartrecruiters.com/gameloft/744000115751358,744000115751358,,nao,nova
smartrecruiters,gameloft,[Dungeons & Dragons PC-Console] Chef d'équipe concepteur de quêtes  - Lead quest designer,"Montreal, QC, ca",https://jobs.smartrecruiters.com/gameloft/744000140722334,744000140722334,,nao,nova
smartrecruiters,gameloft,[Dungeons & Dragons PC-Console] Concepteur Narratif Senior - Senior Narrative Designer,"Montreal, QC, ca",https://jobs.smartrecruiters.com/gameloft/744000142975579,744000142975579,,nao,nova
smartrecruiters,gameloft,[Dungeons & Dragons PC-Console] Producteur(trice) - Producer,"Montreal, QC, ca",https://jobs.smartrecruiters.com/gameloft/744000131224045,744000131224045,,nao,nova
smartrecruiters,gameloft,[Dungeons & Dragons PC-Console] Programmeur(euse) Outils - Tools Programmer,"Montreal, QC, ca",https://jobs.smartrecruiters.com/gameloft/744000135099009,744000135099009,,nao,nova
smartrecruiters,ghostvfx,Pipeline TD,"Pune, MH, in",https://jobs.smartrecruiters.com/ghostvfx/743999848229227,743999848229227,,nao,nova
smartrecruiters,giantssoftwaregmbh,Game Tester,"Erlangen, BY, de",https://jobs.smartrecruiters.com/giantssoftwaregmbh/744000115623668,744000115623668,,nao,nova
smartrecruiters,giantssoftwaregmbh,Senior Software Engineer (C++)  - Core Game Engine,"Schlieren, ZH, ch",https://jobs.smartrecruiters.com/giantssoftwaregmbh/744000106830401,744000106830401,,nao,nova
smartrecruiters,keywordsstudios,3D キャラクターアーティスト,"Tokyo, Tokyo, jp",https://jobs.smartrecruiters.com/keywordsstudios/744000112678832,744000112678832,,nao,nova
smartrecruiters,keywordsstudios,3D 背景アーティスト,"Tokyo, Tokyo, jp",https://jobs.smartrecruiters.com/keywordsstudios/744000138021789,744000138021789,,nao,nova
smartrecruiters,keywordsstudios,Animator,"Tokyo, Tokyo, jp",https://jobs.smartrecruiters.com/keywordsstudios/744000138022401,744000138022401,,nao,nova
smartrecruiters,keywordsstudios,Art Producer,"Box Hill, VIC, au",https://jobs.smartrecruiters.com/keywordsstudios/744000140593179,744000140593179,,nao,nova
smartrecruiters,keywordsstudios,"Business Development Manager - New Client Acquisition, Keywords Art Studios – Japan","Tokyo, Tokyo, jp",https://jobs.smartrecruiters.com/keywordsstudios/744000116096817,744000116096817,,nao,nova
smartrecruiters,keywordsstudios,Game Server Programmer,"Tokyo, Tokyo, jp",https://jobs.smartrecruiters.com/keywordsstudios/744000138021509,744000138021509,,nao,nova
smartrecruiters,keywordsstudios,General Expression of Interests,"Melbourne, VIC, au",https://jobs.smartrecruiters.com/keywordsstudios/744000113045728,744000113045728,,nao,JA-FEITO
smartrecruiters,keywordsstudios,General Expressions of Interest,"Box Hill, VIC, au",https://jobs.smartrecruiters.com/keywordsstudios/744000113045937,744000113045937,,nao,nova
smartrecruiters,keywordsstudios,Lead Cinematic Artist,"Box Hill, VIC, au",https://jobs.smartrecruiters.com/keywordsstudios/744000136170530,744000136170530,,nao,nova
smartrecruiters,keywordsstudios,Lead Lighting Artist Vic/SA/Qld,"Box Hill, VIC, au",https://jobs.smartrecruiters.com/keywordsstudios/744000130716151,744000130716151,,nao,nova
smartrecruiters,keywordsstudios,Lighting Artist,"Tokyo, Tokyo, jp",https://jobs.smartrecruiters.com/keywordsstudios/744000138022509,744000138022509,,nao,nova
smartrecruiters,keywordsstudios,Lighting Artist Vic/SA/Qld,"Box Hill, VIC, au",https://jobs.smartrecruiters.com/keywordsstudios/744000130679480,744000130679480,,nao,nova
smartrecruiters,keywordsstudios,Mid VFX Artist,"Tokyo, Tokyo, jp",https://jobs.smartrecruiters.com/keywordsstudios/744000131088529,744000131088529,,nao,nova
smartrecruiters,keywordsstudios,Mid VFX Artist - Vic/SA/Qld,"Box Hill, VIC, au",https://jobs.smartrecruiters.com/keywordsstudios/744000130680279,744000130680279,,nao,nova
smartrecruiters,keywordsstudios,Outsourced Art Account Manager – Japan,"Tokyo, Tokyo, jp",https://jobs.smartrecruiters.com/keywordsstudios/744000111524485,744000111524485,,nao,nova
smartrecruiters,keywordsstudios,Quality Assurance Analyst,"Fortitude Valley, QLD, au",https://jobs.smartrecruiters.com/keywordsstudios/744000144209908,744000144209908,,nao,nova
smartrecruiters,keywordsstudios,Senior Animator,"Tokyo, Tokyo, jp",https://jobs.smartrecruiters.com/keywordsstudios/744000138022899,744000138022899,,nao,nova
smartrecruiters,keywordsstudios,Senior Engineer - Console and PC Games,"Box Hill, VIC, au",https://jobs.smartrecruiters.com/keywordsstudios/744000140597079,744000140597079,,nao,nova
smartrecruiters,keywordsstudios,Senior Technical Artist - Vic/SA/Qld,"Box Hill, VIC, au",https://jobs.smartrecruiters.com/keywordsstudios/744000129904644,744000129904644,,nao,nova
smartrecruiters,keywordsstudios,Senior VFX Artist,"Tokyo, Tokyo, jp",https://jobs.smartrecruiters.com/keywordsstudios/744000131053725,744000131053725,,nao,nova
smartrecruiters,keywordsstudios,Senior VFX Artist - Vic/SA/Qld,"Box Hill, VIC, au",https://jobs.smartrecruiters.com/keywordsstudios/744000130679589,744000130679589,,nao,nova
smartrecruiters,keywordsstudios,Software Engineer,"Fitzroy, VIC, au",https://jobs.smartrecruiters.com/keywordsstudios/744000144233955,744000144233955,,nao,nova
smartrecruiters,keywordsstudios,Software Engineer,"Tokyo, Tokyo, jp",https://jobs.smartrecruiters.com/keywordsstudios/744000138021024,744000138021024,,nao,nova
smartrecruiters,keywordsstudios,Technical Designer – Japan & Global Game Development,"Tokyo, Tokyo, jp",https://jobs.smartrecruiters.com/keywordsstudios/744000145241425,744000145241425,,nao,nova
smartrecruiters,keywordsstudios,UI Artist,"Tokyo, Tokyo, jp",https://jobs.smartrecruiters.com/keywordsstudios/744000138022109,744000138022109,,nao,nova
smartrecruiters,keywordsstudios,UI Artist Vic/SA/Qld,"Box Hill, VIC, au",https://jobs.smartrecruiters.com/keywordsstudios/744000130679789,744000130679789,,nao,nova
smartrecruiters,keywordsstudios,UIアーティスト,"Tokyo, Tokyo, jp",https://jobs.smartrecruiters.com/keywordsstudios/744000138022199,744000138022199,,nao,nova
smartrecruiters,keywordsstudios,Unreal Engine Programmer,"Tokyo, Tokyo, jp",https://jobs.smartrecruiters.com/keywordsstudios/744000146664081,744000146664081,,nao,nova
smartrecruiters,keywordsstudios,Unreal Engineプログラマー,"Tokyo, Tokyo, jp",https://jobs.smartrecruiters.com/keywordsstudios/744000146667289,744000146667289,,nao,nova
smartrecruiters,keywordsstudios,VFXアーティスト,"Tokyo, Tokyo, jp",https://jobs.smartrecruiters.com/keywordsstudios/744000131113519,744000131113519,,nao,nova
smartrecruiters,keywordsstudios,Video Game Engine Programmer,"Tokyo, Tokyo, jp",https://jobs.smartrecruiters.com/keywordsstudios/744000146666791,744000146666791,,nao,nova
smartrecruiters,keywordsstudios,アカウントマネージャー - アートスタジオ（日本市場担当）,"Tokyo, Tokyo, jp",https://jobs.smartrecruiters.com/keywordsstudios/744000111524515,744000111524515,,nao,nova
smartrecruiters,keywordsstudios,アニメーター,"Tokyo, Tokyo, jp",https://jobs.smartrecruiters.com/keywordsstudios/744000138022779,744000138022779,,nao,nova
smartrecruiters,keywordsstudios,エフェクトアーティスト (VFX),"Tokyo, Tokyo, jp",https://jobs.smartrecruiters.com/keywordsstudios/744000138023359,744000138023359,,nao,nova
smartrecruiters,keywordsstudios,ゲームエンジンプログラマー,"Tokyo, Tokyo, jp",https://jobs.smartrecruiters.com/keywordsstudios/744000146665815,744000146665815,,nao,nova
smartrecruiters,keywordsstudios,ゲームサーバープログラマー,"Tokyo, Tokyo, jp",https://jobs.smartrecruiters.com/keywordsstudios/744000138021559,744000138021559,,nao,nova
smartrecruiters,keywordsstudios,シニア3D キャラクターアーティスト,"Tokyo, Tokyo, jp",https://jobs.smartrecruiters.com/keywordsstudios/744000112679147,744000112679147,,nao,nova
smartrecruiters,keywordsstudios,シニア3D背景アーティスト,"Tokyo, Tokyo, jp",https://jobs.smartrecruiters.com/keywordsstudios/744000138021889,744000138021889,,nao,nova
smartrecruiters,keywordsstudios,シニアアニメーター,"Tokyo, Tokyo, jp",https://jobs.smartrecruiters.com/keywordsstudios/744000138022685,744000138022685,,nao,nova
smartrecruiters,keywordsstudios,シニアエフェクト(VFX)アーティスト,"Tokyo, Tokyo, jp",https://jobs.smartrecruiters.com/keywordsstudios/744000130745699,744000130745699,,nao,nova
smartrecruiters,keywordsstudios,シニアエフェクトアーティスト (VFX),"Tokyo, Tokyo, jp",https://jobs.smartrecruiters.com/keywordsstudios/744000138023389,744000138023389,,nao,nova
smartrecruiters,keywordsstudios,シニアテクニカルアーティスト,"Tokyo, Tokyo, jp",https://jobs.smartrecruiters.com/keywordsstudios/744000138023259,744000138023259,,nao,nova
smartrecruiters,keywordsstudios,ソフトウェアエンジニア,"Tokyo, Tokyo, jp",https://jobs.smartrecruiters.com/keywordsstudios/744000138021279,744000138021279,,nao,nova
smartrecruiters,keywordsstudios,テクニカルアーティスト,"Tokyo, Tokyo, jp",https://jobs.smartrecruiters.com/keywordsstudios/744000138023199,744000138023199,,nao,nova
smartrecruiters,keywordsstudios,ビジネスデベロップメントマネージャー（新規顧客開拓) - アートスタジオ（日本市場担当）,"Tokyo, Tokyo, jp",https://jobs.smartrecruiters.com/keywordsstudios/744000111505952,744000111505952,,nao,nova
smartrecruiters,keywordsstudios,ライティングアーティスト,"Tokyo, Tokyo, jp",https://jobs.smartrecruiters.com/keywordsstudios/744000138022469,744000138022469,,nao,nova
smartrecruiters,keywordsstudios,ライティングアーティスト,"Tokyo, Tokyo, jp",https://jobs.smartrecruiters.com/keywordsstudios/744000112677183,744000112677183,,nao,nova
smartrecruiters,mattelinc,Accounting Analyst,"México, mx",https://jobs.smartrecruiters.com/mattelinc/744000147080980,744000147080980,,nao,nova
smartrecruiters,mattelinc,American Girl -Sales Department Associate- Seasonal Part Time,"Franklin, Tennessee, us",https://jobs.smartrecruiters.com/mattelinc/744000147643749,744000147643749,,nao,nova
smartrecruiters,mattelinc,American Girl Experience Associate (Reg. Part Time/ 30 hours/ Benefitted),"Dallas, TEXAS, us",https://jobs.smartrecruiters.com/mattelinc/744000146480076,744000146480076,,nao,nova
smartrecruiters,mattelinc,American Girl Franklin Location- Doll Hair Stylist- Seasonal,"Franklin, Tennessee, us",https://jobs.smartrecruiters.com/mattelinc/744000147644269,744000147644269,,nao,nova
smartrecruiters,mattelinc,American Girl Host (Part-Time),"Dallas, TEXAS, us",https://jobs.smartrecruiters.com/mattelinc/744000146479719,744000146479719,,nao,nova
smartrecruiters,mattelinc,American Girl Merchandise Handler (stock) Part Time seasonal,"Franklin, Tennessee, us",https://jobs.smartrecruiters.com/mattelinc/744000147644069,744000147644069,,nao,nova
smartrecruiters,mattelinc,American Girl NYC  - Server (Seasonal),"New York, NEW YORK, us",https://jobs.smartrecruiters.com/mattelinc/744000147597874,744000147597874,,nao,nova
smartrecruiters,mattelinc,American Girl NYC - Community and Event Coordinator (seasonal),"New York, NEW YORK, us",https://jobs.smartrecruiters.com/mattelinc/744000147597869,744000147597869,,nao,nova
smartrecruiters,mattelinc,American Girl NYC - Food Expeditor (seasonal),"New York, NEW YORK, us",https://jobs.smartrecruiters.com/mattelinc/744000147594454,744000147594454,,nao,nova
smartrecruiters,mattelinc,American Girl NYC - Host (seasonal),"New York, NEW YORK, us",https://jobs.smartrecruiters.com/mattelinc/744000147597249,744000147597249,,nao,nova
smartrecruiters,mattelinc,American Girl NYC - Merchandise Handler (seasonal),"New York, NEW YORK, us",https://jobs.smartrecruiters.com/mattelinc/744000147606409,744000147606409,,nao,nova
smartrecruiters,mattelinc,American Girl NYC -Experience Associate (Seasonal Doll Hair Stylist),"New York, NEW YORK, us",https://jobs.smartrecruiters.com/mattelinc/744000147597999,744000147597999,,nao,nova
smartrecruiters,mattelinc,American Girl NYC -Sales Dept Clerk (Seasonal),"New York, NEW YORK, us",https://jobs.smartrecruiters.com/mattelinc/744000147597399,744000147597399,,nao,nova
smartrecruiters,mattelinc,American Girl Nashville - Merchandise Handler -Part Time,"Franklin, Tennessee, us",https://jobs.smartrecruiters.com/mattelinc/744000146509602,744000146509602,,nao,nova
smartrecruiters,mattelinc,American Girl Nashville-Experience Associate- Part time,"Franklin, Tennessee, us",https://jobs.smartrecruiters.com/mattelinc/744000146513064,744000146513064,,nao,nova
smartrecruiters,mattelinc,American Girl Restaurant Cook (Part Time),"Dallas, TEXAS, us",https://jobs.smartrecruiters.com/mattelinc/744000146480309,744000146480309,,nao,nova
smartrecruiters,mattelinc,American Girl Restaurant Cook (Part Time),"Dallas, TEXAS, us",https://jobs.smartrecruiters.com/mattelinc/744000146479419,744000146479419,,nao,nova
smartrecruiters,mattelinc,American Girl Restaurant Dishwasher (Part-Time),"Los Angeles, CALIFORNIA, us",https://jobs.smartrecruiters.com/mattelinc/744000147092729,744000147092729,,nao,nova
smartrecruiters,mattelinc,American Girl Restaurant Lead (Full-Time/Benefitted),"Dallas, TEXAS, us",https://jobs.smartrecruiters.com/mattelinc/744000147555209,744000147555209,,nao,nova
smartrecruiters,mattelinc,American Girl Retail Associate (Part-Time),"Los Angeles, CALIFORNIA, us",https://jobs.smartrecruiters.com/mattelinc/744000147084827,744000147084827,,nao,nova
smartrecruiters,mattelinc,American Girl Seasonal Warehouse Associate,"De Forest, Wisconsin, us",https://jobs.smartrecruiters.com/mattelinc/744000146250209,744000146250209,,nao,nova
smartrecruiters,mattelinc,American Girl Server (Part-Time),"Dallas, TEXAS, us",https://jobs.smartrecruiters.com/mattelinc/744000146480289,744000146480289,,nao,nova
smartrecruiters,mattelinc,"Analyst, IT – Intune MDM","Hyderabad, in",https://jobs.smartrecruiters.com/mattelinc/744000147864394,744000147864394,,nao,nova
smartrecruiters,mattelinc,"Analyst, IT – SCCM","Hyderabad, in",https://jobs.smartrecruiters.com/mattelinc/744000147866789,744000147866789,,nao,nova
smartrecruiters,mattelinc,Analytics Developer,"Kuala Lumpur, Selangor, my",https://jobs.smartrecruiters.com/mattelinc/744000146108489,744000146108489,,nao,nova
smartrecruiters,mattelinc,Anaplan Data Engineer,"Hyderabad, in",https://jobs.smartrecruiters.com/mattelinc/744000147754201,744000147754201,,nao,nova
smartrecruiters,mattelinc,Associate Manager – Key Account (12-Month Fixed-Term Contract),"Sandton, za",https://jobs.smartrecruiters.com/mattelinc/744000147178769,744000147178769,,nao,nova
smartrecruiters,mattelinc,Associate Manager- Replenishment Planning,"San Bernardino, CALIFORNIA, us",https://jobs.smartrecruiters.com/mattelinc/744000146555488,744000146555488,,nao,nova
smartrecruiters,mattelinc,BY ESP Solution Architect,"Hyderabad, in",https://jobs.smartrecruiters.com/mattelinc/744000146761694,744000146761694,,nao,nova
smartrecruiters,mattelinc,Brand Manager - Action Figures and IPS EMEA,"Slough, gb",https://jobs.smartrecruiters.com/mattelinc/744000147009209,744000147009209,,nao,nova
smartrecruiters,mattelinc,"Coordinator, P&C Operations","Shenzhen, Guangdong, cn",https://jobs.smartrecruiters.com/mattelinc/744000146663139,744000146663139,,nao,nova
smartrecruiters,mattelinc,Copywriter,"El Segundo, CALIFORNIA, us",https://jobs.smartrecruiters.com/mattelinc/744000146541710,744000146541710,,nao,nova
smartrecruiters,mattelinc,"Demand Planning Analyst, Direct to consumer (DTC)","El Segundo, CALIFORNIA, us",https://jobs.smartrecruiters.com/mattelinc/744000146467329,744000146467329,,nao,nova
smartrecruiters,mattelinc,Dev Program Mgmt Assoc I,"Shenzhen, Guangdong, cn",https://jobs.smartrecruiters.com/mattelinc/744000146666853,744000146666853,,nao,nova
smartrecruiters,mattelinc,Industrial Maintenance Technician - PLC & Electrical,"De Forest, Wisconsin, us",https://jobs.smartrecruiters.com/mattelinc/744000147540724,744000147540724,,nao,nova
smartrecruiters,mattelinc,Intern Amazon eCom,"Frankfurt, Hesse, de",https://jobs.smartrecruiters.com/mattelinc/744000146692818,744000146692818,,nao,nova
smartrecruiters,mattelinc,It Analyst-Application Packaging,"Hyderabad, in",https://jobs.smartrecruiters.com/mattelinc/744000147864654,744000147864654,,nao,nova
smartrecruiters,mattelinc,Lead Brand Creative Project Manager,"East Aurora, NEW YORK, us",https://jobs.smartrecruiters.com/mattelinc/744000147363479,744000147363479,,nao,nova
smartrecruiters,mattelinc,Maintenance Mechanic,"Fort Worth, TEXAS, us",https://jobs.smartrecruiters.com/mattelinc/744000147332574,744000147332574,,nao,nova
smartrecruiters,mattelinc,Manager Graphic Design,"Shenzhen, Guangdong, cn",https://jobs.smartrecruiters.com/mattelinc/744000146666085,744000146666085,,nao,nova
smartrecruiters,mattelinc,"Mattel Retail Merchandiser PTU (Part Time Under) - Chattanooga, TN 37421","Chattanooga, GEORGIA, us",https://jobs.smartrecruiters.com/mattelinc/744000146884004,744000146884004,,nao,nova
smartrecruiters,mattelinc,"Mattel Retail Merchandiser PTU (Part Time Under) - Victorville, CA 92392","Victorville, CALIFORNIA, us",https://jobs.smartrecruiters.com/mattelinc/744000146886879,744000146886879,,nao,nova
smartrecruiters,mattelinc,"Mattel Retail Merchandiser RPT (Regular Part Time) - Chantilly, VA 20151","Chantilly, VIRGINIA, us",https://jobs.smartrecruiters.com/mattelinc/744000147348190,744000147348190,,nao,nova
smartrecruiters,mattelinc,"Mattel Retail Merchandiser RPT (Regular Part Time) - Hiram, GA 30141","Hiram, GEORGIA, us",https://jobs.smartrecruiters.com/mattelinc/744000146882509,744000146882509,,nao,nova
smartrecruiters,mattelinc,"Mattel Retail Merchandiser RPT (Regular Part Time) - Kernersville, NC 27284","Kernersville, North Carolina, us",https://jobs.smartrecruiters.com/mattelinc/744000147348389,744000147348389,,nao,nova
smartrecruiters,mattelinc,"Mattel Retail Team Associate - Alvin, TX 77511","Alvin, TEXAS, us",https://jobs.smartrecruiters.com/mattelinc/744000146249746,744000146249746,,nao,nova
smartrecruiters,mattelinc,"Mattel Retail Team Associate - Birmingham, AL 35111","Birmingham, Alabama, us",https://jobs.smartrecruiters.com/mattelinc/744000146217579,744000146217579,,nao,nova
smartrecruiters,mattelinc,"Mattel Retail Team Associate - East Atlanta, GA 30680","East Atlanta, GEORGIA, us",https://jobs.smartrecruiters.com/mattelinc/744000146212269,744000146212269,,nao,nova
smartrecruiters,mattelinc,"Mattel Retail Team Associate - East Tampa, FL 33809","East Tampa, Florida, us",https://jobs.smartrecruiters.com/mattelinc/744000146215289,744000146215289,,nao,nova
smartrecruiters,mattelinc,"Mattel Retail Team Associate - Ft. Lauderdale, FL 33437","Ft. Lauderdale, Florida, us",https://jobs.smartrecruiters.com/mattelinc/744000146211499,744000146211499,,nao,nova
smartrecruiters,mattelinc,"Mattel Retail Team Associate - Granada Hills, CA 91344","Granada Hills, CALIFORNIA, us",https://jobs.smartrecruiters.com/mattelinc/744000147362290,744000147362290,,nao,nova
smartrecruiters,mattelinc,"Mattel Retail Team Associate - Jacksonville, FL 32092","Jacksonville, Florida, us",https://jobs.smartrecruiters.com/mattelinc/744000146214675,744000146214675,,nao,nova
smartrecruiters,mattelinc,"Mattel Retail Team Associate - Kansas City, KS 66205","Kansas City, Kansas, us",https://jobs.smartrecruiters.com/mattelinc/744000146083059,744000146083059,,nao,nova
smartrecruiters,mattelinc,"Mattel Retail Team Associate - Katy, TX 77449","Katy, TEXAS, us",https://jobs.smartrecruiters.com/mattelinc/744000146082109,744000146082109,,nao,nova
smartrecruiters,mattelinc,"Mattel Retail Team Associate - Lancaster, TX 75154","Lancaster, TEXAS, us",https://jobs.smartrecruiters.com/mattelinc/744000146082937,744000146082937,,nao,nova
smartrecruiters,mattelinc,"Mattel Retail Team Associate - McAllen, TX 78539","McAllen, TEXAS, us",https://jobs.smartrecruiters.com/mattelinc/744000146082399,744000146082399,,nao,nova
smartrecruiters,mattelinc,"Mattel Retail Team Associate - Miami North, FL 33012","Miami, Florida, us",https://jobs.smartrecruiters.com/mattelinc/744000146207669,744000146207669,,nao,nova
smartrecruiters,mattelinc,"Mattel Retail Team Associate - Miami South, FL 33186","Miami, Florida, us",https://jobs.smartrecruiters.com/mattelinc/744000146217156,744000146217156,,nao,nova
smartrecruiters,mattelinc,"Mattel Retail Team Associate - North Atlanta, GA 30189","North Atlanta, GEORGIA, us",https://jobs.smartrecruiters.com/mattelinc/744000146214679,744000146214679,,nao,nova
smartrecruiters,mattelinc,"Mattel Retail Team Associate - North Nashville, TN 37031","North Nashville, Tennessee, us",https://jobs.smartrecruiters.com/mattelinc/744000146216287,744000146216287,,nao,nova
smartrecruiters,mattelinc,"Mattel Retail Team Associate - North Orlando, FL 32725","North Orlando, Florida, us",https://jobs.smartrecruiters.com/mattelinc/744000146082799,744000146082799,,nao,nova
smartrecruiters,mattelinc,"Mattel Retail Team Associate - North Tampa, FL 34667","North Tampa, Florida, us",https://jobs.smartrecruiters.com/mattelinc/744000146216748,744000146216748,,nao,nova
smartrecruiters,mattelinc,"Mattel Retail Team Associate - Oklahoma City, OK 73099","Oklahoma City, Oklahoma, us",https://jobs.smartrecruiters.com/mattelinc/744000146082909,744000146082909,,nao,nova
smartrecruiters,mattelinc,"Mattel Retail Team Associate - San Antonio, TX North 78247","San Antonio, TEXAS, us",https://jobs.smartrecruiters.com/mattelinc/744000146081909,744000146081909,,nao,nova
smartrecruiters,mattelinc,"Mattel Retail Team Associate - South Nashville, TN 37129","South Nashville, Tennessee, us",https://jobs.smartrecruiters.com/mattelinc/744000146213939,744000146213939,,nao,nova
smartrecruiters,mattelinc,"Mattel Retail Team Associate - South Orlando, FL 34743","South Orlando, Florida, us",https://jobs.smartrecruiters.com/mattelinc/744000146208904,744000146208904,,nao,nova
smartrecruiters,mattelinc,"Mattel Retail Team Associate - St. Petersburg, FL 33765","St. Petersburg, Florida, us",https://jobs.smartrecruiters.com/mattelinc/744000146211680,744000146211680,,nao,nova
smartrecruiters,mattelinc,"Mattel Retail Team Associate - West Palm Beach, FL 33414","West Palm Beach, Florida, us",https://jobs.smartrecruiters.com/mattelinc/744000146213239,744000146213239,,nao,nova
smartrecruiters,mattelinc,Packaging Graphic Designer,"Bekasi, Jawa Barat, id",https://jobs.smartrecruiters.com/mattelinc/744000146896860,744000146896860,,nao,nova
smartrecruiters,mattelinc,"Partner, P&C Operations","Shenzhen, Guangdong, cn",https://jobs.smartrecruiters.com/mattelinc/744000146666104,744000146666104,,nao,nova
smartrecruiters,mattelinc,Receptionist,"El Segundo, CALIFORNIA, us",https://jobs.smartrecruiters.com/mattelinc/744000146293439,744000146293439,,nao,nova
smartrecruiters,mattelinc,Replenishment Planning Coordinator,"San Bernardino, CALIFORNIA, us",https://jobs.smartrecruiters.com/mattelinc/744000146557919,744000146557919,,nao,nova
smartrecruiters,mattelinc,Seasonal American Girl Forklift Driver: 1st Shift,"De Forest, Wisconsin, us",https://jobs.smartrecruiters.com/mattelinc/744000146249434,744000146249434,,nao,nova
smartrecruiters,mattelinc,Seasonal Warehouse Associate - Mattel Toy Store,"El Segundo, CALIFORNIA, us",https://jobs.smartrecruiters.com/mattelinc/744000146263889,744000146263889,,nao,nova
smartrecruiters,mattelinc,Senior Analyst - Salesforce Automation,"Hyderabad, in",https://jobs.smartrecruiters.com/mattelinc/744000146453309,744000146453309,,nao,nova
smartrecruiters,mattelinc,Software Engineer - .NET,"Hyderabad, in",https://jobs.smartrecruiters.com/mattelinc/744000146436389,744000146436389,,nao,nova
smartrecruiters,mattelinc,Software Engineer Veeva,"Hyderabad, in",https://jobs.smartrecruiters.com/mattelinc/744000146447169,744000146447169,,nao,nova
smartrecruiters,mattelinc,Sr Accountant,"Kuala Lumpur, Selangor, my",https://jobs.smartrecruiters.com/mattelinc/744000146109369,744000146109369,,nao,nova
smartrecruiters,mattelinc,Sr Analytics Analyst- Inbound Logistics,"San Bernardino, CALIFORNIA, us",https://jobs.smartrecruiters.com/mattelinc/744000146549989,744000146549989,,nao,nova
smartrecruiters,mattelinc,"Sr Associate, Consumer Products, CPG & Beauty","El Segundo, CALIFORNIA, us",https://jobs.smartrecruiters.com/mattelinc/744000147148129,744000147148129,,nao,nova
smartrecruiters,mattelinc,"Sr Associate, Digital Marketing - American Girl CRM","El Segundo, CALIFORNIA, us",https://jobs.smartrecruiters.com/mattelinc/744000147403667,744000147403667,,nao,nova
smartrecruiters,mattelinc,Sr Data Engineer,"Hyderabad, in",https://jobs.smartrecruiters.com/mattelinc/744000147173349,744000147173349,,nao,nova
smartrecruiters,mattelinc,Sr Developer- AI,"Hyderabad, in",https://jobs.smartrecruiters.com/mattelinc/744000146622399,744000146622399,,nao,nova
smartrecruiters,mattelinc,Sr Field Representative,"Sao Paulo, SÃO PAULO, br",https://jobs.smartrecruiters.com/mattelinc/744000146570718,744000146570718,,nao,nova
smartrecruiters,mattelinc,Sr Manager Key Account - Growth Channel Core Europe,"Copenhagen, dk",https://jobs.smartrecruiters.com/mattelinc/744000147466249,744000147466249,,nao,nova
smartrecruiters,mattelinc,"Sr Manager, Accounting - Digital Games","El Segundo, CALIFORNIA, us",https://jobs.smartrecruiters.com/mattelinc/744000146271239,744000146271239,,nao,nova
smartrecruiters,mattelinc,Sr Security DAP,"Hyderabad, in",https://jobs.smartrecruiters.com/mattelinc/744000146146151,744000146146151,,nao,nova
smartrecruiters,mattelinc,Sr Software Engineer - Oracle,"Hyderabad, in",https://jobs.smartrecruiters.com/mattelinc/744000146435089,744000146435089,,nao,nova
smartrecruiters,mattelinc,Sr Supply Chain & Fulfilment Analyst – 6-Month Maternity Cover,"Amstelveen, North Holland, nl",https://jobs.smartrecruiters.com/mattelinc/744000146745555,744000146745555,,nao,nova
smartrecruiters,mattelinc,Sr. Business & Commercial Strategy Analyst – PEM,"Frankfurt, Hesse, de",https://jobs.smartrecruiters.com/mattelinc/744000147850749,744000147850749,,nao,nova
smartrecruiters,mattelinc,Sr. Engineer Cloud Security,"Hyderabad, in",https://jobs.smartrecruiters.com/mattelinc/744000146456609,744000146456609,,nao,nova
smartrecruiters,mattelinc,Sr. Logistics & Customs Analyst,"San Bernardino, CALIFORNIA, us",https://jobs.smartrecruiters.com/mattelinc/744000146544829,744000146544829,,nao,nova
smartrecruiters,mattelinc,Sr. Project Manager - Creative Operations,"El Segundo, CALIFORNIA, us",https://jobs.smartrecruiters.com/mattelinc/744000147352249,744000147352249,,nao,nova
smartrecruiters,mattelinc,Supervisor Production,"Bekasi, Jawa Barat, id",https://jobs.smartrecruiters.com/mattelinc/744000147849359,744000147849359,,nao,nova
smartrecruiters,mattelinc,Supervisor Quality Control Assurance,"Jonestown, PENNSYLVANIA, us",https://jobs.smartrecruiters.com/mattelinc/744000146082539,744000146082539,,nao,nova
smartrecruiters,mattelinc,Supervisor Training DTC,"Jonestown, PENNSYLVANIA, us",https://jobs.smartrecruiters.com/mattelinc/744000146086054,744000146086054,,nao,nova
smartrecruiters,mattelinc,Supervisor Warehouse,"Ciudad General Escobedo, N.L., mx",https://jobs.smartrecruiters.com/mattelinc/744000146200244,744000146200244,,nao,nova
smartrecruiters,mattelinc,Supplier Quality Engineer - 12 Months Contract,"Shenzhen, Guangdong, cn",https://jobs.smartrecruiters.com/mattelinc/744000146668189,744000146668189,,nao,nova
smartrecruiters,mattelinc,Support Analyst IT – Quality,"Hyderabad, in",https://jobs.smartrecruiters.com/mattelinc/744000146107149,744000146107149,,nao,nova
smartrecruiters,mattelinc,"Vice President, Global Insights & Analytics","El Segundo, CALIFORNIA, us",https://jobs.smartrecruiters.com/mattelinc/744000147598457,744000147598457,,nao,nova
smartrecruiters,nbcuniversal3,AEO/SEO Manager,"North Hollywood, CA, us",https://jobs.smartrecruiters.com/nbcuniversal3/744000146066799,744000146066799,,nao,nova
smartrecruiters,nbcuniversal3,AEO/SEO Manager,"New York, NEW YORK, us",https://jobs.smartrecruiters.com/nbcuniversal3/744000146066709,744000146066709,,nao,nova
smartrecruiters,nbcuniversal3,"APC Operator, NBC Connecticut","Hartford, Connecticut, us",https://jobs.smartrecruiters.com/nbcuniversal3/744000146071079,744000146071079,,nao,nova
smartrecruiters,nbcuniversal3,"Account Executive - NBC10, Telemundo62, NBC Sports Philadelphia","Philadelphia, PENNSYLVANIA, us",https://jobs.smartrecruiters.com/nbcuniversal3/744000146803220,744000146803220,,nao,nova
smartrecruiters,nbcuniversal3,"Account Executive, NBCUniversal Local - Fort Myers/Naples","Bonita Springs, Florida, us",https://jobs.smartrecruiters.com/nbcuniversal3/744000146236669,744000146236669,,nao,nova
smartrecruiters,nbcuniversal3,"Account Executive, NBCUniversal Local - Tampa","Tampa, Florida, us",https://jobs.smartrecruiters.com/nbcuniversal3/744000146236619,744000146236619,,nao,nova
smartrecruiters,nbcuniversal3,Account Services Representative,"New York, NEW YORK, us",https://jobs.smartrecruiters.com/nbcuniversal3/744000147641658,744000147641658,,nao,nova
smartrecruiters,nbcuniversal3,Account Services Representative,"New York, NEW YORK, us",https://jobs.smartrecruiters.com/nbcuniversal3/744000147641568,744000147641568,,nao,nova
smartrecruiters,nbcuniversal3,Ad Insertion Coordinator,"Stamford, CT, us",https://jobs.smartrecruiters.com/nbcuniversal3/744000146223679,744000146223679,,nao,nova
smartrecruiters,nbcuniversal3,"Admin Assistant, Creative Advertising - Focus Features","Universal City, CALIFORNIA, us",https://jobs.smartrecruiters.com/nbcuniversal3/744000146226809,744000146226809,,nao,nova
smartrecruiters,nbcuniversal3,"Administrative Assistant, Legal Innovation & Operations","New York, NEW YORK, us",https://jobs.smartrecruiters.com/nbcuniversal3/744000146022016,744000146022016,,nao,nova
smartrecruiters,nbcuniversal3,"Advisor EHS, International","London, gb",https://jobs.smartrecruiters.com/nbcuniversal3/744000147210199,744000147210199,,nao,nova
smartrecruiters,nbcuniversal3,"Analyst, Business Development & Strategy","New York, NEW YORK, us",https://jobs.smartrecruiters.com/nbcuniversal3/744000147532948,744000147532948,,nao,nova
smartrecruiters,nbcuniversal3,"Analyst, Commerce Analytics (Contract)","New York, NEW YORK, us",https://jobs.smartrecruiters.com/nbcuniversal3/744000147641579,744000147641579,,nao,nova
smartrecruiters,nbcuniversal3,Arts Coordinator,"Universal City, CALIFORNIA, us",https://jobs.smartrecruiters.com/nbcuniversal3/744000147568289,744000147568289,,nao,nova
smartrecruiters,nbcuniversal3,"Assignment Desk Editor, Telemundo Houston","Houston, TEXAS, us",https://jobs.smartrecruiters.com/nbcuniversal3/744000146792929,744000146792929,,nao,nova
smartrecruiters,nbcuniversal3,Assistant to Talent Producers,"New York, NEW YORK, us",https://jobs.smartrecruiters.com/nbcuniversal3/744000146776365,744000146776365,,nao,nova
smartrecruiters,nbcuniversal3,"Assoc. Counsel, Business & Legal Affairs","Miami, Florida, us",https://jobs.smartrecruiters.com/nbcuniversal3/744000147367049,744000147367049,,nao,nova
smartrecruiters,nbcuniversal3,"Associate Legal Counsel, Content Protection","London, gb",https://jobs.smartrecruiters.com/nbcuniversal3/744000146252729,744000146252729,,nao,nova
smartrecruiters,nbcuniversal3,"Associate Manager, Category Management (Toys)","Universal City, CALIFORNIA, us",https://jobs.smartrecruiters.com/nbcuniversal3/744000146776238,744000146776238,,nao,nova
smartrecruiters,nbcuniversal3,"Associate Manager, NBC & Peacock Social Marketing","Universal City, CALIFORNIA, us",https://jobs.smartrecruiters.com/nbcuniversal3/744000147081249,744000147081249,,nao,nova
smartrecruiters,nbcuniversal3,Associate Producer,"New York, NEW YORK, us",https://jobs.smartrecruiters.com/nbcuniversal3/744000146062039,744000146062039,,nao,nova
smartrecruiters,nbcuniversal3,"Associate Solutions Architect, Ad Technology","North Hollywood, CA, us",https://jobs.smartrecruiters.com/nbcuniversal3/744000147563139,744000147563139,,nao,nova
smartrecruiters,nbcuniversal3,"Associate Solutions Architect, Ad Technology","North Hollywood, CA, us",https://jobs.smartrecruiters.com/nbcuniversal3/744000147558899,744000147558899,,nao,nova
smartrecruiters,nbcuniversal3,"Associate Solutions Architect, Ad Technology","New York, NEW YORK, us",https://jobs.smartrecruiters.com/nbcuniversal3/744000147080079,744000147080079,,nao,nova
smartrecruiters,nbcuniversal3,"Associate Solutions Architect, Ad Technology","New York, NEW YORK, us",https://jobs.smartrecruiters.com/nbcuniversal3/744000147077148,744000147077148,,nao,nova
smartrecruiters,nbcuniversal3,"Associate, Production Finance","Universal City, CALIFORNIA, us",https://jobs.smartrecruiters.com/nbcuniversal3/744000147085489,744000147085489,,nao,nova
smartrecruiters,nbcuniversal3,"Audio & Mix Engineer, Here’s The Scoop Podcast (contract)","New York, NEW YORK, us",https://jobs.smartrecruiters.com/nbcuniversal3/744000147595699,744000147595699,,nao,nova
smartrecruiters,nbcuniversal3,Business Analyst (Sports Tech Solutions),"Stamford, Connecticut, us",https://jobs.smartrecruiters.com/nbcuniversal3/744000146544977,744000146544977,,nao,nova
smartrecruiters,nbcuniversal3,Candidate Experience Specialist,"New York, NY, us",https://jobs.smartrecruiters.com/nbcuniversal3/744000146556859,744000146556859,,nao,nova
smartrecruiters,nbcuniversal3,"Content Producer, Telemundo Nuevo Mexico","Albuquerque, New Mexico, us",https://jobs.smartrecruiters.com/nbcuniversal3/744000146797176,744000146797176,,nao,nova
smartrecruiters,nbcuniversal3,Content Solutions Specialist,"London, gb",https://jobs.smartrecruiters.com/nbcuniversal3/744000147553141,744000147553141,,nao,nova
smartrecruiters,nbcuniversal3,"Coordinator, Audience Operations & Events","New York, NEW YORK, us",https://jobs.smartrecruiters.com/nbcuniversal3/744000147546780,744000147546780,,nao,nova
smartrecruiters,nbcuniversal3,"Coordinator, Trade Marketing","New York, NEW YORK, us",https://jobs.smartrecruiters.com/nbcuniversal3/744000146812339,744000146812339,,nao,nova
smartrecruiters,nbcuniversal3,"Counsel, Corporate Legal Affairs","New York, NEW YORK, us",https://jobs.smartrecruiters.com/nbcuniversal3/744000147321290,744000147321290,,nao,nova
smartrecruiters,nbcuniversal3,"Director, Design & Development","Universal City, CALIFORNIA, us",https://jobs.smartrecruiters.com/nbcuniversal3/744000147357859,744000147357859,,nao,nova
smartrecruiters,nbcuniversal3,"Director, EHS","Universal City, CALIFORNIA, us",https://jobs.smartrecruiters.com/nbcuniversal3/744000147342719,744000147342719,,nao,nova
smartrecruiters,nbcuniversal3,"Director, Finance – Mid-Atlantic Region","Washington, DC, us",https://jobs.smartrecruiters.com/nbcuniversal3/744000147295799,744000147295799,,nao,nova
smartrecruiters,nbcuniversal3,"Director/Senior Director, Risk & Compliance","New York, NEW YORK, us",https://jobs.smartrecruiters.com/nbcuniversal3/744000147350756,744000147350756,,nao,nova
smartrecruiters,nbcuniversal3,DreamWorks Technology -  Web Tools Engineer,"Glendale, CALIFORNIA, us",https://jobs.smartrecruiters.com/nbcuniversal3/744000146496732,744000146496732,,nao,nova
smartrecruiters,nbcuniversal3,"Duopoly Assignment Desk Editor, NBC & Telemundo New York","New York, NEW YORK, us",https://jobs.smartrecruiters.com/nbcuniversal3/744000147092259,744000147092259,,nao,nova
smartrecruiters,nbcuniversal3,"Duopoly Content Creator/Editor, NBC & Telemundo  New York","New York, NEW YORK, us",https://jobs.smartrecruiters.com/nbcuniversal3/744000146056430,744000146056430,,nao,nova
smartrecruiters,nbcuniversal3,"Editorial Assistant, Shop TODAY","New York, NEW YORK, us",https://jobs.smartrecruiters.com/nbcuniversal3/744000146826599,744000146826599,,nao,nova
smartrecruiters,nbcuniversal3,Lead Audio Designer | Concepteur ou conceptrice audio Lead,"Montreal, QUEBEC, ca",https://jobs.smartrecruiters.com/nbcuniversal3/744000147372549,744000147372549,,nao,nova
smartrecruiters,nbcuniversal3,"Lifestyle & Entertainment Associate Producer, NBC & Telemundo Miami","Miramar, Florida, us",https://jobs.smartrecruiters.com/nbcuniversal3/744000147040030,744000147040030,,nao,nova
smartrecruiters,nbcuniversal3,ML Solutions Architect - Architecte de solutions ML,"Montréal, QC, ca",https://jobs.smartrecruiters.com/nbcuniversal3/744000147327139,744000147327139,,nao,nova
smartrecruiters,nbcuniversal3,"Manager EHS, International","London, gb",https://jobs.smartrecruiters.com/nbcuniversal3/744000147243309,744000147243309,,nao,nova
smartrecruiters,nbcuniversal3,"Manager, Brand Marketing NBC & Peacock","Universal City, CALIFORNIA, us",https://jobs.smartrecruiters.com/nbcuniversal3/744000146043539,744000146043539,,nao,nova
smartrecruiters,nbcuniversal3,"Manager, Brazil Consumer Products","CDMX, mx",https://jobs.smartrecruiters.com/nbcuniversal3/744000146554039,744000146554039,,nao,nova
smartrecruiters,nbcuniversal3,"Manager, Corporate Legal Affairs","Universal City, CA, us",https://jobs.smartrecruiters.com/nbcuniversal3/744000146786709,744000146786709,,nao,nova
smartrecruiters,nbcuniversal3,"Manager, Creative Operations","New York, NEW YORK, us",https://jobs.smartrecruiters.com/nbcuniversal3/744000146032149,744000146032149,,nao,nova
smartrecruiters,nbcuniversal3,"Manager, Design & Development","Universal City, CALIFORNIA, us",https://jobs.smartrecruiters.com/nbcuniversal3/744000147356989,744000147356989,,nao,nova
smartrecruiters,nbcuniversal3,"Manager, Emergency Management Services","Bedford, gb",https://jobs.smartrecruiters.com/nbcuniversal3/744000147175839,744000147175839,,nao,nova
smartrecruiters,nbcuniversal3,"Manager, Field & Crew Scheduling","Stamford, Connecticut, us",https://jobs.smartrecruiters.com/nbcuniversal3/744000146056549,744000146056549,,nao,nova
smartrecruiters,nbcuniversal3,"Manager, Finance -Olympics Production","Stamford, Connecticut, us",https://jobs.smartrecruiters.com/nbcuniversal3/744000147342410,744000147342410,,nao,nova
smartrecruiters,nbcuniversal3,"Manager, Human Resources","Miramar, Florida, us",https://jobs.smartrecruiters.com/nbcuniversal3/744000147349130,744000147349130,,nao,nova
smartrecruiters,nbcuniversal3,"Manager, Media Strategy & Planning","Universal City, CALIFORNIA, us",https://jobs.smartrecruiters.com/nbcuniversal3/744000147080339,744000147080339,,nao,nova
smartrecruiters,nbcuniversal3,"Manager, Programmatic Strategy","New York, NEW YORK, us",https://jobs.smartrecruiters.com/nbcuniversal3/744000146534309,744000146534309,,nao,nova
smartrecruiters,nbcuniversal3,"Manager, Retail Development","Universal City, CALIFORNIA, us",https://jobs.smartrecruiters.com/nbcuniversal3/744000146016281,744000146016281,,nao,nova
smartrecruiters,nbcuniversal3,Marketing Manager,"CDMX, mx",https://jobs.smartrecruiters.com/nbcuniversal3/744000147574498,744000147574498,,nao,nova
smartrecruiters,nbcuniversal3,Marketing Manager,"London, gb",https://jobs.smartrecruiters.com/nbcuniversal3/744000146814249,744000146814249,,nao,nova
smartrecruiters,nbcuniversal3,"Morning Show Producer, NBC Bay Area","San Jose, CALIFORNIA, us",https://jobs.smartrecruiters.com/nbcuniversal3/744000146825349,744000146825349,,nao,nova
smartrecruiters,nbcuniversal3,"Multi-Platform Content Producer, Writer & Fill-In Newscast Producer, NBC Bay Area","San Jose, CALIFORNIA, us",https://jobs.smartrecruiters.com/nbcuniversal3/744000146050572,744000146050572,,nao,nova
smartrecruiters,nbcuniversal3,Network Engineer,"North Hollywood, CA, us",https://jobs.smartrecruiters.com/nbcuniversal3/744000147365809,744000147365809,,nao,nova
smartrecruiters,nbcuniversal3,Overnight Associate Booking Producer,"New York, NEW YORK, us",https://jobs.smartrecruiters.com/nbcuniversal3/744000147641509,744000147641509,,nao,nova
smartrecruiters,nbcuniversal3,PA to MD & Marketing Director (FTC),"London, gb",https://jobs.smartrecruiters.com/nbcuniversal3/744000147244649,744000147244649,,nao,nova
smartrecruiters,nbcuniversal3,Photographer/Editor,"Houston, TEXAS, us",https://jobs.smartrecruiters.com/nbcuniversal3/744000147025429,744000147025429,,nao,nova
smartrecruiters,nbcuniversal3,Planning Coordinator,"Universal City, CALIFORNIA, us",https://jobs.smartrecruiters.com/nbcuniversal3/744000145850139,744000145850139,,nao,nova
smartrecruiters,nbcuniversal3,"Platform Manager (Newscast Producer), NBC4 Washington","Washington, District of Columbia, us",https://jobs.smartrecruiters.com/nbcuniversal3/744000147606269,744000147606269,,nao,nova
smartrecruiters,nbcuniversal3,Political Campaign Embed,"New York, NEW YORK, us",https://jobs.smartrecruiters.com/nbcuniversal3/744000147075369,744000147075369,,nao,nova
smartrecruiters,nbcuniversal3,Product Manager,"Universal City, CA, us",https://jobs.smartrecruiters.com/nbcuniversal3/744000147314659,744000147314659,,nao,nova
smartrecruiters,nbcuniversal3,Product Manager,"North Hollywood, CA, us",https://jobs.smartrecruiters.com/nbcuniversal3/744000145830310,744000145830310,,nao,nova
smartrecruiters,nbcuniversal3,Receptionist,"New York, NEW YORK, us",https://jobs.smartrecruiters.com/nbcuniversal3/744000146810209,744000146810209,,nao,nova
smartrecruiters,nbcuniversal3,"Reporter, NBC4 Washington","Washington, District of Columbia, us",https://jobs.smartrecruiters.com/nbcuniversal3/744000147354459,744000147354459,,nao,nova
smartrecruiters,nbcuniversal3,Rigging Coordinator,"Borehamwood, gb",https://jobs.smartrecruiters.com/nbcuniversal3/744000147311159,744000147311159,,nao,nova
smartrecruiters,nbcuniversal3,"Senior Animator - Gameplay | Animateur ou animatrice senior, Jouabilité","Montreal, QUEBEC, ca",https://jobs.smartrecruiters.com/nbcuniversal3/744000147027149,744000147027149,,nao,nova
smartrecruiters,nbcuniversal3,Senior Authentication Engineer (Entra),"New York, NEW YORK, us",https://jobs.smartrecruiters.com/nbcuniversal3/744000146055479,744000146055479,,nao,nova
smartrecruiters,nbcuniversal3,"Senior Director, Growth & Commerce Product Analytics","New York, NEW YORK, us",https://jobs.smartrecruiters.com/nbcuniversal3/744000146541775,744000146541775,,nao,nova
smartrecruiters,nbcuniversal3,Senior Financial Analyst,"New York, NEW YORK, us",https://jobs.smartrecruiters.com/nbcuniversal3/744000147350114,744000147350114,,nao,nova
smartrecruiters,nbcuniversal3,Senior Project Planner/ Scheduler,"Singapore, Singapore, sg",https://jobs.smartrecruiters.com/nbcuniversal3/744000146575094,744000146575094,,nao,nova
smartrecruiters,nbcuniversal3,Senior Software Engineer (SAP ABAP),"New York, NEW YORK, us",https://jobs.smartrecruiters.com/nbcuniversal3/744000146516019,744000146516019,,nao,nova
smartrecruiters,nbcuniversal3,Senior Systems Engineer- NBC4& T44,"Washington, District of Columbia, us",https://jobs.smartrecruiters.com/nbcuniversal3/744000146525559,744000146525559,,nao,nova
smartrecruiters,nbcuniversal3,"Social Creator & Brand Ambassador, NBC Bay Area","San Jose, CALIFORNIA, us",https://jobs.smartrecruiters.com/nbcuniversal3/744000147587659,744000147587659,,nao,nova
smartrecruiters,nbcuniversal3,"Social Sports Creator & Host, NBC Bay Area","San Jose, CALIFORNIA, us",https://jobs.smartrecruiters.com/nbcuniversal3/744000147606099,744000147606099,,nao,nova
smartrecruiters,nbcuniversal3,Sous Chef Catering,"Universal City, CALIFORNIA, us",https://jobs.smartrecruiters.com/nbcuniversal3/744000147071205,744000147071205,,nao,nova
smartrecruiters,nbcuniversal3,Sr Administrative Assistant,"Universal City, CALIFORNIA, us",https://jobs.smartrecruiters.com/nbcuniversal3/744000146258119,744000146258119,,nao,nova
smartrecruiters,nbcuniversal3,"Sr. Accountant, Corporate Accounting","New York, NEW YORK, us",https://jobs.smartrecruiters.com/nbcuniversal3/744000147355979,744000147355979,,nao,nova
smartrecruiters,nbcuniversal3,"Sr. Manager, FP&A","New York, NEW YORK, us",https://jobs.smartrecruiters.com/nbcuniversal3/744000147357999,744000147357999,,nao,nova
smartrecruiters,nbcuniversal3,"Sr. Product Manager, Martech","New York, NEW YORK, us",https://jobs.smartrecruiters.com/nbcuniversal3/744000146249118,744000146249118,,nao,nova
smartrecruiters,nbcuniversal3,"Sr. Specialist, Immigration","New York, NY, us",https://jobs.smartrecruiters.com/nbcuniversal3/744000146838710,744000146838710,,nao,nova
smartrecruiters,nbcuniversal3,"Sr. Specialist, Immigration","Universal City, CALIFORNIA, us",https://jobs.smartrecruiters.com/nbcuniversal3/744000146839289,744000146839289,,nao,nova
smartrecruiters,nbcuniversal3,Staff Software Engineer (GenAI Innovation/ Forward deployed),"Universal City, CALIFORNIA, us",https://jobs.smartrecruiters.com/nbcuniversal3/744000146814580,744000146814580,,nao,nova
smartrecruiters,nbcuniversal3,"Story Producer/Producer, (part-time) NBC and Telemundo San Diego","San Diego, CALIFORNIA, us",https://jobs.smartrecruiters.com/nbcuniversal3/744000147333069,744000147333069,,nao,nova
smartrecruiters,nbcuniversal3,Sustainable Operations Program Manager,"Universal City, CALIFORNIA, us",https://jobs.smartrecruiters.com/nbcuniversal3/744000147609899,744000147609899,,nao,nova
smartrecruiters,nbcuniversal3,TechEx Team Lead,"London, gb",https://jobs.smartrecruiters.com/nbcuniversal3/744000147860022,744000147860022,,nao,nova
smartrecruiters,nbcuniversal3,"Vice President, Content Delivery Networks","New York, NEW YORK, us",https://jobs.smartrecruiters.com/nbcuniversal3/744000146988588,744000146988588,,nao,nova
smartrecruiters,nbcuniversal3,"Vice President, NBC News Finance","New York, NEW YORK, us",https://jobs.smartrecruiters.com/nbcuniversal3/744000146023259,744000146023259,,nao,nova
smartrecruiters,nbcuniversal3,Warehouse Worker,"Long Island City, NEW YORK, us",https://jobs.smartrecruiters.com/nbcuniversal3/744000146268919,744000146268919,,nao,nova
smartrecruiters,nbcuniversal3,Warehouse Worker,"Long Island City, NEW YORK, us",https://jobs.smartrecruiters.com/nbcuniversal3/744000146268879,744000146268879,,nao,nova
smartrecruiters,nbcuniversal3,"アニメ製作プロデューサー, マネージャー職 / Production Manager, Anime, Japan","Tokyo, TOKYO-TO, jp",https://jobs.smartrecruiters.com/nbcuniversal3/744000147857489,744000147857489,,nao,nova
smartrecruiters,outpostvfx,2D Supervisor,"London, gb",https://jobs.smartrecruiters.com/outpostvfx/744000122463481,744000122463481,,nao,nova
smartrecruiters,outpostvfx,Asset Lead,"Mumbai, MH, in",https://jobs.smartrecruiters.com/outpostvfx/744000129916518,744000129916518,,nao,nova
smartrecruiters,outpostvfx,CG Supervisor,"Mumbai, MH, in",https://jobs.smartrecruiters.com/outpostvfx/744000080159844,744000080159844,,nao,nova
smartrecruiters,outpostvfx,Cloud and Systems Administrator,"Mumbai, MH, in",https://jobs.smartrecruiters.com/outpostvfx/744000147487558,744000147487558,,nao,nova
smartrecruiters,outpostvfx,FX Supervisor,"Mumbai, MH, in",https://jobs.smartrecruiters.com/outpostvfx/744000090322085,744000090322085,,nao,nova
smartrecruiters,outpostvfx,Freelance Compositor,"Mumbai, MH, in",https://jobs.smartrecruiters.com/outpostvfx/744000080153714,744000080153714,,nao,nova
smartrecruiters,outpostvfx,Freelance Senior Animator,"Mumbai, MH, in",https://jobs.smartrecruiters.com/outpostvfx/744000132330863,744000132330863,,nao,nova
smartrecruiters,outpostvfx,Freelance Senior FX Artist,"Mumbai, MH, in",https://jobs.smartrecruiters.com/outpostvfx/744000080155144,744000080155144,,nao,nova
smartrecruiters,outpostvfx,Freelance Senior Layout Artist,"Mumbai, MH, in",https://jobs.smartrecruiters.com/outpostvfx/744000080154842,744000080154842,,nao,nova
smartrecruiters,outpostvfx,Freelance Senior Lighting Artist,"Mumbai, MH, in",https://jobs.smartrecruiters.com/outpostvfx/744000080153396,744000080153396,,nao,nova
smartrecruiters,outpostvfx,Freelance Senior MMRA Artist,"Mumbai, MH, in",https://jobs.smartrecruiters.com/outpostvfx/744000107716294,744000107716294,,nao,nova
smartrecruiters,outpostvfx,Freelance Senior Paint Artist,"Mumbai, MH, in",https://jobs.smartrecruiters.com/outpostvfx/744000110093810,744000110093810,,nao,nova
smartrecruiters,outpostvfx,Freelance Senior Roto Artist,"Mumbai, MH, in",https://jobs.smartrecruiters.com/outpostvfx/744000080151246,744000080151246,,nao,nova
smartrecruiters,outpostvfx,HR Associate,"Mumbai, MH, in",https://jobs.smartrecruiters.com/outpostvfx/744000132341307,744000132341307,,nao,nova
smartrecruiters,outpostvfx,Lead Compositor,"Montreal, QC, ca",https://jobs.smartrecruiters.com/outpostvfx/744000126310899,744000126310899,,nao,nova
smartrecruiters,outpostvfx,Manager - Business Analyst,"Mumbai, MH, in",https://jobs.smartrecruiters.com/outpostvfx/744000129759562,744000129759562,,nao,nova
smartrecruiters,outpostvfx,Mid-Level Compositor,"London, England, gb",https://jobs.smartrecruiters.com/outpostvfx/744000133565419,744000133565419,,nao,nova
smartrecruiters,outpostvfx,Senior Animator,"Mumbai, MH, in",https://jobs.smartrecruiters.com/outpostvfx/744000138810578,744000138810578,,nao,nova
smartrecruiters,outpostvfx,Senior Compositor,"London, gb",https://jobs.smartrecruiters.com/outpostvfx/744000126251019,744000126251019,,nao,nova
smartrecruiters,outpostvfx,Senior Compositor,"Montreal, QC, ca",https://jobs.smartrecruiters.com/outpostvfx/744000114349157,744000114349157,,nao,nova
smartrecruiters,outpostvfx,Senior Crowd Artist,"London, England, gb",https://jobs.smartrecruiters.com/outpostvfx/744000088294414,744000088294414,,nao,nova
smartrecruiters,outpostvfx,Senior DMP Artist,"London, England, gb",https://jobs.smartrecruiters.com/outpostvfx/744000129486624,744000129486624,,nao,nova
smartrecruiters,outpostvfx,Senior FX Artist,"London, England, gb",https://jobs.smartrecruiters.com/outpostvfx/744000145712125,744000145712125,,nao,nova
smartrecruiters,outpostvfx,Senior FX Artist,"Montreal, QC, ca",https://jobs.smartrecruiters.com/outpostvfx/744000111108585,744000111108585,,nao,nova
smartrecruiters,outpostvfx,Senior Lighting Artist,"Montreal, QC, ca",https://jobs.smartrecruiters.com/outpostvfx/744000117022385,744000117022385,,nao,nova
smartrecruiters,outpostvfx,VFX Editor,"Mumbai, MH, in",https://jobs.smartrecruiters.com/outpostvfx/744000098078075,744000098078075,,nao,nova
smartrecruiters,peoplecanfly,Artiste Technique Senior / Senior Technical Artist,"Montréal, QC, ca",https://jobs.smartrecruiters.com/peoplecanfly/744000082413749,744000082413749,,nao,nova
smartrecruiters,peoplecanfly,"Artiste de niveau senior/Senior Level Artist - Remote, Canada","Montréal, QC, ca",https://jobs.smartrecruiters.com/peoplecanfly/744000144103729,744000144103729,,nao,nova
smartrecruiters,peoplecanfly,Artiste d’éclairage / Lighting Artist - Remote,"Montréal, QC, ca",https://jobs.smartrecruiters.com/peoplecanfly/744000143120319,744000143120319,,nao,nova
smartrecruiters,peoplecanfly,"Chef d’équipe, artiste de niveau / Lead Level Artist - Remote","Montréal, QC, ca",https://jobs.smartrecruiters.com/peoplecanfly/744000139313759,744000139313759,,nao,nova
smartrecruiters,peoplecanfly,Concepteur de jeux de combat  / Combat Game Designer,"Montréal, QC, ca",https://jobs.smartrecruiters.com/peoplecanfly/744000144130389,744000144130389,,nao,nova
smartrecruiters,peoplecanfly,Concepteur(-trice) de niveau / Level Designer,"Montréal, QC, ca",https://jobs.smartrecruiters.com/peoplecanfly/744000144128595,744000144128595,,nao,nova
smartrecruiters,peoplecanfly,Concepteur(-trice) narratif senior / Senior Narrative Designer,"Montréal, QC, ca",https://jobs.smartrecruiters.com/peoplecanfly/744000144317269,744000144317269,,nao,nova
smartrecruiters,peoplecanfly,Conseils en propriété intellectuelle / IP Counsel,"Montreal, ca",https://jobs.smartrecruiters.com/peoplecanfly/744000135291423,744000135291423,,nao,nova
smartrecruiters,peoplecanfly,Gestionnaire du soutien TI/ IT Support Manager,"Montréal, QC, ca",https://jobs.smartrecruiters.com/peoplecanfly/744000146186609,744000146186609,,nao,nova
smartrecruiters,peoplecanfly,Global Finance Manager,"Warszawa, Województwo mazowieckie, pl",https://jobs.smartrecruiters.com/peoplecanfly/744000146960234,744000146960234,,nao,nova
smartrecruiters,peoplecanfly,IP Counsel,"Warszawa, Województwo mazowieckie, pl",https://jobs.smartrecruiters.com/peoplecanfly/744000131850308,744000131850308,,nao,nova
smartrecruiters,peoplecanfly,People Operations & Payroll Manager,"Warszawa, Województwo mazowieckie, pl",https://jobs.smartrecruiters.com/peoplecanfly/744000142909015,744000142909015,,nao,nova
smartrecruiters,peoplecanfly,"Spécialiste de la paie et des avantages sociaux/ Payroll and Benefits Specialist - Montreal, CA","Montréal, QC, ca",https://jobs.smartrecruiters.com/peoplecanfly/744000147289569,744000147289569,,nao,nova
smartrecruiters,peoplecanfly,Technical UI/UX Designer,"Warszawa, Województwo mazowieckie, pl",https://jobs.smartrecruiters.com/peoplecanfly/744000144045544,744000144045544,,nao,nova
smartrecruiters,rodeofx,Artiste Animateur Senior - Manifestation d'intérêt,"Montreal, QC, ca",https://jobs.smartrecruiters.com/rodeofx/744000145576510,744000145576510,,nao,nova
smartrecruiters,rodeofx,Artiste FX - Senior et intermédiaire - Multiple positions,"Montreal and Quebec City, QC, ca",https://jobs.smartrecruiters.com/rodeofx/744000146817219,744000146817219,,nao,nova
smartrecruiters,rodeofx,Artiste Sénior Pigiste d'effets (FX),"Montreal, QC, ca",https://jobs.smartrecruiters.com/rodeofx/744000147033979,744000147033979,,nao,nova
smartrecruiters,rodeofx,Artiste de développement visuel Senior - Plusieurs postes,"Montreal, QC, ca",https://jobs.smartrecruiters.com/rodeofx/744000145587250,744000145587250,,nao,JA-FEITO
smartrecruiters,rodeofx,Artiste de maquette,"Montreal, QC, ca",https://jobs.smartrecruiters.com/rodeofx/744000143547729,744000143547729,,nao,nova
smartrecruiters,rodeofx,Artiste éclairagiste - Contrat Temporaire,"Montreal, QC, ca",https://jobs.smartrecruiters.com/rodeofx/744000147250600,744000147250600,,nao,nova
smartrecruiters,rodeofx,Business Development Coordinator - Advertising department,"Toronto, ON, ca",https://jobs.smartrecruiters.com/rodeofx/744000147290869,744000147290869,,nao,nova
smartrecruiters,rodeofx,Compositeur.trice Numérique - Manifestation d'intérêt,"Paris, IDF, fr",https://jobs.smartrecruiters.com/rodeofx/744000128242809,744000128242809,,nao,nova
smartrecruiters,rodeofx,Compositeur.trice numérique,"Montreal, QC, ca",https://jobs.smartrecruiters.com/rodeofx/744000147069129,744000147069129,,nao,nova
smartrecruiters,rodeofx,Compositing Artist,"Montreal, QC, ca",https://jobs.smartrecruiters.com/rodeofx/744000147252139,744000147252139,,nao,nova
smartrecruiters,rodeofx,Directeur.trice marketing et communications,"Montreal, QC, ca",https://jobs.smartrecruiters.com/rodeofx/744000137902489,744000137902489,,nao,nova
smartrecruiters,rodeofx,Director of Marketing & Communications,"Montreal, QC, ca",https://jobs.smartrecruiters.com/rodeofx/744000137899577,744000137899577,,nao,nova
smartrecruiters,rodeofx,FX Artist - Mid and Senior - Multiple Positions,"Toronto, ON, ca",https://jobs.smartrecruiters.com/rodeofx/744000146819539,744000146819539,,nao,nova
smartrecruiters,rodeofx,FX Artist - Mid and Senior - Multiple Positions,"Montreal and Quebec City, QC, ca",https://jobs.smartrecruiters.com/rodeofx/744000146816859,744000146816859,,nao,nova
smartrecruiters,rodeofx,Freelance Senior FX Artist,"Télétravail / Remote, xx",https://jobs.smartrecruiters.com/rodeofx/744000147031343,744000147031343,,nao,nova
smartrecruiters,rodeofx,Freelancing opportunities - Push your creativity with us!,"Worldwide, QC, xx",https://jobs.smartrecruiters.com/rodeofx/744000137943229,744000137943229,,nao,nova
smartrecruiters,rodeofx,Layout Artist,"Montreal, QC, ca",https://jobs.smartrecruiters.com/rodeofx/744000147270279,744000147270279,,nao,nova
smartrecruiters,rodeofx,Lighting Artist - Temporary Contract,"Montreal, QC, ca",https://jobs.smartrecruiters.com/rodeofx/744000147251479,744000147251479,,nao,nova
smartrecruiters,rodeofx,Nuke Compositor / Motion Designer - Advertising,"Los Angeles, CA, us",https://jobs.smartrecruiters.com/rodeofx/744000144606399,744000144606399,,nao,nova
smartrecruiters,rodeofx,Opportunités pigiste - Stimulez votre créativité avec nous !,"Monde entier, QC, xx",https://jobs.smartrecruiters.com/rodeofx/744000137943589,744000137943589,,nao,nova
smartrecruiters,rodeofx,Parlez-nous de vous!,"Montréal, Québec, Toronto, Paris, Los Angeles, Bangalore, xx",https://jobs.smartrecruiters.com/rodeofx/744000137938290,744000137938290,,nao,nova
smartrecruiters,rodeofx,Parlez-nous de vous!,"Montréal, Paris, Inde, xx",https://jobs.smartrecruiters.com/rodeofx/744000137936829,744000137936829,,nao,nova
smartrecruiters,rodeofx,Post-Production Coordinator - Expression of interest,"Los Angeles, CA, us",https://jobs.smartrecruiters.com/rodeofx/744000143396449,744000143396449,,nao,nova
smartrecruiters,rodeofx,Post-Production Producer - Expression of interest,"Los Angeles, CA, us",https://jobs.smartrecruiters.com/rodeofx/744000143395687,744000143395687,,nao,nova
smartrecruiters,rodeofx,Senior Animation Artist - Expression of interest,"Montreal, QC, ca",https://jobs.smartrecruiters.com/rodeofx/744000145575430,744000145575430,,nao,nova
smartrecruiters,rodeofx,Superviseur.e éclairagiste - PARIS,"Paris, IDF, fr",https://jobs.smartrecruiters.com/rodeofx/744000128242954,744000128242954,,nao,nova
smartrecruiters,rodeofx,Tell us about yourself!,"Montreal, Quebec, Toronto, Paris, Los Angeles, Bangalore, xx",https://jobs.smartrecruiters.com/rodeofx/744000137938559,744000137938559,,nao,nova
smartrecruiters,rodeofx,Tell us about yourself!,"Montréal, Paris, Inde, xx",https://jobs.smartrecruiters.com/rodeofx/744000137935481,744000137935481,,nao,nova
smartrecruiters,ryseupstudios,VFX artist,"Lyon, Auvergne-Rhône-Alpes, fr",https://jobs.smartrecruiters.com/ryseupstudios/743999710587649,743999710587649,,nao,nova
smartrecruiters,techlandsa,Business Development Director,"Warszawa, Województwo mazowieckie, pl",https://jobs.smartrecruiters.com/techlandsa/744000145256429,744000145256429,,nao,nova
smartrecruiters,techlandsa,Business Development Director,"Wrocław, Województwo dolnośląskie, pl",https://jobs.smartrecruiters.com/techlandsa/744000145254753,744000145254753,,nao,nova
smartrecruiters,techlandsa,Junior Level Designer,"Wrocław, Województwo dolnośląskie, pl",https://jobs.smartrecruiters.com/techlandsa/744000127161843,744000127161843,,nao,nova
smartrecruiters,techlandsa,Junior Technology Programmer (DevX),"Wrocław, Województwo dolnośląskie, pl",https://jobs.smartrecruiters.com/techlandsa/744000146008899,744000146008899,,nao,nova
smartrecruiters,techlandsa,Lead Online Game Designer,"Wrocław, Województwo dolnośląskie, pl",https://jobs.smartrecruiters.com/techlandsa/744000145233634,744000145233634,,nao,nova
smartrecruiters,techlandsa,Lead Online Game Designer,"Warszawa, Województwo mazowieckie, pl",https://jobs.smartrecruiters.com/techlandsa/744000099121927,744000099121927,,nao,nova
smartrecruiters,techlandsa,Level Artist,"Wrocław, Województwo dolnośląskie, pl",https://jobs.smartrecruiters.com/techlandsa/744000141658050,744000141658050,,nao,nova
smartrecruiters,techlandsa,Level Artist,"Warszawa, Województwo mazowieckie, pl",https://jobs.smartrecruiters.com/techlandsa/744000141657690,744000141657690,,nao,nova
smartrecruiters,techlandsa,Level Designer,"Wrocław, Województwo dolnośląskie, pl",https://jobs.smartrecruiters.com/techlandsa/744000136453239,744000136453239,,nao,nova
smartrecruiters,techlandsa,Level Designer,"Warszawa, Województwo mazowieckie, pl",https://jobs.smartrecruiters.com/techlandsa/744000136452404,744000136452404,,nao,nova
smartrecruiters,techlandsa,Lighting Artist,"Wrocław, Województwo dolnośląskie, pl",https://jobs.smartrecruiters.com/techlandsa/744000141887842,744000141887842,,nao,nova
smartrecruiters,techlandsa,Lighting Artist,"Warszawa, Województwo mazowieckie, pl",https://jobs.smartrecruiters.com/techlandsa/744000141885356,744000141885356,,nao,nova
smartrecruiters,techlandsa,Marketing Director,"Warszawa, Województwo mazowieckie, pl",https://jobs.smartrecruiters.com/techlandsa/744000130776046,744000130776046,,nao,nova
smartrecruiters,techlandsa,Marketing Director,"Wrocław, Województwo dolnośląskie, pl",https://jobs.smartrecruiters.com/techlandsa/744000130779228,744000130779228,,nao,nova
smartrecruiters,techlandsa,Quest Designer,"Warszawa, Województwo mazowieckie, pl",https://jobs.smartrecruiters.com/techlandsa/744000147198995,744000147198995,,nao,nova
smartrecruiters,techlandsa,Quest Designer,"Wrocław, Województwo dolnośląskie, pl",https://jobs.smartrecruiters.com/techlandsa/744000147197435,744000147197435,,nao,nova
smartrecruiters,techlandsa,Senior Game Programmer,"Wrocław, Województwo dolnośląskie, pl",https://jobs.smartrecruiters.com/techlandsa/744000146004819,744000146004819,,nao,nova
smartrecruiters,techlandsa,Senior Game Programmer,"Warszawa, Województwo mazowieckie, pl",https://jobs.smartrecruiters.com/techlandsa/744000144519439,744000144519439,,nao,nova
smartrecruiters,techlandsa,Senior UI Programmer,"Wrocław, Województwo dolnośląskie, pl",https://jobs.smartrecruiters.com/techlandsa/744000145937051,744000145937051,,nao,nova
smartrecruiters,techlandsa,Senior UI Programmer,"Warszawa, Województwo mazowieckie, pl",https://jobs.smartrecruiters.com/techlandsa/744000093405465,744000093405465,,nao,nova
smartrecruiters,techlandsa,UI/UX Lead,"Warszawa, Województwo mazowieckie, pl",https://jobs.smartrecruiters.com/techlandsa/744000098386545,744000098386545,,nao,nova
smartrecruiters,techlandsa,UI/UX Lead,"Wrocław, Województwo dolnośląskie, pl",https://jobs.smartrecruiters.com/techlandsa/744000098386126,744000098386126,,nao,nova
smartrecruiters,techlandsa,UX/UI Designer,"Wrocław, Województwo dolnośląskie, pl",https://jobs.smartrecruiters.com/techlandsa/744000128461789,744000128461789,,nao,nova
smartrecruiters,techlandsa,UX/UI Designer,"Warszawa, Mazowieckie, pl",https://jobs.smartrecruiters.com/techlandsa/744000128461531,744000128461531,,nao,nova
smartrecruiters,techlandsa,Writer,"Warszawa, Województwo mazowieckie, pl",https://jobs.smartrecruiters.com/techlandsa/744000124860880,744000124860880,,nao,nova
smartrecruiters,techlandsa,Writer,"Wrocław, Województwo dolnośląskie, pl",https://jobs.smartrecruiters.com/techlandsa/744000124863471,744000124863471,,nao,nova
smartrecruiters,techlandsa,Writer (native Polish),"Wrocław, Województwo dolnośląskie, pl",https://jobs.smartrecruiters.com/techlandsa/744000139323929,744000139323929,,nao,nova
smartrecruiters,techlandsa,Writer (native Polish),"Warszawa, Województwo mazowieckie, pl",https://jobs.smartrecruiters.com/techlandsa/744000139323829,744000139323829,,nao,nova
smartrecruiters,ubisoft2,.Net Full-Stack Developer,"Bucharest, Bucharest, ro",https://jobs.smartrecruiters.com/ubisoft2/744000142864758,744000142864758,,nao,nova
smartrecruiters,ubisoft2,AI Programmer (Far Cry),"Montreal, QC, ca",https://jobs.smartrecruiters.com/ubisoft2/744000145299462,744000145299462,,nao,nova
smartrecruiters,ubisoft2,Accessibility Design Specialist,"Montreal, QC, ca",https://jobs.smartrecruiters.com/ubisoft2/744000144787880,744000144787880,,nao,nova
smartrecruiters,ubisoft2,Accountant Trainee,"Barcelona, CT, es",https://jobs.smartrecruiters.com/ubisoft2/744000146134782,744000146134782,,nao,nova
smartrecruiters,ubisoft2,Acheteur.euse,"Montreal, QC, ca",https://jobs.smartrecruiters.com/ubisoft2/744000147341519,744000147341519,,nao,nova
smartrecruiters,ubisoft2,Acheteur.se IT Senior - Spécialisé Achats Cloud,"Paris, IDF, fr",https://jobs.smartrecruiters.com/ubisoft2/744000146951729,744000146951729,,nao,nova
smartrecruiters,ubisoft2,Administrateur·trice DevOps Linux,"Paris, IDF, fr",https://jobs.smartrecruiters.com/ubisoft2/744000143280119,744000143280119,,nao,nova
smartrecruiters,ubisoft2,"Analyste de Données Senior, Marketing Analytics","Montreal, QC, ca",https://jobs.smartrecruiters.com/ubisoft2/744000145299649,744000145299649,,nao,nova
smartrecruiters,ubisoft2,Artiste d'interface utilisateur·trice - Rainbow Six Siege,"Montreal, QC, ca",https://jobs.smartrecruiters.com/ubisoft2/744000146782401,744000146782401,,nao,nova
smartrecruiters,ubisoft2,Artiste de niveaux senior,"Montreal, QC, ca",https://jobs.smartrecruiters.com/ubisoft2/744000145283595,744000145283595,,nao,nova
smartrecruiters,ubisoft2,Artiste de personnages sénior·e (Rainbow Six Siege),"Montreal, QC, ca",https://jobs.smartrecruiters.com/ubisoft2/744000145285849,744000145285849,,nao,nova
smartrecruiters,ubisoft2,Artiste technique IU (March of Giants),"Montreal, QC, ca",https://jobs.smartrecruiters.com/ubisoft2/744000145288559,744000145288559,,nao,nova
smartrecruiters,ubisoft2,Assistant(e) Chef(fe) de Projet Communication & Evènementiel - Stage 6 mois - (F/H/NB),"Annecy, Auvergne-Rhône-Alpes, fr",https://jobs.smartrecruiters.com/ubisoft2/744000147273141,744000147273141,,nao,nova
smartrecruiters,ubisoft2,Associate Monetization Director,"Montreal, QC, ca",https://jobs.smartrecruiters.com/ubisoft2/744000145552407,744000145552407,,nao,nova
smartrecruiters,ubisoft2,Associate Quality Control Lead,"Chengdu, Sichuan, cn",https://jobs.smartrecruiters.com/ubisoft2/744000143266509,744000143266509,,nao,nova
smartrecruiters,ubisoft2,Associate Technical Director - Design,"Montreal, QC, ca",https://jobs.smartrecruiters.com/ubisoft2/744000145306029,744000145306029,,nao,nova
smartrecruiters,ubisoft2,C++ Game Developer,"Kyiv, Kyiv city, ua",https://jobs.smartrecruiters.com/ubisoft2/744000143805578,744000143805578,,nao,nova
smartrecruiters,ubisoft2,Chef.fe Technique - Programmeur.meuse IU (Far Cry),"Montreal, QC, ca",https://jobs.smartrecruiters.com/ubisoft2/744000143316026,744000143316026,,nao,nova
smartrecruiters,ubisoft2,Chef.fe technique senior du développement - Rainbow Six Siege,"Montreal, QC, ca",https://jobs.smartrecruiters.com/ubisoft2/744000142874069,744000142874069,,nao,nova
smartrecruiters,ubisoft2,"Cheffe, Chef d'équipe Informatique Procedural Team (Anvil)","Montreal, QC, ca",https://jobs.smartrecruiters.com/ubisoft2/744000144400149,744000144400149,,nao,nova
smartrecruiters,ubisoft2,"Chef·fe d’équipe informatique, Systèmes de comportements IA","Montreal, QC, ca",https://jobs.smartrecruiters.com/ubisoft2/744000145536361,744000145536361,,nao,nova
smartrecruiters,ubisoft2,Chef·fe d’équipe sécurité - résilience organisationnelle,"Montreal, QC, ca",https://jobs.smartrecruiters.com/ubisoft2/744000145265069,744000145265069,,nao,nova
smartrecruiters,ubisoft2,Cloud Security Specialist – Detection Engineering,"Saint-Mandé, IDF, fr",https://jobs.smartrecruiters.com/ubisoft2/744000145918119,744000145918119,,nao,nova
smartrecruiters,ubisoft2,Community Developer - Unannounced Projects (F/H/NB),"Annecy, Auvergne-Rhône-Alpes, fr",https://jobs.smartrecruiters.com/ubisoft2/744000147889394,744000147889394,,nao,nova
smartrecruiters,ubisoft2,Concepteur·trice technique de jeu - Rainbow Six Mobile,"Montreal, QC, ca",https://jobs.smartrecruiters.com/ubisoft2/744000142882249,744000142882249,,nao,nova
smartrecruiters,ubisoft2,Concepteur·trice vocal·e - Far Cry,"Montreal, QC, ca",https://jobs.smartrecruiters.com/ubisoft2/744000145300981,744000145300981,,nao,nova
smartrecruiters,ubisoft2,Consolideur.se (H/F/NB) - Poste basé à Carentoir (Bretagne),"Carentoir, Brittany, fr",https://jobs.smartrecruiters.com/ubisoft2/744000145699390,744000145699390,,nao,nova
smartrecruiters,ubisoft2,Data Director- Ketchapp,"Saint-Mandé, IDF, fr",https://jobs.smartrecruiters.com/ubisoft2/744000144730115,744000144730115,,nao,nova
smartrecruiters,ubisoft2,Data Engineer [The Division 2],"Bucharest, Bucharest, ro",https://jobs.smartrecruiters.com/ubisoft2/744000143504187,744000143504187,,nao,nova
smartrecruiters,ubisoft2,Designer UX senior,"Montreal, QC, ca",https://jobs.smartrecruiters.com/ubisoft2/744000143357559,744000143357559,,nao,nova
smartrecruiters,ubisoft2,DevOps Linux Administrator,"Paris, IDF, fr",https://jobs.smartrecruiters.com/ubisoft2/744000143279033,744000143279033,,nao,nova
smartrecruiters,ubisoft2,Directeur·trice Adjoint·e Monétisation,"Montreal, QC, ca",https://jobs.smartrecruiters.com/ubisoft2/744000145550871,744000145550871,,nao,nova
smartrecruiters,ubisoft2,Directeur·trice de production - Services,"Montreal, QC, ca",https://jobs.smartrecruiters.com/ubisoft2/744000147238397,744000147238397,,nao,nova
smartrecruiters,ubisoft2,Directeur·trice monétisation,"Montreal, QC, ca",https://jobs.smartrecruiters.com/ubisoft2/744000143526285,744000143526285,,nao,nova
smartrecruiters,ubisoft2,Directeur·trice technique associé·e - Design,"Montreal, QC, ca",https://jobs.smartrecruiters.com/ubisoft2/744000145305649,744000145305649,,nao,nova
smartrecruiters,ubisoft2,Développeur.euse de Communauté Senior (Projets non annoncés),"Montreal, QC, ca",https://jobs.smartrecruiters.com/ubisoft2/744000145800584,744000145800584,,nao,nova
smartrecruiters,ubisoft2,Engine Programmer - Ubisoft Paris - H/F/NB,"Montreuil, IDF, fr",https://jobs.smartrecruiters.com/ubisoft2/744000145929979,744000145929979,,nao,nova
smartrecruiters,ubisoft2,Engine programmer - (March of Giants),"Montreal, QC, ca",https://jobs.smartrecruiters.com/ubisoft2/744000145307900,744000145307900,,nao,nova
smartrecruiters,ubisoft2,Event Scripter,"Toronto, ON, ca",https://jobs.smartrecruiters.com/ubisoft2/744000144772479,744000144772479,,nao,nova
smartrecruiters,ubisoft2,Executive Assistant (F/H/NB),"Paris, IDF, fr",https://jobs.smartrecruiters.com/ubisoft2/744000147037200,744000147037200,,nao,nova
smartrecruiters,ubisoft2,Executive Assistant - M/W/NB,"Paris, IDF, fr",https://jobs.smartrecruiters.com/ubisoft2/744000145531389,744000145531389,,nao,nova
smartrecruiters,ubisoft2,Generalist Programmer - Far Cry,"Montreal, QC, ca",https://jobs.smartrecruiters.com/ubisoft2/744000145306940,744000145306940,,nao,nova
smartrecruiters,ubisoft2,"Group Manager, Creative Production","Paris, IDF, fr",https://jobs.smartrecruiters.com/ubisoft2/744000146978161,744000146978161,,nao,nova
smartrecruiters,ubisoft2,Growth Marketing Manager (F/M/NB),"Paris, IDF, fr",https://jobs.smartrecruiters.com/ubisoft2/744000146502599,744000146502599,,nao,nova
smartrecruiters,ubisoft2,HR Business Partner - Hybride VFX,"Montreal, QC, ca",https://jobs.smartrecruiters.com/ubisoft2/744000146473011,744000146473011,,nao,nova
smartrecruiters,ubisoft2,HR Data Analyst (F/H/NB),"Saint-Mandé, IDF, fr",https://jobs.smartrecruiters.com/ubisoft2/744000144407210,744000144407210,,nao,nova
smartrecruiters,ubisoft2,IT Contract Project Manager,"Bucharest, Bucharest, ro",https://jobs.smartrecruiters.com/ubisoft2/744000146468822,744000146468822,,nao,nova
smartrecruiters,ubisoft2,Internship 6 months - Technical Designer (F/M/NB) [AAA Project],"Annecy, Auvergne-Rhône-Alpes, fr",https://jobs.smartrecruiters.com/ubisoft2/744000147274629,744000147274629,,nao,nova
smartrecruiters,ubisoft2,Junior Legal Counsel - 6-month Fixed-Term Contract,"Paris, IDF, fr",https://jobs.smartrecruiters.com/ubisoft2/744000143539204,744000143539204,,nao,nova
smartrecruiters,ubisoft2,Juriste Droit Boursier (F/H/NB),"Paris, IDF, fr",https://jobs.smartrecruiters.com/ubisoft2/744000146697239,744000146697239,,nao,nova
smartrecruiters,ubisoft2,Juriste Droit Boursier (F/H/NB),"Rennes, Brittany, fr",https://jobs.smartrecruiters.com/ubisoft2/744000146696042,744000146696042,,nao,nova
smartrecruiters,ubisoft2,Lead Level Designer - BGE2 - (H/F/NB),"Montpellier, Occitanie, fr",https://jobs.smartrecruiters.com/ubisoft2/744000146452777,744000146452777,,nao,nova
smartrecruiters,ubisoft2,Lead Level Designer - BGE2 - (M/F/NB),"Montpellier, Occitanie, fr",https://jobs.smartrecruiters.com/ubisoft2/744000146459475,744000146459475,,nao,nova
smartrecruiters,ubisoft2,Legal Counsel - Publishing & Partnerships,"Paris, IDF, fr",https://jobs.smartrecruiters.com/ubisoft2/744000143537377,744000143537377,,nao,nova
smartrecruiters,ubisoft2,Level Artist (Unreal),"Montreal, QC, ca",https://jobs.smartrecruiters.com/ubisoft2/744000145286834,744000145286834,,nao,nova
smartrecruiters,ubisoft2,Linux Systems Administrator,"Bucharest, Bucharest, ro",https://jobs.smartrecruiters.com/ubisoft2/744000144570418,744000144570418,,nao,nova
smartrecruiters,ubisoft2,Monetization Director,"Montreal, QC, ca",https://jobs.smartrecruiters.com/ubisoft2/744000143527834,744000143527834,,nao,nova
smartrecruiters,ubisoft2,"Online Programmer, Far Cry","Montreal, QC, ca",https://jobs.smartrecruiters.com/ubisoft2/744000142894565,744000142894565,,nao,nova
smartrecruiters,ubisoft2,Partenaire d'affaires RH - Hybride VFX,"Montreal, QC, ca",https://jobs.smartrecruiters.com/ubisoft2/744000146469822,744000146469822,,nao,nova
smartrecruiters,ubisoft2,"Product Manager, HR Data Platform (F/H/NB)","Saint-Mandé, IDF, fr",https://jobs.smartrecruiters.com/ubisoft2/744000143794578,744000143794578,,nao,nova
smartrecruiters,ubisoft2,Production Director - Services,"Montreal, QC, ca",https://jobs.smartrecruiters.com/ubisoft2/744000145305290,744000145305290,,nao,nova
smartrecruiters,ubisoft2,Programmeur Outils (Anvil Pipeline),"Quebec City, QC, ca",https://jobs.smartrecruiters.com/ubisoft2/744000142936741,744000142936741,,nao,nova
smartrecruiters,ubisoft2,Programmeur Outils (Anvil Pipeline),"Montreal, QC, ca",https://jobs.smartrecruiters.com/ubisoft2/744000142760658,744000142760658,,nao,nova
smartrecruiters,ubisoft2,Programmeur.euse IA - (Far Cry),"Montreal, QC, ca",https://jobs.smartrecruiters.com/ubisoft2/744000145300189,744000145300189,,nao,nova
smartrecruiters,ubisoft2,Programmeur.euse IU - (March of Giants),"Montreal, QC, ca",https://jobs.smartrecruiters.com/ubisoft2/744000145315694,744000145315694,,nao,nova
smartrecruiters,ubisoft2,Programmeur.se Online - (Online services - Foundations services),"Sherbrooke, QC, ca",https://jobs.smartrecruiters.com/ubisoft2/744000146757104,744000146757104,,nao,nova
smartrecruiters,ubisoft2,Programmeur·euse en ligne (Far Cry),"Montreal, QC, ca",https://jobs.smartrecruiters.com/ubisoft2/744000142893164,744000142893164,,nao,nova
smartrecruiters,ubisoft2,"Programmeuse, Programmeur Généraliste - Far Cry","Montreal, QC, ca",https://jobs.smartrecruiters.com/ubisoft2/744000145307389,744000145307389,,nao,nova
smartrecruiters,ubisoft2,Programming Team Lead (Lead AI Behavior Systems),"Montreal, QC, ca",https://jobs.smartrecruiters.com/ubisoft2/744000145539759,744000145539759,,nao,nova
smartrecruiters,ubisoft2,Programming Team Lead — Procedural Systems (Anvil),"Montreal, QC, ca",https://jobs.smartrecruiters.com/ubisoft2/744000144403064,744000144403064,,nao,nova
smartrecruiters,ubisoft2,QA Analyst (F/M/NB) [AAA Project],"Annecy, Auvergne-Rhône-Alpes, fr",https://jobs.smartrecruiters.com/ubisoft2/744000147559869,744000147559869,,nao,nova
smartrecruiters,ubisoft2,R&D Engineer,"Pune, MH, in",https://jobs.smartrecruiters.com/ubisoft2/744000145416029,744000145416029,,nao,nova
smartrecruiters,ubisoft2,R&D Engineer (C++),"Pune, MH, in",https://jobs.smartrecruiters.com/ubisoft2/744000146448279,744000146448279,,nao,nova
smartrecruiters,ubisoft2,Security Team Lead - Organizational Resilience,"Montreal, QC, ca",https://jobs.smartrecruiters.com/ubisoft2/744000145264954,744000145264954,,nao,nova
smartrecruiters,ubisoft2,Senior Devops - F/H/NB,"Paris, IDF, fr",https://jobs.smartrecruiters.com/ubisoft2/744000143129060,744000143129060,,nao,nova
smartrecruiters,ubisoft2,Senior Gameplay Programmer [Unannounced Project],"Stockholm, Stockholm County, se",https://jobs.smartrecruiters.com/ubisoft2/744000145464298,744000145464298,,nao,nova
smartrecruiters,ubisoft2,Senior Legal Counsel - Music,"Paris, IDF, fr",https://jobs.smartrecruiters.com/ubisoft2/744000143538809,744000143538809,,nao,nova
smartrecruiters,ubisoft2,Senior Level Artist,"Montreal, QC, ca",https://jobs.smartrecruiters.com/ubisoft2/744000145286684,744000145286684,,nao,nova
smartrecruiters,ubisoft2,Senior Network Programmer,"Chengdu, Sichuan, cn",https://jobs.smartrecruiters.com/ubisoft2/744000147409729,744000147409729,,nao,nova
smartrecruiters,ubisoft2,"Senior Product Manager, R6 eSports","Paris, IDF, fr",https://jobs.smartrecruiters.com/ubisoft2/744000143841630,744000143841630,,nao,nova
smartrecruiters,ubisoft2,Senior Technical lead - Network Programming - Rainbow Six Siege,"Montreal, QC, ca",https://jobs.smartrecruiters.com/ubisoft2/744000142870100,744000142870100,,nao,nova
smartrecruiters,ubisoft2,Senior UI Technical Artist [Tom Clancy's The Division 2: Survivors],"Malmö, Skåne County, se",https://jobs.smartrecruiters.com/ubisoft2/744000147277289,744000147277289,,nao,nova
smartrecruiters,ubisoft2,Senior UX Designer,"Montreal, QC, ca",https://jobs.smartrecruiters.com/ubisoft2/744000143357849,744000143357849,,nao,nova
smartrecruiters,ubisoft2,Senior Weapon Concept Artist,"Chengdu, Sichuan, cn",https://jobs.smartrecruiters.com/ubisoft2/744000145073038,744000145073038,,nao,nova
smartrecruiters,ubisoft2,Spécialiste de la conception en accessibilité,"Montreal, QC, ca",https://jobs.smartrecruiters.com/ubisoft2/744000144789439,744000144789439,,nao,nova
smartrecruiters,ubisoft2,Sr. Community Developer (Unannounced Projects),"Montreal, QC, ca",https://jobs.smartrecruiters.com/ubisoft2/744000145802219,744000145802219,,nao,nova
smartrecruiters,ubisoft2,"Sr. Data Analyst, Marketing Analytics","Montreal, QC, ca",https://jobs.smartrecruiters.com/ubisoft2/744000145299369,744000145299369,,nao,nova
smartrecruiters,ubisoft2,Team Lead (F/M/NB),"Bordeaux, Nouvelle-Aquitaine, fr",https://jobs.smartrecruiters.com/ubisoft2/744000146483219,744000146483219,,nao,nova
smartrecruiters,ubisoft2,Technical Architect,"Pune, MH, in",https://jobs.smartrecruiters.com/ubisoft2/744000144520883,744000144520883,,nao,nova
smartrecruiters,ubisoft2,Technical Game Designer - Rainbow Six Mobile,"Montreal, QC, ca",https://jobs.smartrecruiters.com/ubisoft2/744000143105029,744000143105029,,nao,nova
smartrecruiters,ubisoft2,Technical Lead - UI Programmer (Far Cry),"Montreal, QC, ca",https://jobs.smartrecruiters.com/ubisoft2/744000143317439,744000143317439,,nao,nova
smartrecruiters,ubisoft2,Tools programmer (Anvil Pipeline),"Quebec City, QC, ca",https://jobs.smartrecruiters.com/ubisoft2/744000142968619,744000142968619,,nao,nova
smartrecruiters,ubisoft2,UI Programmer - (March of Giants),"Montreal, QC, ca",https://jobs.smartrecruiters.com/ubisoft2/744000145316739,744000145316739,,nao,nova
smartrecruiters,ubisoft2,UI Technical Artist (March of Giants),"Montreal, QC, ca",https://jobs.smartrecruiters.com/ubisoft2/744000145284701,744000145284701,,nao,nova
smartrecruiters,ubisoft2,User Interface Artist - Rainbow Six Siege,"Montreal, QC, ca",https://jobs.smartrecruiters.com/ubisoft2/744000146785339,744000146785339,,nao,nova
smartrecruiters,ubisoft2,VFX Artist (Splinter Cell Remake),"Toronto, ON, ca",https://jobs.smartrecruiters.com/ubisoft2/744000145799549,744000145799549,,nao,nova
smartrecruiters,ubisoft2,Voice Designer - Far Cry,"Montreal, QC, ca",https://jobs.smartrecruiters.com/ubisoft2/744000145303179,744000145303179,,nao,nova
smartrecruiters,ubisoft2,Workplace Specialist,"Newcastle upon Tyne, England, gb",https://jobs.smartrecruiters.com/ubisoft2/744000146151279,744000146151279,,nao,nova
teamtailor,ankama,Artiste 3D (F/H),,https://ankama.teamtailor.com/jobs/8131050-artiste-3d-f-h,9591dd3d-bf27-4a96-a540-292bc1bec971,,nao,nova
teamtailor,ankama,Chargé Relation Client (F/H),,https://ankama.teamtailor.com/jobs/7423292-charge-relation-client-f-h,c637a428-d5e8-4f42-aab1-fd8ae64e4dc2,,nao,nova
teamtailor,ankama,Directeur Artistique (F/H),,https://ankama.teamtailor.com/jobs/8130323-directeur-artistique-f-h,cf4fc091-38d4-4817-b07b-7efd9d378485,,nao,nova
teamtailor,ankama,Développeur Jeux vidéo Confirmé,,https://ankama.teamtailor.com/jobs/8106022-developpeur-jeux-video-confirme,0a895be4-db99-4d36-aff1-1024651e82fc,,nao,nova
teamtailor,ankama,Développeur.se Full Stack,,https://ankama.teamtailor.com/jobs/7606934-developpeur-se-full-stack,785c92d8-f0c3-4c99-8bbe-f58d1da8a698,,nao,nova
teamtailor,ankama,Développeur.se Unity (F/H),,https://ankama.teamtailor.com/jobs/6306342-developpeur-se-unity-f-h,47cfc583-e666-4508-9e0b-0a1873e3321b,,nao,nova
teamtailor,ankama,Développeur.se web back-end (H/F),,https://ankama.teamtailor.com/jobs/4679803-developpeur-se-web-back-end-h-f,c7c71f45-7f3e-443f-bd0a-caba0d86d448,,nao,nova
teamtailor,ankama,Lead Animateur.trice 2D,,https://ankama.teamtailor.com/jobs/7446962-lead-animateur-trice-2d,d2aad7a6-2547-454d-be72-99432505663f,,nao,nova
teamtailor,ankama,Responsable Communication et Communautés (F/H),,https://ankama.teamtailor.com/jobs/8107773-responsable-communication-et-communautes-f-h,07223075-ff97-4407-a47d-871c44c85a8a,,nao,nova
teamtailor,ankama,Responsable Marketing (F/H),,https://ankama.teamtailor.com/jobs/8107625-responsable-marketing-f-h,1d69c865-2c62-4bdf-9c39-43a58d1f6834,,nao,nova
teamtailor,ankama,Responsable Paid Media & Acquisition (F/H),,https://ankama.teamtailor.com/jobs/8107639-responsable-paid-media-acquisition-f-h,a64511c2-7fae-44fb-9d75-1d1782c298d3,,nao,nova
teamtailor,ankama,Responsable Production (F/H) - Studio Créatif,,https://ankama.teamtailor.com/jobs/8107677-responsable-production-f-h-studio-creatif,44e8d644-d487-421e-9451-6bbfb1f0b34d,,nao,nova
teamtailor,ankama,Stage - Assistant.e de communication,,https://ankama.teamtailor.com/jobs/8187219-stage-assistant-e-de-communication,b8989041-c9a4-4839-8828-a65927260694,,nao,nova
teamtailor,axolotgamesab,Open Internship Application,,https://axolotgamesab.teamtailor.com/jobs/3583215-open-internship-application,ee92c604-95a5-4020-b7fc-88cafa98d0ff,,nao,nova
teamtailor,beffio,3D Artist (Mid-Senior),,https://beffio.teamtailor.com/jobs/1471127-3d-artist-mid-senior,d8b13d6e-caff-42c8-839e-26812a99ecd3,,nao,nova
teamtailor,beffio,"3D Technical Artist – Unity3D (Mid/Senior, Remote/Permanent)",,https://beffio.teamtailor.com/jobs/5796122-3d-technical-artist-unity3d-mid-senior-remote-permanent,53d9ac04-1bab-4d99-a958-95fbfb203bb0,,nao,nova
teamtailor,beffio,Concept Artist (Mid/Senior) – Remote,,https://beffio.teamtailor.com/jobs/5784572-concept-artist-mid-senior-remote,1c2d54ab-18f3-457c-9966-94a61015eeae,,nao,nova
teamtailor,beffio,Creative Technologist / Unity Developer Tech / Real-Time · Europe · Remote ·,,https://beffio.teamtailor.com/jobs/7525601-creative-technologist-unity-developer-tech-real-time-europe-remote,53f7f87a-b7e8-43fe-a674-549ab4e8eb96,,nao,nova
teamtailor,beffio,"IT Systems & Endpoint Operations Specialist (Intune/Entra) / Poznań, Poland",,https://beffio.teamtailor.com/jobs/6878933-it-systems-endpoint-operations-specialist-intune-entra-poznan-poland,84ad4ca4-94ac-4ac7-8dfe-1092c7d8d014,,nao,nova
teamtailor,beffio,Lead 3D Artist / Environment / World Building / Unity3D (Remote/Permanent),,https://beffio.teamtailor.com/jobs/6653367-lead-3d-artist-environment-world-building-unity3d-remote-permanent,e510c408-ae95-4d3c-b37c-d7acce0e57c9,,nao,nova
teamtailor,beffio,Lead Animator (Stylized Games | Unity3D),,https://beffio.teamtailor.com/jobs/7525628-lead-animator-stylized-games-unity3d,127fca40-2083-4d69-8305-6e5cdc54d1b9,,nao,nova
teamtailor,beffio,Lead Technical Artist / Unity3D (Remote/Permanent),,https://beffio.teamtailor.com/jobs/6653353-lead-technical-artist-unity3d-remote-permanent,b97c48cd-a1f3-40f2-9c0b-039c1f71dbbd,,nao,nova
teamtailor,beffio,Pixel Artist (2D / 3D Stylized Games | Unity3D) / Europe,,https://beffio.teamtailor.com/jobs/7643359-pixel-artist-2d-3d-stylized-games-unity3d-europe,25398d70-38a0-45c3-9f35-a225003632ce,,nao,nova
teamtailor,beffio,Real-Time VFX Artist - Unreal Engine (Freelance - Mid/Senior),,https://beffio.teamtailor.com/jobs/2004058-real-time-vfx-artist-unreal-engine-freelance-mid-senior,7825a490-ca36-4654-a4f2-8424d2a1d307,,nao,nova
teamtailor,beffio,Senior / Director VFX Artist (Stylized Games | Unity3D) / Europe,,https://beffio.teamtailor.com/jobs/7574666-senior-director-vfx-artist-stylized-games-unity3d-europe,bc56faf2-f3cd-42f4-a56a-a96e5a028883,,nao,nova
teamtailor,beffio,Senior Animator (Remote/Permanent) [European Union],,https://beffio.teamtailor.com/jobs/7066627-senior-animator-remote-permanent-european-union,00a00ffe-cbe9-45f7-8450-5431c65b5b08,,nao,nova
teamtailor,beffio,Senior Character Concept Artist (Remote/Permanent) [European Union],,https://beffio.teamtailor.com/jobs/6984394-senior-character-concept-artist-remote-permanent-european-union,7b9c9cee-813b-4ed3-9e79-6ddbf4dd31ec,,nao,nova
teamtailor,beffio,Senior Environment Concept Artist (Remote/Permanent) [European Union],,https://beffio.teamtailor.com/jobs/6984402-senior-environment-concept-artist-remote-permanent-european-union,0cb7510a-4d61-4570-a7b8-d453c5f6821b,,nao,nova
teamtailor,beffio,Senior Procedural & Tools Engineer - Unity / Europe,,https://beffio.teamtailor.com/jobs/7645258-senior-procedural-tools-engineer-unity-europe,f98018b6-9e95-44e1-8950-7aa6a98a0c12,,nao,nova
teamtailor,beffio,Senior Producer (Remote/Permanent),,https://beffio.teamtailor.com/jobs/6217951-senior-producer-remote-permanent,24f1e221-7080-4a23-ad2f-388d2d0c212e,,nao,nova
teamtailor,beffio,Senior Technical Animator (Rigging & Unity3D Character Systems),,https://beffio.teamtailor.com/jobs/7148147-senior-technical-animator-rigging-unity3d-character-systems,9f19b5a2-9ef6-4721-9cc2-2a3c047c12a3,,nao,nova
teamtailor,beffio,Senior Technical Lighting Artist - Unreal Engine,,https://beffio.teamtailor.com/jobs/7643567-senior-technical-lighting-artist-unreal-engine,13e936cb-505c-4a2e-b6be-65f8fc36dbc3,,nao,nova
teamtailor,blackkitestudios,CG Lead,,https://blackkitestudios.teamtailor.com/jobs/7335026-cg-lead,61a25a0c-d860-4d51-af89-ff8aef99bb31,,nao,nova
teamtailor,blackkitestudios,FX Artist,,https://blackkitestudios.teamtailor.com/jobs/7214148-fx-artist,ee6d3521-dd7a-4e78-b032-24416c2fc8db,,nao,nova
teamtailor,blackkitestudios,Freelance DMP / Concept Artists - Expression of Interest,,https://blackkitestudios.teamtailor.com/jobs/8330454-freelance-dmp-concept-artists-expression-of-interest,d530de96-d14e-4ae6-8d9b-02cb75894a41,,nao,nova
teamtailor,blackkitestudios,Freelance Senior Flame and Nuke (Fluke) Artist,,https://blackkitestudios.teamtailor.com/jobs/8314846-freelance-senior-flame-and-nuke-fluke-artist,b965b897-bd1e-49b0-89aa-6c4566baaca6,,nao,nova
teamtailor,blackkitestudios,Nuke Compositor - Mid Level,,https://blackkitestudios.teamtailor.com/jobs/7363857-nuke-compositor-mid-level,c8a15d85-587c-4bd7-9c08-2a14b2bd1049,,nao,nova
teamtailor,blackkitestudios,VFX Producer,,https://blackkitestudios.teamtailor.com/jobs/7363816-vfx-producer,c2a1c87a-7af6-4f65-8bdb-3b0b9caaa489,,nao,nova
teamtailor,bulkheadinteractive,EXECUTIVE ASSISTANT,,https://bulkheadinteractive.teamtailor.com/jobs/8272397-executive-assistant,a2e73e95-7aab-4232-9dd4-8b8e1bca2a05,,nao,nova
teamtailor,bulkheadinteractive,SENIOR GAMEPLAY ENGINEER,,https://bulkheadinteractive.teamtailor.com/jobs/5734025-senior-gameplay-engineer,2dc10678-c433-400c-915a-383631416225,,nao,nova
teamtailor,bulkheadinteractive,SENIOR GAMEPLAY ENGINEER [FTC REMOTE],,https://bulkheadinteractive.teamtailor.com/jobs/6920969-senior-gameplay-engineer-ftc-remote,7940a5f9-5e1e-4190-aa76-ca52d7c2c9e8,,nao,nova
teamtailor,bulkheadinteractive,SENIOR VFX ARTIST,,https://bulkheadinteractive.teamtailor.com/jobs/8138980-senior-vfx-artist,16cb1ae1-a30d-4418-9dee-5c7b07a51f83,,nao,nova
teamtailor,cigames,Chief Accountant,,https://cigames.teamtailor.com/jobs/8303256-chief-accountant,1541c025-ec4c-419c-a83a-4149588eb70e,,nao,nova
teamtailor,cigames,Cinematic Animator,,https://cigames.teamtailor.com/jobs/8296289-cinematic-animator,5b3cfac9-b24c-4b13-98ad-052acd717797,,nao,nova
teamtailor,cigames,Senior Producer,,https://cigames.teamtailor.com/jobs/8330183-senior-producer,439c2d1e-dc45-47cf-a939-c20a74f9efa7,,nao,nova
teamtailor,clickoutmedia,Programmatic Ad Operations Specialist,,https://clickoutmedia.teamtailor.com/jobs/8169037-programmatic-ad-operations-specialist,f6d7e0d0-bd62-4140-9b59-c8dd9399199f,,nao,nova
teamtailor,clickoutmedia,Treasury Operations Analyst,,https://clickoutmedia.teamtailor.com/jobs/7993423-treasury-operations-analyst,c3258e23-3d4d-4ee0-a658-5ca12be5fee7,,nao,nova
teamtailor,coffeestainstudios,Art Director and Art Lead,,https://coffeestainstudios.teamtailor.com/jobs/8083591-art-director-and-art-lead,1f2786cd-17fb-4fa3-af25-361d5342ae21,,nao,JA-FEITO
teamtailor,coffeestainstudios,Senior Game Designer,,https://coffeestainstudios.teamtailor.com/jobs/7018223-senior-game-designer,6158ada0-4228-4e4f-a1d9-153386a40f49,,nao,nova
teamtailor,embarkstudios,2D/Screenshot Artist,,https://embarkstudios.teamtailor.com/jobs/6252917-2d-screenshot-artist,430d82e1-0266-4bfa-a7da-5fd8fb807bf6,,nao,nova
teamtailor,embarkstudios,Backend Engineer,,https://embarkstudios.teamtailor.com/jobs/7332796-backend-engineer,324ff376-9a98-41d8-b099-89b1f744d748,,nao,nova
teamtailor,embarkstudios,Backend Engineer - Anti-Cheat,,https://embarkstudios.teamtailor.com/jobs/8303640-backend-engineer-anti-cheat,8e13104e-0715-47e2-88f0-cd3b263975c1,,nao,nova
teamtailor,embarkstudios,Data Scientist - Anti-cheat,,https://embarkstudios.teamtailor.com/jobs/7779967-data-scientist-anti-cheat,2d81d24c-d96b-480f-841c-ce39f37b03ea,,nao,nova
teamtailor,embarkstudios,Data Scientist - Games,,https://embarkstudios.teamtailor.com/jobs/7734648-data-scientist-games,0f81af07-1965-423c-984f-514243ce5c52,,nao,nova
teamtailor,embarkstudios,Fullstack Engineer - Commercial Tech,,https://embarkstudios.teamtailor.com/jobs/6600099-fullstack-engineer-commercial-tech,014c2c81-2342-4507-a0ff-26dd486493e0,,nao,nova
teamtailor,embarkstudios,Game Engineer UI/UX,,https://embarkstudios.teamtailor.com/jobs/5752670-game-engineer-ui-ux,e1e3ddf7-22c6-45fc-8cfc-a2b5236cc060,,nao,nova
teamtailor,embarkstudios,Gameplay AI / ML Engineer,,https://embarkstudios.teamtailor.com/jobs/6884258-gameplay-ai-ml-engineer,b51e85e4-4109-4554-a1b2-c68211edaef4,,nao,nova
teamtailor,embarkstudios,ML Research Engineer - Narrative & AI Systems,,https://embarkstudios.teamtailor.com/jobs/7953425-ml-research-engineer-narrative-ai-systems,e835beac-cf77-4550-91e8-de7e212c0f6a,,nao,nova
teamtailor,embarkstudios,Senior Gameplay Engineer - ARC Raiders,,https://embarkstudios.teamtailor.com/jobs/7878592-senior-gameplay-engineer-arc-raiders,33a25be7-0fb3-4fb2-aacd-8e0167f61789,,nao,nova
teamtailor,embarkstudios,Senior/Lead Economy and Engagement Designer - ARC Raiders,,https://embarkstudios.teamtailor.com/jobs/8103563-senior-lead-economy-and-engagement-designer-arc-raiders,0ad7b087-b6d3-4f5c-8119-7aca967547fd,,nao,nova
teamtailor,embarkstudios,Software Engineer - Audio,,https://embarkstudios.teamtailor.com/jobs/7974133-software-engineer-audio,8a01183b-0ed4-48c4-b40b-a8b42fa4c54f,,nao,nova
teamtailor,embarkstudios,Tech Lead - Backend Delivery,,https://embarkstudios.teamtailor.com/jobs/8269074-tech-lead-backend-delivery,ed4048b0-9a03-4091-8afd-8cc2eff6a93a,,nao,nova
teamtailor,embarkstudios,Technical Producer - Nexon HQ Europe,,https://embarkstudios.teamtailor.com/jobs/7966565-technical-producer-nexon-hq-europe,87170b83-c981-4ea8-a3ba-18a0d8799e9f,,nao,nova
teamtailor,embarkstudios,UX Artist Consultant - Games,,https://embarkstudios.teamtailor.com/jobs/8027882-ux-artist-consultant-games,8cb7c202-cb90-4a07-b84e-94c09d4e5ba3,,nao,nova
teamtailor,embarkstudios,VFX Artist,,https://embarkstudios.teamtailor.com/jobs/7869495-vfx-artist,09c9112b-18fe-4005-980d-aa42d3c246a1,,nao,nova
teamtailor,embarkstudios,Video Artist,,https://embarkstudios.teamtailor.com/jobs/7361517-video-artist,f7b9f9bd-9273-43e1-a2ca-9928c63df074,,nao,nova
teamtailor,envarstudio,Project Manager (Freelance),,https://envarstudio.teamtailor.com/jobs/8227499-project-manager-freelance,8746f6d5-5c60-402b-abf4-e2caa47a811a,,nao,nova
teamtailor,envarstudio,Team Manager (Game Development),,https://envarstudio.teamtailor.com/jobs/8234525-team-manager-game-development,e8d5f2c3-cb4f-422b-adca-340188130add,,nao,nova
teamtailor,fatshark,Community Manager,,https://fatshark.teamtailor.com/jobs/7896068-community-manager,eab774d2-c77a-42b2-8e1d-39bff86282bf,,nao,nova
teamtailor,fatshark,Producer,,https://fatshark.teamtailor.com/jobs/8162639-producer,562602a6-ec19-4879-8f83-7d12f32e4a67,,nao,nova
teamtailor,fatshark,Senior Cinematic Artist,,https://fatshark.teamtailor.com/jobs/7823494-senior-cinematic-artist,32242b10-3bdf-4d1d-ac80-ade1c2d88bf4,,nao,nova
teamtailor,fatshark,Senior Systems Administrator,,https://fatshark.teamtailor.com/jobs/7952647-senior-systems-administrator,b62b4645-7703-47dc-8c7e-fbe6dc55f776,,nao,nova
teamtailor,fundaygames,Are you our new Game Programmer?,,https://fundaygames.teamtailor.com/jobs/8197013-are-you-our-new-game-programmer,efe82ba9-e1ef-48b0-ad24-ef4113d9cb0e,,nao,nova
teamtailor,fundaygames,Unsolicited Application,,https://fundaygames.teamtailor.com/jobs/7277761-unsolicited-application,3e9aa71f-3800-41f1-832f-fdff70aae56e,,nao,JA-FEITO
teamtailor,gameboost,Backend Programmer with Golang experience,,https://gameboost.teamtailor.com/jobs/6908172-backend-programmer-with-golang-experience,a923f7c9-3e7c-47ba-bed6-b5efa68572e5,,nao,nova
teamtailor,gameboost,Casual Mobile UI Artist,,https://gameboost.teamtailor.com/jobs/6496173-casual-mobile-ui-artist,1f114005-fd25-4349-b35f-0acbc86c2720,,nao,nova
teamtailor,gameboost,DevOps engineer at Stockholm based AA studio,,https://gameboost.teamtailor.com/jobs/6526081-devops-engineer-at-stockholm-based-aa-studio,47b687e5-78c7-46c6-b189-ff9945d011b4,,nao,nova
teamtailor,gameboost,Gameplay Programmer with UI focus,,https://gameboost.teamtailor.com/jobs/7227925-gameplay-programmer-with-ui-focus,a241c6d9-2adf-4d0a-ab12-dfdc7ba1b69d,,nao,nova
teamtailor,gameboost,Gameplay/AI Engineer,,https://gameboost.teamtailor.com/jobs/6923622-gameplay-ai-engineer,27ff9799-479c-4f67-a094-ad8fab9d0a49,,nao,nova
teamtailor,gameboost,Graphics Programmer - full-time permanent position. (C++/Proprietary Engine),,https://gameboost.teamtailor.com/jobs/6866951-graphics-programmer-full-time-permanent-position-c-proprietary-engine,45b5c013-43fb-40d9-980e-cda89d3f88df,,nao,nova
teamtailor,gameboost,"Open application, Game Programmer - Game Boost, Home of game gigs",,https://gameboost.teamtailor.com/jobs/2806714-open-application-game-programmer-game-boost-home-of-game-gigs,c9442dc3-fe60-4f62-828d-6461acb1885e,,nao,nova
teamtailor,gameboost,UI Programmer,,https://gameboost.teamtailor.com/jobs/7169223-ui-programmer,e82ba583-59c4-4892-9d31-f1b783b09cf4,,nao,nova
teamtailor,goodbyekansas,Internships at Goodbye Kansas Studios,,https://goodbyekansas.teamtailor.com/jobs/6607983-internships-at-goodbye-kansas-studios,4fde9839-88e0-465b-a58c-a896bd671583,,nao,nova
teamtailor,goodbyekansas,Realtime Technical Artist,,https://goodbyekansas.teamtailor.com/jobs/6038165-realtime-technical-artist,f53427b2-9bed-4854-9d5c-8b9119dc8ef6,,nao,nova
teamtailor,goodbyekansas,Unreal Cinematic Artist,,https://goodbyekansas.teamtailor.com/jobs/8318134-unreal-cinematic-artist,7f5697f4-a199-457a-9cff-246efda82227,,nao,nova
teamtailor,hampastudio,2D  ANIMATOR ARTISTS FOR VARIOUS PROJECTS  (ALL LEVELS),,https://hampastudio.teamtailor.com/jobs/7703969-2d-animator-artists-for-various-projects-all-levels,d5060d7b-9a22-4f3d-ac31-7949a23ba539,,nao,nova
teamtailor,houseofhow,Game Changer,,https://houseofhow.teamtailor.com/jobs/4624866-game-changer,a5ab3a0e-fe22-4bf6-ac8a-dc59e0c8bd6c,,nao,nova
teamtailor,houseofhow,Intern,,https://houseofhow.teamtailor.com/jobs/4624864-intern,74ff7907-45b5-4914-abf4-26bde70289fd,,nao,nova
teamtailor,houseofhow,Key Account Manager,,https://houseofhow.teamtailor.com/jobs/4624868-key-account-manager,4b28a023-fcb9-483f-be85-7b0d3ff71646,,nao,nova
teamtailor,houseofhow,Programmer,,https://houseofhow.teamtailor.com/jobs/4624869-programmer,e29e7c6b-2102-421d-9481-4662a808b629,,nao,nova
teamtailor,houseofhow,Social Media Manager,,https://houseofhow.teamtailor.com/jobs/4624865-social-media-manager,5b36ce72-ae3e-435c-aa51-c00eebbfb0c1,,nao,nova
teamtailor,houseofhow,iOS Developer,,https://houseofhow.teamtailor.com/jobs/4624867-ios-developer,558d853e-e6cf-47f7-8809-6e534a202f41,,nao,nova
teamtailor,ilpvfx,Lighting Supervisor,,https://ilpvfx.teamtailor.com/jobs/8032337-lighting-supervisor,fb8b6386-cec1-4d20-845f-cc0b57cbce0a,,nao,nova
teamtailor,ilpvfx,Metropolis Expression of Interest,,https://ilpvfx.teamtailor.com/jobs/6941873-metropolis-expression-of-interest,ec55d36c-2c15-407f-b3e2-b13e60eb5572,,nao,JA-FEITO
teamtailor,ioi,HR Consultant,,https://ioi.teamtailor.com/jobs/8321788-hr-consultant,73295855-65ec-4d47-b7b7-833a1f9b6575,,nao,nova
teamtailor,ioi,Systems Specialist - Student Assistant,,https://ioi.teamtailor.com/jobs/7656090-systems-specialist-student-assistant,71ecfbd2-73d7-410d-9ea0-2a41dc55e549,,nao,nova
teamtailor,pfx,Chief Technology Officer (CTO),,https://pfx.teamtailor.com/jobs/7742773-chief-technology-officer-cto,909a6660-38ee-4d9e-84f8-7d87713d3d0a,,nao,nova
teamtailor,pfx,Data I/O & QC Technician - Datalab Bratislava,,https://pfx.teamtailor.com/jobs/7827287-data-i-o-qc-technician-datalab-bratislava,8ed1dba6-6083-408a-9b88-f3fdb91696b6,,nao,nova
teamtailor,pfx,"Digital Artist, AI Workflow",,https://pfx.teamtailor.com/jobs/8144064-digital-artist-ai-workflow,a67bfeee-db58-419d-a504-7f5ec7f15c1a,,nao,nova
teamtailor,pfx,Expression of interest,,https://pfx.teamtailor.com/jobs/8104758-expression-of-interest,5ba089a6-d400-4498-a902-dea7e2969377,,nao,nova
teamtailor,pfx,Internship,,https://pfx.teamtailor.com/jobs/5459523-internship,ee40b268-0fff-4258-95c8-da53e0b9830f,,nao,nova
teamtailor,pfx,Marketing & Communications Manager - Praha,,https://pfx.teamtailor.com/jobs/8154731-marketing-communications-manager-praha,d253613c-2478-47ed-99ca-f01de750ec56,,nao,nova
teamtailor,pfx,Office Manager & Team Assistant / Receptionist - Praha,,https://pfx.teamtailor.com/jobs/8155553-office-manager-team-assistant-receptionist-praha,4437f239-4447-4d7e-b00c-ec15eba3508e,,nao,nova
teamtailor,pfx,Senior Compositor,,https://pfx.teamtailor.com/jobs/8304075-senior-compositor,945eeb8e-8a43-4201-afd2-c02661d3ae57,,nao,nova
teamtailor,playagames,Initiativbewerbung - Playa Games,,https://playagames.teamtailor.com/jobs/4985632-initiativbewerbung-playa-games,f3bd92f9-1f06-46dd-83fb-0da46beecc46,,nao,JA-FEITO
teamtailor,playagames,Initiativbewerbung Praktikum / Werkstudierende - Playa Games,,https://playagames.teamtailor.com/jobs/5852132-initiativbewerbung-praktikum-werkstudierende-playa-games,0f39b15e-33d8-42c1-811c-5a69d8a3f1a6,,nao,nova
teamtailor,realtime,Register Your Interest,,https://realtime.teamtailor.com/jobs/5378921-register-your-interest,b429f563-395d-4691-889d-7fe623bbfb52,,nao,JA-FEITO
teamtailor,sloclap,Associate Producer - Confirmé - Game Industry,,https://sloclap.teamtailor.com/jobs/8016048-associate-producer-confirme-game-industry,c9353ba0-ad7b-448d-8b58-e859e6f816f2,,nao,nova
teamtailor,sloclap,Responsable IT - Game Industry,,https://sloclap.teamtailor.com/jobs/8209743-responsable-it-game-industry,591ad426-9529-4ac9-83f3-43f3ad9763a8,,nao,nova
teamtailor,starbreeze,Senior AI Gameplay Programmer,,https://starbreeze.teamtailor.com/jobs/8058579-senior-ai-gameplay-programmer,eccb47b7-a0fd-4993-bf90-a1014354e16d,,nao,nova
teamtailor,stunlocksstudios,Community & Social Media Manager,,https://stunlocksstudios.teamtailor.com/jobs/7963989-community-social-media-manager,51937670-332f-4cac-b676-d1d893ed3683,,nao,nova
teamtailor,stunlocksstudios,Marketing & Publishing Manager,,https://stunlocksstudios.teamtailor.com/jobs/7962541-marketing-publishing-manager,3a8ec638-001d-4eef-a8ef-321e648efe86,,nao,nova
teamtailor,stunlocksstudios,VFX Artist,,https://stunlocksstudios.teamtailor.com/jobs/2810039-vfx-artist,bafd943e-c1ef-4aa0-be34-e9df245fa461,,nao,nova
teamtailor,sybo,Game Engineer,,https://sybo.teamtailor.com/jobs/8266632-game-engineer,0e897a3e-c514-46f6-9c31-78f2464885a7,,nao,nova
teamtailor,sybo,Game Engineer (Tech Pod),,https://sybo.teamtailor.com/jobs/8274464-game-engineer-tech-pod,ffe1e67f-8ffc-400e-acbd-7a50df6ebd1c,,nao,nova
teamtailor,sybo,Marketing Artist,,https://sybo.teamtailor.com/jobs/7943057-marketing-artist,ffb75a4f-bc12-42db-b1c8-8fcd8fa3121c,,nao,nova
teamtailor,sybo,Technical Animator,,https://sybo.teamtailor.com/jobs/8125696-technical-animator,beb54359-791a-4536-a658-1fa3e440f122,,nao,nova
teamtailor,sybo,UI/UX Designer (Mid/Senior),,https://sybo.teamtailor.com/jobs/7950751-ui-ux-designer-mid-senior,9acde411-b1f7-4e7e-979f-a457ac2d6428,,nao,nova
teamtailor,tacticaladventures,Gameplay Programmer - GPP,,https://tacticaladventures.teamtailor.com/jobs/8209265-gameplay-programmer-gpp,7cbb43e6-c94c-41be-9ea9-1c367159bb4c,,nao,nova
teamtailor,twinharbour,Head of Game Development,,https://twinharbour.teamtailor.com/jobs/7502066-head-of-game-development,a5c02b82-44cf-4b64-b93a-c51c58c21cd4,,nao,nova
teamtailor,twinharbour,Head of Quality Assurance (QA),,https://twinharbour.teamtailor.com/jobs/8252801-head-of-quality-assurance-qa,c5f1b4e7-a023-4de4-a64b-a8fc420cf9d2,,nao,nova
teamtailor,twinharbour,Lead QA Specialist - Strategy Games,,https://twinharbour.teamtailor.com/jobs/7949440-lead-qa-specialist-strategy-games,dff926ed-a91d-41a9-9684-fdd57d7900a5,,nao,nova
teamtailor,twinharbour,Principal DevOps Engineer,,https://twinharbour.teamtailor.com/jobs/6883195-principal-devops-engineer,ed1c5895-37cb-46e8-999d-7ad61b73c27b,,nao,nova
teamtailor,twinharbour,Principal Node.js Engineer,,https://twinharbour.teamtailor.com/jobs/7655431-principal-node-js-engineer,fc850938-e068-4a58-9446-306eed703f91,,nao,nova
teamtailor,twinharbour,Senior Fullstack Engineer - Node.js/TypeScript,,https://twinharbour.teamtailor.com/jobs/6518220-senior-fullstack-engineer-node-js-typescript,67bec4b1-66a6-4766-a022-b68b7e7a23f1,,nao,nova
teamtailor,twinharbour,Senior LiveOps Manager - Supremacy: WW3,,https://twinharbour.teamtailor.com/jobs/7613424-senior-liveops-manager-supremacy-ww3,3671c6ae-e42e-49cb-ac28-061a6f9ab83e,,nao,nova
teamtailor,twinharbour,Senior Node.js Developer,,https://twinharbour.teamtailor.com/jobs/8029781-senior-node-js-developer,768c3051-69f0-494a-9799-0dbb095ef5a1,,nao,nova
teamtailor,twinharbour,UI/UX Artist,,https://twinharbour.teamtailor.com/jobs/8234660-ui-ux-artist,8c1e202a-4154-4c7a-9dec-d4710b50a2b8,,nao,nova
teamtailor,twinharbour,Unsolicited Application – Twin Harbour Interactive,,https://twinharbour.teamtailor.com/jobs/6958619-unsolicited-application-twin-harbour-interactive,42381303-21a2-49ec-adbf-843a0bf98f3c,,nao,JA-FEITO
teamtailor,untoldstdfg1324556,CG Supervisor,,https://untoldstdfg1324556.teamtailor.com/jobs/7706254-cg-supervisor,803763e0-c1c1-4629-a544-32ad985f74a0,,nao,nova
teamtailor,untoldstdfg1324556,Executive Producer,,https://untoldstdfg1324556.teamtailor.com/jobs/8108139-executive-producer,436fdc9c-6e68-4c93-a302-5bfc2457a83a,,nao,nova
teamtailor,untoldstdfg1324556,Executive Producer,,https://untoldstdfg1324556.teamtailor.com/jobs/7463123-executive-producer,13971948-ee3c-4dba-a01e-d7a09468796b,,nao,nova
teamtailor,untoldstdfg1324556,FX Artist - Crowd,,https://untoldstdfg1324556.teamtailor.com/jobs/8253606-fx-artist-crowd,2c1acd2a-1253-4ee2-af06-b9e86f630913,,nao,nova
teamtailor,untoldstdfg1324556,Freelance FX Artist,,https://untoldstdfg1324556.teamtailor.com/jobs/7950086-freelance-fx-artist,533a43e8-595d-41ed-a1d0-8581ae8cfded,,nao,nova
teamtailor,untoldstdfg1324556,Freelance Houdini CFX Artist,,https://untoldstdfg1324556.teamtailor.com/jobs/6053508-freelance-houdini-cfx-artist,2a7f1b05-48d6-4b52-a56d-a6c5265593b0,,nao,nova
teamtailor,untoldstdfg1324556,Freelance Producer,,https://untoldstdfg1324556.teamtailor.com/jobs/6040151-freelance-producer,0a8ab512-3130-45ff-961c-949c1c8247a7,,nao,nova
teamtailor,untoldstdfg1324556,Freelance Production Coordinator,,https://untoldstdfg1324556.teamtailor.com/jobs/8272294-freelance-production-coordinator,af181bf0-4f38-4551-b497-402f7b236f53,,nao,nova
teamtailor,untoldstdfg1324556,GenAI Technologist,,https://untoldstdfg1324556.teamtailor.com/jobs/7885847-genai-technologist,aa974d15-f517-4169-9fc4-172ba8876280,,nao,nova
teamtailor,untoldstdfg1324556,HR Administrator,,https://untoldstdfg1324556.teamtailor.com/jobs/2442854-hr-administrator,e0a25cdc-b548-4273-a886-4651bd7e7ae0,,nao,nova
teamtailor,untoldstdfg1324556,HR Assistant (part time - 3 days - contract role),,https://untoldstdfg1324556.teamtailor.com/jobs/8250417-hr-assistant-part-time-3-days-contract-role,d5a9c4a6-50df-48e1-bf3d-37debad0b890,,nao,nova
teamtailor,untoldstdfg1324556,IO Technologist,,https://untoldstdfg1324556.teamtailor.com/jobs/6231626-io-technologist,19709388-96c3-4980-85f1-ade85c5ea8b7,,nao,nova
teamtailor,untoldstdfg1324556,Lead VFX Artist - Rigging,,https://untoldstdfg1324556.teamtailor.com/jobs/6104084-lead-vfx-artist-rigging,d874dbe2-154f-43dc-9f1f-2a6f413739d4,,nao,nova
teamtailor,untoldstdfg1324556,Operations Manager,,https://untoldstdfg1324556.teamtailor.com/jobs/7500365-operations-manager,22cc87d7-fb82-4dfc-9e21-89768b993c6b,,nao,nova
teamtailor,untoldstdfg1324556,Production Manager,,https://untoldstdfg1324556.teamtailor.com/jobs/6054513-production-manager,4d3dec63-b858-4550-bee4-c3e2511ea9d4,,nao,nova
teamtailor,untoldstdfg1324556,Roto Prep,,https://untoldstdfg1324556.teamtailor.com/jobs/6699740-roto-prep,4facc239-6fc2-4ec9-b071-239deec172a9,,nao,nova
teamtailor,untoldstdfg1324556,VFX Artist - Assets,,https://untoldstdfg1324556.teamtailor.com/jobs/1943512-vfx-artist-assets,8e4a6b4a-a5e9-4e15-ab15-f05132b7b5a7,,nao,nova
teamtailor,untoldstdfg1324556,VFX Compositing,,https://untoldstdfg1324556.teamtailor.com/jobs/2295216-vfx-compositing,cc3417d1-b9eb-47cd-b03b-addfeff2a6c5,,nao,nova
teamtailor,untoldstdfg1324556,VFX Editor,,https://untoldstdfg1324556.teamtailor.com/jobs/8237883-vfx-editor,1c9e9ced-7cf5-4a29-a4fa-f78ff16739da,,nao,nova
teamtailor,untoldstdfg1324556,VFX Producer,,https://untoldstdfg1324556.teamtailor.com/jobs/7463138-vfx-producer,2dd29afc-6a36-4a06-a5b1-6e3889f78baf,,nao,nova
teamtailor,untoldstdfg1324556,VFX Production Coordinator - 6 months Contract,,https://untoldstdfg1324556.teamtailor.com/jobs/2375501-vfx-production-coordinator-6-months-contract,20eea166-724c-4cff-9fb6-0d1ec04ad05a,,nao,nova
teamtailor,untoldstdfg1324556,VFX Supervisor,,https://untoldstdfg1324556.teamtailor.com/jobs/8019227-vfx-supervisor,e09e49a8-7630-4a24-8d5b-dd13fa625f87,,nao,nova
teamtailor,vinefx,CG Generalist & Compositors - Manchester Based,,https://vinefx.teamtailor.com/jobs/7219993-cg-generalist-compositors-manchester-based,f52fea49-af55-44a7-9719-5d37f9ac587b,,nao,nova
teamtailor,vinefx,CG Water Specialist - UK Based,,https://vinefx.teamtailor.com/jobs/7780554-cg-water-specialist-uk-based,2062f529-266b-489f-8a11-45008b69ae7e,,nao,nova
teamtailor,wetaworkshop,"Senior Technician - Molding, Props & Hair",,https://wetaworkshop.teamtailor.com/jobs/8231885-senior-technician-molding-props-hair,f4a6ba82-a6e1-4c0c-bd8f-9e56a9a1939a,,nao,nova
teamtailor,wetaworkshop,Systems Administrator,,https://wetaworkshop.teamtailor.com/jobs/8252365-systems-administrator,22d8b121-7845-48c3-9ff7-522a9b779b30,,nao,nova
teamtailor,wetaworkshop,Technician - Props (Fixed Term),,https://wetaworkshop.teamtailor.com/jobs/8252505-technician-props-fixed-term,1ff6b229-5412-49ba-a643-9c018d7482b0,,nao,nova
teamtailor,wetaworkshop,Wētā Workshop Experiences - Casual Hosts/Tour Guides wanted,,https://wetaworkshop.teamtailor.com/jobs/8143427-weta-workshop-experiences-casual-hosts-tour-guides-wanted,da176d53-5c69-4fbe-a955-bcdd25e0512d,,nao,nova
