nome,pais,site,dominio,token,classe
&ranj,Netherlands,,,ranj,jogos
'am^up,Germany,,,amup,jogos
0n1 Studios,Canada,https://0n1studios.com,0n1studios.com,0n1studios,jogos
100 Stones Interactive,Australia,http://www.100stonesinteractive.com/,100stonesinteractive.com,100stonesinteractive,jogos
1001 Software Development,,,,1001softwaredevelopment,jogos
10tacle Studios,Germany,,,10taclestudios,jogos
10tons,Finland,https://www.10tons.com,10tons.com,10tons,jogos
11 Bit Studios,Poland,http://www.11bitstudios.com/,11bitstudios.com,11bitstudios,jogos
1492 Studio,France,,,1492studio,jogos
1564 Studio,,,,1564studio,jogos
17-BIT,United States,http://www.17-bit.com/,17-bit.com,17bit,jogos
1939 Games,Iceland,https://www.1939games.com/,1939games.com,1939games,jogos
1C Online Games,Cyprus,,,1conlinegames,jogos
1Games,United States,http://www.playonegames.com/,playonegames.com,1games,jogos
1P2P Studio,France,http://1p2p-studio.com/,1p2p-studio.com,1p2pstudio,jogos
1st Playable Productions,United States,http://www.1stplayable.com/,1stplayable.com,1stplayableproductions,jogos
20:20,United Kingdom,,,2020,jogos
21st Street Games,,http://www.21stGames.com/,21stgames.com,21ststreetgames,jogos
22Cans,United Kingdom,http://22cans.com/,22cans.com,22cans,jogos
24 Caret Games,United States,http://www.24caretgames.com,24caretgames.com,24caretgames,jogos
2Awesome Studio,Netherlands,https://www.2awesomestudio.com,2awesomestudio.com,2awesomestudio,jogos
2D Boy,United States,http://2dboy.com/,2dboy.com,2dboy,jogos
2K,United States,https://www.2k.com/en-US/,2k.com,2k,jogos
2K Australia,Australia,,,2kaustralia,jogos
2K Los Angeles,United States,,,2klosangeles,jogos
2K Marin,United States,,,2kmarin,jogos
2XL Games,,http://www.2xlgames.com/,2xlgames.com,2xlgames,jogos
2by3 Games,,,,2by3games,jogos
2n Productions,,,,2nproductions,jogos
2xMilk,,http://2xmilk.co/,2xmilk.co,2xmilk,jogos
3 Sprockets,Australia,http://www.3sprockets.com,3sprockets.com,3sprockets,jogos
3 pouces Software,,,,3poucessoftware,jogos
3-Fold Games,United Kingdom,https://www.3foldgames.uk,3foldgames.uk,3foldgames,jogos
314 Arts,Germany,https://www.314arts.com/,314arts.com,314arts,jogos
34BigThings,Italy,https://34bigthings.com/,34bigthings.com,34bigthings,jogos
3583 Bytes,Canada,https://www.3583bytes.com/,3583bytes.com,3583bytes,jogos
38 Studios,United States,http://www.3gstudios.com/,3gstudios.com,38studios,jogos
3909,United States,,,3909,jogos
3D Realms,United States,https://3drealms.com/,3drealms.com,3drealms,jogos
3DClouds,Italy,https://www.3dclouds.it/,3dclouds.it,3dclouds,jogos
3Division,,https://www.3division.sovietrepublic.net/,3division.sovietrepublic.net,3division,jogos
3Division Entertainment,Slovakia,http://3division.net,3division.net,3divisionentertainment,jogos
3LV Games,,http://3lvgames.com/index.htm,3lvgames.com,3lvgames,jogos
3R Games,Poland,https://3r.games/,3r.games,3rgames,jogos
3Romans,United States,,,3romans,jogos
3d6 Games,United States,http://www.3d6games.com/,3d6games.com,3d6games,jogos
3rdEye,,,,3rdeye,jogos
4 I Lab,,,,4ilab,jogos
4-Panel Footprint,,,,4panelfootprint,jogos
4A Games,Malta,http://www.4a-games.com.mt/,4a-games.com.mt,4agames,jogos
4A Games,Ukraine,http://www.4a-games.com.mt/,4a-games.com.mt,4agames,jogos
4Co,,,,4co,jogos
4D Rulers,,http://www.4drulers.com/,4drulers.com,4drulers,jogos
4J Studios,United Kingdom,https://4jstudios.com,4jstudios.com,4jstudios,jogos
4Kids Games,Slovakia,,,4kidsgames,jogos
4MHz,Spain,,,4mhz,jogos
4mm Games,United States,,,4mmgames,jogos
5 Lives Studios,,http://www.5livesstudios.com/,5livesstudios.com,5livesstudios,jogos
5am Games,Switzerland,https://5am-games.com,5am-games.com,5amgames,jogos
5th Cell,United States,http://www.5thcell.com/,5thcell.com,5thcell,jogos
6E6E6E,,https://sixesixesixe.com/,sixesixesixe.com,6e6e6e,jogos
7 Raven Studios,,https://www.7ravenstudios.com/,7ravenstudios.com,7ravenstudios,jogos
704Games,United States,http://www.dmracing.org,dmracing.org,704games,jogos
777 Studios,,,,777studios,jogos
7A Games,Poland,http://7agames.com/,7agames.com,7agames,jogos
7th Beat Games,,https://7thbe.at/,7thbe.at,7thbeatgames,jogos
7th Level,United States,,,7thlevel,jogos
8-Bit Legit,United States,https://8bitlegit.com/,8bitlegit.com,8bitlegit,jogos
800 North and Digital Ranch,,,,800northanddigitalranch,jogos
8Bit Games,,,,8bitgames,jogos
8floor,United Kingdom,https://8floor.net,8floor.net,8floor,jogos
8monkey Labs,,,,8monkeylabs,jogos
8sec,France,https://8sec.games/,8sec.games,8sec,jogos
8th Day Software,United Kingdom,,,8thdaysoftware,jogos
8th Floor Games,,,,8thfloorgames,jogos
909games,,,,909games,jogos
989 Studios,United States,,,989studios,jogos
9Finger Games,,,,9fingergames,jogos
9Ratones,,http://9ratones.com/,9ratones.com,9ratones,jogos
A Heartful of Games,Spain,https://www.aheartfulofgames.com,aheartfulofgames.com,aheartfulofgames,jogos
A Nostru,,,,anostru,jogos
"A Sharp, LLC",,,,asharpllc,jogos
A Shell In The Pit,Canada,https://www.ashellinthepit.com/,ashellinthepit.com,ashellinthepit,jogos
A&F Software,United Kingdom,,,afsoftware,jogos
A.I,,,,ai,jogos
A44,New Zealand,https://www.a44games.com/,a44games.com,a44,jogos
AAD Productions,,,,aadproductions,jogos
ABC Department,,,,abcdepartment,jogos
ABShot,South Korea,,,abshot,jogos
ABX Games Studio,France,https://abxgames.com,abxgames.com,abxgamesstudio,jogos
AEL Entertainment,,http://aelgames.com/,aelgames.com,aelentertainment,jogos
AFTERBURN,Poland,https://afterburn.games/,afterburn.games,afterburn,jogos
AGD Interactive,,https://www.agdinteractive.com,agdinteractive.com,agdinteractive,jogos
AGL Studios,,http://www.aglstudioart.com,aglstudioart.com,aglstudios,jogos
AIVIK LLC,,,,aivikllc,jogos
ALICE IN DISSONANCE,,,,aliceindissonance,jogos
ALMA Games,Ukraine,https://alma-games.com,alma-games.com,almagames,jogos
AMZN Mobile LLC,,,,amznmobilellc,jogos
ANMA,Netherlands,,,anma,jogos
"APF Electronics, Inc.",United States,,,apfelectronicsinc,jogos
APh Technological Consulting,United States,,,aphtechnologicalconsulting,jogos
ASBO Interactive,,https://asbointeractive.com/,asbointeractive.com,asbointeractive,jogos
AXL,,,,axl,jogos
Aackosoft,Netherlands,,,aackosoft,jogos
Abbey Games,Netherlands,https://abbeygames.com,abbeygames.com,abbeygames,jogos
Abhijeeth Swaminathan,Canada,,,abhijeethswaminathan,jogos
Above and Beyond Technologies,,,,aboveandbeyondtechnologies,jogos
Abrakam,Belgium,https://www.abrakam.com/,abrakam.com,abrakam,jogos
Abramelin Games,,https://www.abramelingames.com/,abramelingames.com,abramelingames,jogos
Absolutist Ltd.,,https://absolutist.com/,absolutist.com,absolutistltd,jogos
Abstraction Games,Netherlands,https://abstraction.games/,abstraction.games,abstractiongames,jogos
Absurdus,,http://www.absurdus.net/absurdus/,absurdus.net,absurdus,jogos
Abylight,Spain,https://abylight.com/,abylight.com,abylight,jogos
Abyte Entertainment,,,,abyteentertainment,jogos
"Acceleroto, Inc.",,,,accelerotoinc,jogos
Accidental Queens,France,http://accidentalqueens.com/,accidentalqueens.com,accidentalqueens,jogos
Acclaim Studios Austin,United States,,,acclaimstudiosaustin,jogos
Acclaim Studios Cheltenham,United Kingdom,,,acclaimstudioscheltenham,jogos
Acclaim Studios London,United Kingdom,,,acclaimstudioslondon,jogos
Acclaim Studios Teesside,United Kingdom,,,acclaimstudiosteesside,jogos
Accolade,United States,,,accolade,jogos
Aces Studio,,,,acesstudio,jogos
Acheron Design,Australia,http://acherondesign.com/,acherondesign.com,acherondesign,jogos
Acid Nerve,United Kingdom,https://www.acidnerve.com/,acidnerve.com,acidnerve,jogos
Acid Software,New Zealand,http://acid.co.nz,acid.co.nz,acidsoftware,jogos
Ackk Studios,United States,https://www.ackkstudios.com/,ackkstudios.com,ackkstudios,jogos
Acme Gamestudio,,,,acmegamestudio,jogos
Acornsoft,United Kingdom,http://acornsoft.co.uk/,acornsoft.co.uk,acornsoft,jogos
Acram Digital,Poland,https://acram.eu/,acram.eu,acramdigital,jogos
Acronym,Canada,http://www.acronymonline.com,acronymonline.com,acronym,jogos
Acrued Insolence,,,,acruedinsolence,jogos
Action Button Entertainment,United States,http://www.actionbutton.com/,actionbutton.com,actionbuttonentertainment,jogos
Action Forms,Ukraine,,,actionforms,jogos
Action Graphics,United States,,,actiongraphics,jogos
Action Square,South Korea,https://www.action2quare.com/,action2quare.com,actionsquare,jogos
Active Cues B.V.,Netherlands,,,activecuesbv,jogos
Active Enterprises,,,,activeenterprises,jogos
Actos Games,United States,http://actosgames.com/,actosgames.com,actosgames,jogos
Actress,,,,actress,jogos
Actual Humans,Canada,http://actualhumans.com/,actualhumans.com,actualhumans,jogos
AdHoc Studio,United States,https://www.adhocstudio.com,adhocstudio.com,adhocstudio,jogos
Adage Games,Canada,,,adagegames,jogos
AdamVision Studios,,http://www.adamvisionstudios.com/,adamvisionstudios.com,adamvisionstudios,jogos
Adept Studios GD,,,,adeptstudiosgd,jogos
Adikus,,https://www.adikus.com/,adikus.com,adikus,jogos
Adrenalin Entertainment,United States,,,adrenalinentertainment,jogos
Adria Games,Poland,https://adriagames.com/,adriagames.com,adriagames,jogos
Adriaan de Jongh & Friends,Netherlands,,,adriaandejonghfriends,jogos
Advance Studio Games,,https://advance-games.ru,advance-games.ru,advancestudiogames,jogos
Adventure Soft,United Kingdom,http://www.adventuresoft.com,adventuresoft.com,adventuresoft,jogos
Adventure Works,United States,https://adventure.works/,adventure.works,adventureworks,jogos
Aerie Gaming Studios,United States,,,aeriegamingstudios,jogos
Aerosoft,Germany,http://www.aerosoft.com,aerosoft.com,aerosoft,jogos
Aesir Interactive,Germany,http://aesir-interactive.com/,aesir-interactive.com,aesirinteractive,jogos
Aeternum Game Studios,Spain,,,aeternumgamestudios,jogos
Aether Studios,United States,https://aetherstudios.com,aetherstudios.com,aetherstudios,jogos
Aethon Collective,United States,,,aethoncollective,jogos
Affect,,,,affect,jogos
Affordance Studio,,https://affordancestudio.com/fr/,affordancestudio.com,affordancestudio,jogos
Affray Studios,,https://affraystudios.com/,affraystudios.com,affraystudios,jogos
"AfreecaTV Co., Ltd.",,,,afreecatvcoltd,jogos
Agens,Norway,https://agens.no,agens.no,agens,jogos
Agetec,United States,https://web.archive.org/web/20161206185154/https://www.agetec.com/,web.archive.org,agetec,jogos
Agnaes Software,Germany,https://agnaes.io/,agnaes.io,agnaessoftware,jogos
Agora Games,United States,http://www.agoragames.com,agoragames.com,agoragames,jogos
Ahegames,,http://www.ahegames.com/,ahegames.com,ahegames,jogos
Aidem Media,Poland,http://www.aidemmedia.pl/,aidemmedia.pl,aidemmedia,jogos
Airship Syndicate,United States,http://www.airshipsyndicate.com,airshipsyndicate.com,airshipsyndicate,jogos
Airtight Games,United States,http://www.airtightgames.com/,airtightgames.com,airtightgames,jogos
Akaoni Studio,Spain,http://www.akaonistudio.com,akaonistudio.com,akaonistudio,jogos
Akies Games,United Kingdom,http://www.akies.co.uk/,akies.co.uk,akiesgames,jogos
Alawar Stargaze,,,,alawarstargaze,jogos
Albino Moose Games,United States,https://albinomoosegames.com/about/,albinomoosegames.com,albinomoosegames,jogos
Alcachofa Soft,Spain,http://www.alcachofasoft.com,alcachofasoft.com,alcachofasoft,jogos
Alcatraz Entertainment Software,Austria,,,alcatrazentertainmentsoftware,jogos
Alchemical Works,Germany,https://www.alchemical-works.com/,alchemical-works.com,alchemicalworks,jogos
Alderon Games,Australia,https://alderongames.com,alderongames.com,alderongames,jogos
Aldorlea Games,,https://www.aldorlea.org/,aldorlea.org,aldorleagames,jogos
Alekstudio,,,,alekstudio,jogos
Algomedia Studio,,,,algomediastudio,jogos
Alice & Smith,Canada,http://aliceetsmith.com,aliceetsmith.com,alicesmith,jogos
Alien Pixel Studios,Romania,,,alienpixelstudios,jogos
Alientrap,,http://www.alientrap.org/,alientrap.org,alientrap,jogos
Alike Studio,Spain,https://alikestudio.com/,alikestudio.com,alikestudio,jogos
Alkterios Games,United States,https://www.alkteriosgames.com/,alkteriosgames.com,alkteriosgames,jogos
All Aboard,,,,allaboard,jogos
Allied Kingdoms,United States,,,alliedkingdoms,jogos
Allied's,United States,,,allieds,jogos
Alligator Pit,,,,alligatorpit,jogos
Almost Human,Finland,,,almosthuman,jogos
Aloft Studio,United States,https://www.aloftstudio.com/,aloftstudio.com,aloftstudio,jogos
Alpha Blend Interactive,Germany,,,alphablendinteractive,jogos
Alpha Helix,,,,alphahelix,jogos
Alpha Wave Entertainment,,,,alphawaveentertainment,jogos
AlphaRedux,United States,https://alpha-redux.com/,alpha-redux.com,alpharedux,jogos
AlphaSim,,http://www.alphasim.co.uk/,alphasim.co.uk,alphasim,jogos
Alpine Studios,,,,alpinestudios,jogos
Alt Shift,,http://www.altshift.fr/,altshift.fr,altshift,jogos
Altar Games,,http://www.altargames.com,altargames.com,altargames,jogos
Altari Games,South Korea,,,altarigames,jogos
Alternative Games,,http://www.alternativegames.net/,alternativegames.net,alternativegames,jogos
Alternative Software,United Kingdom,http://alternativesoft.co.uk,alternativesoft.co.uk,alternativesoftware,jogos
"Alzan Studios, LLC",,,,alzanstudiosllc,jogos
Amanita Design,Czech Republic,https://amanita-design.net/,amanita-design.net,amanitadesign,jogos
Amanotes,Singapore,https://amanotes.com/,amanotes.com,amanotes,jogos
Amaze Entertainment,United States,http://www.amazeentertainment.com/,amazeentertainment.com,amazeentertainment,jogos
Amazing Games,,,,amazinggames,jogos
Amazing Studio,France,http://www.amazing.fr/,amazing.fr,amazingstudio,jogos
Ambiera,Austria,https://www.ambiera.com/,ambiera.com,ambiera,jogos
Ambition,,,,ambition,jogos
Ambrosia Software,United States,,,ambrosiasoftware,jogos
Amegami,,,,amegami,jogos
American Game Cartridges,United States,,,americangamecartridges,jogos
American Video Entertainment,United States,,,americanvideoentertainment,jogos
Amfich,,,,amfich,jogos
Amicable Animal,,,,amicableanimal,jogos
Amistech Games,Finland,https://amistech.com/,amistech.com,amistechgames,jogos
Ammobox Studios,,,,ammoboxstudios,jogos
AmnesiaGames,,http://www.AmnesiaGames.cl/,amnesiagames.cl,amnesiagames,jogos
Amuze,Sweden,,,amuze,jogos
Anachronia,,,,anachronia,jogos
Analgesic Productions,,https://analgesic.productions/,analgesic.productions,analgesicproductions,jogos
Anamik Majumdar,,,,anamikmajumdar,jogos
Anarch Entertainment,United States,,,anarchentertainment,jogos
Anarchy Enterprises,United States,http://www.anarchyent.com/,anarchyent.com,anarchyenterprises,jogos
Anate Studio,Ukraine,http://anatestudio.net/,anatestudio.net,anatestudio,jogos
Anawiki Games,,,,anawikigames,jogos
Ancient Forge,Poland,https://ancientforgestudio.com/,ancientforgestudio.com,ancientforge,jogos
Andrade Games,Germany,https://www.andrade-games.com/,andrade-games.com,andradegames,jogos
Andromeda Software,United Kingdom,,,andromedasoftware,jogos
Anduo Games,,https://anduogames.wordpress.com/,anduogames.wordpress.com,anduogames,jogos
Angelsoft,United States,,,angelsoft,jogos
Angry Demon Studio,Sweden,https://angrydemonstudio.com,angrydemonstudio.com,angrydemonstudio,jogos
Angry Mob Games,,,,angrymobgames,jogos
Anic,South Korea,https://www.anic.co.kr/,anic.co.kr,anic,jogos
Anima Project,Spain,,,animaproject,jogos
Animagic,Spain,,,animagic,jogos
Animation F/X,,,,animationfx,jogos
Animation Magic,United States,,,animationmagic,jogos
Animu Game,,http://animugame.com,animugame.com,animugame,jogos
Anino Games,,http://www.aninogames.com/,aninogames.com,aninogames,jogos
Anirog Software,United Kingdom,,,anirogsoftware,jogos
Anisoptera Games,,,,anisopteragames,jogos
Aniware AB,Sweden,,,aniwareab,jogos
Ankama Canada,,,,ankamacanada,jogos
Ankama Games,France,https://www.ankama.com,ankama.com,ankamagames,jogos
Anomalous Games,,,,anomalousgames,jogos
Anomaly Games,Germany,,,anomalygames,jogos
Another Axiom,,https://www.anotheraxiom.com/,anotheraxiom.com,anotheraxiom,jogos
Anshar Studios,Poland,https://ansharstudios.com,ansharstudios.com,ansharstudios,jogos
Ant Software,United States,https://www.antsoftware.com/,antsoftware.com,antsoftware,jogos
Ant Workshop,United Kingdom,https://www.ant-workshop.com/,ant-workshop.com,antworkshop,jogos
Antab Studio,,,,antabstudio,jogos
Antagonist,,,,antagonist,jogos
Antidote Entertainment,Canada,,,antidoteentertainment,jogos
Antimatter Games,United Kingdom,,,antimattergames,jogos
Anvate Games,,,,anvategames,jogos
Ape Law,,,,apelaw,jogos
Ape Marina,Italy,http://apemarina.altervista.org/index.html,apemarina.altervista.org,apemarina,jogos
Apex Computer Productions,United Kingdom,,,apexcomputerproductions,jogos
Apogee Entertainment,,https://www.apogeeent.com,apogeeent.com,apogeeentertainment,jogos
Apogee Software,United States,,,apogeesoftware,jogos
Appeal,Belgium,https://www.appeal-studios.com,appeal-studios.com,appeal,jogos
Appelmoes,Netherlands,https://appelmoes.games/,appelmoes.games,appelmoes,jogos
Apple Cider,,http://apple-cider.co/,apple-cider.co,applecider,jogos
Appy Entertainment,United States,http://www.appyentertainment.com/home.html,appyentertainment.com,appyentertainment,jogos
Apskeppet,,https://apskeppet.se/,apskeppet.se,apskeppet,jogos
Arc Games,United States,https://www.arcgames.com,arcgames.com,arcgames,jogos
ArcAngels,Switzerland,,,arcangels,jogos
Arcade Distillery,,,,arcadedistillery,jogos
Arcade Moon,Slovakia,,,arcademoon,jogos
Arcade Zone,United Kingdom,,,arcadezone,jogos
Arcane Circus,Netherlands,https://arcanecircus.com,arcanecircus.com,arcanecircus,jogos
Arcane Kids,,https://arcanekids.com/,arcanekids.com,arcanekids,jogos
Arcen Games,United States,http://www.arcengames.com/,arcengames.com,arcengames,jogos
Archetype Entertainment,United States,http://www.archetype-entertainment.com,archetype-entertainment.com,archetypeentertainment,jogos
Archetype Interactive,United States,,,archetypeinteractive,jogos
Archimage,United States,https://www.archimage.com/,archimage.com,archimage,jogos
Archive Entertainment,,,,archiveentertainment,jogos
ArenaNet,United States,http://www.arena.net/,arena.net,arenanet,jogos
Argonaut Games,United Kingdom,https://www.argonautgames.com/,argonautgames.com,argonautgames,jogos
Argonica,,,,argonica,jogos
Ariel Jurkowski Games,,https://arielek.com,arielek.com,arieljurkowskigames,jogos
Ariolasoft,Germany,,,ariolasoft,jogos
Arizona,,,,arizona,jogos
Ark Heiral,Germany,,,arkheiral,jogos
Arkane Studios,France,http://www.arkane-studios.com,arkane-studios.com,arkanestudios,jogos
Arkedo Studio,France,http://www.arkedo.com,arkedo.com,arkedostudio,jogos
Arkhouse Telegraph,Lithuania,,,arkhousetelegraph,jogos
Armogaste,,,,armogaste,jogos
Armstrong Powerhouse,,,,armstrongpowerhouse,jogos
Art & Magic,Belgium,,,artmagic,jogos
Art Data Interactive,United States,,,artdatainteractive,jogos
Art Games Studio,Poland,https://art-games.com/,art-games.com,artgamesstudio,jogos
Art in Heart,,,,artinheart,jogos
ArtGame,Hungary,,,artgame,jogos
Artech Digital Entertainment,Canada,,,artechdigitalentertainment,jogos
Artefacts Studio,France,https://www.artefacts-studio.fr,artefacts-studio.fr,artefactsstudio,jogos
Artifex Mundi,Poland,https://www.artifexmundi.com,artifexmundi.com,artifexmundi,jogos
Artifice Studio,,http://artificestudio.com,artificestudio.com,artificestudio,jogos
"Artificial Life, Inc.",,http://www.artificial-life.com/,artificial-life.com,artificiallifeinc,jogos
Artificial Studios,,http://artificialstudios.com/index.php,artificialstudios.com,artificialstudios,jogos
Artisan Studios,Canada,https://www.artisangamestudios.com/,artisangamestudios.com,artisanstudios,jogos
Artix Entertainment,,http://www.artix.com/,artix.com,artixentertainment,jogos
Artless Games,,,,artlessgames,jogos
Artplant,Norway,http://www.artplant.no/,artplant.no,artplant,jogos
Artworx,United States,,,artworx,jogos
Aruma Studios,Spain,https://arumastudios.com/,arumastudios.com,arumastudios,jogos
Arush Entertainment,United States,http://www.3drealms.com/,3drealms.com,arushentertainment,jogos
Arvydas Žemaitis,,,,arvydasemaitis,jogos
Arxel Tribe,,,,arxeltribe,jogos
Ascaron,Germany,http://www.ascaron.com,ascaron.com,ascaron,jogos
Ascendant Studios,United States,https://ascendantstudios.com/,ascendantstudios.com,ascendantstudios,jogos
Ashborne Games,Czech Republic,https://ashbornegames.com/,ashbornegames.com,ashbornegames,jogos
Asobo Studio,France,http://www.asobostudio.com/,asobostudio.com,asobostudio,jogos
Aspyr,United States,http://www.aspyr.com,aspyr.com,aspyr,jogos
Asteroid Base,Canada,,,asteroidbase,jogos
Asteroid Lab,Switzerland,,,asteroidlab,jogos
Astronomic Games,,,,astronomicgames,jogos
Astrosaurus Games,Canada,,,astrosaurusgames,jogos
Astrosnout,,,,astrosnout,jogos
Asylum Square,Germany,https://asylumsquare.com,asylumsquare.com,asylumsquare,jogos
Asymmetric Publications,,http://asymmetric.net/,asymmetric.net,asymmetricpublications,jogos
AtGames,United States,http://www.atgames.net/,atgames.net,atgames,jogos
Atari Games,United States,https://www.atari.com/,atari.com,atarigames,jogos
Atari Interactive,United States,https://atari.com/,atari.com,atariinteractive,jogos
Atari SA,France,https://www.atari.com/,atari.com,atarisa,jogos
"Atari, Inc.",United States,,,atariinc,jogos
Atay Games,United Kingdom,https://ataygames.com,ataygames.com,ataygames,jogos
Atelier 801,France,https://atelier801.com,atelier801.com,atelier801,jogos
Atelier Kaguya,,http://www.a-kaguya.com/,a-kaguya.com,atelierkaguya,jogos
Aterdux Entertainment,,,,aterduxentertainment,jogos
Atmos Games,United States,http://atmosgames.com/,atmosgames.com,atmosgames,jogos
Atom Team,Latvia,,,atomteam,jogos
Atomic Antelope,,http://www.atomicantelope.com/,atomicantelope.com,atomicantelope,jogos
Atomic Games,United States,http://www.atomicgames.com/,atomicgames.com,atomicgames,jogos
Atomic Motion,,,,atomicmotion,jogos
Atomic Planet Entertainment,United Kingdom,,,atomicplanetentertainment,jogos
Atomic Raccoon Studio,France,https://www.atomic-raccoon.com/,atomic-raccoon.com,atomicraccoonstudio,jogos
AtomicTorch Studio,Singapore,https://atomictorch.com/,atomictorch.com,atomictorchstudio,jogos
Atooi,United States,http://www.atooi.com/,atooi.com,atooi,jogos
Attention to Detail,United Kingdom,,,attentiontodetail,jogos
Attic Entertainment Software,Germany,http://www.attic.de/,attic.de,atticentertainmentsoftware,jogos
Atypique Studio,France,https://atypique-studio.fr/,atypique-studio.fr,atypiquestudio,jogos
AudioGaming,France,http://www.audiogaming.net/,audiogaming.net,audiogaming,jogos
Audiogenic,United Kingdom,http://www.audiogenic.com,audiogenic.com,audiogenic,jogos
Audiokinetic,,https://www.audiokinetic.com/,audiokinetic.com,audiokinetic,jogos
Auroch Digital,United Kingdom,https://www.aurochdigital.com/,aurochdigital.com,aurochdigital,jogos
AurumDust,,https://aurumdust.com/,aurumdust.com,aurumdust,jogos
Automata UK,United Kingdom,,,automatauk,jogos
Autumn Moon Entertainment,United States,http://www.amegames.com/,amegames.com,autumnmoonentertainment,jogos
Auxbrain,,http://www.auxbrain.com,auxbrain.com,auxbrain,jogos
Avalanche Software,United States,https://www.avalanchesoftware.com/,avalanchesoftware.com,avalanchesoftware,jogos
Avalanche Studios Group,Sweden,http://avalanchestudios.com,avalanchestudios.com,avalanchestudiosgroup,jogos
Avalon Digital,,,,avalondigital,jogos
Avatar Creations,,,,avatarcreations,jogos
Avatar Reality,United States,http://www.avatar-reality.com/,avatar-reality.com,avatarreality,jogos
Aventurine SA,Greece,http://www.aventurine.gr/,aventurine.gr,aventurinesa,jogos
Aviary Films,United Kingdom,https://www.aviaryfilms.co.uk/,aviaryfilms.co.uk,aviaryfilms,jogos
Aviary Interactive,,https://aviaryinteractive.com/,aviaryinteractive.com,aviaryinteractive,jogos
Awaceb,France,https://www.awaceb.com/,awaceb.com,awaceb,jogos
Awaken Realms,Poland,https://awakenrealms.com/,awakenrealms.com,awakenrealms,jogos
Awe Interactive,United Kingdom,https://www.aweinteractive.com/,aweinteractive.com,aweinteractive,jogos
AweKteaM,Spain,,,awekteam,jogos
Awesome Games Studio,Poland,http://www.awesomegamesstudio.com/,awesomegamesstudio.com,awesomegamesstudio,jogos
Awesome Play,United Kingdom,,,awesomeplay,jogos
AwesomeBlade,,,,awesomeblade,jogos
Awfully Nice Studios,Austria,https://www.awfullynicestudios.com/,awfullynicestudios.com,awfullynicestudios,jogos
Axis Games,United States,,,axisgames,jogos
Axlebolt,,,,axlebolt,jogos
Axlon,,,,axlon,jogos
Axolot Games,Sweden,http://www.axolotgames.com,axolotgames.com,axolotgames,jogos
Ayeah Games,United States,http://AyeahGames.com/,ayeahgames.com,ayeahgames,jogos
Ayelet Studios,,,,ayeletstudios,jogos
Azerion,Netherlands,https://www.azerion.com/,azerion.com,azerion,jogos
"Azeroth, Inc.",United States,,,azerothinc,jogos
B-evil,,,,bevil,jogos
B2B Games,,http://www.b2b-games.com/,b2b-games.com,b2bgames,jogos
BAD MARINES STUDIO SAS,France,https://www.batllecorp.com,batllecorp.com,badmarinesstudiosas,jogos
BGaming,Malta,https://bgaming.com,bgaming.com,bgaming,jogos
BKOM Studios,,https://www.bkomstudios.com,bkomstudios.com,bkomstudios,jogos
BS Studios,,,,bsstudios,jogos
BUG-Studio,,https://bug-studio.net/,bug-studio.net,bugstudio,jogos
Babaroga,United States,http://www.babaroga.com,babaroga.com,babaroga,jogos
Babylon Software,,,,babylonsoftware,jogos
BackGames,,https://sites.google.com/view/backgamesoff/%D0%B3%D0%BB%D0%B0%D0%B2%D0%BD%D0%B0%D1%8F-%D1%81%D1%82%D1%80%D0%B0%D0%BD%D0%B8%D1%86%D0%B0,sites.google.com,backgames,jogos
Backbone Emeryville,United States,,,backboneemeryville,jogos
Backflip Studios,United States,http://www.backflipstudios.com,backflipstudios.com,backflipstudios,jogos
Backwoods Entertainment,Germany,http://www.backwoods-entertainment.com,backwoods-entertainment.com,backwoodsentertainment,jogos
Bad Dream Games,United States,https://www.baddreamgames.com/,baddreamgames.com,baddreamgames,jogos
Bad Robot Games,,https://www.badrobotgames.com/,badrobotgames.com,badrobotgames,jogos
Bad Vices Games,Italy,,,badvicesgames,jogos
"BadFly Interactive, a.s.",,,,badflyinteractiveas,jogos
Badim,,,,badim,jogos
Badland Studio,,,,badlandstudio,jogos
Baggy Cat Entertainment,United Kingdom,https://www.baggycat.com/,baggycat.com,baggycatentertainment,jogos
Bajoum,Sweden,http://bajoum.se/,bajoum.se,bajoum,jogos
Balancing Monkey Games,New Zealand,https://www.balancingmonkeygames.com/,balancingmonkeygames.com,balancingmonkeygames,jogos
Balio Studio,Belgium,https://baliostudio.com/,baliostudio.com,baliostudio,jogos
Baltoro Games,Poland,https://baltorogames.com/,baltorogames.com,baltorogames,jogos
Bamboo Bandit,United States,,,bamboobandit,jogos
BancyCo,,,,bancyco,jogos
Bandai Namco Entertainment Romania,,https://www.bandainamcoent.ro/,bandainamcoent.ro,bandainamcoentertainmentromania,jogos
Bandai Namco Studios Vancouver,,,,bandainamcostudiosvancouver,jogos
Bantam City Games,,https://www.bantamcity.com/,bantamcity.com,bantamcitygames,jogos
Barkers Crest Studio,,,,barkerscreststudio,jogos
Baroque Decay,,https://baroquedecay.com/,baroquedecay.com,baroquedecay,jogos
Barrel Roll Games,,,,barrelrollgames,jogos
Barry McCabe,,,,barrymccabe,jogos
Basenji Apps Limited,Cyprus,https://basenjiapps.com/,basenjiapps.com,basenjiappslimited,jogos
Basilisk Games,United States,http://basiliskgames.com/,basiliskgames.com,basiliskgames,jogos
Batholith Entertainment,,,,batholithentertainment,jogos
BattleBrew Productions,Singapore,https://www.battle-brew.com/,battle-brew.com,battlebrewproductions,jogos
BattleGoat Studios,,https://www.battlegoat.com/,battlegoat.com,battlegoatstudios,jogos
BattleLine Games,United States,https://www.battlelinegames.com/,battlelinegames.com,battlelinegames,jogos
Battlecruiser Games,,http://battlecruiser-games.com/,battlecruiser-games.com,battlecruisergames,jogos
Battlefront.com,,http://www.battlefront.com/,battlefront.com,battlefrontcom,jogos
Bay 12 Games,United States,http://www.bay12games.com/,bay12games.com,bay12games,jogos
BeReal SAS,France,https://jobs.bere.al/,jobs.bere.al,berealsas,jogos
Beam Software,Australia,,,beamsoftware,jogos
Beam Team Games,,,,beamteamgames,jogos
Beamdog,Canada,https://www.beamdog.com/,beamdog.com,beamdog,jogos
Bear Box Media,,http://www.bearboxmedia.com/,bearboxmedia.com,bearboxmedia,jogos
Beard Envy,,,,beardenvy,jogos
Beat Games,Czech Republic,https://www.beatgames.com,beatgames.com,beatgames,jogos
Beatshapers,,http://www.beatshapers.com,beatshapers.com,beatshapers,jogos
BeautiFun Games,Spain,,,beautifungames,jogos
Beautiful Game Studios,United Kingdom,,,beautifulgamestudios,jogos
Beautiful Glitch,Spain,http://monsterprom.pizza/press/index.php,monsterprom.pizza,beautifulglitch,jogos
Because Because Games,United Kingdom,,,becausebecausegames,jogos
Bedtime Digital Games,Denmark,https://bedtime.io/,bedtime.io,bedtimedigitalgames,jogos
Beenox,Canada,http://www.beenox.com/,beenox.com,beenox,jogos
Beep Industries,United States,http://www.beepindustries.com/,beepindustries.com,beepindustries,jogos
Beethoven and Dinosaur,Australia,http://bnd.studio/,bnd.studio,beethovenanddinosaur,jogos
Behaviour Rotterdam,Netherlands,https://www.bhvr.com/rotterdam/,bhvr.com,behaviourrotterdam,jogos
Belka Games,,https://belka-games.com/,belka-games.com,belkagames,jogos
Belle Productions,France,,,belleproductions,jogos
Bellular Studios,United Kingdom,https://bellular.games/,bellular.games,bellularstudios,jogos
Bend Studio,United States,https://www.bendstudio.com/,bendstudio.com,bendstudio,jogos
Berkeley Systems,United States,,,berkeleysystems,jogos
Berserk Games,,,,berserkgames,jogos
Berzerk Studio,Canada,http://www.berzerkstudio.com/,berzerkstudio.com,berzerkstudio,jogos
Best Way,Ukraine,http://eng.bestway.com.ua/,eng.bestway.com.ua,bestway,jogos
Bethesda Game Studios,United States,https://bethesdagamestudios.com,bethesdagamestudios.com,bethesdagamestudios,jogos
Bethesda Game Studios Austin,United States,http://www.battlecrystudios.com/,battlecrystudios.com,bethesdagamestudiosaustin,jogos
Bethesda Game Studios Dallas,United States,,,bethesdagamestudiosdallas,jogos
Bethesda Softworks,United States,https://bethesda.net/,bethesda.net,bethesdasoftworks,jogos
Better Than Life,Netherlands,https://betterthanlife.io/,betterthanlife.io,betterthanlife,jogos
Beyond Games,United States,http://beyondgames.co,beyondgames.co,beyondgames,jogos
Beyond Reality Games,,,,beyondrealitygames,jogos
Beyond Software,United Kingdom,,,beyondsoftware,jogos
Biart,United States,http://www.biart7.com,biart7.com,biart,jogos
Bidule 4 AG,,,,bidule4ag,jogos
Big Ant Studios,Australia,http://www.bigant.com/,bigant.com,bigantstudios,jogos
Big Ape Productions,United States,,,bigapeproductions,jogos
Big Bad Wolf,France,http://www.bigbadwolf-studio.com/,bigbadwolf-studio.com,bigbadwolf,jogos
Big Blue Bubble,Canada,http://www.bigbluebubble.com,bigbluebubble.com,bigbluebubble,jogos
Big Boat Interactive,,http://www.bigboatinteractive.com/,bigboatinteractive.com,bigboatinteractive,jogos
Big Corporation,,,,bigcorporation,jogos
Big Evil Corporation,,,,bigevilcorporation,jogos
Big Fat Simulations Inc.,,,,bigfatsimulationsinc,jogos
Big Fish Games,United States,http://BigFishGames.com,bigfishgames.com,bigfishgames,jogos
Big Head Games,United Kingdom,,,bigheadgames,jogos
Big Heart Production,,,,bigheartproduction,jogos
Big Huge Games,United States,http://www.bighugegames.com/,bighugegames.com,bighugegames,jogos
Big John Games,,http://www.bigjohngames.com/,bigjohngames.com,bigjohngames,jogos
Big Pixel Studio,,,,bigpixelstudio,jogos
Big Red Button,United States,,,bigredbutton,jogos
Big Red Software,United Kingdom,,,bigredsoftware,jogos
Big Robot,United Kingdom,http://www.big-robot.com/,big-robot.com,bigrobot,jogos
Big Sandwich Games,Canada,,,bigsandwichgames,jogos
Big Up Studio,,,,bigupstudio,jogos
Big Way,United States,,,bigway,jogos
Big Way Games,,https://bigwaygames.com/,bigwaygames.com,bigwaygames,jogos
BigBox VR,,https://www.bigboxvr.com/,bigboxvr.com,bigboxvr,jogos
"BigScreen, Inc.",,https://www.bigscreenvr.com/,bigscreenvr.com,bigscreeninc,jogos
Bigbig Studios,United Kingdom,https://www.bigbigstudios.com,bigbigstudios.com,bigbigstudios,jogos
Bigpoint GmbH,Germany,https://www.bigpoint.net/,bigpoint.net,bigpointgmbh,jogos
Bilibili Game,,https://www.biligames.com/,biligames.com,bilibiligame,jogos
Binary Impact,,https://www.binaryimpact.de/,binaryimpact.de,binaryimpact,jogos
Binary Innovations,United Kingdom,,,binaryinnovations,jogos
Binogure Studio,France,https://www.binogure-studio.com/,binogure-studio.com,binogurestudio,jogos
Binx Interactive,Croatia,https://www.binxinteractive.com/,binxinteractive.com,binxinteractive,jogos
Bionic Games,United States,http://www.bionic-games.com/,bionic-games.com,bionicgames,jogos
Bioware,Canada,https://www.bioware.com/,bioware.com,bioware,jogos
Bippinbits,,https://bippinbits.com/,bippinbits.com,bippinbits,jogos
Bird in Sky,,,,birdinsky,jogos
Birnam Wood Games,United States,,,birnamwoodgames,jogos
Biscuit Factory Games,,,,biscuitfactorygames,jogos
Bit Fry,United States,https://www.bitfry.com/,bitfry.com,bitfry,jogos
Bit Golem,Poland,https://bitgolemgames.com/,bitgolemgames.com,bitgolem,jogos
Bit Kid,United States,https://bitkidgames.com/,bitkidgames.com,bitkid,jogos
Bit Managers,Spain,http://www.bitmanagers.com/,bitmanagers.com,bitmanagers,jogos
"Bit Planet Games, LLC",,,,bitplanetgamesllc,jogos
BitBull,,http://www.bitbull.com/,bitbull.com,bitbull,jogos
"BitMonster, Inc.",United States,,,bitmonsterinc,jogos
Bithell Games,United Kingdom,http://www.bithellgames.com/,bithellgames.com,bithellgames,jogos
Bitmap Bureau,,https://bitmapbureau.com/,bitmapbureau.com,bitmapbureau,jogos
Bitmasters,United States,,,bitmasters,jogos
Bitmen Studios,Austria,,,bitmenstudios,jogos
Bitrich.info,,,,bitrichinfo,jogos
Bits & Beasts,,,,bitsbeasts,jogos
Bits Studios,United Kingdom,,,bitsstudios,jogos
Bitten Toast Games,Canada,https://www.bittentoast.com/,bittentoast.com,bittentoastgames,jogos
Bitwave Games,Sweden,https://www.bitwavegames.com,bitwavegames.com,bitwavegames,jogos
Bitzooma,,https://bitzooma.com/,bitzooma.com,bitzooma,jogos
Bizarre Creations,United Kingdom,https://www.bizarrecreations.com/,bizarrecreations.com,bizarrecreations,jogos
Black Cube Games,Netherlands,https://blackcubegames.com,blackcubegames.com,blackcubegames,jogos
Black Dragon Publishing,,http://blackdragon.com/,blackdragon.com,blackdragonpublishing,jogos
Black Element Software,Czech Republic,http://www.blackelement.net/,blackelement.net,blackelementsoftware,jogos
Black Forest Games,Germany,https://black-forest-games.com,black-forest-games.com,blackforestgames,jogos
Black Hole Entertainment,,,,blackholeentertainment,jogos
Black Isle Studios,United States,http://www.blackisle.com/,blackisle.com,blackislestudios,jogos
Black Lab Games,Australia,https://blacklab.games/,blacklab.games,blacklabgames,jogos
"Black Lantern Studios, Inc.",United States,https://www.blacklanternstudios.com/,blacklanternstudios.com,blacklanternstudiosinc,jogos
Black Market Games,,,,blackmarketgames,jogos
Black Matter,Australia,https://www.blackmatterstudio.com/,blackmatterstudio.com,blackmatter,jogos
Black Mermaid,,,,blackmermaid,jogos
Black Ops Entertainment,United States,http://www.blackops.com,blackops.com,blackopsentertainment,jogos
Black Pants Studio,,,,blackpantsstudio,jogos
Black Pencil Entertainment,,,,blackpencilentertainment,jogos
Black Rock Studio,United Kingdom,http://www.disney.co.uk/disneyinteractivestudios/blackrockstudio/,disney.co.uk,blackrockstudio,jogos
Black Salt Games,New Zealand,https://www.blacksaltgames.com/,blacksaltgames.com,blacksaltgames,jogos
Black Sheep Studio,France,http://www.blacksheep-studio.com/,blacksheep-studio.com,blacksheepstudio,jogos
Black Shell Games,United States,http://www.blackshellgames.com,blackshellgames.com,blackshellgames,jogos
Black System,,,,blacksystem,jogos
Black Tower Studios,,http://www.blacktower.jp,blacktower.jp,blacktowerstudios,jogos
Black Widow Games,,,,blackwidowgames,jogos
BlackMill Games,Netherlands,https://www.blackmillgames.com/,blackmillgames.com,blackmillgames,jogos
BlackMuffin Studio,France,http://www.blackmuffinstudio.com/,blackmuffinstudio.com,blackmuffinstudio,jogos
Blackbird Interactive,,http://blackbirdinteractive.com,blackbirdinteractive.com,blackbirdinteractive,jogos
Blacklight Interactive,,,,blacklightinteractive,jogos
Blacknorth,,,,blacknorth,jogos
BlankMediaGames,,,,blankmediagames,jogos
Blastmode,Netherlands,,,blastmode,jogos
Blayze Games,,https://blayzegames.com/,blayzegames.com,blayzegames,jogos
Blaze Gamers,,,,blazegamers,jogos
Blazing Griffin,United Kingdom,https://www.blazinggriffin.com/,blazinggriffin.com,blazinggriffin,jogos
Blazing Lizard,United States,,,blazinglizard,jogos
Bleakmill,,http://www.bleakmill.com/,bleakmill.com,bleakmill,jogos
Blender Games,,,,blendergames,jogos
Blendo Games,United States,http://www.blendogames.com/,blendogames.com,blendogames,jogos
Blind Mind Studios,,,,blindmindstudios,jogos
Blind Squirrel Entertainment,United States,http://blindsquirrelentertainment.com/,blindsquirrelentertainment.com,blindsquirrelentertainment,jogos
Blindflug Studios,Switzerland,https://www.blindflugstudios.com/,blindflugstudios.com,blindflugstudios,jogos
Blindshot Studio,,,,blindshotstudio,jogos
Blinkmoon Games,Canada,https://blinkmoon.com/,blinkmoon.com,blinkmoongames,jogos
BlitWise Productions,United States,http://www.blitwise.com/,blitwise.com,blitwiseproductions,jogos
Blits Games,,https://www.blitsgames.com/,blitsgames.com,blitsgames,jogos
Blitz Arcade,United Kingdom,https://www.blitzgames.com/,blitzgames.com,blitzarcade,jogos
Blitz Games,United Kingdom,http://www.BlitzGames.com/,blitzgames.com,blitzgames,jogos
Blitz Games Studios,United Kingdom,http://www.blitzgamesstudios.com/,blitzgamesstudios.com,blitzgamesstudios,jogos
Blizzard Entertainment,United States,https://www.blizzard.com/en-us/,blizzard.com,blizzardentertainment,jogos
Blizzard North,United States,http://www.blizzard.com/,blizzard.com,blizzardnorth,jogos
Blobfish Games,,https://www.blobfishgames.com/,blobfishgames.com,blobfishgames,jogos
Bloober Team,Poland,https://www.blooberteam.com,blooberteam.com,blooberteam,jogos
BloodLine,,,,bloodline,jogos
Bloodhouse,Finland,https://housemarque.com,housemarque.com,bloodhouse,jogos
Bloodlust Software,,,,bloodlustsoftware,jogos
Bloom Digital Media,Canada,http://bloomdigital.to/,bloomdigital.to,bloomdigitalmedia,jogos
Blow and Try Again,Spain,,,blowandtryagain,jogos
Blowfish Studios,Australia,https://www.blowfishstudios.com/,blowfishstudios.com,blowfishstudios,jogos
Blue Bottle Games,,https://bluebottlegames.com/,bluebottlegames.com,bluebottlegames,jogos
Blue Brain Games,Slovakia,http://www.bluebraingames.com/,bluebraingames.com,bluebraingames,jogos
Blue Chip Software,,,,bluechipsoftware,jogos
Blue Fang Games,United States,http://www.bluefang.com/,bluefang.com,bluefanggames,jogos
Blue Isle Studios,Canada,http://www.blueislestudios.com/,blueislestudios.com,blueislestudios,jogos
Blue Line Studios,,,,bluelinestudios,jogos
Blue Lizard Games,,,,bluelizardgames,jogos
Blue Mammoth Games,France,https://www.bluemammoth.com,bluemammoth.com,bluemammothgames,jogos
Blue Mammoth Games,United States,https://www.bluemammoth.com,bluemammoth.com,bluemammothgames,jogos
Blue Omega,United States,http://www.blueomega.com/,blueomega.com,blueomega,jogos
Blue Planet Software,United States,http://blueplanetsoftware.com,blueplanetsoftware.com,blueplanetsoftware,jogos
Blue Ramen Studios,France,https://blueramen.fr/fr/,blueramen.fr,blueramenstudios,jogos
Blue Sky Rangers,,https://www.blueskyrangers.com/,blueskyrangers.com,blueskyrangers,jogos
Blue Sunset Games,Poland,http://www.bluesunsetgames.com/,bluesunsetgames.com,bluesunsetgames,jogos
Blue Tea Games,,http://blueteagames.com/,blueteagames.com,blueteagames,jogos
Blue Tongue Entertainment,Australia,http://www.bluetongue.com/,bluetongue.com,bluetongueentertainment,jogos
Blue Wizard Digital,Canada,https://bluewizard.com/,bluewizard.com,bluewizarddigital,jogos
BlueSky Software,United States,,,blueskysoftware,jogos
BlueTwelve Studio,France,,,bluetwelvestudio,jogos
Bluehole,,https://www.bluehole.net/en/,bluehole.net,bluehole,jogos
Bluemoon Interactive,Estonia,http://bluemoon.ee/,bluemoon.ee,bluemooninteractive,jogos
Bluepoint Games,United States,https://www.bluepointgames.com,bluepointgames.com,bluepointgames,jogos
Blueshift Media,United Kingdom,,,blueshiftmedia,jogos
Blueside,South Korea,http://www.blueside.co.kr/,blueside.co.kr,blueside,jogos
Boffo Games,United States,http://www.boffo.us/,boffo.us,boffogames,jogos
Bohemia Interactive,Czech Republic,https://www.bohemia.net/,bohemia.net,bohemiainteractive,jogos
Bolder Games,,https://www.boldergames.com/,boldergames.com,boldergames,jogos
Bollaware,Germany,https://www.bollaware.de/,bollaware.de,bollaware,jogos
Bolt Blaster Games,Belgium,https://boltblastergames.com,boltblastergames.com,boltblastergames,jogos
Bolt Creative,United States,http://www.boltcreative.com/,boltcreative.com,boltcreative,jogos
Bonbee!,,,,bonbee,jogos
Bonfire Studios,,http://www.bonfirestudios.com,bonfirestudios.com,bonfirestudios,jogos
Bonfire Studios,United States,http://www.bonfirestudios.com/,bonfirestudios.com,bonfirestudios,jogos
Bonte Avond,Netherlands,https://www.bonte-avond.com/,bonte-avond.com,bonteavond,jogos
Bonus Level Entertainment,Germany,https://www.bonuslevel.com/,bonuslevel.com,bonuslevelentertainment,jogos
BonusXP,,https://bonusxp.com/,bonusxp.com,bonusxp,jogos
Boogygames Studios,Netherlands,,,boogygamesstudios,jogos
Boom Games,,,,boomgames,jogos
BoomBit,Poland,https://boombit.com,boombit.com,boombit,jogos
Boomfire Games,Spain,http://www.boomfiregames.com/,boomfiregames.com,boomfiregames,jogos
Boomzap Entertainment,,http://www.boomzap.com/,boomzap.com,boomzapentertainment,jogos
BorderLeap,United States,https://www.borderleap.com/,borderleap.com,borderleap,jogos
Borealys Games,,,,borealysgames,jogos
Boris Games,Germany,http://www.boris-games.com/,boris-games.com,borisgames,jogos
Born Ready Games Ltd.,,,,bornreadygamesltd,jogos
Boss Fight Entertainment,United States,http://bossfightentertainment.com/,bossfightentertainment.com,bossfightentertainment,jogos
Boss Game Studios,United States,https://web.archive.org/web/20020531085240/http://www.bossgame.com/,web.archive.org,bossgamestudios,jogos
Boss Key Productions,United States,http://bosskey.com/,bosskey.com,bosskeyproductions,jogos
BossAlien,United Kingdom,http://www.bossalien.com/,bossalien.com,bossalien,jogos
Bossa Studios,United Kingdom,http://www.bossastudios.com/,bossastudios.com,bossastudios,jogos
Bossman Games,,,,bossmangames,jogos
Bottle Rocket,United States,,,bottlerocket,jogos
Bottlerocket Entertainment,United States,,,bottlerocketentertainment,jogos
Bounding Box Software,,,,boundingboxsoftware,jogos
Box Office Software,,,,boxofficesoftware,jogos
Boxelware,,,,boxelware,jogos
Boys Without Brains,Netherlands,,,boyswithoutbrains,jogos
Bplus,Austria,https://www.bplus.at/,bplus.at,bplus,jogos
Brace Yourself Games,Canada,https://braceyourselfgames.com,braceyourselfgames.com,braceyourselfgames,jogos
Brain Bug,,,,brainbug,jogos
Brain Candy,France,,,braincandy,jogos
Brain Slap Studio,France,,,brainslapstudio,jogos
Brain Toys,,,,braintoys,jogos
Brain in a Jar,United Kingdom,,,braininajar,jogos
BrainGames,Spain,https://braingames.santiontanon.dev/,braingames.santiontanon.dev,braingames,jogos
Brainchild Design,,,,brainchilddesign,jogos
Braingame Publishing,Germany,http://www.braingame-shop.de,braingame-shop.de,braingamepublishing,jogos
Brainlag Games,Germany,https://www.brainlag-games.com/,brainlag-games.com,brainlaggames,jogos
Brainwash Gang,Spain,https://brainwashgang.com/,brainwashgang.com,brainwashgang,jogos
Brass Token,Canada,https://brasstoken.com,brasstoken.com,brasstoken,jogos
Brave At Night,United Kingdom,https://www.braveatnight.co.uk/,braveatnight.co.uk,braveatnight,jogos
Brave Bunny,,http://bravebunny.co/,bravebunny.co,bravebunny,jogos
Brave Giant,Serbia,https://bravegiant.com,bravegiant.com,bravegiant,jogos
Brave Lamb Studio,Poland,https://bravelambstudio.com/,bravelambstudio.com,bravelambstudio,jogos
Bravo Game Studios,Spain,http://www.bravogamestudios.com/,bravogamestudios.com,bravogamestudios,jogos
Breadmen,,,,breadmen,jogos
BreakAway Games,United States,http://www.breakawayltd.com/,breakawayltd.com,breakawaygames,jogos
BreakFirst,France,http://www.breakfirst.games/,breakfirst.games,breakfirst,jogos
Breakfall,Canada,http://breakfall.ca,breakfall.ca,breakfall,jogos
BrickCream,,http://brickcreamgames.com,brickcreamgames.com,brickcream,jogos
Bridge Entertainment,Netherlands,,,bridgeentertainment,jogos
Bright Software,,,,brightsoftware,jogos
Bright Star Technology,United States,,,brightstartechnology,jogos
Brightrock Games,United Kingdom,https://brightrockgames.com/,brightrockgames.com,brightrockgames,jogos
Brilliant Game Studios,,,,brilliantgamestudios,jogos
Brimo Studio,,,,brimostudio,jogos
Brinemedia,Ukraine,https://brinemedia.com/,brinemedia.com,brinemedia,jogos
Broadsword Interactive Limited,United Kingdom,,,broadswordinteractivelimited,jogos
Broderbund,United States,http://www.broderbund.com/,broderbund.com,broderbund,jogos
Broken Arms Games,,,,brokenarmsgames,jogos
Broken Arrow Games,Poland,https://www.brokenarrowgames.com/,brokenarrowgames.com,brokenarrowgames,jogos
Broken Bear Games,,http://www.brokenbeargames.com/,brokenbeargames.com,brokenbeargames,jogos
Broken Rules,Austria,https://brokenrul.es/,brokenrul.es,brokenrules,jogos
Broken Window Studios,,,,brokenwindowstudios,jogos
Brooklyn Multimedia,United States,,,brooklynmultimedia,jogos
Brown Capital BV,Netherlands,,,browncapitalbv,jogos
Brownmonster,United Kingdom,https://www.brownmonster.co.uk,brownmonster.co.uk,brownmonster,jogos
Brushfire Games,,https://brushfire.games/,brushfire.games,brushfiregames,jogos
Bubblebird Studio,,https://bubblebirdstudio.com/,bubblebirdstudio.com,bubblebirdstudio,jogos
Buckethead Entertainment,Netherlands,https://www.bucketheadentertainment.com/,bucketheadentertainment.com,bucketheadentertainment,jogos
Buckrider Studio,Netherlands,http://www.buckriderstudio.com,buckriderstudio.com,buckriderstudio,jogos
Budcat Creations,United States,http://www.budcat.com,budcat.com,budcatcreations,jogos
Buddy System,United States,https://buddysystemgames.com/,buddysystemgames.com,buddysystem,jogos
BudgeCo,United States,,,budgeco,jogos
Buffalo Vision,,,,buffalovision,jogos
Bug-Byte,United Kingdom,,,bugbyte,jogos
Bugbyte,Finland,http://bugbyte.fi/,bugbyte.fi,bugbyte,jogos
Bulldog Interactive,,http://www.bulldoginteractive.com/,bulldoginteractive.com,bulldoginteractive,jogos
Bullfrog Productions,United Kingdom,,,bullfrogproductions,jogos
Bullhead,Sweden,,,bullhead,jogos
Bulwark Studios,France,http://bulwarkstudios.com,bulwarkstudios.com,bulwarkstudios,jogos
Bumble Holding Limited,United States,http://bumble.com/,bumble.com,bumbleholdinglimited,jogos
BumbleBear Games,,https://www.bumblebeargames.com/,bumblebeargames.com,bumblebeargames,jogos
BunchOD00dz,,,,bunchod00dz,jogos
Bungie,United States,https://www.bungie.net/,bungie.net,bungie,jogos
Bunnyhug,United Kingdom,https://bunnyhuggames.com/,bunnyhuggames.com,bunnyhug,jogos
Bureau 81,France,https://bureau81.com/,bureau81.com,bureau81,jogos
Buried Games Studio,Estonia,https://buriedgames.com,buriedgames.com,buriedgamesstudio,jogos
Burrik,,,,burrik,jogos
Burst Studios,,,,burststudios,jogos
Butterscotch Shenanigans,United States,https://www.bscotch.net,bscotch.net,butterscotchshenanigans,jogos
Buzz Monkey Software,United States,http://www.buzzmonkey.com/,buzzmonkey.com,buzzmonkeysoftware,jogos
Bypass Game Studios,,,,bypassgamestudios,jogos
Byterunners,Poland,http://www.byterunners.com/,byterunners.com,byterunners,jogos
Bytro Labs,Germany,http://www.bytro.com,bytro.com,bytrolabs,jogos
Bytten Studio,United Kingdom,https://bytten-studio.com/,bytten-studio.com,byttenstudio,jogos
Byzantine Games,,,,byzantinegames,jogos
BáiYù,,,,biy,jogos
C Prompt Games,,https://www.cpromptgames.com/,cpromptgames.com,cpromptgames,jogos
C&C Game Studio,,https://command-and-control.com,command-and-control.com,ccgamestudio,jogos
C4rib,United States,,,c4rib,jogos
CD Projekt RED,Poland,https://www.cdprojektred.com/,cdprojektred.com,cdprojektred,jogos
CFK,South Korea,https://www.cfk.kr/,cfk.kr,cfk,jogos
CGA Studio Games,United Kingdom,https://www.cgastudio.games/,cgastudio.games,cgastudiogames,jogos
CI Games S.A.,Poland,http://www.cigames.com/,cigames.com,cigamessa,jogos
CM Games,Estonia,https://cm.games,cm.games,cmgames,jogos
COMADSOFT,Poland,https://comadsoft.com,comadsoft.com,comadsoft,jogos
COTTON SOFTWARE,,,,cottonsoftware,jogos
COWCAT Games,France,https://www.cowcatgames.com,cowcatgames.com,cowcatgames,jogos
CP Verlag,Germany,,,cpverlag,jogos
CRAFTWORK,,http://craftwork.product.co.jp,craftwork.product.co.jp,craftwork,jogos
CRL Group,United Kingdom,,,crlgroup,jogos
CRT GAMES,South Korea,https://crtgames.co.kr,crtgames.co.kr,crtgames,jogos
CSP Mobile GmbH,Germany,http://maxartists.com/,maxartists.com,cspmobilegmbh,jogos
Cable Software,,,,cablesoftware,jogos
Cadenza Interactive,,,,cadenzainteractive,jogos
Cafe Empty,Canada,https://www.cafeempty.games,cafeempty.games,cafeempty,jogos
Café Shiba,Australia,,,cafshiba,jogos
Caipirinha Games,Germany,https://www.caipirinhagames.de/,caipirinhagames.de,caipirinhagames,jogos
California Dreams,United States,,,californiadreams,jogos
Callipygian Games,United States,http://www.callipygiangames.com/,callipygiangames.com,callipygiangames,jogos
Camel 101,,,,camel101,jogos
Camel Entertainment,,,,camelentertainment,jogos
Camex Games,,,,camexgames,jogos
Camouflaj,United States,https://www.camouflaj.com/,camouflaj.com,camouflaj,jogos
Campfire Studio,,,,campfirestudio,jogos
Campo Santo,,http://www.camposanto.com,camposanto.com,camposanto,jogos
Canalside Studios,United Kingdom,http://www.canalsidestudios.com/,canalsidestudios.com,canalsidestudios,jogos
Canari Games,Canada,https://www.canarigames.com/,canarigames.com,canarigames,jogos
Cannibal Interactive,,,,cannibalinteractive,jogos
Canopy Games,,,,canopygames,jogos
Cantaloupe Kids,United States,,,cantaloupekids,jogos
Canuck Play,Canada,https://canuckplay.com/,canuckplay.com,canuckplay,jogos
Canvas Software,,,,canvassoftware,jogos
Capcom Vancouver,Canada,http://www.capcomvancouver.com,capcomvancouver.com,capcomvancouver,jogos
Caprino Filmcenter,Norway,,,caprinofilmcenter,jogos
Capstone Software,United States,,,capstonesoftware,jogos
Captain Games,Canada,http://www.captain-games.com/,captain-games.com,captaingames,jogos
Captain Sikorsky,,,,captainsikorsky,jogos
Capybara Games,Canada,http://www.capybaragames.com,capybaragames.com,capybaragames,jogos
Carbine Studios,United States,http://www.carbinestudios.com/,carbinestudios.com,carbinestudios,jogos
Carbon Counts,,https://www.carboncounts.tech/,carboncounts.tech,carboncounts,jogos
Carbon Fire,France,,,carbonfire,jogos
Carbon Games,United States,http://carbongames.com/,carbongames.com,carbongames,jogos
Carbonated Games,United States,,,carbonatedgames,jogos
Cardboard Computer,United States,https://cardboard.computer,cardboard.computer,cardboardcomputer,jogos
Cardboard Keep,Australia,https://www.cardboardkeep.com/,cardboardkeep.com,cardboardkeep,jogos
Cardboard Robot Games,,,,cardboardrobotgames,jogos
CarloC,Italy,,,carloc,jogos
Cartboard Games,,,,cartboardgames,jogos
Cassel Games,South Korea,https://casselgames.com/,casselgames.com,casselgames,jogos
Castaway Entertainment,United States,,,castawayentertainment,jogos
Castle Thorn Software,United States,,,castlethornsoftware,jogos
Casual Arts,,https://www.casual-arts.com,casual-arts.com,casualarts,jogos
Casus Ludi,France,https://www.casusludi.com/,casusludi.com,casusludi,jogos
Cat Daddy Games,United States,http://www.catdaddy.com,catdaddy.com,catdaddygames,jogos
Cat Rabbit,,,,catrabbit,jogos
CatBellUnion,,,,catbellunion,jogos
CatLab Interactive,,http://www.catlab.eu/,catlab.eu,catlabinteractive,jogos
Catalyst Apps,United States,https://www.catalystapps.net/,catalystapps.net,catalystapps,jogos
Cauldron,Slovakia,http://www.cauldron.sk,cauldron.sk,cauldron,jogos
Causa Creations,,https://causacreations.net/,causacreations.net,causacreations,jogos
Caustic Creative,,,,causticcreative,jogos
Cave Monsters,United Kingdom,https://cavemonsters.com,cavemonsters.com,cavemonsters,jogos
Cave+Barn Studios,,,,cavebarnstudios,jogos
Cavedog Entertainment,United States,http://cavedog.com/,cavedog.com,cavedogentertainment,jogos
Cedar Beast,Australia,https://www.cedarbeast.com,cedarbeast.com,cedarbeast,jogos
Celestial Games,,http://www.celestial-games.com/,celestial-games.com,celestialgames,jogos
Cellufun,United States,http://m.cellufun.com/?f=Wikipedia,m.cellufun.com,cellufun,jogos
Centauri Production,Czech Republic,http://www.centauriproduction.com,centauriproduction.com,centauriproduction,jogos
Century Interactive,Germany,,,centuryinteractive,jogos
"Cerny Games, Inc.",United States,,,cernygamesinc,jogos
Certain Affinity,United States,http://www.certainaffinity.com/,certainaffinity.com,certainaffinity,jogos
Chair Entertainment,United States,,,chairentertainment,jogos
Chameleon Games,,,,chameleongames,jogos
Channel 3 Entertainment,Canada,https://www.channel3.com/,channel3.com,channel3entertainment,jogos
Chaos Group Games,Poland,https://www.chaosgroupgames.com/,chaosgroupgames.com,chaosgroupgames,jogos
Chaos Theory Games,Australia,https://www.chaostheorygames.com/,chaostheorygames.com,chaostheorygames,jogos
Chaosmonger Studio,Estonia,http://www.chaosmonger.com/,chaosmonger.com,chaosmongerstudio,jogos
Charles Games,Czech Republic,https://charlesgames.net,charlesgames.net,charlesgames,jogos
Chart Top Design,,,,charttopdesign,jogos
Chasing Rats Games,,https://chasingratsgames.com/,chasingratsgames.com,chasingratsgames,jogos
Checkmate Creative,United States,,,checkmatecreative,jogos
Cheesy Software,,http://cheesysoftware.net/cheesy/index.html,cheesysoftware.net,cheesysoftware,jogos
Cherrypick Games,Poland,https://cherrypickgames.com/,cherrypickgames.com,cherrypickgames,jogos
Cheshire Engineering,United States,,,cheshireengineering,jogos
Chibig,Spain,https://chibig.com/,chibig.com,chibig,jogos
Chicken Launcher,,,,chickenlauncher,jogos
Chimera Entertainment,Germany,http://www.chimeraentertainment.de/en/,chimeraentertainment.de,chimeraentertainment,jogos
Choice Provisions,United States,http://www.totallychoice.com/,totallychoice.com,choiceprovisions,jogos
Choice of Games,United States,http://choiceofgames.com,choiceofgames.com,choiceofgames,jogos
Chris Gray Enterprises,Canada,,,chrisgrayenterprises,jogos
ChromaWay,Sweden,https://chromaway.com/,chromaway.com,chromaway,jogos
Chromatic Games,United States,https://chromatic.games/,chromatic.games,chromaticgames,jogos
Chrono Studio,South Korea,https://chronostudio.career.greetinghr.com/,chronostudio.career.greetinghr.com,chronostudio,jogos
Chronos Unterhaltungssoftware,Germany,,,chronosunterhaltungssoftware,jogos
Chubby Pixel,Italy,http://chubbypixel.com,chubbypixel.com,chubbypixel,jogos
Chucklefish,,https://chucklefish.org/,chucklefish.org,chucklefish,jogos
Chumbosoft,,,,chumbosoft,jogos
Chunkybox Games,Australia,http://www.chunkyboxgames.com/,chunkyboxgames.com,chunkyboxgames,jogos
Chupacabra Game Studios,,https://chupacabragamestudios.com/,chupacabragamestudios.com,chupacabragamestudios,jogos
Chute Apps,,https://chuteapps.com/,chuteapps.com,chuteapps,jogos
Ciberbit,,http://www.ciberbit.pt,ciberbit.pt,ciberbit,jogos
Cinematronics,United States,,,cinematronics,jogos
Cinemaware,United States,http://www.cinemaware.com,cinemaware.com,cinemaware,jogos
Cinemax,Czech Republic,http://cinemax.cz/,cinemax.cz,cinemax,jogos
Cipher Prime,United States,http://www.cipherprime.com/,cipherprime.com,cipherprime,jogos
Circle 5 Studios,,,,circle5studios,jogos
Circle Five Studios,,,,circlefivestudios,jogos
Circle Studio,United Kingdom,http://www.circle-studio.com,circle-studio.com,circlestudio,jogos
Circus Atos,Czech Republic,https://www.circusatos.com/,circusatos.com,circusatos,jogos
Cirque Verte,,,,cirqueverte,jogos
Citadel Studios,United States,https://citadelstudios.net/,citadelstudios.net,citadelstudios,jogos
Citeremis Inc.,,,,citeremisinc,jogos
Clarus Victoria,,,,clarusvictoria,jogos
Class-X Games,,,,classxgames,jogos
Clever Endeavour Games,,https://www.cleverendeavourgames.com/,cleverendeavourgames.com,cleverendeavourgames,jogos
Clever Plays,,https://www.clever-plays.com,clever-plays.com,cleverplays,jogos
Clever Trick,,,,clevertrick,jogos
Cleversan Games,Poland,http://www.cleversan.com/,cleversan.com,cleversangames,jogos
Climax Group,United Kingdom,http://www.climaxstudios.co.uk/,climaxstudios.co.uk,climaxgroup,jogos
Cloak and Dagger Games,,https://cadgames.weebly.com,cadgames.weebly.com,cloakanddaggergames,jogos
Clock Wizard Games,,https://www.clockwizardgames.com/about-us,clockwizardgames.com,clockwizardgames,jogos
ClockStone,Austria,https://clockstone.com/wp/games/,clockstone.com,clockstone,jogos
Clockwork Games Limited,United Kingdom,,,clockworkgameslimited,jogos
Clockwork Origins,Germany,https://clockwork-origins.com,clockwork-origins.com,clockworkorigins,jogos
Cloisters Interactive,,https://www.cloisters.games/,cloisters.games,cloistersinteractive,jogos
Cloud Imperium Games,United States,https://www.cloudimperiumgames.com/,cloudimperiumgames.com,cloudimperiumgames,jogos
Cloud M1,,https://www.cloudm1.com/,cloudm1.com,cloudm1,jogos
Clouded Leopard Entertainment,,https://www.cloudedleopardent.com/,cloudedleopardent.com,cloudedleopardentertainment,jogos
Cloudgine,United Kingdom,http://www.cloudgine.com,cloudgine.com,cloudgine,jogos
Cloudhead Games,Canada,http://cloudheadgames.com/,cloudheadgames.com,cloudheadgames,jogos
Cloudscan,United Kingdom,,,cloudscan,jogos
Clover Games Corp.,South Korea,https://www.clovergames.com/,clovergames.com,clovergamescorp,jogos
Coal Supper,,https://coalsupper.com,coalsupper.com,coalsupper,jogos
Coatsink,United Kingdom,https://coatsink.com/,coatsink.com,coatsink,jogos
Cobra Mobile,United Kingdom,http://www.cobramobile.com/,cobramobile.com,cobramobile,jogos
Cobrasoft,France,,,cobrasoft,jogos
Cockroach Inc.,,,,cockroachinc,jogos
Cococucumber,Canada,https://cococucumber.co/,cococucumber.co,cococucumber,jogos
Cocodrilo Dog,Australia,https://www.cocodrilodog.com/,cocodrilodog.com,cocodrilodog,jogos
Code Club AB,Sweden,http://codeclub.se,codeclub.se,codeclubab,jogos
Code Force,,,,codeforce,jogos
Code Headquarters LLC,United States,https://www.code-hq.com/,code-hq.com,codeheadquartersllc,jogos
CodeCombat,United States,http://codecombat.com,codecombat.com,codecombat,jogos
CodeHatch,,,,codehatch,jogos
CodeParade,,http://codeparade.net,codeparade.net,codeparade,jogos
Codebrew Games,,,,codebrewgames,jogos
Coded Illusions,,http://www.coded-illusions.com/,coded-illusions.com,codedillusions,jogos
Codemasters,United Kingdom,http://www.codemasters.com/,codemasters.com,codemasters,jogos
Codeminion,,http://codeminion.com/en/home/,codeminion.com,codeminion,jogos
Codename Entertainment,Canada,http://www.codenameentertainment.com,codenameentertainment.com,codenameentertainment,jogos
Codigames,Spain,https://codigames.com,codigames.com,codigames,jogos
Codo Technologies,United Kingdom,,,codotechnologies,jogos
Coffee Stain North,,,,coffeestainnorth,jogos
Coffee Stain Studios,Sweden,https://www.coffeestainstudios.com/,coffeestainstudios.com,coffeestainstudios,jogos
Coffeenauts,,https://www.coffeenauts.com/,coffeenauts.com,coffeenauts,jogos
Cognilize,Germany,,,cognilize,jogos
Cohort Studios,United Kingdom,http://www.cohortstudios.com,cohortstudios.com,cohortstudios,jogos
Coilworks,,,,coilworks,jogos
Coin Crew Games,,https://www.coincrew.games/,coincrew.games,coincrewgames,jogos
CokeM Interactive,,,,cokeminteractive,jogos
Coktel Vision,France,http://www.coktel.fr,coktel.fr,coktelvision,jogos
Cold Beam Games,,,,coldbeamgames,jogos
Cold Iron Studios,United States,http://coldironstudios.com/,coldironstudios.com,coldironstudios,jogos
Cold Symmetry,,https://www.coldsymmetry.com/,coldsymmetry.com,coldsymmetry,jogos
Coldwood Interactive,Sweden,http://www.coldwood.com/,coldwood.com,coldwoodinteractive,jogos
ColePowered Games,United Kingdom,https://colepowered.com,colepowered.com,colepoweredgames,jogos
Colibri Games,,,,colibrigames,jogos
Collecting Smiles,Sweden,https://collectingsmiles.com,collectingsmiles.com,collectingsmiles,jogos
Collision Studios,United States,,,collisionstudios,jogos
Color Dreams,United States,,,colordreams,jogos
Colors Arti Multimediali,Italy,,,colorsartimultimediali,jogos
Colossal Order,Finland,http://www.colossalorder.fi/,colossalorder.fi,colossalorder,jogos
Combat Waffle Studios,,https://combatwaffle.com/,combatwaffle.com,combatwafflestudios,jogos
Compucolor Pictures,,https://www.compucolorpictures.com/,compucolorpictures.com,compucolorpictures,jogos
Compulsion Games,Canada,https://compulsiongames.com/,compulsiongames.com,compulsiongames,jogos
Computer Artworks,United Kingdom,,,computerartworks,jogos
Computer Emuzone Games Studio,Spain,http://cezgs.computeremuzone.com/,cezgs.computeremuzone.com,computeremuzonegamesstudio,jogos
Con Artist Games,Australia,https://www.conartistgames.com/,conartistgames.com,conartistgames,jogos
Conatus Creative Inc.,,,,conatuscreativeinc,jogos
Concept by Utrecht School of the Arts,Netherlands,,,conceptbyutrechtschoolofthearts,jogos
ConcernedApe LLC,United States,https://www.concernedape.com/,concernedape.com,concernedapellc,jogos
Confounding Factor,United Kingdom,,,confoundingfactor,jogos
Conradical Games,Switzerland,https://conradicalgames.netlify.app/,conradicalgames.netlify.app,conradicalgames,jogos
Console Labs,,http://console-labs.com/,console-labs.com,consolelabs,jogos
Conspiracy Entertainment,United States,http://www.conspiracygames.com,conspiracygames.com,conspiracyentertainment,jogos
Consume This Media,Australia,https://www.consumethismedia.com,consumethismedia.com,consumethismedia,jogos
Contrail,,,,contrail,jogos
Convoy Games,Netherlands,,,convoygames,jogos
CookieByte Entertainment,,,,cookiebyteentertainment,jogos
Cool As Heck Games,,https://www.coolasheck.com/,coolasheck.com,coolasheckgames,jogos
Cordelia Games,,,,cordeliagames,jogos
Cordyceps Collective,Netherlands,,,cordycepscollective,jogos
Core Design,United Kingdom,,,coredesign,jogos
Coreplay,Germany,,,coreplay,jogos
Corepunch Game Studio,,,,corepunchgamestudio,jogos
Cornfox & Bros.,Finland,https://www.cornfox.com/,cornfox.com,cornfoxbros,jogos
Corvostudio,,https://www.corvostudio.it/,corvostudio.it,corvostudio,jogos
Cosmi Corporation,United States,http://www.cosmi.com,cosmi.com,cosmicorporation,jogos
Cosmic Boop,United Kingdom,https://www.cosmicboop.com/,cosmicboop.com,cosmicboop,jogos
CosmicNobab,,,,cosmicnobab,jogos
Cosmigo,Germany,https://www.cosmigo.com/,cosmigo.com,cosmigo,jogos
Cosmo Gatto,,,,cosmogatto,jogos
Cosmonaut Games,Spain,http://www.cosmonautgames.com,cosmonautgames.com,cosmonautgames,jogos
Cosmonaut Studios,United Kingdom,https://www.cosmonautstudios.co.uk/,cosmonautstudios.co.uk,cosmonautstudios,jogos
Cosmos Designs,Austria,,,cosmosdesigns,jogos
Counterplay Games Inc.,,,,counterplaygamesinc,jogos
Covenant Studios,,http://www.covenant-studios.com/,covenant-studios.com,covenantstudios,jogos
Covenant.dev,Poland,https://covenant.dev,covenant.dev,covenantdev,jogos
Covert Operations Ltd,United Kingdom,,,covertoperationsltd,jogos
Cowardly Creations,Slovenia,,,cowardlycreations,jogos
Coyote Console,United Kingdom,http://www.coyoteconsole.com/,coyoteconsole.com,coyoteconsole,jogos
Cozy Bee Games,Canada,https://www.cozybeegames.com,cozybeegames.com,cozybeegames,jogos
Cr3 Studio,United States,,,cr3studio,jogos
Crack dot Com,United States,,,crackdotcom,jogos
Crackshell,,https://www.crackshell.dk/,crackshell.dk,crackshell,jogos
Cradle Games,Canada,http://www.cradlegames.com,cradlegames.com,cradlegames,jogos
Crafting Legends,Germany,http://www.craftinglegends.com/,craftinglegends.com,craftinglegends,jogos
Crafty Studios,Austria,,,craftystudios,jogos
Cranberry Production,Germany,,,cranberryproduction,jogos
Craneballs,Czech Republic,http://www.craneballs.com/,craneballs.com,craneballs,jogos
Crash Lab,,http://www.crashlab.co.uk,crashlab.co.uk,crashlab,jogos
Crate Entertainment,United States,http://www.crateentertainment.com,crateentertainment.com,crateentertainment,jogos
Crave Entertainment,United States,http://wayback.archive.org/web/20120803050514/http://www.cravegames.com/,wayback.archive.org,craveentertainment,jogos
Crazy Moo Games,,,,crazymoogames,jogos
CrazyBunch,Germany,https://www.crazybunch.biz/,crazybunch.biz,crazybunch,jogos
CrazyFoot Gamestudio B.V.,Netherlands,,,crazyfootgamestudiobv,jogos
Crazysoft,Cyprus,https://www.crazysoft.gr/,crazysoft.gr,crazysoft,jogos
Crea-7,Switzerland,https://www.crea-7.com/,crea-7.com,crea7,jogos
CreaVate,,,,creavate,jogos
Crealude,France,,,crealude,jogos
Creashock studios,Ukraine,,,creashockstudios,jogos
Createasaurus,United States,,,createasaurus,jogos
Creative Assembly,United Kingdom,http://www.creative-assembly.co.uk/,creative-assembly.co.uk,creativeassembly,jogos
Creative Assembly Sofia,,http://www.creative-assembly.com/,creative-assembly.com,creativeassemblysofia,jogos
Creative Bytes Studios,,,,creativebytesstudios,jogos
Creative Concepts,Belgium,http://www.onaroll-studio.com/,onaroll-studio.com,creativeconcepts,jogos
Creative Edge Software,United Kingdom,,,creativeedgesoftware,jogos
Creative Hand,,https://www.creativehand.com.br/,creativehand.com.br,creativehand,jogos
Creative Materials,,,,creativematerials,jogos
Creative Rail,,,,creativerail,jogos
Creative Reality,United Kingdom,,,creativereality,jogos
CreativeForge Games,Poland,http://www.creativeforge.pl,creativeforge.pl,creativeforgegames,jogos
Creature Labs,,,,creaturelabs,jogos
Credici,Italy,,,credici,jogos
Creepy Brothers,,http://creepybrothers.com/,creepybrothers.com,creepybrothers,jogos
Crema,Spain,https://crema.gg,crema.gg,crema,jogos
Creobit,,,,creobit,jogos
Creoteam,Ukraine,http://creoteam.com/ru,creoteam.com,creoteam,jogos
Crescent Moon Games,United States,http://www.crescentmoongames.com/,crescentmoongames.com,crescentmoongames,jogos
Crew Lab,,,,crewlab,jogos
Crioland,,,,crioland,jogos
Crisp App Studio,,http://crispapp.com,crispapp.com,crispappstudio,jogos
Criterion Games,United Kingdom,http://www.criteriongames.com/,criteriongames.com,criteriongames,jogos
Critical Bliss,,,,criticalbliss,jogos
Critical Gameplay,United States,,,criticalgameplay,jogos
Critical Games,Australia,https://www.criticalgames.com.au/,criticalgames.com.au,criticalgames,jogos
Critical Studio,,,,criticalstudio,jogos
Crocodile Entertainment,,,,crocodileentertainment,jogos
Cronostase,,,,cronostase,jogos
Cross Game Studio,,,,crossgamestudio,jogos
Croteam,Croatia,http://www.croteam.com,croteam.com,croteam,jogos
Croteam Publishing,Croatia,,,croteampublishing,jogos
Croteam VR,Croatia,,,croteamvr,jogos
Crowbar Collective,,,,crowbarcollective,jogos
CrowdStar,,,,crowdstar,jogos
Crunching Koalas,Poland,http://www.crunchingkoalas.com/,crunchingkoalas.com,crunchingkoalas,jogos
Cryo Interactive,France,http://www.microids.com/,microids.com,cryointeractive,jogos
Cryo Studios,United States,,,cryostudios,jogos
Cryptic Studios,United States,http://www.crypticstudios.com,crypticstudios.com,crypticstudios,jogos
Crystal Computing,United Kingdom,,,crystalcomputing,jogos
Crystal Dynamics,United States,https://www.crystaldynamics.com/,crystaldynamics.com,crystaldynamics,jogos
Crystal Empire Games,,,,crystalempiregames,jogos
Crystal Game Works,United States,,,crystalgameworks,jogos
Crystal Shard,,,,crystalshard,jogos
Crystal Squid,United Kingdom,https://www.crystalsquid.com/,crystalsquid.com,crystalsquid,jogos
Crystalline Green Ltd.,United Kingdom,http://www.crystallinegreen.com/,crystallinegreen.com,crystallinegreenltd,jogos
Crystice Softworks,,,,crysticesoftworks,jogos
Crytek,Germany,http://www.crytek.com/,crytek.com,crytek,jogos
Crytek Frankfurt,Germany,http://www.crytek.com/career/studios/overview/frankfurt,crytek.com,crytekfrankfurt,jogos
Crytek Hungary,Hungary,http://www.crytek.com/career/studios/overview/budapest,crytek.com,crytekhungary,jogos
Crytek Kiev,,,,crytekkiev,jogos
Crytek UK,United Kingdom,http://www.dsdambuster.com/,dsdambuster.com,crytekuk,jogos
Crytek USA,United States,,,crytekusa,jogos
Cubical Drift,France,,,cubicaldrift,jogos
Cubus Games,Spain,http://www.cubusgames.com/,cubusgames.com,cubusgames,jogos
Cultimedia,,,,cultimedia,jogos
Curly Monsters,,,,curlymonsters,jogos
Curve Animation,,,,curveanimation,jogos
Curve Games,United Kingdom,https://curvegames.com,curvegames.com,curvegames,jogos
Cute Hannah's Games,,,,cutehannahsgames,jogos
Cutting Corner Games,,,,cuttingcornergames,jogos
Cyan Worlds,United States,https://cyan.com,cyan.com,cyanworlds,jogos
Cyanide,France,http://www.cyanide-studio.com,cyanide-studio.com,cyanide,jogos
Cyber Crime Games,Netherlands,,,cybercrimegames,jogos
Cyber Light Game Studio,,https://www.bigfootplay.com/,bigfootplay.com,cyberlightgamestudio,jogos
Cyber Rhino Studios,,,,cyberrhinostudios,jogos
CyberAlliance,,,,cyberalliance,jogos
Cyberflix,United States,http://www.cyberflix.com/,cyberflix.com,cyberflix,jogos
Cyberlore Studios,United States,http://www.cyberlore.com/,cyberlore.com,cyberlorestudios,jogos
Cyberwave,Germany,,,cyberwave,jogos
Cyborn,Belgium,https://www.cyborn.be/,cyborn.be,cyborn,jogos
Cybron,,,,cybron,jogos
Cyclone Studios,United States,,,cyclonestudios,jogos
Cygnus Entertainment,,,,cygnusentertainment,jogos
Cypronia,Slovakia,https://cypronia.com/,cypronia.com,cypronia,jogos
Cytherean Adventures,,,,cythereanadventures,jogos
D'Avekki Studios,United Kingdom,https://davekki.com/,davekki.com,davekkistudios,jogos
D-Dub Software,United States,https://www.d-dub.com/,d-dub.com,ddubsoftware,jogos
D-Pad Studio,Norway,http://www.dpadstudio.com/,dpadstudio.com,dpadstudio,jogos
D.O,,http://www.do-game.co.jp/,do-game.co.jp,do,jogos
D3 Publisher,United States,https://d3go.com/,d3go.com,d3publisher,jogos
D3T,United Kingdom,https://d3tltd.com,d3tltd.com,d3t,jogos
D6 Team,,http://d6team.com/,d6team.com,d6team,jogos
DAMAGE STATE,United Kingdom,https://www.damagestate.com,damagestate.com,damagestate,jogos
DC Studios,United Kingdom,,,dcstudios,jogos
DC Studios,United States,,,dcstudios,jogos
DECA Games,,https://www.decagames.com/,decagames.com,decagames,jogos
DEL PLAYER,,,,delplayer,jogos
DESTINYbit,,,,destinybit,jogos
DEVGRU-P,,http://devgru-p.weebly.com/,devgru-p.weebly.com,devgrup,jogos
DICE,Sweden,http://www.dice.se/,dice.se,dice,jogos
DIMA,Netherlands,,,dima,jogos
DMM GAMES,,https://games.dmm.com/,games.dmm.com,dmmgames,jogos
DNT Games,,,,dntgames,jogos
DOMO Production,,,,domoproduction,jogos
DP Games,Italy,,,dpgames,jogos
DR Studios,United Kingdom,http://www.drstudios.co.uk,drstudios.co.uk,drstudios,jogos
DTP entertainment,Germany,http://www.dtp-entertainment.com,dtp-entertainment.com,dtpentertainment,jogos
DV Survival Games,Ukraine,https://ti.dn.ua/,ti.dn.ua,dvsurvivalgames,jogos
DX Gameworks,,https://dxgameworks.com/,dxgameworks.com,dxgameworks,jogos
Daedalic Entertainment,Germany,https://daedalic.com,daedalic.com,daedalicentertainment,jogos
Dahku Creations,,https://www.dahku.com/,dahku.com,dahkucreations,jogos
Dakko Dakko,United Kingdom,https://www.dakkodakko.com/_site/,dakkodakko.com,dakkodakko,jogos
Dalcom Soft,South Korea,http://dalcomsoft.com/html/dh/main,dalcomsoft.com,dalcomsoft,jogos
Dan & Gary Games,,https://danandgarygames.com/,danandgarygames.com,dangarygames,jogos
Dancing Dots,France,,,dancingdots,jogos
Danger Close Games,United States,http://www.dangerclosegames.com,dangerclosegames.com,dangerclosegames,jogos
DangerousBob Studio,United States,https://dangerousbobstudio.com/,dangerousbobstudio.com,dangerousbobstudio,jogos
Daniel Wright,,,,danielwright,jogos
Daou Infosys,South Korea,,,daouinfosys,jogos
Dapper Penguin Studios,United States,,,dapperpenguinstudios,jogos
Dark Amber Softworks,,https://darkamber.org,darkamber.org,darkambersoftworks,jogos
Dark Energy Digital,United Kingdom,,,darkenergydigital,jogos
Dark Gaia,Australia,https://darkgaia.com/,darkgaia.com,darkgaia,jogos
Dark Unicorn Productions,,,,darkunicornproductions,jogos
DarkDreamStudio,,,,darkdreamstudio,jogos
Darkania Works,,https://darkaniaworks.wordpress.com/,darkaniaworks.wordpress.com,darkaniaworks,jogos
Darkflow Software,Latvia,https://darkflowsoftware.com,darkflowsoftware.com,darkflowsoftware,jogos
Darkside Game Studios,United States,http://darksidegames.com/,darksidegames.com,darksidegamestudios,jogos
Darkwinter Software,,,,darkwintersoftware,jogos
Darkworks,France,http://www.darkworks.com/,darkworks.com,darkworks,jogos
Darril Arts,Italy,http://www.darrilarts.com,darrilarts.com,darrilarts,jogos
DashNet,Netherlands,https://dashnet.org/,dashnet.org,dashnet,jogos
Data Design Interactive,United Kingdom,,,datadesigninteractive,jogos
Data Realms,,,,datarealms,jogos
Datcroft Games,,,,datcroftgames,jogos
Date Nighto,,,,datenighto,jogos
Dave Microwaves Games,,https://davemicrowavesgames.wixsite.com/davemicrowavesgames,davemicrowavesgames.wixsite.com,davemicrowavesgames,jogos
Dave Nutting Associates,,,,davenuttingassociates,jogos
David Mccue,,,,davidmccue,jogos
Davilex Games,Netherlands,http://davilex.nl:80/games.asp,davilex.nl:80,davilexgames,jogos
Dawn Studios,Germany,,,dawnstudios,jogos
Daybreak Game Company,United States,https://www.daybreakgames.com/,daybreakgames.com,daybreakgamecompany,jogos
Daydream Software,,,,daydreamsoftware,jogos
Dead Drop Studios,United States,https://www.deaddroppublishing.com/,deaddroppublishing.com,deaddropstudios,jogos
Dead Mage,United States,https://deadmage.com/,deadmage.com,deadmage,jogos
Deadline Games,Denmark,,,deadlinegames,jogos
Deadpan Games,United Kingdom,,,deadpangames,jogos
Decabry,,,,decabry,jogos
Deck Nine,United States,https://deckninegames.com,deckninegames.com,decknine,jogos
Deck13 Hamburg,,,,deck13hamburg,jogos
Deck13 Interactive,Germany,https://www.deck13.com/,deck13.com,deck13interactive,jogos
Deconstructeam,,http://deconstructeam.com,deconstructeam.com,deconstructeam,jogos
Deep Fried Entertainment,Canada,,,deepfriedentertainment,jogos
Deep Shadows,Ukraine,http://deep-shadows.com/,deep-shadows.com,deepshadows,jogos
Deep Silver,Germany,http://www.deepsilver.com/,deepsilver.com,deepsilver,jogos
Deep Silver,United Kingdom,http://www.deepsilver.com/,deepsilver.com,deepsilver,jogos
Deep Silver Dambuster Studios,United Kingdom,http://www.dsdambuster.com/,dsdambuster.com,deepsilverdambusterstudios,jogos
DeepWell Digital Therapeutics,,,,deepwelldigitaltherapeutics,jogos
Deepnight Games,France,https://deepnight.net/,deepnight.net,deepnightgames,jogos
Defence Alliance Team,,,,defenceallianceteam,jogos
Defiant Development,Australia,http://defiantdev.com,defiantdev.com,defiantdevelopment,jogos
Defrost Games,Sweden,,,defrostgames,jogos
Dehon Games,,,,dehongames,jogos
Deibus Studios,,,,deibusstudios,jogos
Dejobaan Games,United States,http://www.dejobaan.com/,dejobaan.com,dejobaangames,jogos
Dekovir,,https://dekovir.com/,dekovir.com,dekovir,jogos
Deloryan Games,Netherlands,,,deloryangames,jogos
Delphinium Interactive,Canada,,,delphiniuminteractive,jogos
Delta Tao Software,United States,http://www.deltatao.com/,deltatao.com,deltataosoftware,jogos
DeluCat Productions,,https://www.delucat-productions.com/,delucat-productions.com,delucatproductions,jogos
Demihumans,,https://www.authorkurt.com/demihumans.html,authorkurt.com,demihumans,jogos
Demonware,Ireland,http://www.demonware.net/,demonware.net,demonware,jogos
Denda Games,Netherlands,https://www.denda.com/,denda.com,dendagames,jogos
Denki,United Kingdom,http://www.denki.co.uk,denki.co.uk,denki,jogos
Dennaton Games,Sweden,http://www.dennaton.com/,dennaton.com,dennatongames,jogos
Deothic,Estonia,,,deothic,jogos
Depth Analysis,,,,depthanalysis,jogos
Descendent Studios,United States,https://descendentstudios.com/,descendentstudios.com,descendentstudios,jogos
Desk Plant,,,,deskplant,jogos
Destination Games,United States,http://www.destination-games.com/,destination-games.com,destinationgames,jogos
Destineer,United States,http://www.destineergames.com/,destineergames.com,destineer,jogos
Destiny Software Productions,Canada,,,destinysoftwareproductions,jogos
Destructive Creations,Poland,https://destructivecreations.com/,destructivecreations.com,destructivecreations,jogos
Detach Entertainment,Germany,https://detach-entertainment.com/,detach-entertainment.com,detachentertainment,jogos
Detalion,Poland,http://www.detalion.com/,detalion.com,detalion,jogos
Dev4Play,Poland,https://dev4play.com/,dev4play.com,dev4play,jogos
Dev9k,,https://www.dev9k.com/,dev9k.com,dev9k,jogos
Devcats,,https://www.devcatsgames.com/,devcatsgames.com,devcats,jogos
Development Studio,Sweden,http://www.paradoxplaza.com/corporate/development-studio,paradoxplaza.com,developmentstudio,jogos
Devespresso Games,South Korea,https://www.devespressogames.com/,devespressogames.com,devespressogames,jogos
Devil Kitty Games,,http://devilkittygames.com/,devilkittygames.com,devilkittygames,jogos
Devsisters,South Korea,http://www.devsisters.com/,devsisters.com,devsisters,jogos
Deyteris Games,,,,deyterisgames,jogos
Dezvolt Games,Romania,,,dezvoltgames,jogos
Diamond Software,,,,diamondsoftware,jogos
Die Gute Fabrik,Denmark,http://gutefabrik.com,gutefabrik.com,diegutefabrik,jogos
Different Tales,,http://differenttales.com/,differenttales.com,differenttales,jogos
DigiArt Interactive,United States,https://digiartinteractive.com/,digiartinteractive.com,digiartinteractive,jogos
DigiFX Interactive,United States,,,digifxinteractive,jogos
DigiTales Interactive,Germany,https://digitales.games/,digitales.games,digitalesinteractive,jogos
Digital Capital Corporation,Switzerland,,,digitalcapitalcorporation,jogos
Digital Chocolate,United States,http://www.digitalchocolate.com,digitalchocolate.com,digitalchocolate,jogos
Digital Continue,United States,https://www.digitalcontinue.com/,digitalcontinue.com,digitalcontinue,jogos
Digital Cybercherries,,http://digitalcybercherries.com/,digitalcybercherries.com,digitalcybercherries,jogos
Digital Dialect,United States,,,digitaldialect,jogos
Digital Dreams,,,,digitaldreams,jogos
Digital Dreams,Netherlands,https://www.digitaldreamsgames.com/,digitaldreamsgames.com,digitaldreams,jogos
Digital Eclipse,United States,https://digitaleclipse.com/,digitaleclipse.com,digitaleclipse,jogos
Digital Eel,United States,http://www.digital-eel.com/,digital-eel.com,digitaleel,jogos
Digital Embryo,,,,digitalembryo,jogos
Digital Entertainment,,,,digitalentertainment,jogos
Digital Excess,Germany,,,digitalexcess,jogos
Digital Extremes,Canada,http://www.digitalextremes.com/,digitalextremes.com,digitalextremes,jogos
Digital Game Group,,,,digitalgamegroup,jogos
Digital Homicide Studios,United States,,,digitalhomicidestudios,jogos
Digital Infinity,Netherlands,,,digitalinfinity,jogos
Digital Kids,,,,digitalkids,jogos
Digital Kingdom,Switzerland,https://digitalkingdom.ch/,digitalkingdom.ch,digitalkingdom,jogos
Digital Leisure,Canada,http://www.digitalleisure.com,digitalleisure.com,digitalleisure,jogos
Digital Media Workshop,,,,digitalmediaworkshop,jogos
Digital Melody,Poland,https://www.digitalmelody.eu/,digitalmelody.eu,digitalmelody,jogos
Digital Praise,United States,http://www.digitalpraise.com/,digitalpraise.com,digitalpraise,jogos
Digital Reality,United States,http://www.digitalreality.hu/,digitalreality.hu,digitalreality,jogos
Digital Software,,,,digitalsoftware,jogos
Digital Spray Studios,Ukraine,,,digitalspraystudios,jogos
Digital Sun,Spain,https://www.digitalsungames.com/,digitalsungames.com,digitalsun,jogos
Digital Tentacle,,,,digitaltentacle,jogos
Digital Train Model,,,,digitaltrainmodel,jogos
Digitality Games,Portugal,https://digitalitygames.com/,digitalitygames.com,digitalitygames,jogos
Digitalmindsoft,Germany,http://www.digitalmindsoft.eu/,digitalmindsoft.eu,digitalmindsoft,jogos
Dilmer Games,United States,http://www.dilmergames.com,dilmergames.com,dilmergames,jogos
Dionous Games,,https://www.dionous.com/,dionous.com,dionousgames,jogos
Diplodocus Games,Germany,http://diplodocus-games.de/,diplodocus-games.de,diplodocusgames,jogos
Dire Wolf Digital,United States,https://www.direwolfdigital.com,direwolfdigital.com,direwolfdigital,jogos
Direlight,Finland,https://direlight.com/,direlight.com,direlight,jogos
Dirty Fox Games,,,,dirtyfoxgames,jogos
Dischan Media,,https://dischan.co/,dischan.co,dischanmedia,jogos
Disco Pixel,,http://discopixel.com,discopixel.com,discopixel,jogos
Disney Interactive Studios,United States,http://disney.go.com/disneyinteractivestudios,disney.go.com,disneyinteractivestudios,jogos
Disney Mobile Games Studio,Czech Republic,,,disneymobilegamesstudio,jogos
Dispari,,,,dispari,jogos
Disruptor Beam,United States,http://www.disruptorbeam.com/,disruptorbeam.com,disruptorbeam,jogos
Distant Games,,,,distantgames,jogos
Distinctive Software,Canada,,,distinctivesoftware,jogos
Divide By Zero,United Kingdom,,,dividebyzero,jogos
Divine Games,,,,divinegames,jogos
Divinity Studios,,http://divinitystudios.webs.com/,divinitystudios.webs.com,divinitystudios,jogos
Djinnworks,Austria,https://djinnworks.at/,djinnworks.at,djinnworks,jogos
DnS Development,,,,dnsdevelopment,jogos
Dnovel,,,,dnovel,jogos
Dodge Roll,United States,,,dodgeroll,jogos
Dogenzaka Lab,,,,dogenzakalab,jogos
Dogubomb,United States,https://www.dogubomb.com/,dogubomb.com,dogubomb,jogos
Dolores Entertainment,Spain,http://www.doloresentertainment.com/,doloresentertainment.com,doloresentertainment,jogos
DolphinBarn,,,,dolphinbarn,jogos
Domark Software,United Kingdom,,,domarksoftware,jogos
Dongleware,Germany,,,dongleware,jogos
Don’t Nod,France,https://dont-nod.com/,dont-nod.com,dontnod,jogos
Dotemu,France,https://www.dotemu.com,dotemu.com,dotemu,jogos
Double Action Factory,,,,doubleactionfactory,jogos
Double Dagger Studio,United States,https://www.doubledaggerstudio.com/,doubledaggerstudio.com,doubledaggerstudio,jogos
Double Eleven,United Kingdom,http://www.double11.co.uk/,double11.co.uk,doubleeleven,jogos
Double Fine,United States,http://www.doublefine.com/,doublefine.com,doublefine,jogos
Double Helix Games,United States,,,doublehelixgames,jogos
Double Jack,France,,,doublejack,jogos
Double Mizzle,,https://doublemizzlee.com/,doublemizzlee.com,doublemizzle,jogos
Double Stallion,Canada,https://dblstallion.com/,dblstallion.com,doublestallion,jogos
DoubleBear Productions,United States,http://www.doublebearproductions.com,doublebearproductions.com,doublebearproductions,jogos
Doublesix,United Kingdom,http://www.doublesixgames.com/,doublesixgames.com,doublesix,jogos
Douze Dixièmes,France,,,douzediximes,jogos
Dovetail Games,United Kingdom,http://train-simulator.com,train-simulator.com,dovetailgames,jogos
Downpour Interactive,,http://www.downpourinteractive.com/,downpourinteractive.com,downpourinteractive,jogos
Downsideup Games,,https://www.downsideupgames.com/,downsideupgames.com,downsideupgames,jogos
DrPinkCake,,https://www.patreon.com/DrPinkCake,patreon.com,drpinkcake,jogos
Drageus Games,Poland,https://drageusgames.com/,drageusgames.com,drageusgames,jogos
Drago Entertainment,Poland,https://www.drago-entertainment.com/,drago-entertainment.com,dragoentertainment,jogos
Dragonfire Studios,,https://dragonfire.ai/,dragonfire.ai,dragonfirestudios,jogos
Dragonfly,South Korea,http://www.dragonflygame.com/,dragonflygame.com,dragonfly,jogos
Drakhar Studio,Spain,https://www.drakharstudio.com/,drakharstudio.com,drakharstudio,jogos
Drakkar Dev,Italy,http://www.drakkardev.com,drakkardev.com,drakkardev,jogos
Drama,France,https://studiosdrama.com,studiosdrama.com,drama,jogos
Drama Drifters,,,,dramadrifters,jogos
Dramatic Labs,United States,https://dramaticlabs.com,dramaticlabs.com,dramaticlabs,jogos
Drastic Games,,,,drasticgames,jogos
Draw Distance,,https://drawdistance.dev/,drawdistance.dev,drawdistance,jogos
Draw Me A Pixel,France,https://www.drawmeapixel.com/,drawmeapixel.com,drawmeapixel,jogos
DreadXP,,https://www.dreadxp.com/,dreadxp.com,dreadxp,jogos
Dreadbit,,,,dreadbit,jogos
Dream Dale,,,,dreamdale,jogos
Dream Holdings,,,,dreamholdings,jogos
Dream On Studio,,,,dreamonstudio,jogos
Dream Oni,United Kingdom,,,dreamoni,jogos
Dream Software,United Kingdom,,,dreamsoftware,jogos
Dream-Up,France,https://www.dream-up.eu,dream-up.eu,dreamup,jogos
DreamBox Games,Spain,https://www.dreamboxgames.com/,dreamboxgames.com,dreamboxgames,jogos
DreamForge Intertainment,United States,,,dreamforgeintertainment,jogos
DreamRift,United States,http://www.dreamrift.com,dreamrift.com,dreamrift,jogos
DreamStorm Studios,Poland,https://dreamstormstudios.com/,dreamstormstudios.com,dreamstormstudios,jogos
Dreamatrix Game Studios,,http://www.dreamatrix.net/site/index.php,dreamatrix.net,dreamatrixgamestudios,jogos
Dreamhaven,United States,https://www.dreamhaven.com/,dreamhaven.com,dreamhaven,jogos
Dreamworks Interactive,,,,dreamworksinteractive,jogos
Drifter,United States,https://drifter.games/,drifter.games,drifter,jogos
Drinkbox Studios,Canada,http://www.drinkboxstudios.com,drinkboxstudios.com,drinkboxstudios,jogos
Driven Arts,,,,drivenarts,jogos
Drizzly Bear,,,,drizzlybear,jogos
Drool,,,,drool,jogos
Drop Bear Bytes,Australia,https://www.dropbearbytes.com/,dropbearbytes.com,dropbearbytes,jogos
Dry Cactus,New Zealand,,,drycactus,jogos
DuCats Games Studio,,,,ducatsgamesstudio,jogos
Duality Games,Poland,https://dualitygames.eu/,dualitygames.eu,dualitygames,jogos
Dumb and Fat Games,,https://dumbandfat.com/,dumbandfat.com,dumbandfatgames,jogos
Dume Games Studio,,,,dumegamesstudio,jogos
Dusky Hallows Studio,,https://duskyhallows.itch.io/,duskyhallows.itch.io,duskyhallowsstudio,jogos
Dylan Fitterer,,,,dylanfitterer,jogos
Dynamis One,South Korea,https://www.dynamisone.co.kr/,dynamisone.co.kr,dynamisone,jogos
"Dynamix, Inc.",United States,,,dynamixinc,jogos
Dynamo Games,United Kingdom,,,dynamogames,jogos
E-Line Media,United States,https://elinemedia.com/,elinemedia.com,elinemedia,jogos
E-Regular Games,United States,https://www.e-regular-games.com/,e-regular-games.com,eregulargames,jogos
EA Bright Light,United Kingdom,,,eabrightlight,jogos
EA Gothenburg,Sweden,,,eagothenburg,jogos
EA Mobile,United States,http://www.ea.com/mobile,ea.com,eamobile,jogos
EA Montreal,Canada,http://www.eamontreal.com,eamontreal.com,eamontreal,jogos
EA Orlando,United States,https://www.ea.com/ea-studios/ea-orlando,ea.com,eaorlando,jogos
EA Pacific,United States,,,eapacific,jogos
EA Salt Lake,United States,http://www.ea.com/de/locations/salt-lake-city/,ea.com,easaltlake,jogos
EA Seattle,United States,,,easeattle,jogos
EA Singapore,,http://www.ea.com/asia,ea.com,easingapore,jogos
EA Vancouver,Canada,https://www.ea.com/careers/careers-overview/vancouver/,ea.com,eavancouver,jogos
EAD Tokyo,,,,eadtokyo,jogos
EAS Software,,,,eassoftware,jogos
ELOI Productions,Canada,,,eloiproductions,jogos
EPIDGames,South Korea,https://epidgames.com/,epidgames.com,epidgames,jogos
ESCAL Software GmbH,Germany,,,escalsoftwaregmbh,jogos
EV Interactive,United States,https://www.evinteractive.com/,evinteractive.com,evinteractive,jogos
EXiin,Belgium,,,exiin,jogos
Eagre Games,,,,eagregames,jogos
Earplay,,https://www.earplay.com/,earplay.com,earplay,jogos
EarthWork Games,Australia,http://www.earthworkgames.com,earthworkgames.com,earthworkgames,jogos
East Cube,,,,eastcube,jogos
East Point Software,,,,eastpointsoftware,jogos
East Side Games,Canada,https://www.eastsidegames.com/,eastsidegames.com,eastsidegames,jogos
Eastshade Studios,United States,,,eastshadestudios,jogos
Eat Create Sleep,,,,eatcreatesleep,jogos
Eat Sleep Play,United States,http://www.eatsleepplay.biz,eatsleepplay.biz,eatsleepplay,jogos
Ebb Software,Serbia,https://ebbsoftware.com/,ebbsoftware.com,ebbsoftware,jogos
Ebullience Games,,http://www.ebulliencegames.com/,ebulliencegames.com,ebulliencegames,jogos
Echidna Software Development,,,,echidnasoftwaredevelopment,jogos
Echo Project,,,,echoproject,jogos
Eclipse Games,Spain,https://eclipse-games.net,eclipse-games.net,eclipsegames,jogos
Eclipse Software,United States,,,eclipsesoftware,jogos
Eclipse Software Design,,,,eclipsesoftwaredesign,jogos
Eden Industries,Canada,https://edenindustries.ca/blog/,edenindustries.ca,edenindustries,jogos
Edenic Era LLC,United States,,,edenicerallc,jogos
Edenic Games,Spain,,,edenicgames,jogos
Edge Games,United States,http://www.edgegames.com,edgegames.com,edgegames,jogos
Edge of Reality,United States,http://www.edgeofreality.com/,edgeofreality.com,edgeofreality,jogos
Eerie Bear Games,,,,eeriebeargames,jogos
EfimovMax,,,,efimovmax,jogos
EggNut,Canada,https://eggnut.net,eggnut.net,eggnut,jogos
Eggcode Games,Germany,https://www.eggcodegames.com/,eggcodegames.com,eggcodegames,jogos
Egmont Publishing Digital,Denmark,,,egmontpublishingdigital,jogos
Ego Software,,,,egosoftware,jogos
Egosoft,Germany,https://www.egosoft.com/,egosoft.com,egosoft,jogos
Eiconic Games,United Kingdom,,,eiconicgames,jogos
Eidos Interactive,United Kingdom,http://www.eidos.com/,eidos.com,eidosinteractive,jogos
Eidos Montreal,Canada,https://www.eidosmontreal.com/,eidosmontreal.com,eidosmontreal,jogos
Eight Points,,,,eightpoints,jogos
EightyEight Games,United Kingdom,http://eightyeightgames.com/,eightyeightgames.com,eightyeightgames,jogos
Einzelartig Games,Germany,https://www.einzelartig.com/,einzelartig.com,einzelartiggames,jogos
Eirtep,,,,eirtep,jogos
Ektomarch,,,,ektomarch,jogos
Eld Interaktiv Produktions,Sweden,,,eldinteraktivproduktions,jogos
Elder Games,,,,eldergames,jogos
Elecorn,,,,elecorn,jogos
Electric Dreams,United States,,,electricdreams,jogos
Electric Games,,,,electricgames,jogos
Electric Square,United Kingdom,https://www.electricsquare.com/,electricsquare.com,electricsquare,jogos
ElectricPuke,,http://boyfriendtodeath.com/pgs/index.php,boyfriendtodeath.com,electricpuke,jogos
Electronic Arts,United States,https://www.ea.com,ea.com,electronicarts,jogos
Electronic Arts Chicago,,,,electronicartschicago,jogos
Electrotank,,,,electrotank,jogos
Elektrogames,France,,,elektrogames,jogos
Elemental Games,,,,elementalgames,jogos
Eleon Game Studios,,,,eleongamestudios,jogos
Elephant Games,,http://www.elephant-games.com/,elephant-games.com,elephantgames,jogos
Elf Games,Italy,https://elfgames.com/,elfgames.com,elfgames,jogos
Elias Viglione,,,,eliasviglione,jogos
Elite Systems,United Kingdom,http://www.elite-systems.co.uk/,elite-systems.co.uk,elitesystems,jogos
Elixir Studios,United Kingdom,,,elixirstudios,jogos
Ellada Games,,,,elladagames,jogos
Elliptic Games,United States,https://elliptic-games.com/,elliptic-games.com,ellipticgames,jogos
Eloquence Entertainment,Spain,,,eloquenceentertainment,jogos
Elseware Experience,France,http://www.elseware-experience.com,elseware-experience.com,elsewareexperience,jogos
Elsewhere Entertainment,Poland,,,elsewhereentertainment,jogos
Elsinore Multimedia,United States,,,elsinoremultimedia,jogos
Elva Femtiofem Media,Sweden,,,elvafemtiofemmedia,jogos
Embark Studios,Sweden,https://www.embark-studios.com,embark-studios.com,embarkstudios,jogos
Ember Entertainment,United States,http://ember-entertainment.com/,ember-entertainment.com,emberentertainment,jogos
Ember Lab,United States,https://www.emberlab.com,emberlab.com,emberlab,jogos
Ember Trail,Sweden,http://badyolkgames.com/,badyolkgames.com,embertrail,jogos
Emberheart Games,Slovenia,,,emberheartgames,jogos
Embers,France,https://embers.games/,embers.games,embers,jogos
Eminoma,,,,eminoma,jogos
Emotional Pictures,Denmark,,,emotionalpictures,jogos
Empire Interactive,United Kingdom,,,empireinteractive,jogos
Empire Oxford,,,,empireoxford,jogos
Empty Clip Studios,United States,https://www.emptyclipstudios.com/,emptyclipstudios.com,emptyclipstudios,jogos
Encore,United States,,,encore,jogos
Endgame Studios,Australia,,,endgamestudios,jogos
Endless Coffee,Spain,,,endlesscoffee,jogos
Endless Loop Studios,,,,endlessloopstudios,jogos
EndlessFluff Games,United States,https://endlessfluff.games/,endlessfluff.games,endlessfluffgames,jogos
Endnight Games,Canada,https://endnightgames.com/,endnightgames.com,endnightgames,jogos
Engine Software,Netherlands,http://www.engine-software.com/,engine-software.com,enginesoftware,jogos
Engineering Animation,,,,engineeringanimation,jogos
English Software,United Kingdom,,,englishsoftware,jogos
Enhance,United States,http://www.enhance-experience.com/,enhance-experience.com,enhance,jogos
Enhance Games,,,,enhancegames,jogos
Enigma Variations,United Kingdom,,,enigmavariations,jogos
Enigmatic Machines,,,,enigmaticmachines,jogos
Enjoy Studio,Poland,https://www.enjoystudio.com/,enjoystudio.com,enjoystudio,jogos
EnjoyUp,Spain,http://www.enjoyup.com,enjoyup.com,enjoyup,jogos
Enlightened Robot Entertainment,Austria,https://enlightenedrobot.com/,enlightenedrobot.com,enlightenedrobotentertainment,jogos
Ennui Studio,,,,ennuistudio,jogos
Enodo Games,France,,,enodogames,jogos
Enoops,,,,enoops,jogos
Entrada Interactive LLC,,,,entradainteractivellc,jogos
Envision Entertainment,Germany,https://www.envision-entertainment.de/,envision-entertainment.de,envisionentertainment,jogos
Envoidant Studios,United Kingdom,,,envoidantstudios,jogos
EpiXR Games,,https://www.epixrgames.com/,epixrgames.com,epixrgames,jogos
Epic Marketing,,,,epicmarketing,jogos
Epicenter Studios,United States,http://www.epicenter-studios.com/sites/epicenter2/ec_games.php,epicenter-studios.com,epicenterstudios,jogos
Epiphany Games,,https://www.epiphanygames.net/,epiphanygames.net,epiphanygames,jogos
Episode Interactive,,https://www.episodeinteractive.com,episodeinteractive.com,episodeinteractive,jogos
Epsitec SA,Switzerland,https://www.epsitec.ch/,epsitec.ch,epsitecsa,jogos
Epyx,United States,,,epyx,jogos
Equilibrium,United States,,,equilibrium,jogos
"Equilibrium, Inc.",United States,,,equilibriuminc,jogos
Eremite Games,Poland,https://eremitegames.com/,eremitegames.com,eremitegames,jogos
Ertal Games,,,,ertalgames,jogos
Estudio Vaca roxa,,,,estudiovacaroxa,jogos
Estudios Kremlinois,,,,estudioskremlinois,jogos
Etermax,,,,etermax,jogos
Eugen Systems,France,http://www.eugen.fr/,eugen.fr,eugensystems,jogos
Euphoria,Netherlands,,,euphoria,jogos
Euphoric Brothers,Canada,https://www.euphoricbrothers.com,euphoricbrothers.com,euphoricbrothers,jogos
Eurocom,United Kingdom,http://www.eurocom.co.uk,eurocom.co.uk,eurocom,jogos
Eurogold,,,,eurogold,jogos
European Integration Studio,,,,europeanintegrationstudio,jogos
Eutechnyx,United Kingdom,http://www.eutechnyx.com,eutechnyx.com,eutechnyx,jogos
EverCats,,,,evercats,jogos
Everbyte,Germany,https://everbytestudio.com,everbytestudio.com,everbyte,jogos
Everglow Interactive Inc.,,,,everglowinteractiveinc,jogos
Everplay Interactive,United States,,,everplayinteractive,jogos
Eversim,France,http://www.eversim.com/,eversim.com,eversim,jogos
Everywear Games,Finland,http://everyweargames.com/,everyweargames.com,everyweargames,jogos
Evil Empire,France,https://evilempirestudio.com/,evilempirestudio.com,evilempire,jogos
Evil Twin Artworks,United Kingdom,http://eviltwinartworks.com/,eviltwinartworks.com,eviltwinartworks,jogos
Evolution Games,,,,evolutiongames,jogos
Evolution Studios,United Kingdom,https://www.evos.net,evos.net,evolutionstudios,jogos
Evolution Trading AG,Switzerland,,,evolutiontradingag,jogos
Evryware,United States,http://www.evryware.com,evryware.com,evryware,jogos
Exbleative,,http://www.exbleative.com/,exbleative.com,exbleative,jogos
Exient Entertainment,United Kingdom,https://www.exient.com/,exient.com,exiententertainment,jogos
Exiled Game Team,,,,exiledgameteam,jogos
Exis Interactive,United States,,,exisinteractive,jogos
Exit 73 Studios,United States,http://www.exit73studios.com/,exit73studios.com,exit73studios,jogos
Exkee,France,https://www.exkee.com,exkee.com,exkee,jogos
Expansive Worlds,Sweden,http://www.expansiveworlds.com/,expansiveworlds.com,expansiveworlds,jogos
Experiment 101,Sweden,https://experiment101.com,experiment101.com,experiment101,jogos
Exponential Games,Canada,http://exponentialgamesinc.com,exponentialgamesinc.com,exponentialgames,jogos
Extra Mile Studios,United Kingdom,http://www.emstudios.co.uk/,emstudios.co.uk,extramilestudios,jogos
Extra Nice,Netherlands,https://www.extra-nice.net/,extra-nice.net,extranice,jogos
Extra Toxic,,,,extratoxic,jogos
Extremely OK Games,Canada,https://exok.com,exok.com,extremelyokgames,jogos
Extrokold Games,United States,http://extrokold.com,extrokold.com,extrokoldgames,jogos
Eyebrow Interactive,,,,eyebrowinteractive,jogos
F1 Licenceware,,,,f1licenceware,jogos
F4,,http://www.f4-group.com,f4-group.com,f4,jogos
FAS3,Spain,https://fas3studios.com/,fas3studios.com,fas3,jogos
FASA Studio,United States,,,fasastudio,jogos
FIVE-BN,Ukraine,https://five-bn.com/,five-bn.com,fivebn,jogos
FLAT12,,,,flat12,jogos
FM Studio,Italy,https://www.fm-studio.net/,fm-studio.net,fmstudio,jogos
FMV Interactive,,,,fmvinteractive,jogos
FOAM Entertainment,United Kingdom,,,foamentertainment,jogos
FTX Games,United States,https://ftxgames.com/,ftxgames.com,ftxgames,jogos
FUNYOURS TECHNOLOGY,,http://www.fy.com.tw,fy.com.tw,funyourstechnology,jogos
FYRE Games,United States,https://www.fyregames.com/,fyregames.com,fyregames,jogos
Fabraz,United States,https://www.fabraz.com/,fabraz.com,fabraz,jogos
Facepalm Games,Finland,,,facepalmgames,jogos
Faceroll Games,,http://www.facerollgames.com,facerollgames.com,facerollgames,jogos
Factor 5,Germany,http://www.factor5.com/,factor5.com,factor5,jogos
Factor 5,United States,http://www.factor5.com/,factor5.com,factor5,jogos
Factor 5 GmbH,United States,,,factor5gmbh,jogos
Failbetter Games,United Kingdom,http://www.failbettergames.com/,failbettergames.com,failbettergames,jogos
Fair Play Labs,,,,fairplaylabs,jogos
Fairy Mount Games,,https://fairymount.com,fairymount.com,fairymountgames,jogos
Fakt Software,,http://www.fakt-software.com/,fakt-software.com,faktsoftware,jogos
Falanxia,Czech Republic,,,falanxia,jogos
Falcomedia,,,,falcomedia,jogos
Falcon Development,United States,,,falcondevelopment,jogos
Fallen Tree Games,United Kingdom,https://fallentreegames.com/,fallentreegames.com,fallentreegames,jogos
Falling Squirrel,Canada,https://www.fallingsquirrel.com/,fallingsquirrel.com,fallingsquirrel,jogos
Family Production,South Korea,,,familyproduction,jogos
Fan Visual,Spain,https://visualnovelparapc.blogspot.com/,visualnovelparapc.blogspot.com,fanvisual,jogos
Fantahorn Studio,,,,fantahornstudio,jogos
Fantastico Studio,Italy,https://www.fantasticostudio.it/,fantasticostudio.it,fantasticostudio,jogos
FarSight Studios,United States,http://www.farsightstudios.com/,farsightstudios.com,farsightstudios,jogos
Farlight Games Industry,Spain,https://www.farlightgamesindustry.com/,farlightgamesindustry.com,farlightgamesindustry,jogos
Farmind,Finland,,,farmind,jogos
Fast Travel Games,Sweden,https://www.fasttravelgames.com/,fasttravelgames.com,fasttravelgames,jogos
FastGame,,,,fastgame,jogos
Fatbot Games,Slovakia,https://fatbot-games.com,fatbot-games.com,fatbotgames,jogos
Fateless,,https://www.fateless.gg/,fateless.gg,fateless,jogos
Fathammer,,,,fathammer,jogos
Fatshark,Sweden,http://www.fatsharkgames.com/,fatsharkgames.com,fatshark,jogos
Favorite,,,,favorite,jogos
Fawn Dawn Studios,,,,fawndawnstudios,jogos
Feel Free Games,Netherlands,,,feelfreegames,jogos
Fein Games,Germany,https://www.fein.games/,fein.games,feingames,jogos
Feline Fuelled Games,,http://www.felinefuelledgames.de/,felinefuelledgames.de,felinefuelledgames,jogos
Fellow Traveller,,https://www.fellowtraveller.games/,fellowtraveller.games,fellowtraveller,jogos
Fen Research,United Kingdom,https://www.fenresearch.com/,fenresearch.com,fenresearch,jogos
Fenix Fire Entertainment,,,,fenixfireentertainment,jogos
"Fenn’s Gaming Dojo Co., Ltd.",United States,,,fennsgamingdojocoltd,jogos
Fenris Creations,Iceland,https://fenris.com/,fenris.com,fenriscreations,jogos
Feral Cat Den,,,,feralcatden,jogos
Feral Interactive,United Kingdom,https://www.feralinteractive.com/,feralinteractive.com,feralinteractive,jogos
Fervent,,,,fervent,jogos
Fiction Factory Games,United States,,,fictionfactorygames,jogos
Fiendish Games,United Kingdom,http://www.fiendishgames.com,fiendishgames.com,fiendishgames,jogos
Fika Productions,Canada,https://www.fikaproductions.com/,fikaproductions.com,fikaproductions,jogos
Filimundus,Sweden,https://www.filimundus.se/,filimundus.se,filimundus,jogos
FinBlade,,http://www.finblade.com,finblade.com,finblade,jogos
Final Form Games,,,,finalformgames,jogos
Final Scene Dev,Australia,https://www.finalscenedev.com,finalscenedev.com,finalscenedev,jogos
FinalBoss Games,,https://finalboss-games.com,finalboss-games.com,finalbossgames,jogos
Fineway Studios,,http://finewaystudios.com/,finewaystudios.com,finewaystudios,jogos
Fingersoft,Finland,https://fingersoft.com/,fingersoft.com,fingersoft,jogos
Finish Line Games,Canada,http://finishlinegames.com/,finishlinegames.com,finishlinegames,jogos
Finite Reflection Studios,United States,http://www.finitereflection.com/,finitereflection.com,finitereflectionstudios,jogos
FiniteMonkey,,,,finitemonkey,jogos
Finji,United States,https://finji.co/,finji.co,finji,jogos
FiolaSoft Studio,Czech Republic,http://www.fiolasoft.cz/,fiolasoft.cz,fiolasoftstudio,jogos
Firaxis Games,United States,https://www.firaxis.com/,firaxis.com,firaxisgames,jogos
Fire Hose Games,,,,firehosegames,jogos
Fire Maple Games,United States,http://www.firemaplegames.com,firemaplegames.com,firemaplegames,jogos
Fireart Games,,https://fireart.games/,fireart.games,fireartgames,jogos
Firebrand Games,United Kingdom,http://firebrandgames.com/,firebrandgames.com,firebrandgames,jogos
Firecraft Studios,,https://www.firecraftstudios.com/,firecraftstudios.com,firecraftstudios,jogos
Firefly Games,United States,http://www.fireflygames.com/,fireflygames.com,fireflygames,jogos
Firefly Studios,United Kingdom,http://www.fireflyworlds.com/,fireflyworlds.com,fireflystudios,jogos
Fireglow Games,Cyprus,http://www.fireglowgames.com,fireglowgames.com,fireglowgames,jogos
Fireline Games,Poland,http://firelinegames.com/,firelinegames.com,firelinegames,jogos
Firemonkeys Studios,,http://www.firemonkeys.com.au/,firemonkeys.com.au,firemonkeysstudios,jogos
Fireplace Games,France,https://fireplace-games.com/,fireplace-games.com,fireplacegames,jogos
Fireproof Studios,United Kingdom,https://www.fireproofgames.com/,fireproofgames.com,fireproofstudios,jogos
Firepunchd,Germany,https://firepunchd.com,firepunchd.com,firepunchd,jogos
Firesprite,United Kingdom,https://www.firesprite.com,firesprite.com,firesprite,jogos
Firewalk Studios,United States,https://www.firewalkstudios.com/,firewalkstudios.com,firewalkstudios,jogos
Firi Games,Netherlands,https://firigames.com/,firigames.com,firigames,jogos
First Star Software,United States,http://www.firststarsoftware.com/,firststarsoftware.com,firststarsoftware,jogos
First Step Cinematics,United States,https://firststepcinematics.com/,firststepcinematics.com,firststepcinematics,jogos
First Touch Games,United Kingdom,https://www.ftgames.com/,ftgames.com,firsttouchgames,jogos
Fish Factory Games,,,,fishfactorygames,jogos
Fish in a Bottle,United Kingdom,http://www.fishinabottle.com,fishinabottle.com,fishinabottle,jogos
Fishing Planet LLC,,https://fishingplanet.com/,fishingplanet.com,fishingplanetllc,jogos
Fishlabs,Germany,https://www.dsfishlabs.com,dsfishlabs.com,fishlabs,jogos
Five Studio Interactive,,,,fivestudiointeractive,jogos
Fiveamp,,https://fiveamp.com,fiveamp.com,fiveamp,jogos
FivexGames,,https://fivexgames.com/,fivexgames.com,fivexgames,jogos
Fizz Factor,United States,,,fizzfactor,jogos
Flagship Studios,United States,http://www.flagshipstudios.com/,flagshipstudios.com,flagshipstudios,jogos
Flair Software,United Kingdom,,,flairsoftware,jogos
Flamebait Games,Sweden,https://www.flamebaitgames.com/,flamebaitgames.com,flamebaitgames,jogos
Flaming Fowl Studios,United Kingdom,http://www.flamingfowlstudios.com/,flamingfowlstudios.com,flamingfowlstudios,jogos
Flashback Games,,,,flashbackgames,jogos
Flashbulb Games,Denmark,https://www.flashbulbgames.com/,flashbulbgames.com,flashbulbgames,jogos
Flat 2 VR,,https://flat2vrstudios.com/,flat2vrstudios.com,flat2vr,jogos
Flatbox Studios,,,,flatboxstudios,jogos
Flazm,,http://flazm.com,flazm.com,flazm,jogos
FlexileStudio,,,,flexilestudio,jogos
Flight School Studio,United States,,,flightschoolstudio,jogos
Flightless,New Zealand,https://www.flightless.co.nz/,flightless.co.nz,flightless,jogos
FlipSwitch Games,,,,flipswitchgames,jogos
Flipline Studios,United States,https://www.flipline.com,flipline.com,fliplinestudios,jogos
Flippfly LLC,United States,http://flippfly.com/,flippfly.com,flippflyllc,jogos
Flow Fire Games,Germany,https://www.flowfiregames.com/,flowfiregames.com,flowfiregames,jogos
Flow Studio,Australia,https://www.flowgamestudio.com/,flowgamestudio.com,flowstudio,jogos
Flox Studios Ltd.,,,,floxstudiosltd,jogos
FlutterBeam,,,,flutterbeam,jogos
Fly System,,,,flysystem,jogos
Flying Cafe for Semianimals,,http://flying-cafe.com/,flying-cafe.com,flyingcafeforsemianimals,jogos
Flying Helmet Games,,,,flyinghelmetgames,jogos
Flying Islands Team,,,,flyingislandsteam,jogos
Flying Tiger Development,,,,flyingtigerdevelopment,jogos
Flying Wild Hog,Poland,http://www.flyingwildhog.com/,flyingwildhog.com,flyingwildhog,jogos
FoamPunch,,,,foampunch,jogos
FobTi interactive,Slovakia,https://www.fobti-interactive.com/,fobti-interactive.com,fobtiinteractive,jogos
Focus Home Interactive,France,https://www.focus-entmt.com,focus-entmt.com,focushomeinteractive,jogos
Follow The Fun,,,,followthefun,jogos
Fool's Theory,Poland,https://www.foolstheory.com/,foolstheory.com,foolstheory,jogos
Foolish Mortals,Canada,http://www.foolish-mortals.net/,foolish-mortals.net,foolishmortals,jogos
FootballTeam,,,,footballteam,jogos
For Kids,,,,forkids,jogos
Foreignvr,,,,foreignvr,jogos
Forever Entertainment,Poland,https://forever-entertainment.com/,forever-entertainment.com,foreverentertainment,jogos
Forgotten Empires,United States,http://www.forgottenempires.net,forgottenempires.net,forgottenempires,jogos
Forgotten Hope Devs,,,,forgottenhopedevs,jogos
Formant,Canada,https://www.formant.ca,formant.ca,formant,jogos
Formula,,,,formula,jogos
Fortress Forever Development Team,,,,fortressforeverdevelopmentteam,jogos
FortuneFish,,http://www.fortunefish.co.uk,fortunefish.co.uk,fortunefish,jogos
Fossilized Games,,https://fossilizedgames.com/,fossilizedgames.com,fossilizedgames,jogos
Foundation 9 Entertainment,United States,,,foundation9entertainment,jogos
Fountainhead Entertainment,,,,fountainheadentertainment,jogos
Four Circle Interactive,,http://www.fourcircleinteractive.co.uk/,fourcircleinteractive.co.uk,fourcircleinteractive,jogos
Four Door Lemon,United Kingdom,http://www.fourdoorlemon.com/,fourdoorlemon.com,fourdoorlemon,jogos
Fox Digital Entertainment,,,,foxdigitalentertainment,jogos
Fractal Projects,,,,fractalprojects,jogos
Fractile Games,Finland,https://www.fractilegames.com/,fractilegames.com,fractilegames,jogos
Frag Lab,Ukraine,,,fraglab,jogos
Frame Studio,Italy,,,framestudio,jogos
FreakZone Games,,,,freakzonegames,jogos
Free Fall Associates,,,,freefallassociates,jogos
Free Range Games,United States,https://www.freerangegames.com/,freerangegames.com,freerangegames,jogos
FreeAnimals_Software,,,,freeanimalssoftware,jogos
FreeMind,Poland,https://freemind.games,freemind.games,freemind,jogos
Freeciv Team,,,,freecivteam,jogos
Freegamer,France,,,freegamer,jogos
Freehold Games,,http://www.freeholdgames.com/,freeholdgames.com,freeholdgames,jogos
Freejam,,,,freejam,jogos
Freeverse,United States,http://www.freeverse.com,freeverse.com,freeverse,jogos
Freeze Tag,,,,freezetag,jogos
Fresh 3D,,,,fresh3d,jogos
FreshGames,United States,http://www.freshgames.com/,freshgames.com,freshgames,jogos
Freshplanet,United States,https://www.freshplanet.com/,freshplanet.com,freshplanet,jogos
Frictional Games,Sweden,https://www.frictionalgames.com/,frictionalgames.com,frictionalgames,jogos
FriendTimes,,,,friendtimes,jogos
Frima Studio,Canada,http://www.frimastudio.com,frimastudio.com,frimastudio,jogos
Frog City Software,United States,,,frogcitysoftware,jogos
Frog Vibes,Netherlands,https://frogvibes.com,frogvibes.com,frogvibes,jogos
Frogames,France,http://www.frogames.com/,frogames.com,frogames,jogos
Frogmind,Finland,http://www.frogmind.com/,frogmind.com,frogmind,jogos
Frogsong Studios,Sweden,https://frogsong-studios.com/,frogsong-studios.com,frogsongstudios,jogos
Frogwares,Ukraine,http://www.frogwares.com/,frogwares.com,frogwares,jogos
From The Bench Digital Entertainment,Spain,http://fromthebenchgames.com,fromthebenchgames.com,fromthebenchdigitalentertainment,jogos
FromSouthGames,,,,fromsouthgames,jogos
Front Fareast Industrial,,,,frontfareastindustrial,jogos
FrontLine Studios,,,,frontlinestudios,jogos
Frontier Developments,United Kingdom,https://www.frontier.co.uk/,frontier.co.uk,frontierdevelopments,jogos
Frost Giant Studios,United States,https://frostgiant.com,frostgiant.com,frostgiantstudios,jogos
FrostPeek Studio,,,,frostpeekstudio,jogos
Frosty Pop,Canada,https://frostypop.com/,frostypop.com,frostypop,jogos
Frozen Codebase,United States,http://www.frozencodebase.com,frozencodebase.com,frozencodebase,jogos
Frozen North Productions,Canada,,,frozennorthproductions,jogos
FrozenPixel Studios,,https://fpxstudio.com/,fpxstudio.com,frozenpixelstudios,jogos
Frozenbyte,Finland,https://www.frozenbyte.com/,frozenbyte.com,frozenbyte,jogos
Fugazo,United States,,,fugazo,jogos
Full Circle,Canada,https://www.ea.com/ea-studios/full-circle,ea.com,fullcircle,jogos
Full Fat,United Kingdom,http://www.full-fat.com,full-fat.com,fullfat,jogos
Full Fat Productions Ltd.,United Kingdom,,,fullfatproductionsltd,jogos
FullBluff Studio,,,,fullbluffstudio,jogos
Fullbright,United States,https://fullbrig.ht/,fullbrig.ht,fullbright,jogos
Fully Bugged,France,https://fullybugged.com/,fullybugged.com,fullybugged,jogos
Fun Bits Interactive,United States,http://www.funbits.com/,funbits.com,funbitsinteractive,jogos
Fun Infused Games,,,,funinfusedgames,jogos
Funatics Software,Germany,http://www.funatics.de/,funatics.de,funaticssoftware,jogos
Funbox Media,United Kingdom,https://funboxmedia.co.uk/,funboxmedia.co.uk,funboxmedia,jogos
Funcom,Norway,https://www.funcom.com,funcom.com,funcom,jogos
Funcom Dublin Ltd.,Ireland,,,funcomdublinltd,jogos
Funktronic Labs,United States,https://funktroniclabs.com/,funktroniclabs.com,funktroniclabs,jogos
Funky Can Creative,,,,funkycancreative,jogos
Funomena,United States,https://www.funomena.com,funomena.com,funomena,jogos
Funtastic,United States,,,funtastic,jogos
Furry Dreams Lab,,,,furrydreamslab,jogos
Fury Software,Canada,https://www.furysoftware.com/,furysoftware.com,furysoftware,jogos
Fusionsphere Systems,,,,fusionspheresystems,jogos
Fusty Game,France,http://www.fustygame.fr/,fustygame.fr,fustygame,jogos
FuturLab,,https://www.futurlab.co.uk/,futurlab.co.uk,futurlab,jogos
Future Games,Czech Republic,http://www.futuregames.cz,futuregames.cz,futuregames,jogos
Future Games Of London,,http://www.futuregamesoflondon.com/,futuregamesoflondon.com,futuregamesoflondon,jogos
Future Proof Games,United States,http://futureproofgames.com/,futureproofgames.com,futureproofgames,jogos
Futuretown,,,,futuretown,jogos
Fuzz Force,United Kingdom,,,fuzzforce,jogos
Fuzzyeyes,,,,fuzzyeyes,jogos
Féérik Games,,https://www.feerikgames.com/,feerikgames.com,frikgames,jogos
G-OLD,,,,gold,jogos
G-TraX Simulations,,,,gtraxsimulations,jogos
G.J?,,http://www.teck.co.jp/gj/,teck.co.jp,gj,jogos
G1M2,United States,,,g1m2,jogos
G2CREW,,,,g2crew,jogos
G5 Entertainment,Sweden,https://www.g5e.com,g5e.com,g5entertainment,jogos
GAMFS N,South Korea,https://www.gamfs.co.kr/,gamfs.co.kr,gamfsn,jogos
GB Patch Games,,,,gbpatchgames,jogos
GD Studio,Sweden,https://www.diabotical.com/,diabotical.com,gdstudio,jogos
GDTeam,,,,gdteam,jogos
GFX47,France,http://gfx47.com/,gfx47.com,gfx47,jogos
GNISoft,,,,gnisoft,jogos
GOAT Games,,https://goatgames.com/,goatgames.com,goatgames,jogos
GSC Game World,Ukraine,http://www.gsc-game.com,gsc-game.com,gscgameworld,jogos
GSP Games,United Kingdom,,,gspgames,jogos
GTE Interactive Media,United States,,,gteinteractivemedia,jogos
Gabriel Entertainment,United States,http://www.gabrielinteractive.com/,gabrielinteractive.com,gabrielentertainment,jogos
Gaddy Games,France,https://gaddygames.com,gaddygames.com,gaddygames,jogos
Gadir Team,Spain,,,gadirteam,jogos
Gaelco,Spain,http://www.gaelco.es,gaelco.es,gaelco,jogos
Gaijin Entertainment,Hungary,https://gaijinent.com/,gaijinent.com,gaijinentertainment,jogos
Gainplay / Gainsome,Netherlands,,,gainplaygainsome,jogos
Galaxy Grove,Netherlands,https://www.galaxy-grove.com/,galaxy-grove.com,galaxygrove,jogos
GalaxyTrail,,https://www.galaxytrail.com/,galaxytrail.com,galaxytrail,jogos
Galdra Studios,Denmark,https://galdrastudios.com/,galdrastudios.com,galdrastudios,jogos
Gambrinous,,,,gambrinous,jogos
Game Doctors,,http://www.gamedrs.com,gamedrs.com,gamedoctors,jogos
Game Machine Studios,United States,http://www.gamemachinestudios.com,gamemachinestudios.com,gamemachinestudios,jogos
Game Mechanic Studios,,http://www.gamemechs.com/#/,gamemechs.com,gamemechanicstudios,jogos
Game Nation,United States,http://gamenationparks.com,gamenationparks.com,gamenation,jogos
Game Oven,Netherlands,https://gameovenstudios.com/,gameovenstudios.com,gameoven,jogos
Game Refuge Inc.,United States,,,gamerefugeinc,jogos
Game Sauce,United Kingdom,,,gamesauce,jogos
Game Start LLC,,https://gamestart.jp,gamestart.jp,gamestartllc,jogos
Game Swing,Denmark,https://www.game-swing.com/,game-swing.com,gameswing,jogos
Game Tailors,Netherlands,http://www.gametailors.com,gametailors.com,gametailors,jogos
Game-Labs,,https://www.game-labs.net/,game-labs.net,gamelabs,jogos
GameDesignDan,United Kingdom,,,gamedesigndan,jogos
GameHouse,United States,https://www.gamehouse.com,gamehouse.com,gamehouse,jogos
GameInvest,Portugal,,,gameinvest,jogos
GameMixer,,,,gamemixer,jogos
GameOn Production,,https://www.gameonproduction.com,gameonproduction.com,gameonproduction,jogos
GameSim,United States,http://www.gamesim.com/,gamesim.com,gamesim,jogos
GameWorks,Switzerland,http://www.gameworks.ch/2010/index.php?m=0,gameworks.ch,gameworks,jogos
Gamebase,,,,gamebase,jogos
Gamedia,Netherlands,https://www.gamedia.nl,gamedia.nl,gamedia,jogos
Gameforge,Germany,http://www.gameforge.de/,gameforge.de,gameforge,jogos
Gamelearn,,,,gamelearn,jogos
Gamella Studios,,,,gamellastudios,jogos
Gameloft,France,http://www.gameloft.com/,gameloft.com,gameloft,jogos
Gameloft Divertissements Inc.,Canada,https://www.gameloft.com/gameloft-studios/montreal,gameloft.com,gameloftdivertissementsinc,jogos
Gameloft Iberica,Spain,,,gameloftiberica,jogos
Gamenauts,United States,http://www.gamenauts.com/,gamenauts.com,gamenauts,jogos
Gamepires,,,,gamepires,jogos
Gameplay First,,https://www.gameplay1st.com/,gameplay1st.com,gameplayfirst,jogos
Gamerizon,,http://www.gamerizon.com/,gamerizon.com,gamerizon,jogos
Gamers for Good,,,,gamersforgood,jogos
Games Distillery,Slovakia,,,gamesdistillery,jogos
Games Farm,Slovakia,,,gamesfarm,jogos
Games From Outer Space,,,,gamesfromouterspace,jogos
Games From The Deep,,,,gamesfromthedeep,jogos
Gamesoft,Spain,,,gamesoft,jogos
Gamesquad,,,,gamesquad,jogos
Gaming Minds Studios,Germany,http://www.gamingmindsstudios.com/,gamingmindsstudios.com,gamingmindsstudios,jogos
Gamious,Netherlands,https://www.gamious.com/,gamious.com,gamious,jogos
Gamma Play,,,,gammaplay,jogos
Gammafon,Sweden,http://www.gammafon.se,gammafon.se,gammafon,jogos
Gammera Nest,Spain,https://gammeranest.com/,gammeranest.com,gammeranest,jogos
Gammick Entertainment,Spain,http://www.gammickentertainment.com,gammickentertainment.com,gammickentertainment,jogos
Gamtec,,,,gamtec,jogos
Gang of Five,United Kingdom,,,gangoffive,jogos
Gangbusters,United Kingdom,https://www.gangbusters.io/,gangbusters.io,gangbusters,jogos
GarageGames,United States,http://www.garagegames.com/,garagegames.com,garagegames,jogos
Gardens,,https://gardens.dev,gardens.dev,gardens,jogos
Gast,,,,gast,jogos
Gastronaut Studios,United States,,,gastronautstudios,jogos
Gatling Goat Studios,,,,gatlinggoatstudios,jogos
Gato Studio,Spain,http://gatosalvajestudio.com,gatosalvajestudio.com,gatostudio,jogos
Gausswerks,,,,gausswerks,jogos
Gbanga,,,,gbanga,jogos
Gearbox Software,United States,http://www.gearboxsoftware.com,gearboxsoftware.com,gearboxsoftware,jogos
Gearhead Games,,http://gearheadgames.com/,gearheadgames.com,gearheadgames,jogos
Gears for Breakfast,Denmark,https://gearsforbreakfast.com,gearsforbreakfast.com,gearsforbreakfast,jogos
Geek Haus,,https://geekhaus.club,geekhaus.club,geekhaus,jogos
Geeta Games,,,,geetagames,jogos
Geewa,Czech Republic,http://corporate.geewa.com/,corporate.geewa.com,geewa,jogos
Gelato Games,United Kingdom,http://www.gelatogames.com/,gelatogames.com,gelatogames,jogos
Gellyberry Studios,,,,gellyberrystudios,jogos
GemMedia,,,,gemmedia,jogos
General Arcade,Singapore,http://www.generalarcade.com/,generalarcade.com,generalarcade,jogos
General Computer Corporation,United States,,,generalcomputercorporation,jogos
General Consumer Electronics,United States,,,generalconsumerelectronics,jogos
General Interactive Co.,Singapore,http://www.generalinteractive.co/,generalinteractive.co,generalinteractiveco,jogos
Genius Factor Games,,http://www.geniusfactorgames.com/,geniusfactorgames.com,geniusfactorgames,jogos
Gentle Troll Entertainment,Germany,https://gentletroll.com/,gentletroll.com,gentletrollentertainment,jogos
Gentlymad Studios,,https://gentlymad.org/,gentlymad.org,gentlymadstudios,jogos
Genuine Games,United States,,,genuinegames,jogos
Geography of Robots,,https://geographyofrobots.com,geographyofrobots.com,geographyofrobots,jogos
Geometa,,,,geometa,jogos
Geometric Interactive,Denmark,https://geometricinteractive.com/,geometricinteractive.com,geometricinteractive,jogos
Geronimo Entertainment,Germany,,,geronimoentertainment,jogos
Gethsemane Games,,,,gethsemanegames,jogos
Gevo Entertainment Pte Ltd,Singapore,,,gevoentertainmentpteltd,jogos
Ghost Machine,,,,ghostmachine,jogos
Ghost Pattern,Australia,https://ghostpattern.net/,ghostpattern.net,ghostpattern,jogos
Ghost Ship Games,Denmark,http://www.ghostship.dk/,ghostship.dk,ghostshipgames,jogos
Ghost Town Games,United Kingdom,http://www.ghosttowngames.com/,ghosttowngames.com,ghosttowngames,jogos
Ghostfire Games,United States,http://www.ghostfiregames.com,ghostfiregames.com,ghostfiregames,jogos
Giant Army,United States,https://giantarmy.com/,giantarmy.com,giantarmy,jogos
Giant Interactive,,,,giantinteractive,jogos
Giant Margarita,,,,giantmargarita,jogos
Giant Monkey Robot,United States,http://giantmonkeyrobot.com/,giantmonkeyrobot.com,giantmonkeyrobot,jogos
Giant Sparrow,United States,http://www.giantsparrow.com/,giantsparrow.com,giantsparrow,jogos
Giant Squid,United States,https://giantsquidstudios.com/,giantsquidstudios.com,giantsquid,jogos
Giants Software,Switzerland,http://www.giants-software.com,giants-software.com,giantssoftware,jogos
Gibier Games,,,,gibiergames,jogos
Gizmondo Studios,,,,gizmondostudios,jogos
Glaive Games,,,,glaivegames,jogos
Glass Bottom Games,,https://www.glassbottomgames.com/,glassbottomgames.com,glassbottomgames,jogos
Glasscannon Studio,Hungary,,,glasscannonstudio,jogos
Glee-Cheese Studio,France,https://www.glee-cheese.com/,glee-cheese.com,gleecheesestudio,jogos
Glitchers,,http://glitchers.com,glitchers.com,glitchers,jogos
Glob Games Studio,,,,globgamesstudio,jogos
GlobZ,,,,globz,jogos
Global Star Software,United States,http://www.globalstarsoftware.com/,globalstarsoftware.com,globalstarsoftware,jogos
Glock Software,Germany,,,glocksoftware,jogos
Glowfish Interactive,Belgium,https://glowfishinteractive.com/,glowfishinteractive.com,glowfishinteractive,jogos
Glu Mobile,United States,http://www.glu.com/,glu.com,glumobile,jogos
Glumberland,,https://glumberland.com/,glumberland.com,glumberland,jogos
GlyphX,United States,http://www.glyphx.com/,glyphx.com,glyphx,jogos
Glyphic Entertainment,,,,glyphicentertainment,jogos
Gnosis Games,,,,gnosisgames,jogos
Goblinz,,https://goblinz.com/,goblinz.com,goblinz,jogos
Goblinz Studio,France,https://goblinzstudio.com/,goblinzstudio.com,goblinzstudio,jogos
Goca Games,Spain,https://www.gocagames.com/,gocagames.com,gocagames,jogos
Godling,,,,godling,jogos
Godville Games,,,,godvillegames,jogos
Gogii Games,Canada,http://www.gogiigames.com/,gogiigames.com,gogiigames,jogos
Gold Skull Studios,,,,goldskullstudios,jogos
GoldKnights,Czech Republic,https://goldknights.org/,goldknights.org,goldknights,jogos
Golden Gate Crew,Switzerland,,,goldengatecrew,jogos
Goldhawk Interactive,United Kingdom,https://www.goldhawkinteractive.com,goldhawkinteractive.com,goldhawkinteractive,jogos
GolemLabs,,http://golemlabs.com,golemlabs.com,golemlabs,jogos
Goloso Games,France,https://www.golosogames.com/,golosogames.com,golosogames,jogos
Good Gate Media,United Kingdom,https://www.goodgatemedia.com/,goodgatemedia.com,goodgatemedia,jogos
Good Science Studio,United States,http://goodsciencestudios.com,goodsciencestudios.com,goodsciencestudio,jogos
Goodbye Galaxy Games,Netherlands,,,goodbyegalaxygames,jogos
GoodbyeWorld Games,United States,,,goodbyeworldgames,jogos
Goodgame Studios,Germany,http://www.goodgamestudios.com/,goodgamestudios.com,goodgamestudios,jogos
Goodhustle Studios,United States,http://www.goodhustle.com/,goodhustle.com,goodhustlestudios,jogos
Goody Gameworks,,https://goodygameworks.com,goodygameworks.com,goodygameworks,jogos
Google Arts & Culture,United States,https://artsandculture.google.com/,artsandculture.google.com,googleartsculture,jogos
Gorilla Systems,United States,http://www.gorillacorp.com/,gorillacorp.com,gorillasystems,jogos
Gosatsu Visual Novels,,http://gosatsu.com/,gosatsu.com,gosatsuvisualnovels,jogos
Gotham Games,United States,,,gothamgames,jogos
Graceful Decay,,https://gracefuldecay.com/,gracefuldecay.com,gracefuldecay,jogos
Gradual Games,,http://www.gradualgames.com/,gradualgames.com,gradualgames,jogos
Graffiti Entertainment,,,,graffitientertainment,jogos
Grand Cru Games,Finland,,,grandcrugames,jogos
GrandMA Studios,Ukraine,https://grandmastudios.com,grandmastudios.com,grandmastudios,jogos
Grapefrukt games,,,,grapefruktgames,jogos
GraphiCompDesign,Sweden,,,graphicompdesign,jogos
Graphium Studio,,http://graphiumstudios.com/,graphiumstudios.com,graphiumstudio,jogos
Grave Danger Games,Canada,https://www.gravedangergames.com,gravedangergames.com,gravedangergames,jogos
Graven Visual Novels,,,,gravenvisualnovels,jogos
Graviteam,,https://graviteam.com/,graviteam.com,graviteam,jogos
Gravity Corporation,South Korea,http://www.gravity.co.kr/,gravity.co.kr,gravitycorporation,jogos
Gravity Well,United States,https://gravitywell.games,gravitywell.games,gravitywell,jogos
Gravity e-learning,Sweden,,,gravityelearning,jogos
Gravity-i,,,,gravityi,jogos
Gray Matter Inc.,Canada,,,graymatterinc,jogos
Gray Matter Interactive,United States,,,graymatterinteractive,jogos
Green Land Studios,,http://www.greenlandstudios.com,greenlandstudios.com,greenlandstudios,jogos
Green Panda Games,France,,,greenpandagames,jogos
GreenPark Sports,United States,https://greenparksports.com,greenparksports.com,greenparksports,jogos
Greenheart Games,Australia,https://greenheart.games,greenheart.games,greenheartgames,jogos
GreenupGames,United States,,,greenupgames,jogos
Gremlin Interactive,United Kingdom,,,gremlininteractive,jogos
Gremory Games Inc.,,https://www.gremory.co.jp/,gremory.co.jp,gremorygamesinc,jogos
Grenaa Games,Sweden,https://grenaagames.com/,grenaagames.com,grenaagames,jogos
Grendel Games,Netherlands,http://grendelgames.com,grendelgames.com,grendelgames,jogos
Grey Alien,,https://greyaliengames.com,greyaliengames.com,greyalien,jogos
Grey Alien Games,United Kingdom,http://www.greyaliengames.com,greyaliengames.com,greyaliengames,jogos
Grey Dog Software,,,,greydogsoftware,jogos
GrimTalin,,https://www.grimtalin.com,grimtalin.com,grimtalin,jogos
Grimbart Tales,Germany,https://www.grimbart-tales.com/,grimbart-tales.com,grimbarttales,jogos
Grimlore Games,,,,grimloregames,jogos
Grimm Bros,United States,https://grimmbrosgames.com/,grimmbrosgames.com,grimmbros,jogos
Grin,Sweden,http://www.grin.se,grin.se,grin,jogos
Grin Robot,,,,grinrobot,jogos
Grinding Gear Games,New Zealand,http://www.grindinggear.com/,grindinggear.com,grindinggeargames,jogos
Grip Games,Czech Republic,http://www.grip-games.com/,grip-games.com,gripgames,jogos
Grip Top Games,,,,griptopgames,jogos
Griptonite Games,United States,http://www.griptonite.com/,griptonite.com,griptonitegames,jogos
GrizzlyGames,,,,grizzlygames,jogos
Gro Play,Sweden,https://www.groplay.com/,groplay.com,groplay,jogos
Ground Shatter,United Kingdom,http://groundshatter.com/,groundshatter.com,groundshatter,jogos
Grubby Games,Canada,,,grubbygames,jogos
Grubby Hands Limited,United Kingdom,http://www.grubbyhands.com,grubbyhands.com,grubbyhandslimited,jogos
Grumpyface Studios,United States,http://www.grumpyface.net,grumpyface.net,grumpyfacestudios,jogos
Grundislav Games,United States,http://www.grundislavgames.com/,grundislavgames.com,grundislavgames,jogos
Grynsoft,,,,grynsoft,jogos
Guard Crush Games,Canada,http://www.guardcrushgames.com,guardcrushgames.com,guardcrushgames,jogos
Guará Studios,,https://www.guarastudios.com/,guarastudios.com,guarstudios,jogos
Guerilla Tea,United Kingdom,http://www.guerillatea.com,guerillatea.com,guerillatea,jogos
Guerrilla Cambridge,United Kingdom,http://www.worldwidestudios.net/cambridge,worldwidestudios.net,guerrillacambridge,jogos
Guerrilla Games,Netherlands,https://www.guerrilla-games.com,guerrilla-games.com,guerrillagames,jogos
Guerrilla and Firesprite,Netherlands,,,guerrillaandfiresprite,jogos
GuidiGermano,,,,guidigermano,jogos
Guild Software,United States,https://www.guildsoftware.com/,guildsoftware.com,guildsoftware,jogos
Gunfire Games,,http://gunfiregames.com/,gunfiregames.com,gunfiregames,jogos
Gungrounds,,http://gungrounds.com/,gungrounds.com,gungrounds,jogos
Gunjin Games Limited,United Kingdom,http://gunjingames.com,gunjingames.com,gunjingameslimited,jogos
Gunnar Games,,,,gunnargames,jogos
Gunstar Studio,,http://www.phobosvectorprime.com/,phobosvectorprime.com,gunstarstudio,jogos
Guru Games,,,,gurugames,jogos
Gusto Games,United Kingdom,,,gustogames,jogos
HARAMI Studio,,,,haramistudio,jogos
HB Studios,Canada,http://www.hb-studios.com/,hb-studios.com,hbstudios,jogos
HH-Games,,,,hhgames,jogos
HOF Studios,United States,https://hofstudios.com/,hofstudios.com,hofstudios,jogos
Hackshield Future Cyber Heroes,Netherlands,,,hackshieldfuturecyberheroes,jogos
Haemimont Games,Bulgaria,http://www.haemimontgames.com/,haemimontgames.com,haemimontgames,jogos
Halcyon Winds,,,,halcyonwinds,jogos
Half Asleep,,https://www.halfasleep.games/,halfasleep.games,halfasleep,jogos
Half Mermaid Productions,United States,https://halfmermaid.co/,halfmermaid.co,halfmermaidproductions,jogos
Half Past Yellow,Denmark,https://halfpastyellow.com/,halfpastyellow.com,halfpastyellow,jogos
Half-Face Games,,https://half-face.game,half-face.game,halffacegames,jogos
Halfbrick Studios,Australia,http://www.halfbrick.com/,halfbrick.com,halfbrickstudios,jogos
Halfie Studios,Canada,https://halfie.ca,halfie.ca,halfiestudios,jogos
Halo Studios,United States,https://www.halowaypoint.com/halo-studios,halowaypoint.com,halostudios,jogos
Hammer & Ravens,Estonia,,,hammerravens,jogos
Hammer Labs,,http://www.hammer-labs.com/,hammer-labs.com,hammerlabs,jogos
Hammerfall Publishing,,,,hammerfallpublishing,jogos
Hammerware,Czech Republic,http://www.hammerware.cz,hammerware.cz,hammerware,jogos
Hamster On Coke Games,Poland,http://hamsteroncoke.com,hamsteroncoke.com,hamsteroncokegames,jogos
Hanako Games,United Kingdom,http://www.hanakogames.com,hanakogames.com,hanakogames,jogos
HanbitSoft,South Korea,https://www.hanbitsoft.com,hanbitsoft.com,hanbitsoft,jogos
Hand Made Software,,,,handmadesoftware,jogos
HandMade Game,,,,handmadegame,jogos
Handmade Game Production,,,,handmadegameproduction,jogos
Handmade Interactive,United States,https://www.theredselene.com/,theredselene.com,handmadeinteractive,jogos
Hangame,,http://www.hangame.com,hangame.com,hangame,jogos
Hangonit Studio,Czech Republic,https://hangonit.com/,hangonit.com,hangonitstudio,jogos
Happy Broccoli Games,Germany,https://www.happybroccoligames.com/,happybroccoligames.com,happybroccoligames,jogos
Happy Happening,,http://www.haphap.jp/,haphap.jp,happyhappening,jogos
Happy Tuesday,,http://happy-tuesday.com/,happy-tuesday.com,happytuesday,jogos
Happy Volcano,Belgium,https://www.happyvolcano.com/,happyvolcano.com,happyvolcano,jogos
Hardlight,,https://www.hardlightstudio.com,hardlightstudio.com,hardlight,jogos
Harebrained Schemes,United States,http://www.harebrained-schemes.com/,harebrained-schemes.com,harebrainedschemes,jogos
Harlequin Games,,http://www.harlequingames.com/,harlequingames.com,harlequingames,jogos
Harmonix Music Systems,United States,https://www.harmonixmusic.com/,harmonixmusic.com,harmonixmusicsystems,jogos
Haruneko Entertainment,,http://www.haruneko.com,haruneko.com,harunekoentertainment,jogos
Harvester Games,,,,harvestergames,jogos
Hasbro Interactive,United States,,,hasbrointeractive,jogos
Hashbane,New Zealand,https://www.hashbane.com/,hashbane.com,hashbane,jogos
Hatinh Interactive,France,https://www.hatinhinteractive.com/,hatinhinteractive.com,hatinhinteractive,jogos
Hautecouture,,https://hautecouture.jp/,hautecouture.jp,hautecouture,jogos
Haven Studios,Canada,https://www.havenstudios.com,havenstudios.com,havenstudios,jogos
"Hawken Entertainment, Inc.",,,,hawkenentertainmentinc,jogos
Headbang Club,France,https://headbang.club/,headbang.club,headbangclub,jogos
Headcannon,,,,headcannon,jogos
Headfirst Productions,United Kingdom,http://www.headfirst.co.uk/,headfirst.co.uk,headfirstproductions,jogos
Headsoft,,http://www.headsoft.com.au/,headsoft.com.au,headsoft,jogos
Headstrong Games,United Kingdom,http://www.headstrong-games.com,headstrong-games.com,headstronggames,jogos
Headware Games,United Kingdom,https://www.headwaregames.com/,headwaregames.com,headwaregames,jogos
Heart Machine,United States,https://heartmachine.com/,heartmachine.com,heartmachine,jogos
Heart Shaped Games,United States,http://heartshapedgames.com/,heartshapedgames.com,heartshapedgames,jogos
Heartomics,United States,,,heartomics,jogos
Heatwave Interactive,United States,http://www.heatwave.com/,heatwave.com,heatwaveinteractive,jogos
Heaven Brotherhood,,,,heavenbrotherhood,jogos
Heavy Iron Studios,United States,http://www.heavy-iron.com,heavy-iron.com,heavyironstudios,jogos
Heliotrope Studios,United States,,,heliotropestudios,jogos
Hellbent Games,Canada,http://www.hellbentgames.com/,hellbentgames.com,hellbentgames,jogos
Hello Games,United Kingdom,https://hellogames.org/,hellogames.org,hellogames,jogos
Hello Penguin Team,,,,hellopenguinteam,jogos
Hello There Games,Sweden,https://hellotheregames.com/,hellotheregames.com,hellotheregames,jogos
Hellscape Games,,,,hellscapegames,jogos
Hemisphere Games,,,,hemispheregames,jogos
Hempuli Oy,Finland,https://www.hempuli.com/,hempuli.com,hempulioy,jogos
Henchmen Studio,France,http://henchmen-studio.com/,henchmen-studio.com,henchmenstudio,jogos
Hermes Interactive,Denmark,https://www.hermesinteractive.net/,hermesinteractive.net,hermesinteractive,jogos
Hermitworks Entertainment,Canada,,,hermitworksentertainment,jogos
HeroCraft,Cyprus,http://www.herocraft.com,herocraft.com,herocraft,jogos
Herobeat Studios,Spain,https://herobeatstudios.com/,herobeatstudios.com,herobeatstudios,jogos
Heuristic Park,United States,,,heuristicpark,jogos
HexWar Games,United Kingdom,https://www.hexwar.com,hexwar.com,hexwargames,jogos
HexWorks,Spain,https://hexworks.com,hexworks.com,hexworks,jogos
Hexage,Czech Republic,http://www.hexage.net,hexage.net,hexage,jogos
Hexenhaus,,http://hexenhaus-soft.jp/,hexenhaus-soft.jp,hexenhaus,jogos
Hexerei Games,Germany,,,hexereigames,jogos
HexyArts,,,,hexyarts,jogos
Hi-Bit Studios,,,,hibitstudios,jogos
Hi-Rez Studios,United States,http://www.hirezstudios.com,hirezstudios.com,hirezstudios,jogos
Hi-Tec Software,,,,hitecsoftware,jogos
Hibernum Créations Inc.,Canada,http://www.hibernum.com,hibernum.com,hibernumcrationsinc,jogos
Hidden Entertainment,Sweden,,,hiddenentertainment,jogos
Hidden Monster Games,Netherlands,http://hiddenmonster.games/,hiddenmonster.games,hiddenmonstergames,jogos
Hidden Path Entertainment,United States,http://www.hiddenpath.com/,hiddenpath.com,hiddenpathentertainment,jogos
Higgs Games,Germany,https://www.higgs-games.com,higgs-games.com,higgsgames,jogos
High Impact Games,United States,http://www.highimpactgames.com/,highimpactgames.com,highimpactgames,jogos
High Iron Simulations,,,,highironsimulations,jogos
High Moon Studios,United States,http://www.highmoonstudios.com/,highmoonstudios.com,highmoonstudios,jogos
High Tea Frog,United Kingdom,https://highteafrog.com/,highteafrog.com,highteafrog,jogos
High Voltage Software,United States,https://www.high-voltage.com/,high-voltage.com,highvoltagesoftware,jogos
Highwire Games,United States,https://highwiregames.com/,highwiregames.com,highwiregames,jogos
Hijinx Studios,,,,hijinxstudios,jogos
Hilltop Studios,Canada,https://www.hilltop.so/,hilltop.so,hilltopstudios,jogos
Himalaya Studios,United States,,,himalayastudios,jogos
Hindarium,Croatia,http://www.hindarium.com/,hindarium.com,hindarium,jogos
HipSoft,United States,http://www.hipsoft.com/,hipsoft.com,hipsoft,jogos
Hired Gun,United States,,,hiredgun,jogos
HitGrab,,https://hitgrab.com/,hitgrab.com,hitgrab,jogos
HitP Studio,,,,hitpstudio,jogos
Hitbox Team,Australia,http://www.hitboxteam.com/,hitboxteam.com,hitboxteam,jogos
Hitcents,,http://hitcents.com,hitcents.com,hitcents,jogos
HitherYon Games,,,,hitheryongames,jogos
Holy Sheep,,,,holysheep,jogos
Holy Wow,United States,http://www.holywowstudios.com/,holywowstudios.com,holywow,jogos
Homegrown Games,Austria,,,homegrowngames,jogos
Honeybee,,,,honeybee,jogos
Honor Games,,,,honorgames,jogos
Hook Games,,https://hook.gg/,hook.gg,hookgames,jogos
Hootchie Cootchie Cartoons,Netherlands,,,hootchiecootchiecartoons,jogos
HopesGaming,,,,hopesgaming,jogos
"Hopoo Games, LLC",United States,https://hopoogames.com/,hopoogames.com,hopoogamesllc,jogos
Horrible Guild Games,Italy,https://www.horribleguild.com/,horribleguild.com,horribleguildgames,jogos
Hosted Games,,,,hostedgames,jogos
Hot Lava Games,United States,,,hotlavagames,jogos
HotGen,United Kingdom,http://www.hotgen.com,hotgen.com,hotgen,jogos
Hothead Games,Canada,http://www.hotheadgames.com,hotheadgames.com,hotheadgames,jogos
Hothouse Creations,United Kingdom,http://www.hothousecreations.com,hothousecreations.com,hothousecreations,jogos
Hourences,,,,hourences,jogos
House House,Australia,https://househou.se/,househou.se,househouse,jogos
House Pixel Games,United States,http://housepixelgames.com,housepixelgames.com,housepixelgames,jogos
House of Tales,Germany,,,houseoftales,jogos
Hovgaard Games,Denmark,https://www.hovgaard.com/,hovgaard.com,hovgaardgames,jogos
HuCang,,,,hucang,jogos
HugePixel,,,,hugepixel,jogos
Hulan,Netherlands,,,hulan,jogos
HumaNature Studios,United States,http://humanaturestudios.com,humanaturestudios.com,humanaturestudios,jogos
Humagade,Canada,,,humagade,jogos
Human Code,United States,,,humancode,jogos
Human Engineered Software,United States,,,humanengineeredsoftware,jogos
Human Head Studios,United States,http://www.humanhead.com,humanhead.com,humanheadstudios,jogos
HumanSoft,United States,,,humansoft,jogos
Humble Grove,United Kingdom,https://humblegrove.com/,humblegrove.com,humblegrove,jogos
Humble Hearts,,,,humblehearts,jogos
Hungry Couch Games,,https://hungrycouchgames.com/,hungrycouchgames.com,hungrycouchgames,jogos
Hungry Sky,Australia,https://www.hungrysky.com/,hungrysky.com,hungrysky,jogos
Hunted Cow Studios,United Kingdom,https://www.huntedcow.com,huntedcow.com,huntedcowstudios,jogos
Hunter Studio,,,,hunterstudio,jogos
Hutch Games,United Kingdom,https://www.hutch.io/,hutch.io,hutchgames,jogos
Hutnu!,Sweden,https://hutnu.se/,hutnu.se,hutnu,jogos
Hutsell Computer War Games,United States,,,hutsellcomputerwargames,jogos
Hydra Games,Poland,https://hydragames.pl/,hydragames.pl,hydragames,jogos
HypeHype,,https://hypehype.com/announcement,hypehype.com,hypehype,jogos
Hyper Fox Studios,Slovenia,http://hyperfoxstudios.com,hyperfoxstudios.com,hyperfoxstudios,jogos
Hyper Productions,United Kingdom,,,hyperproductions,jogos
HyperSloth,United Kingdom,http://hypersloth.co.uk/,hypersloth.co.uk,hypersloth,jogos
Hyperbole Studios,United States,,,hyperbolestudios,jogos
Hyperbolic Magnetism,Czech Republic,http://hyperbolicmagnetism.com/,hyperbolicmagnetism.com,hyperbolicmagnetism,jogos
Hyperion Entertainment,,https://www.hyperion-entertainment.com/,hyperion-entertainment.com,hyperionentertainment,jogos
Hyperspace Cowgirls,,http://www.hyperspacecowgirls.com/,hyperspacecowgirls.com,hyperspacecowgirls,jogos
Hyperstrange,Poland,https://hyperstrange.com/,hyperstrange.com,hyperstrange,jogos
Hypixel Studios,,http://hypixelstudios.com,hypixelstudios.com,hypixelstudios,jogos
Hypnos Entertainment,United States,http://www.hypnos-entertainment.com/,hypnos-entertainment.com,hypnosentertainment,jogos
Hypnotix,United States,,,hypnotix,jogos
I Got Games,Singapore,https://www.igg.com/,igg.com,igotgames,jogos
I-Illusions,,https://i-illusions.com/,i-illusions.com,iillusions,jogos
I-Inferno,,,,iinferno,jogos
I-Novae Studios,United States,https://inovaestudios.com/,inovaestudios.com,inovaestudios,jogos
IBM Multimedia Studio,United States,,,ibmmultimediastudio,jogos
ICE Software,United Kingdom,,,icesoftware,jogos
ICOM Simulations,United States,http://icomsimulations.com/,icomsimulations.com,icomsimulations,jogos
IF Games,Switzerland,,,ifgames,jogos
IJsfontein,Netherlands,https://ijsfontein.nl/,ijsfontein.nl,ijsfontein,jogos
ILLION Corp,South Korea,http://illiongames.com,illiongames.com,illioncorp,jogos
ILMxLAB,,http://www.ilmxlab.com/,ilmxlab.com,ilmxlab,jogos
IMC Games,,http://www.imc.co.kr/,imc.co.kr,imcgames,jogos
IMEX Media,,https://www.imexmedia.com/,imexmedia.com,imexmedia,jogos
IMGN.PRO,Poland,https://imgn.pro/,imgn.pro,imgnpro,jogos
INTENSE,,,,intense,jogos
IOMO,,,,iomo,jogos
ISOTX,,http://isotx.com/,isotx.com,isotx,jogos
IV Productions,Italy,https://www.ivproductions.it/,ivproductions.it,ivproductions,jogos
Iber Software,Spain,,,ibersoftware,jogos
Iberante,Spain,https://iberante.com,iberante.com,iberante,jogos
Icarus Studios,United States,http://www.icarusstudios.com/,icarusstudios.com,icarusstudios,jogos
IceSitruuna,Finland,,,icesitruuna,jogos
Iced Lizard Games,United States,https://icedlizardgames.com/,icedlizardgames.com,icedlizardgames,jogos
Iceflake Studios,Finland,http://iceflake.com/,iceflake.com,iceflakestudios,jogos
Icetesy SPRL,Belgium,http://www.icetesy.be/,icetesy.be,icetesysprl,jogos
Ichigoichie,Sweden,https://ichigoichie.org/,ichigoichie.org,ichigoichie,jogos
Icon Games Entertainment,United Kingdom,,,icongamesentertainment,jogos
Iconic Gaming Studio,,,,iconicgamingstudio,jogos
Idea Fabrik,United States,http://ideafabrik.com,ideafabrik.com,ideafabrik,jogos
Ideaworks Game Studio,United Kingdom,https://www.marmaladegamestudio.com/,marmaladegamestudio.com,ideaworksgamestudio,jogos
Idigicon Limited,United Kingdom,http://www.idigicon.com/,idigicon.com,idigiconlimited,jogos
Idol FX,,,,idolfx,jogos
Ievo,,https://ievo.games/,ievo.games,ievo,jogos
IfThen Software LLC,United States,http://www.ifthensoftware.net/,ifthensoftware.net,ifthensoftwarellc,jogos
Iggymob,South Korea,http://www.iggymob.com/,iggymob.com,iggymob,jogos
Ignis Sanat,,,,ignissanat,jogos
Ignition Banbury,United Kingdom,,,ignitionbanbury,jogos
Igrek Games,,http://igrekgames.net/,igrekgames.net,igrekgames,jogos
Iko,France,https://i-k-o.fr/,i-k-o.fr,iko,jogos
IllFonic,United States,http://www.illfonic.com,illfonic.com,illfonic,jogos
Illumix,United States,,,illumix,jogos
Illusion Labs,Sweden,https://www.illusionlabs.com,illusionlabs.com,illusionlabs,jogos
Illusion Ray,Poland,https://www.illusionray.com/,illusionray.com,illusionray,jogos
Illwinter Game Design,Sweden,http://illwinter.com/,illwinter.com,illwintergamedesign,jogos
Image & Form,Sweden,http://imageform.se/,imageform.se,imageform,jogos
Image Space Incorporated,United States,http://www.imagespaceinc.com/,imagespaceinc.com,imagespaceincorporated,jogos
Image craft,,,,imagecraft,jogos
Imagic,United States,,,imagic,jogos
ImaginEngine,United States,http://www.imaginengine.com/,imaginengine.com,imaginengine,jogos
Imagineering,United States,,,imagineering,jogos
Immersive Games,,,,immersivegames,jogos
Immersive VR Education Ltd.,,,,immersivevreducationltd,jogos
ImpactGames,United States,http://www.impactgames.com/about.php,impactgames.com,impactgames,jogos
Imperia Online JSC,,http://www.imperiaonline.bg/,imperiaonline.bg,imperiaonlinejsc,jogos
Imperium42 Game Studio,United States,https://www.imperium42.com,imperium42.com,imperium42gamestudio,jogos
Impressions Games,United Kingdom,http://www.impressionsgames.com/,impressionsgames.com,impressionsgames,jogos
Impressions Games,United States,http://www.impressionsgames.com/,impressionsgames.com,impressionsgames,jogos
ImproVive,Netherlands,,,improvive,jogos
In-D Gaming,,http://www.indgaming.com/,indgaming.com,indgaming,jogos
InLogic Software,Slovakia,http://www.inlogic.sk,inlogic.sk,inlogicsoftware,jogos
Inaria Interactive,,,,inariainteractive,jogos
Incandescent Imaging,,,,incandescentimaging,jogos
Incarnate Games,United States,,,incarnategames,jogos
Incentive Software,United Kingdom,,,incentivesoftware,jogos
Incinerator Studios,United States,http://www.incineratorstudios.com/,incineratorstudios.com,incineratorstudios,jogos
Incodra,,,,incodra,jogos
Incognito Entertainment,United States,http://www.incognitostudio.com,incognitostudio.com,incognitoentertainment,jogos
"Incredible Simulations, Inc.",,,,incrediblesimulationsinc,jogos
Incubator Games,,http://www.incubatorgames.com/,incubatorgames.com,incubatorgames,jogos
Independent Arts Software,Germany,http://www.independent-arts-software.de,independent-arts-software.de,independentartssoftware,jogos
Indie Built,United States,,,indiebuilt,jogos
Indie Games Studio,,https://indigame.ru/,indigame.ru,indiegamesstudio,jogos
IndieRevo,United Kingdom,https://indierevo.co.uk/,indierevo.co.uk,indierevo,jogos
Indigo Studios,,https://indigostudios.one,indigostudios.one,indigostudios,jogos
Indimo Labs LLC,,,,indimolabsllc,jogos
Indomitus Games,,,,indomitusgames,jogos
Industrial Game Studios,,http://www.industrialgamestudios.com,industrialgamestudios.com,industrialgamestudios,jogos
Industrial Toys,United States,http://www.industrialtoys.com,industrialtoys.com,industrialtoys,jogos
Infamous Adventures,,https://infamousadventures.itch.io,infamousadventures.itch.io,infamousadventures,jogos
Infamous Quests,United States,https://www.infamous-quests.com,infamous-quests.com,infamousquests,jogos
Infinigon Games,Spain,http://infinigon.es/,infinigon.es,infinigongames,jogos
Infinitap Games,,,,infinitapgames,jogos
Infinite Dreams,Poland,http://www.idreams.pl/,idreams.pl,infinitedreams,jogos
Infinite Dreams Software,United Kingdom,,,infinitedreamssoftware,jogos
Infinite Fall,,,,infinitefall,jogos
Infinite Monkeys Entertainment,Canada,,,infinitemonkeysentertainment,jogos
Infinite State Games,United Kingdom,https://infinitestategames.com/,infinitestategames.com,infinitestategames,jogos
Infinite Studios,,https://www.infinitestudios.dev,infinitestudios.dev,infinitestudios,jogos
Infinity Plus Two,Australia,http://www.infinite-interactive.com/,infinite-interactive.com,infinityplustwo,jogos
Infinity Ward,United States,http://infinityward.com,infinityward.com,infinityward,jogos
Inflexion Games,Canada,https://www.inflexion.io,inflexion.io,inflexiongames,jogos
Infocom,United States,,,infocom,jogos
Infogrames Entertainment,France,,,infogramesentertainment,jogos
Infold Games,Singapore,https://www.infoldgames.com/en/home,infoldgames.com,infoldgames,jogos
Ink Stains Games,United Kingdom,,,inkstainsgames,jogos
Inkle,United Kingdom,https://www.inklestudios.com/,inklestudios.com,inkle,jogos
Innerloop Studios,Norway,,,innerloopstudios,jogos
Innerprise Software,United States,,,innerprisesoftware,jogos
Innerspace VR,,https://www.innerspacevr.com/,innerspacevr.com,innerspacevr,jogos
InnoGames,Germany,http://www.innogames.com/,innogames.com,innogames,jogos
Innovative Minds,United Kingdom,http://www.inminds.com/index.html,inminds.com,innovativeminds,jogos
Inputwish,Czech Republic,,,inputwish,jogos
InsGames,,http://www.insgames.com/,insgames.com,insgames,jogos
Insane Code,,https://insane-code.com/,insane-code.com,insanecode,jogos
Inscape,United States,,,inscape,jogos
Insomniac Games,United States,https://insomniac.games,insomniac.games,insomniacgames,jogos
Inspired Media Entertainment,United States,,,inspiredmediaentertainment,jogos
InstantAction,,http://www.instantaction.com,instantaction.com,instantaction,jogos
Intelligent Design,,,,intelligentdesign,jogos
Intelligent cat,,,,intelligentcat,jogos
Intellisoft,United States,,,intellisoft,jogos
InterAction studios,,,,interactionstudios,jogos
InterActive Vision A/S,Denmark,,,interactivevisionas,jogos
Interactive Binary Illusions,,,,interactivebinaryillusions,jogos
Interactive Pictures,,,,interactivepictures,jogos
Interactive Strip,Germany,,,interactivestrip,jogos
Intergalactic Development,United States,,,intergalacticdevelopment,jogos
Interlink Computer Sciences,United States,,,interlinkcomputersciences,jogos
International Games System,,http://www.igs.com.tw/,igs.com.tw,internationalgamessystem,jogos
"Interotica, Inc.",,http://www.interotica.com/,interotica.com,interoticainc,jogos
Interphase,Canada,,,interphase,jogos
Interplay Entertainment,United States,http://www.interplay.com/,interplay.com,interplayentertainment,jogos
Interstel Corporation,United States,,,interstelcorporation,jogos
Intoxicate Studios,Poland,,,intoxicatestudios,jogos
Intrepid Studios,United States,https://intrepidstudios.com/,intrepidstudios.com,intrepidstudios,jogos
Intron,Sweden,,,intron,jogos
Introversion Software,United Kingdom,http://www.introversion.co.uk/,introversion.co.uk,introversionsoftware,jogos
Invader Studios,Italy,http://invaderstudiosofficial.com,invaderstudiosofficial.com,invaderstudios,jogos
Invictus Games,Hungary,http://www.invictus.com/,invictus.com,invictusgames,jogos
Invidec Games,Austria,,,invidecgames,jogos
Invincibles Studio,United Kingdom,https://invinciblesstudio.com/,invinciblesstudio.com,invinciblesstudio,jogos
Ion Lands,,https://ionlands.com/,ionlands.com,ionlands,jogos
Ionized Games,,,,ionizedgames,jogos
Iridium Studios,,,,iridiumstudios,jogos
Iron Galaxy Studios,United States,https://irongalaxystudios.com,irongalaxystudios.com,irongalaxystudios,jogos
Iron Gate Studio,Sweden,https://irongatestudio.se/,irongatestudio.se,irongatestudio,jogos
Iron Lore Entertainment,United States,http://www.ironlore.com/,ironlore.com,ironloreentertainment,jogos
Iron Realms Entertainment,,https://www.ironrealms.com/,ironrealms.com,ironrealmsentertainment,jogos
Iron Tower Studios,,http://www.irontowerstudio.com,irontowerstudio.com,irontowerstudios,jogos
IronOak Games,,https://ironoakgames.com/,ironoakgames.com,ironoakgames,jogos
IronOak Studios,,http://www.ironoak.ch/BB/,ironoak.ch,ironoakstudios,jogos
Ironclad Games,,http://www.ironcladgames.com/,ironcladgames.com,ironcladgames,jogos
Irongames Studio,,,,irongamesstudio,jogos
Ironward,,,,ironward,jogos
Ironwood Studios,United States,https://www.ironwoodstudios.com/,ironwoodstudios.com,ironwoodstudios,jogos
Irrational Games,United States,https://www.ghoststorygames.com/,ghoststorygames.com,irrationalgames,jogos
Irresponsible Games,,http://www.irresponsiblegames.com/,irresponsiblegames.com,irresponsiblegames,jogos
Isaac Cohen,,,,isaaccohen,jogos
Ishtar Games,France,https://ishtar.games/,ishtar.games,ishtargames,jogos
Island Officials,United States,http://www.islandofficials.com/,islandofficials.com,islandofficials,jogos
Isojumper,,https://www.isojumper.com/,isojumper.com,isojumper,jogos
Isometricorp Games,,,,isometricorpgames,jogos
Isotope 244,,http://www.isotope244.com/,isotope244.com,isotope244,jogos
Isto Inc.,Canada,https://www.istoinc.com/,istoinc.com,istoinc,jogos
Istom Games,,https://istomgames.com/,istomgames.com,istomgames,jogos
Itera Laboratories,,,,iteralaboratories,jogos
Itharius,Poland,,,itharius,jogos
Ivanoff Interactive,Denmark,,,ivanoffinteractive,jogos
Ivy Games,,,,ivygames,jogos
J-Wing,,,,jwing,jogos
JAM Productions,United States,,,jamproductions,jogos
JRad Games,,,,jradgames,jogos
JV Games,United States,http://www.jvgames.com/,jvgames.com,jvgames,jogos
Jackbox Games,United States,https://jackboxgames.com/,jackboxgames.com,jackboxgames,jogos
Jade Studio,,,,jadestudio,jogos
Jadestone Group,Sweden,,,jadestonegroup,jogos
Jagex,United Kingdom,https://www.jagex.com/,jagex.com,jagex,jogos
Jaibo Games,Ukraine,http://www.jaibogames.com/,jaibogames.com,jaibogames,jogos
Jam City,,http://jamcity.com,jamcity.com,jamcity,jogos
James Software,,,,jamessoftware,jogos
Jan-Willem Nijman en Kitty Calis,,,,janwillemnijmanenkittycalis,jogos
JanduSoft,Spain,https://www.jandusoft.com/,jandusoft.com,jandusoft,jogos
Jankenteam,,,,jankenteam,jogos
Japan System Supply,,,,japansystemsupply,jogos
Jarhead Games,,,,jarheadgames,jogos
Jasper Byrne,,,,jasperbyrne,jogos
Javaground,United States,http://www.javaground.com/,javaground.com,javaground,jogos
Jaywalkers Interactive,,,,jaywalkersinteractive,jogos
Jellyvision,United States,http://www.jellyvision.com,jellyvision.com,jellyvision,jogos
Jet Black Games,Canada,https://www.jetblackgames.com/,jetblackgames.com,jetblackgames,jogos
JetCat Games,,,,jetcatgames,jogos
Jetdogs Studios,Finland,https://www.jetdogs.com/,jetdogs.com,jetdogsstudios,jogos
Jetpack Interactive,Canada,http://jetpackinteractive.ca,jetpackinteractive.ca,jetpackinteractive,jogos
Jinthree Studio,South Korea,https://www.jinthreestudio.com/,jinthreestudio.com,jinthreestudio,jogos
Jo-Mei Games,Germany,https://www.jo-mei.com/,jo-mei.com,jomeigames,jogos
JoWooD Vienna,Austria,,,jowoodvienna,jogos
Joathrent Studios,United States,http://www.joathrent.com,joathrent.com,joathrentstudios,jogos
Joe Williams,,,,joewilliams,jogos
Joey Drew Studios,,https://www.joeydrewstudios.com/,joeydrewstudios.com,joeydrewstudios,jogos
John and Evan Szymanski,,,,johnandevanszymanski,jogos
Johnny Two Shoes,United Kingdom,http://www.johnnytwoshoes.com,johnnytwoshoes.com,johnnytwoshoes,jogos
Joindots,Germany,https://www.joindots.de/,joindots.de,joindots,jogos
Joined Up Writing,United Kingdom,,,joinedupwriting,jogos
Joju Games,United States,,,jojugames,jogos
Journey Bound Games,Canada,,,journeyboundgames,jogos
JoyBits,,http://joybits.org/,joybits.org,joybits,jogos
JoyMasher,,,,joymasher,jogos
Joyful Software,,,,joyfulsoftware,jogos
Joymax,South Korea,http://www.joymax.com,joymax.com,joymax,jogos
Judobaby Inc,,,,judobabyinc,jogos
Juggernaut Games,,,,juggernautgames,jogos
Jujubee,,http://jujubee.pl,jujubee.pl,jujubee,jogos
Jump Over the Age,,https://jumpovertheage.com/,jumpovertheage.com,jumpovertheage,jogos
JumpStart Solutions,,,,jumpstartsolutions,jogos
Jumpship,United Kingdom,https://jumpship.co.uk/,jumpship.co.uk,jumpship,jogos
Junction Point Studios,United States,http://www.junctionpoint.com,junctionpoint.com,junctionpointstudios,jogos
Juncture Media,,,,juncturemedia,jogos
Jundroo,United States,https://jundroo.com/,jundroo.com,jundroo,jogos
Junebud,,http://www.junebud.com/,junebud.com,junebud,jogos
Just Add Water,United Kingdom,http://www.jawltd.com/,jawltd.com,justaddwater,jogos
Just Trains,,,,justtrains,jogos
Justin Moravetz,,,,justinmoravetz,jogos
Jutsu Games,Poland,http://jutsugames.com,jutsugames.com,jutsugames,jogos
K Bros Games,United States,https://www.home.kbrosinc.com/,home.kbrosinc.com,kbrosgames,jogos
K148 Game Studio,,,,k148gamestudio,jogos
KAMPO Interactive,Hungary,http://www.kampointeractive.com/,kampointeractive.com,kampointeractive,jogos
KMM Games,Australia,,,kmmgames,jogos
KO OP,Canada,https://ko-opmode.com/,ko-opmode.com,koop,jogos
KOG Studios,,http://www.kog.co.kr/,kog.co.kr,kogstudios,jogos
KR Games,Italy,https://www.krgames.it/,krgames.it,krgames,jogos
KROBON station,,,,krobonstation,jogos
Kaiko,,,,kaiko,jogos
KainHauld,,,,kainhauld,jogos
Kaizen Game Works,United Kingdom,https://kaizengameworks.com/,kaizengameworks.com,kaizengameworks,jogos
Kakao Games,South Korea,https://www.kakaogamescorp.com,kakaogamescorp.com,kakaogames,jogos
Kalisto Entertainment,France,,,kalistoentertainment,jogos
Kalypso Media,Germany,https://www.kalypsomedia.com/,kalypsomedia.com,kalypsomedia,jogos
KamaGames,,http://kamagames.com/,kamagames.com,kamagames,jogos
Kanak,,,,kanak,jogos
Kando Games,France,,,kandogames,jogos
Kaneda Games,Spain,https://www.kaneda-games.com,kaneda-games.com,kanedagames,jogos
Kano Apps,Canada,https://www.kanoapps.com/,kanoapps.com,kanoapps,jogos
Kaos Studios,United States,http://kaosstudios.com/,kaosstudios.com,kaosstudios,jogos
Karoshi Corporation,Spain,http://karoshi.auic.es/,karoshi.auic.es,karoshicorporation,jogos
KatGames,,,,katgames,jogos
Katsu Entertainment,United States,https://www.katsugames.com/,katsugames.com,katsuentertainment,jogos
Kee Games,,,,keegames,jogos
Keen Software House,Czech Republic,http://www.keenswh.com/,keenswh.com,keensoftwarehouse,jogos
KenamicK Entertainment,,http://www.kenamick.com,kenamick.com,kenamickentertainment,jogos
KeokeN Interactive,Netherlands,https://keokeninteractive.com/,keokeninteractive.com,keokeninteractive,jogos
Kerberos Productions,Canada,http://www.kerberos-productions.com/,kerberos-productions.com,kerberosproductions,jogos
Kerzoven,Switzerland,https://www.kerzoven.com/,kerzoven.com,kerzoven,jogos
Ketchapp,France,http://www.ketchappstudio.com,ketchappstudio.com,ketchapp,jogos
Kether Studio,,,,ketherstudio,jogos
Kew McParlane,,,,kewmcparlane,jogos
Keybol Games,,https://www.keybolgames.com/,keybolgames.com,keybolgames,jogos
Kheops Studio,,http://www.kheops-studio.com,kheops-studio.com,kheopsstudio,jogos
Khud0,,,,khud0,jogos
Kid Onion Studio,United Kingdom,,,kidonionstudio,jogos
Kids With Sticks,Poland,https://kidswithsticks.com/,kidswithsticks.com,kidswithsticks,jogos
Kikai Digital,,http://kikaiism.com/,kikaiism.com,kikaidigital,jogos
KillHouse Games,Romania,,,killhousegames,jogos
Killerfish Games,Australia,http://killerfishgames.com/,killerfishgames.com,killerfishgames,jogos
Killing Day Studios,,,,killingdaystudios,jogos
Killjoy Games,,,,killjoygames,jogos
Killmonday Games HB,Sweden,https://www.killmondaygames.com/,killmondaygames.com,killmondaygameshb,jogos
Killspace Entertainment,,,,killspaceentertainment,jogos
Kiloo,Denmark,http://www.kiloo.com,kiloo.com,kiloo,jogos
Kimey Fun Media,,,,kimeyfunmedia,jogos
Kind Cat Games,,,,kindcatgames,jogos
Kinesoft,,,,kinesoft,jogos
Kinetic Games,United Kingdom,https://kineticgames.co.uk/,kineticgames.co.uk,kineticgames,jogos
King,Malta,https://www.king.com,king.com,king,jogos
King,United Kingdom,https://www.king.com,king.com,king,jogos
King Art Games,Germany,http://www.kingart-games.com/,kingart-games.com,kingartgames,jogos
King of the Jungle,,,,kingofthejungle,jogos
KingsIsle Entertainment,United States,http://www.kingsisle.com/,kingsisle.com,kingsisleentertainment,jogos
Kintsugiyama,United States,https://kintsugiyama.com,kintsugiyama.com,kintsugiyama,jogos
KishMish Games,,,,kishmishgames,jogos
Kistler Studios,,,,kistlerstudios,jogos
Kite Games,Hungary,,,kitegames,jogos
Kitfox Games,Canada,https://www.kitfoxgames.com/en,kitfoxgames.com,kitfoxgames,jogos
Kitsune Games,United States,https://kitsunegames.com/,kitsunegames.com,kitsunegames,jogos
Kittehface,,http://www.kittehface.com/,kittehface.com,kittehface,jogos
Kiwiwalks,South Korea,https://www.kiwiwalks.com/,kiwiwalks.com,kiwiwalks,jogos
Kixeye,United States,https://www.kixeye.com/,kixeye.com,kixeye,jogos
Klabater,Poland,https://klabater.com,klabater.com,klabater,jogos
Klei Entertainment,Canada,https://klei.com/,klei.com,kleientertainment,jogos
Kluge Interactive,,https://klugeinteractive.com/,klugeinteractive.com,klugeinteractive,jogos
KnowWare,,,,knowware,jogos
Knowledge Adventure,United States,,,knowledgeadventure,jogos
Koalabs,France,https://www.koalabs-studio.com,koalabs-studio.com,koalabs,jogos
Kobojo,,http://kobojo.com,kobojo.com,kobojo,jogos
Kodera Software,Poland,https://games.kodera.pl/,games.kodera.pl,koderasoftware,jogos
Kodii Systems,Canada,http://www.kodiisystems.com/,kodiisystems.com,kodiisystems,jogos
Kodo Linija,Lithuania,https://kodolinija.com/,kodolinija.com,kodolinija,jogos
Koei Tecmo Europe,United Kingdom,https://www.koeitecmoeurope.com/,koeitecmoeurope.com,koeitecmoeurope,jogos
Koei Tecmo Singapore,Singapore,https://www.koeitecmo.com.sg/,koeitecmo.com.sg,koeitecmosingapore,jogos
Kolibri Games,,http://www.kolibrigames.com,kolibrigames.com,kolibrigames,jogos
Komar Games,Ukraine,http://www.komargames.com,komargames.com,komargames,jogos
Komi Games,,,,komigames,jogos
Konstantin Koshutin,,,,konstantinkoshutin,jogos
Koolhaus Games,Canada,,,koolhausgames,jogos
Koramgame,,,,koramgame,jogos
Korkeken Interactive Studio,Sweden,,,korkekeninteractivestudio,jogos
Kot-in-Action Creative Artel,United States,http://www.kot-in-action.com,kot-in-action.com,kotinactioncreativeartel,jogos
Krafton,South Korea,https://www.krafton.com/,krafton.com,krafton,jogos
Kraisoft Entertainment,,https://www.kraisoft.com,kraisoft.com,kraisoftentertainment,jogos
Krea Medie,Denmark,https://www.egmont.com/dk/Tags/krea%20media/,egmont.com,kreamedie,jogos
Krewe Studios,,https://www.krewestudios.com/,krewestudios.com,krewestudios,jogos
Krillbite Studio,Norway,http://www.krillbite.com,krillbite.com,krillbitestudio,jogos
Krisalis Software,United Kingdom,,,krisalissoftware,jogos
Kristanix Games,Norway,https://www.kristanix.com/,kristanix.com,kristanixgames,jogos
Kritzelkratz 3000 GmbH,Germany,http://www.kritzelkratz.de/,kritzelkratz.de,kritzelkratz3000gmbh,jogos
Krome Studios,Australia,https://www.kromestudios.com/,kromestudios.com,kromestudios,jogos
Krome Studios Melbourne,Australia,http://www.melbournehouse.com/,melbournehouse.com,kromestudiosmelbourne,jogos
Kronos Digital Entertainment,United States,,,kronosdigitalentertainment,jogos
Kronosaur Productions,,,,kronosaurproductions,jogos
Krystian Majewski,,,,krystianmajewski,jogos
Kuju Ltd.,United Kingdom,http://www.kuju.com/,kuju.com,kujultd,jogos
Kuma Reality Games,United States,,,kumarealitygames,jogos
Kumobius,,,,kumobius,jogos
Kung Fu Games,,,,kungfugames,jogos
Kungfu Takeaway,,https://kungfutakeaway.com/,kungfutakeaway.com,kungfutakeaway,jogos
Kurisu no Patto,,,,kurisunopatto,jogos
Kwalee,United Kingdom,http://kwalee.com,kwalee.com,kwalee,jogos
Kyle Seeley,,,,kyleseeley,jogos
Kylotonn,France,https://www.kylotonn.com/,kylotonn.com,kylotonn,jogos
LAB132,Germany,,,lab132,jogos
LAI Games,Australia,,,laigames,jogos
LBK Production,Netherlands,,,lbkproduction,jogos
LCB Game Studio,,,,lcbgamestudio,jogos
"LCG Entertainment, Inc.",United States,https://www.telltale.com/,telltale.com,lcgentertainmentinc,jogos
LDRLY Games,Canada,https://www.ldrlygames.io/,ldrlygames.io,ldrlygames,jogos
LGT SIA,,,,lgtsia,jogos
LK Avalon,Poland,http://www.lkavalon.com,lkavalon.com,lkavalon,jogos
LMC Software,,,,lmcsoftware,jogos
LOVEPLUS PRODUCTION,,,,loveplusproduction,jogos
LTI Gray Matter,United States,http://www.livetech.com/,livetech.com,ltigraymatter,jogos
LVGameDev,United States,,,lvgamedev,jogos
La Belle Games,France,http://labellegames.com/,labellegames.com,labellegames,jogos
Lab Zero Games,,https://labzerogames.com/,labzerogames.com,labzerogames,jogos
Lab42,United Kingdom,https://www.lab42.games,lab42.games,lab42,jogos
Labrador Studios,United Kingdom,https://www.labradorstudios.com/,labradorstudios.com,labradorstudios,jogos
Lag Studios,,http://lagstudios.webs.com,lagstudios.webs.com,lagstudios,jogos
Lance Games,,,,lancegames,jogos
Landfall West,,,,landfallwest,jogos
Landka,Portugal,http://landka.com,landka.com,landka,jogos
Landon Podbielski,,,,landonpodbielski,jogos
Lankhor,France,,,lankhor,jogos
Large Animal Games,,http://www.largeanimal.com,largeanimal.com,largeanimalgames,jogos
Larian Studios,Belgium,https://larian.com/,larian.com,larianstudios,jogos
Last Day of Work,United States,http://www.ldw.com/,ldw.com,lastdayofwork,jogos
Last Lotus,,,,lastlotus,jogos
Laughing Jackal,United Kingdom,http://laughingjackal.co.uk,laughingjackal.co.uk,laughingjackal,jogos
Laughing Machines,,,,laughingmachines,jogos
Launchworks,United States,http://launchworks.net/,launchworks.net,launchworks,jogos
Laundry Bear Games,Canada,http://laundrybear.com/,laundrybear.com,laundrybeargames,jogos
Laush Studio,,,,laushstudio,jogos
LavaMind,United States,https://www.lavamind.com,lavamind.com,lavamind,jogos
Lavaboots Studios,United States,,,lavabootsstudios,jogos
Lazy 8 Studios,United States,http://www.lazy8studios.com,lazy8studios.com,lazy8studios,jogos
Lazy Bear Games,,http://lazybeargames.com,lazybeargames.com,lazybeargames,jogos
Lazy Monday Games,United Kingdom,https://www.lazymondaygames.com/,lazymondaygames.com,lazymondaygames,jogos
Lazy Turtle Games,,,,lazyturtlegames,jogos
Lazyrays Games,United Kingdom,https://www.lazyrays.co.uk/,lazyrays.co.uk,lazyraysgames,jogos
Le Cartel,France,https://lecartelstudio.fr/,lecartelstudio.fr,lecartel,jogos
Le Cortex,France,,,lecortex,jogos
Leaf Mobile,Canada,https://leafmobile.io,leafmobile.io,leafmobile,jogos
Leafy Games,,,,leafygames,jogos
League of Geeks,Australia,,,leagueofgeeks,jogos
LearnDistrict,United States,https://www.girlsmakegames.com/learndistrict,girlsmakegames.com,learndistrict,jogos
Learnalot,,http://www.learnalot.com/,learnalot.com,learnalot,jogos
Legacy Interactive,United States,http://www.legacyinteractive.com,legacyinteractive.com,legacyinteractive,jogos
Legend Entertainment,United States,http://www.legendent.com/,legendent.com,legendentertainment,jogos
Legend Studio,,,,legendstudio,jogos
Legendo Entertainment AB,Sweden,http://www.legendo.com/,legendo.com,legendoentertainmentab,jogos
Leikir Studio,France,https://www.leikir-studio.com,leikir-studio.com,leikirstudio,jogos
Lekker spelen,Netherlands,,,lekkerspelen,jogos
Lemix game,,http://www.lemixgame.com/,lemixgame.com,lemixgame,jogos
Les Ignobles,France,https://lesignobles.com,lesignobles.com,lesignobles,jogos
Les Joueurs Français,,https://lesjoueursfrancais.fr/,lesjoueursfrancais.fr,lesjoueursfranais,jogos
Levall Games,Sweden,http://www.michaellevall.com/,michaellevall.com,levallgames,jogos
Lexis Numérique,France,http://www.lexis-numerique.fr/,lexis-numerique.fr,lexisnumrique,jogos
Lichtund,,,,lichtund,jogos
Lienzo,,https://www.lienzo.mx/,lienzo.mx,lienzo,jogos
Lift London,,http://www.lift.london/,lift.london,liftlondon,jogos
Light & Shadow Production,France,,,lightshadowproduction,jogos
Light Ape Games,,,,lightapegames,jogos
Light Brick Studio,Denmark,https://www.lightbrick.com/,lightbrick.com,lightbrickstudio,jogos
LightBox Interactive,United States,http://www.lightboxinteractive.com,lightboxinteractive.com,lightboxinteractive,jogos
Lightbulb Crew,France,https://lightbulbcrew.fr/,lightbulbcrew.fr,lightbulbcrew,jogos
Lightbulb Crew,Sweden,https://lightbulbcrew.fr/,lightbulbcrew.fr,lightbulbcrew,jogos
Lighthouse Interactive,,,,lighthouseinteractive,jogos
Lightneer,Finland,https://lightneer.com/,lightneer.com,lightneer,jogos
Lightning Fish,United Kingdom,http://www.lightningfishgames.com/,lightningfishgames.com,lightningfish,jogos
Lightning Game Studios,,,,lightninggamestudios,jogos
Lightning Rock,,,,lightningrock,jogos
Lightning Rod Games,Canada,https://lightningrodgames.com/,lightningrodgames.com,lightningrodgames,jogos
Lightwood Games,United Kingdom,https://www.lightwoodgames.com/,lightwoodgames.com,lightwoodgames,jogos
Lilith,,https://www.lilith-soft.com/,lilith-soft.com,lilith,jogos
Lillymo Games,,https://lillymogames.com/,lillymogames.com,lillymogames,jogos
Lima Sky,,http://limasky.com/,limasky.com,limasky,jogos
Limasse Five,,,,limassefive,jogos
Limbic Entertainment,Germany,http://www.limbic-entertainment.de/,limbic-entertainment.de,limbicentertainment,jogos
Limbic Software,United States,http://www.limbic.com,limbic.com,limbicsoftware,jogos
LimboLane,,https://www.limbolane.com/,limbolane.com,limbolane,jogos
Limestone Games,Estonia,https://limestone-games.com/,limestone-games.com,limestonegames,jogos
Lince Works,Spain,,,linceworks,jogos
Lindasoft,,,,lindasoft,jogos
Linel,Switzerland,,,linel,jogos
Linux Game Publishing,United Kingdom,http://linuxgamepublishing.com,linuxgamepublishing.com,linuxgamepublishing,jogos
Lion Shield,,https://lionshieldstudios.com/,lionshieldstudios.com,lionshield,jogos
Lion's Shade,,https://www.lionsshade.com/,lionsshade.com,lionsshade,jogos
Lioncode Games,Canada,https://lioncodegames.com/,lioncodegames.com,lioncodegames,jogos
Lionhead Studios,United Kingdom,http://www.lionhead.com,lionhead.com,lionheadstudios,jogos
"Liquid Bit, LLC",,http://www.liquidbit.com/,liquidbit.com,liquidbitllc,jogos
Liquid Dragon Studios,United States,https://liquiddragonstudios.com/,liquiddragonstudios.com,liquiddragonstudios,jogos
Liquid Entertainment,United States,http://goliquid.us/,goliquid.us,liquidentertainment,jogos
Liquid Games,,,,liquidgames,jogos
Little Boy Games,,,,littleboygames,jogos
Little Cat Feet,,,,littlecatfeet,jogos
Little Chicken Game Company,Netherlands,https://www.littlechicken.nl/,littlechicken.nl,littlechickengamecompany,jogos
Little Green Men Games,,http://www.inter-corona.com/,inter-corona.com,littlegreenmengames,jogos
LiveWire Software UK,,,,livewiresoftwareuk,jogos
Liveplex,,,,liveplex,jogos
Lizardry,,https://lizardry.jp/,lizardry.jp,lizardry,jogos
Llamasoft,United Kingdom,http://minotaurproject.co.uk/,minotaurproject.co.uk,llamasoft,jogos
Lo-Fi Games,United Kingdom,https://lofigames.com/,lofigames.com,lofigames,jogos
LocalThunk,Canada,https://localthunk.com,localthunk.com,localthunk,jogos
Locked Door Puzzle,,,,lockeddoorpuzzle,jogos
Lockpickle,Finland,https://www.lockpickle.com,lockpickle.com,lockpickle,jogos
Lockwood Publishing,United Kingdom,https://lockwoodpublishing.com/,lockwoodpublishing.com,lockwoodpublishing,jogos
Locomotive Games,United States,,,locomotivegames,jogos
Loftur Studio,,,,lofturstudio,jogos
Log Games,,http://www.loggames.ca/,loggames.ca,loggames,jogos
Logic Artists,Denmark,http://logicartists.com/,logicartists.com,logicartists,jogos
Logic.Cool OÜ,,https://logic.cool/,logic.cool,logiccoolo,jogos
"Logical Design Works, Inc.",United States,,,logicaldesignworksinc,jogos
Loiste Interactive,Finland,,,loisteinteractive,jogos
Loki Entertainment,United States,http://lokigames.com/,lokigames.com,lokientertainment,jogos
Lolapps,,,,lolapps,jogos
London Studio,United Kingdom,https://playstationlondonstudio.com,playstationlondonstudio.com,londonstudio,jogos
Lonely Troops,,,,lonelytroops,jogos
Longbow Games,Canada,https://www.longbowgames.com,longbowgames.com,longbowgames,jogos
Longterm Games,Poland,https://longtermgames.pl/,longtermgames.pl,longtermgames,jogos
Looking Glass Studios,United States,,,lookingglassstudios,jogos
Loot Drop,United States,,,lootdrop,jogos
"Loot Interactive, LLC",United States,http://www.lootinteractive.com/,lootinteractive.com,lootinteractivellc,jogos
Loren Lemcke,,,,lorenlemcke,jogos
Loriciels,France,,,loriciels,jogos
Lostwood,,,,lostwood,jogos
Lotus Creative Entertainment,,http://www.lotusnine.com/,lotusnine.com,lotuscreativeentertainment,jogos
Loveshack Entertainment,Australia,http://loveshackentertainment.com/,loveshackentertainment.com,loveshackentertainment,jogos
Lowe Bros. Studios LLC,,,,lowebrosstudiosllc,jogos
Lowtek Games,,http://lowtek.co.uk/,lowtek.co.uk,lowtekgames,jogos
LuGus Studios,Belgium,https://www.lugus-studios.be/,lugus-studios.be,lugusstudios,jogos
Lucasfan Games,Germany,http://www.lucasfangames.de/,lucasfangames.de,lucasfangames,jogos
Lucasfilm Games,United States,https://www.lucasfilm.com/what-we-do/games/,lucasfilm.com,lucasfilmgames,jogos
Lucid Dreams Studio,Canada,http://www.luciddreamsstudio.com/,luciddreamsstudio.com,luciddreamsstudio,jogos
Lucid Games,United Kingdom,http://www.lucidgames.co.uk/,lucidgames.co.uk,lucidgames,jogos
Lucid Sheep Games,,https://lucidsheepgames.com/,lucidsheepgames.com,lucidsheepgames,jogos
"Lucid Sight, Inc.",,,,lucidsightinc,jogos
Lucky Chicken Games,United States,http://www.luckychicken.com,luckychicken.com,luckychickengames,jogos
Lucky Frame,,http://www.luckyframe.co.uk/,luckyframe.co.uk,luckyframe,jogos
Lucky Kat Studios,Netherlands,https://www.lucky-kat.com/,lucky-kat.com,luckykatstudios,jogos
Lucky Mountain Games,United Kingdom,,,luckymountaingames,jogos
Lucky You Studio,,,,luckyyoustudio,jogos
Ludeon Studios,Canada,https://ludeon.com/,ludeon.com,ludeonstudios,jogos
Ludicrous Games,Italy,https://weareludicrous.com/,weareludicrous.com,ludicrousgames,jogos
LudoCraft,Finland,,,ludocraft,jogos
Ludomo,,https://www.ludomo.com/,ludomo.com,ludomo,jogos
Ludomotion,Netherlands,https://www.ludomotion.com/,ludomotion.com,ludomotion,jogos
Ludoïd,France,,,ludod,jogos
Ludus future,,,,ludusfuture,jogos
Lukas Navratil,,,,lukasnavratil,jogos
Lukewarm Media,,,,lukewarmmedia,jogos
Lula Online,Germany,,,lulaonline,jogos
Luma Touch,United States,https://luma-touch.com/,luma-touch.com,lumatouch,jogos
Luminawesome Games,Canada,https://luminawesome.com,luminawesome.com,luminawesomegames,jogos
Lunagames,,http://www.lunagames.com/,lunagames.com,lunagames,jogos
Lunar Pixel,,,,lunarpixel,jogos
Lunar Ray Games,,http://www.lunarraygames.com/,lunarraygames.com,lunarraygames,jogos
Lunaris Iris,France,,,lunarisiris,jogos
Lunatic Software,,,,lunaticsoftware,jogos
LungGames,Canada,,,lunggames,jogos
Lunheim Studios,Germany,https://www.lunheimstudios.com/,lunheimstudios.com,lunheimstudios,jogos
Lustration Team,,,,lustrationteam,jogos
Luxee,,http://luxee.games/,luxee.games,luxee,jogos
Luxoflux,United States,http://www.luxoflux.com,luxoflux.com,luxoflux,jogos
Lykke Studios,Cyprus,https://www.lykkestudios.com/,lykkestudios.com,lykkestudios,jogos
Lyrelark,United Kingdom,https://www.lyrelark.com/,lyrelark.com,lyrelark,jogos
M Network,United States,,,mnetwork,jogos
M Theory,,https://www.mtheoryvr.com/,mtheoryvr.com,mtheory,jogos
M.C. Lothorien Ltd,,,,mclothorienltd,jogos
M.R. Games,,,,mrgames,jogos
M2H,Netherlands,https://www.m2h.nl/,m2h.nl,m2h,jogos
MAG Interactive,Sweden,http://maginteractive.se/,maginteractive.se,maginteractive,jogos
MAG Studios,,,,magstudios,jogos
MBS TRUTH,,http://www.teck.co.jp/truth/index.html,teck.co.jp,mbstruth,jogos
MDickie Limited,United Kingdom,,,mdickielimited,jogos
MJ Net,,,,mjnet,jogos
MP Entertainment,,,,mpentertainment,jogos
MPS Labs,,,,mpslabs,jogos
MVP Software,,https://www.mvpsoft.com/,mvpsoft.com,mvpsoftware,jogos
MacDaddy Entertainment,,http://www.macdaddyusa.com/,macdaddyusa.com,macdaddyentertainment,jogos
Machine Zone,United States,http://mz.com,mz.com,machinezone,jogos
Macovill,South Korea,https://en.macovill.com/,en.macovill.com,macovill,jogos
Mad About Pandas,Germany,http://madaboutpandas.de/,madaboutpandas.de,madaboutpandas,jogos
Mad Cookies Studio,,,,madcookiesstudio,jogos
Mad Data,,,,maddata,jogos
Mad Fellows,United Kingdom,https://www.madfellowsgames.com,madfellowsgames.com,madfellows,jogos
Mad Genius Software,,,,madgeniussoftware,jogos
Mad Head Games,Serbia,https://www.madheadgames.com,madheadgames.com,madheadgames,jogos
Mad Vulture Games,,,,madvulturegames,jogos
MadMan Theory Games,,,,madmantheorygames,jogos
Madfinger Games,Czech Republic,http://www.madfingergames.com/,madfingergames.com,madfingergames,jogos
Madruga Works,,https://madrugaworks.com/,madrugaworks.com,madrugaworks,jogos
Maestro Interactive Games,United States,https://maestroigames.com/,maestroigames.com,maestrointeractivegames,jogos
Magellan Interactive,United States,http://www.magellaninteractive.com,magellaninteractive.com,magellaninteractive,jogos
Maggese,Italy,https://www.maggese-games.com/,maggese-games.com,maggese,jogos
Magic Bytes,Germany,https://www.magicbytes.com/,magicbytes.com,magicbytes,jogos
Magic Cube,South Korea,http://magiccubegames.com/,magiccubegames.com,magiccube,jogos
Magic Design Studios,France,https://www.magicdesignstudios.com/,magicdesignstudios.com,magicdesignstudios,jogos
Magic Pixel Games,United States,,,magicpixelgames,jogos
Magic Pockets,France,https://www.magicpockets.org/,magicpockets.org,magicpockets,jogos
Magic Wand Productions,Romania,https://magicwand.ro,magicwand.ro,magicwandproductions,jogos
MagicalTimeBean,,,,magicaltimebean,jogos
Magmic Games,Canada,http://www.magmic.com,magmic.com,magmicgames,jogos
Magnetic Fields,United Kingdom,http://www.magneticfields.co.uk/,magneticfields.co.uk,magneticfields,jogos
Magnin & Associates,United States,,,magninassociates,jogos
Majesco Entertainment,United States,https://www.majescoent.com/,majescoent.com,majescoentertainment,jogos
Majestic Studios,United Kingdom,,,majesticstudios,jogos
Major Developments,United Kingdom,,,majordevelopments,jogos
Malfador Machinations,United States,http://www.malfador.com/,malfador.com,malfadormachinations,jogos
Mana Games,,,,managames,jogos
Mando productions,,,,mandoproductions,jogos
Mandragora,,,,mandragora,jogos
Mane6,,https://www.mane6.com/,mane6.com,mane6,jogos
Mango Protocol,Spain,http://www.mangoprotocol.com,mangoprotocol.com,mangoprotocol,jogos
Manic Game Studios,,,,manicgamestudios,jogos
Manic Media Productions,,,,manicmediaproductions,jogos
Manomio,,http://www.manomio.com/,manomio.com,manomio,jogos
Manu Games,United States,https://manugames.com,manugames.com,manugames,jogos
Maple Powered Games,Canada,https://www.maplepoweredgames.com/,maplepoweredgames.com,maplepoweredgames,jogos
Marc Ellis,,,,marcellis,jogos
Marcus Nichols,,,,marcusnichols,jogos
Mardonpol,Canada,https://mardonpol.com/,mardonpol.com,mardonpol,jogos
Marionette Games,,,,marionettegames,jogos
Marmalade Game Studio,United Kingdom,https://www.marmaladegamestudio.com/,marmaladegamestudio.com,marmaladegamestudio,jogos
Marron,,,,marron,jogos
Marvin Glass and Associates,United States,,,marvinglassandassociates,jogos
Maschinen-Mensch,Germany,http://maschinen-mensch.com/,maschinen-mensch.com,maschinenmensch,jogos
Mass Media Inc.,United States,http://www.massmedia.com/,massmedia.com,massmediainc,jogos
Massive Development,Germany,http://www.massive.de/,massive.de,massivedevelopment,jogos
Massive Entertainment,Sweden,http://www.massive.se/,massive.se,massiveentertainment,jogos
Massive Miniteam,Germany,https://www.massiveminiteam.com,massiveminiteam.com,massiveminiteam,jogos
Massive Monster,Australia,https://massivemonster.co,massivemonster.co,massivemonster,jogos
Massive Work Studio,,https://massiveworkstudio.com/,massiveworkstudio.com,massiveworkstudio,jogos
Masterbrain Bytes,Germany,,,masterbrainbytes,jogos
Mastfire Studios,,,,mastfirestudios,jogos
Masthead Studios,,http://www.mastheadstudios.com,mastheadstudios.com,mastheadstudios,jogos
Mastrowcorp,Australia,https://mastrowcorp.com,mastrowcorp.com,mastrowcorp,jogos
Matra Computer Automations,Spain,http://www.matranet.net,matranet.net,matracomputerautomations,jogos
MatrixTrains,,,,matrixtrains,jogos
Matt Dabrowski,,,,mattdabrowski,jogos
Mattel Electronics,,,,mattelelectronics,jogos
Maverick Game Studio,,,,maverickgamestudio,jogos
Max Design,Austria,,,maxdesign,jogos
Max Inferno,Canada,https://www.maxinferno.com/,maxinferno.com,maxinferno,jogos
Maximum Effect,,,,maximumeffect,jogos
Maximum Family Games,,,,maximumfamilygames,jogos
Maxis,United States,https://www.ea.com/ea-studios/maxis,ea.com,maxis,jogos
May-Be SOFT,,http://www.teck.co.jp/maybesoft/,teck.co.jp,maybesoft,jogos
MayoNinja Games,,,,mayoninjagames,jogos
McLeodGaming,,https://www.mcleodgaming.com/,mcleodgaming.com,mcleodgaming,jogos
Meadows Games,,,,meadowsgames,jogos
Mean Hamster Software,United States,,,meanhamstersoftware,jogos
Mechabit Ltd,,,,mechabitltd,jogos
Mechanical Butterfly Studios,,,,mechanicalbutterflystudios,jogos
Mechanistry,Poland,,,mechanistry,jogos
Medallion Games,United Kingdom,https://www.medalliongames.com/,medalliongames.com,medalliongames,jogos
Medaverse Studios,United States,,,medaversestudios,jogos
Media Molecule,United Kingdom,https://www.mediamolecule.com,mediamolecule.com,mediamolecule,jogos
Mediaheads B.V.,Netherlands,,,mediaheadsbv,jogos
Mediamond,Finland,https://www.mediamond.fi/,mediamond.fi,mediamond,jogos
Mediatonic,United Kingdom,http://www.mediatonicgames.com/,mediatonicgames.com,mediatonic,jogos
Mediocre AB,Sweden,https://www.mediocre.se/,mediocre.se,mediocreab,jogos
Medl Mobile,,,,medlmobile,jogos
MegArts,Germany,,,megarts,jogos
Mega Cat Studios,United States,https://megacatstudios.com/,megacatstudios.com,megacatstudios,jogos
MegaPixel Studio,,https://megapixel-studio.com/,megapixel-studio.com,megapixelstudio,jogos
Mektek Studios,Canada,http://www.mektek.net/,mektek.net,mektekstudios,jogos
Melbot Studios,Spain,https://www.melbot.es/,melbot.es,melbotstudios,jogos
Melon Games,,,,melongames,jogos
Melonhead Games,Australia,https://melonheadgames.com.au/,melonheadgames.com.au,melonheadgames,jogos
Meltdown Interactive Media,New Zealand,http://meltdowninteractive.com,meltdowninteractive.com,meltdowninteractivemedia,jogos
Memorable Games,Italy,https://memorable.games/,memorable.games,memorablegames,jogos
Meng Games,,,,menggames,jogos
Mens Sana Interactive,,https://menssanainteractive.com,menssanainteractive.com,menssanainteractive,jogos
Mental Drink,New Zealand,http://mentaldrink.com/,mentaldrink.com,mentaldrink,jogos
Mentrox Goldline,,,,mentroxgoldline,jogos
MercurySteam Entertainment,Spain,https://www.mercurysteam.com/,mercurysteam.com,mercurysteamentertainment,jogos
Mere Mortals,United Kingdom,,,meremortals,jogos
Merge Games,,,,mergegames,jogos
Meridian4,,https://meridian4.com/,meridian4.com,meridian4,jogos
Meridian93 Studio,,,,meridian93studio,jogos
Meringue Interactive,United States,http://www.meringueinteractive.com/,meringueinteractive.com,meringueinteractive,jogos
MeshTools,,,,meshtools,jogos
Messenger2050 Technologies,United Kingdom,http://messenger2050.com/,messenger2050.com,messenger2050technologies,jogos
Messhof,,,,messhof,jogos
Metacore Games,Finland,https://metacoregames.com/,metacoregames.com,metacoregames,jogos
Metalhead Software Inc.,Canada,,,metalheadsoftwareinc,jogos
Metamorphosis Games,,,,metamorphosisgames,jogos
Metanet Software,Canada,http://www.metanetsoftware.com/,metanetsoftware.com,metanetsoftware,jogos
Metasepia Games,,,,metasepiagames,jogos
"Metaware Limited, LLC",,,,metawarelimitedllc,jogos
Meteorise,,http://www.meteorise.co.jp/,meteorise.co.jp,meteorise,jogos
Metro3D,United States,https://web.archive.org/web/20051124230151/http://www.metro3d.com,web.archive.org,metro3d,jogos
Metropolis Software,Poland,http://www.metropolis-software.com/,metropolis-software.com,metropolissoftware,jogos
Mi'pu'mi Games,Austria,https://www.mipumi.com/,mipumi.com,mipumigames,jogos
Mi-Clos Studio,France,http://www.miclos.com/,miclos.com,miclosstudio,jogos
Michael Rfdshir,,,,michaelrfdshir,jogos
Michael Todd Games,,,,michaeltoddgames,jogos
Micro Forté,,http://www.microforte.com/,microforte.com,microfort,jogos
Micro Fun,United States,,,microfun,jogos
MicroComputing Concepts,,,,microcomputingconcepts,jogos
MicroIllusions,United States,,,microillusions,jogos
MicroPlay Software,United States,,,microplaysoftware,jogos
MicroProse,United States,http://www.microprose.com/,microprose.com,microprose,jogos
MicroStyle,United Kingdom,,,microstyle,jogos
Microbird,Austria,,,microbird,jogos
Microblast Games,,,,microblastgames,jogos
Microdeal,United Kingdom,,,microdeal,jogos
Microforum International,Canada,,,microforuminternational,jogos
Microids Studio Lyon,France,,,microidsstudiolyon,jogos
Microids Studio Paris,France,,,microidsstudioparis,jogos
Microsoft Casual Games,United States,https://www.microsoftcasualgames.com/,microsoftcasualgames.com,microsoftcasualgames,jogos
Microïds,France,https://www.microids.com,microids.com,microds,jogos
Mid Carolina Media,United States,,,midcarolinamedia,jogos
Midgar Studio,France,http://www.midgar-studio.com/,midgar-studio.com,midgarstudio,jogos
Midjiwan,Sweden,https://midjiwan.com,midjiwan.com,midjiwan,jogos
Midnight Society,United States,https://www.midnightsociety.com,midnightsociety.com,midnightsociety,jogos
Midnight Works,Romania,,,midnightworks,jogos
Midoki,United Kingdom,http://www.midoki.com/,midoki.com,midoki,jogos
Midway Austin,United States,,,midwayaustin,jogos
Midway Games,United States,,,midwaygames,jogos
Midway Studios San Diego,United States,,,midwaystudiossandiego,jogos
Midway Studios – Los Angeles,United States,http://www.midway.com,midway.com,midwaystudioslosangeles,jogos
Midway Studios – Newcastle,United Kingdom,,,midwaystudiosnewcastle,jogos
Miel,,https://www.miel-soft.com/,miel-soft.com,miel,jogos
Miga Games,,https://miga.io/,miga.io,migagames,jogos
Mighty Bear Games,Singapore,https://mightybeargames.com/,mightybeargames.com,mightybeargames,jogos
Mighty Foot Productions,,,,mightyfootproductions,jogos
Mighty Kingdom,Australia,https://www.mightykingdom.com/,mightykingdom.com,mightykingdom,jogos
Mighty Moth,,https://mightymoth.com/,mightymoth.com,mightymoth,jogos
Mighty Polygon,Spain,http://mightypolygon.com/,mightypolygon.com,mightypolygon,jogos
Mighty Rabbit Studios,United States,http://www.mightyrabbitstudios.com,mightyrabbitstudios.com,mightyrabbitstudios,jogos
Mighty Rocket Studio,,https://mightyrocketstudio.tumblr.com/,mightyrocketstudio.tumblr.com,mightyrocketstudio,jogos
Mighty Tide Games,,https://www.mightytide.games,mightytide.games,mightytidegames,jogos
Mighty Yell,Canada,https://www.mightyyell.com/,mightyyell.com,mightyyell,jogos
Miju Games,,https://mijugames.com/,mijugames.com,mijugames,jogos
Milepost Simulations,,,,milepostsimulations,jogos
Milestone S.r.l.,Italy,https://milestone.it/it/,milestone.it,milestonesrl,jogos
Military Simulations,United States,,,militarysimulations,jogos
Milkstone Studios,Spain,https://www.milkstonestudios.com/,milkstonestudios.com,milkstonestudios,jogos
Milky Tea,United Kingdom,http://milkytea.com/,milkytea.com,milkytea,jogos
MinMax Games Ltd.,,https://minmax-games.com/,minmax-games.com,minmaxgamesltd,jogos
Mind Candy,United Kingdom,http://www.mindcandy.com/,mindcandy.com,mindcandy,jogos
Mind's Eye Productions,United Kingdom,http://www.minds-eye.net/,minds-eye.net,mindseyeproductions,jogos
MindArk,Sweden,http://www.mindark.com/,mindark.com,mindark,jogos
MindSpan,Canada,,,mindspan,jogos
MindSpan,United States,http://web20.mindlink.net/MindSpan/,web20.mindlink.net,mindspan,jogos
Mindcraft,United States,,,mindcraft,jogos
Mindillusion,,,,mindillusion,jogos
Mindsai Productions,United States,,,mindsaiproductions,jogos
Mindscape,United States,,,mindscape,jogos
Mindware Studios,Czech Republic,,,mindwarestudios,jogos
MiniVisions,United States,,,minivisions,jogos
Miniboss,Canada,https://www.studiominiboss.com/,studiominiboss.com,miniboss,jogos
MiniclipNL GameBasics Studio,Netherlands,,,miniclipnlgamebasicsstudio,jogos
Minor Key Games,United States,https://minorkeygames.com/,minorkeygames.com,minorkeygames,jogos
Minority Media,,http://www.weareminority.com,weareminority.com,minoritymedia,jogos
Mintrocket,South Korea,https://mintrock.et/,mintrock.et,mintrocket,jogos
Miracle Games,,,,miraclegames,jogos
Miracle Tea,,https://miracleteastudios.com,miracleteastudios.com,miracletea,jogos
Mirinae,,,,mirinae,jogos
Mischief,United States,,,mischief,jogos
Misfits Attic,,,,misfitsattic,jogos
Miso Games,,,,misogames,jogos
Mission Ctrl Studios,United Kingdom,,,missionctrlstudios,jogos
Mission Studios,,,,missionstudios,jogos
Mistic Software,Canada,,,misticsoftware,jogos
Mistwalker,United States,http://www.mistwalkercorp.com/,mistwalkercorp.com,mistwalker,jogos
Mithis Entertainment,,,,mithisentertainment,jogos
Mnemonic Studios,Denmark,,,mnemonicstudios,jogos
MoaCube,,,,moacube,jogos
Mob Entertainment,,,,mobentertainment,jogos
Mobigame,France,http://www.mobigame.net,mobigame.net,mobigame,jogos
Mobile 1UP,,http://mobile1up.com/,mobile1up.com,mobile1up,jogos
MobileWizardry,,http://www.mobilewizardry.com/,mobilewizardry.com,mobilewizardry,jogos
MobilityWare,United States,https://www.mobilityware.com/,mobilityware.com,mobilityware,jogos
Mobirix,South Korea,https://www.mobirix.com/main/main.html,mobirix.com,mobirix,jogos
Mobius Digital,United States,http://www.mobiusdigitalgames.com/,mobiusdigitalgames.com,mobiusdigital,jogos
Mock Science,,,,mockscience,jogos
Mode 7,United Kingdom,https://www.mode7.games/,mode7.games,mode7,jogos
Modern Arts,,,,modernarts,jogos
Modern Microware,United States,,,modernmicroware,jogos
Modern Storyteller,,,,modernstoryteller,jogos
Modulaatio Games,,,,modulaatiogames,jogos
Moebial Studios,,,,moebialstudios,jogos
Mohawk Games,United States,https://www.mohawkgames.com/,mohawkgames.com,mohawkgames,jogos
Moi Rai Games,Germany,https://moi-rai.com/,moi-rai.com,moiraigames,jogos
Mojang Studios,Sweden,https://www.mojang.com/,mojang.com,mojangstudios,jogos
Mole Eyes Entertainment,,,,moleeyesentertainment,jogos
Molleindustria,Italy,http://www.molleindustria.org,molleindustria.org,molleindustria,jogos
Moment Games,United States,http://www.momentgames.com/about.html,momentgames.com,momentgames,jogos
Mommy's Best Games,United States,http://www.mommysbestgames.com/,mommysbestgames.com,mommysbestgames,jogos
Momo-pi,Switzerland,https://momo-pi.com/,momo-pi.com,momopi,jogos
Monkeystone Games,United States,http://www.monkeystone.com/,monkeystone.com,monkeystonegames,jogos
Monochrome Paris,France,https://www.monochrome.paris,monochrome.paris,monochromeparis,jogos
"Monochrome, Inc",United States,http://www.monochrome-games.com/,monochrome-games.com,monochromeinc,jogos
Monokel,Germany,https://www.monokel.de/,monokel.de,monokel,jogos
Monolith Productions,United States,,,monolithproductions,jogos
Monomi Park,United States,http://www.monomipark.com,monomipark.com,monomipark,jogos
Monster Games,United States,http://www.mgiracing.com/,mgiracing.com,monstergames,jogos
Monster Puppet Corporation,Sweden,https://www.monster-puppet.com/,monster-puppet.com,monsterpuppetcorporation,jogos
Monster and Monster,,,,monsterandmonster,jogos
MonsterBox,,,,monsterbox,jogos
Monsterland,Sweden,,,monsterland,jogos
Monte Cristo,France,http://www.montecristogames.com/,montecristogames.com,montecristo,jogos
Moon Studios,Austria,http://moongamestudios.com,moongamestudios.com,moonstudios,jogos
Moonbyte Games,Germany,http://www.moonbytegames.com,moonbytegames.com,moonbytegames,jogos
Mooneye Studios,Germany,http://www.mooneyestudios.com/,mooneyestudios.com,mooneyestudios,jogos
Moonlight Studios,United States,http://moonlightstudiogames.com/,moonlightstudiogames.com,moonlightstudios,jogos
Moonpod,,,,moonpod,jogos
Moonshot Games,United States,https://www.dreamhaven.com/moonshot,dreamhaven.com,moonshotgames,jogos
Moonsprout Games,,,,moonsproutgames,jogos
Moonstone Computing,,,,moonstonecomputing,jogos
Mopeful Games,Finland,,,mopefulgames,jogos
Moragami Company Szoftverfejlesztő Kft.,,,,moragamicompanyszoftverfejlesztkft,jogos
MoreFun Studio Group,,,,morefunstudiogroup,jogos
Morefun Studio,,https://morefun.qq.com/,morefun.qq.com,morefunstudio,jogos
Moregames Entertainment,United States,http://pocketmoregames.com,pocketmoregames.com,moregamesentertainment,jogos
Morepork Games,,http://www.moreporkgames.com/,moreporkgames.com,moreporkgames,jogos
Morning Shift Studios,,,,morningshiftstudios,jogos
Morning Star Multimedia,,,,morningstarmultimedia,jogos
Morningstar Game Studio,United States,https://www.morningstargamestudio.com/,morningstargamestudio.com,morningstargamestudio,jogos
Morphcat Games,Germany,http://morphcat.de/,morphcat.de,morphcatgames,jogos
Mossmouth,,https://www.mossmouth.com/,mossmouth.com,mossmouth,jogos
Mothership Entertainment LLC,,,,mothershipentertainmentllc,jogos
Motion Blur,,http://motionblur.com/index.htm,motionblur.com,motionblur,jogos
Motion Twin,France,http://www.motion-twin.com,motion-twin.com,motiontwin,jogos
Motive Studio,Canada,https://www.ea.com/ea-studios/motive,ea.com,motivestudio,jogos
Motorsport Games,United States,https://motorsportgames.com/,motorsportgames.com,motorsportgames,jogos
Mountain King Studios,United States,,,mountainkingstudios,jogos
Mountains,Australia,http://mountains.studio/,mountains.studio,mountains,jogos
Mountaintop Studios,United States,https://www.mountaintop.gg/,mountaintop.gg,mountaintopstudios,jogos
Movaya,United States,http://www.movaya.com,movaya.com,movaya,jogos
MoveGames,South Korea,http://www.movegames.co.kr/eng.html,movegames.co.kr,movegames,jogos
Moving Pieces Interactive,United States,https://www.movingpieces.io/,movingpieces.io,movingpiecesinteractive,jogos
Moving Player,,http://movingplayer.com/,movingplayer.com,movingplayer,jogos
MovingBlocks,,http://terasology.org,terasology.org,movingblocks,jogos
Mr Chip Software,United Kingdom,,,mrchipsoftware,jogos
Mr. Nutz Studio,France,http://www.wikidata.org/.well-known/genid/df88fde10d8f1900c1d2a3fea405b0d8,wikidata.org,mrnutzstudio,jogos
Mr.Goodliving,Finland,http://www.mrgoodliving.com/,mrgoodliving.com,mrgoodliving,jogos
MrKnobb,,,,mrknobb,jogos
MuHa Games,,http://muhagames.com/,muhagames.com,muhagames,jogos
MuYan Studio,,,,muyanstudio,jogos
Mudvark Games,,,,mudvarkgames,jogos
MumboJumbo,United States,http://www.mumbojumbo.com/,mumbojumbo.com,mumbojumbo,jogos
Muse Games,,https://musegames.com/,musegames.com,musegames,jogos
Muse Software,United States,,,musesoftware,jogos
Muzzy Lane,United States,http://www.muzzylane.com/,muzzylane.com,muzzylane,jogos
My Label Game Studio,,,,mylabelgamestudio,jogos
My Owl Software,United Kingdom,http://www.myowlsoftware.com/,myowlsoftware.com,myowlsoftware,jogos
My.Games,,https://my.games,my.games,mygames,jogos
Myrkur Games,Iceland,https://www.myrkur.is/,myrkur.is,myrkurgames,jogos
Myroid-Type Comics,United States,http://www.myroidtypecomics.com,myroidtypecomics.com,myroidtypecomics,jogos
Mystery Egg Games,,https://www.mysteryegggames.com/,mysteryegggames.com,mysteryegggames,jogos
Mystery Studio,,https://www.mysterystudio.com/,mysterystudio.com,mysterystudio,jogos
MysticGames,,,,mysticgames,jogos
Mythic Entertainment,United States,http://www.mythicentertainment.com/,mythicentertainment.com,mythicentertainment,jogos
Mythic Moon Studios,United States,https://mythicmoonstudios.com/,mythicmoonstudios.com,mythicmoonstudios,jogos
Mythical Games,United States,https://mythical.games,mythical.games,mythicalgames,jogos
Mythos Games,United Kingdom,http://mythosgames.com,mythosgames.com,mythosgames,jogos
Mytopia,United Kingdom,http://mytopia.com/,mytopia.com,mytopia,jogos
N-Fusion Interactive,United States,http://www.n-fusion.com,n-fusion.com,nfusioninteractive,jogos
N3TWORK,United States,https://www.n3twork.com/,n3twork.com,n3twork,jogos
N3V Games,Australia,http://www.n3vgames.com,n3vgames.com,n3vgames,jogos
NC,South Korea,https://kr.ncsoft.com/,kr.ncsoft.com,nc,jogos
NC Studio,,,,ncstudio,jogos
NDOORS Corporation,,http://www.ndoors.com,ndoors.com,ndoorscorporation,jogos
NEKO WORKs,,http://nekowork.com/,nekowork.com,nekoworks,jogos
NEXON Korea,South Korea,http://company.nexon.com/,company.nexon.com,nexonkorea,jogos
NExT Studios,,https://www.nextstudios.com/,nextstudios.com,nextstudios,jogos
NIS America,United States,https://www.nisamerica.com/,nisamerica.com,nisamerica,jogos
NOB Interactive,Netherlands,,,nobinteractive,jogos
NPC Studio,United States,https://www.fieldsofmistria.com/,fieldsofmistria.com,npcstudio,jogos
NStorm,United States,,,nstorm,jogos
NTDEC,,,,ntdec,jogos
NVIDIA Lightspeed Studios,,,,nvidialightspeedstudios,jogos
Nabi Studios,Singapore,https://www.nabistudios.com/,nabistudios.com,nabistudios,jogos
Nacon,France,https://www.nacongaming.com/,nacongaming.com,nacon,jogos
Nacon Studio Milan,Italy,https://www.naconstudiomilan.com,naconstudiomilan.com,naconstudiomilan,jogos
Nadeo,France,https://nadeo.com/,nadeo.com,nadeo,jogos
Nagi-P Software,,,,nagipsoftware,jogos
Naisu,,http://www.naisugames.com/,naisugames.com,naisu,jogos
Namazu Studios,,,,namazustudios,jogos
Namco Networks,,http://www.namcogames.com/,namcogames.com,namconetworks,jogos
NanZhai Game,,,,nanzhaigame,jogos
NanoPiko,,https://nanopiko.com/,nanopiko.com,nanopiko,jogos
Nanodogs Studios,United Kingdom,https://nanodogs-studios.github.io,nanodogs-studios.github.io,nanodogsstudios,jogos
Nanomonx Inc.,,https://nanomonx.com/,nanomonx.com,nanomonxinc,jogos
Nape Games,Spain,https://www.napegames.com/,napegames.com,napegames,jogos
Naraven Games,Switzerland,https://www.naravengames.com,naravengames.com,naravengames,jogos
Narratio Studios,United Kingdom,http://www.narratio.co.uk,narratio.co.uk,narratiostudios,jogos
Nathan Sorenson Inc.,,,,nathansorensoninc,jogos
National Insecurities,,,,nationalinsecurities,jogos
NaturalMotion,United Kingdom,https://www.naturalmotion.com/,naturalmotion.com,naturalmotion,jogos
Naughty Dog,United States,https://www.naughtydog.com,naughtydog.com,naughtydog,jogos
Nautilus Mobile,,,,nautilusmobile,jogos
Ndemic Creations,,https://www.ndemiccreations.com/,ndemiccreations.com,ndemiccreations,jogos
Neat Corporation,,https://www.neatcorporation.com/,neatcorporation.com,neatcorporation,jogos
Nebula Device,Germany,http://www.radonlabs.de/,radonlabs.de,nebuladevice,jogos
Necrosoft Games,United States,https://necrosoftgames.com,necrosoftgames.com,necrosoftgames,jogos
Nefarious Dimensions Inc.,,,,nefariousdimensionsinc,jogos
Neki4 Electronics,,,,neki4electronics,jogos
Nekki,Cyprus,https://nekki.com,nekki.com,nekki,jogos
Neko Climax Studios,,,,nekoclimaxstudios,jogos
Neko Entertainment,France,http://www.e-neko.com/,e-neko.com,nekoentertainment,jogos
NekoNeko Soft,,https://nekoneko-soft.info/,nekoneko-soft.info,nekonekosoft,jogos
Nekomura Games,,,,nekomuragames,jogos
Nellyvision,United Kingdom,https://www.nellyvision.com/,nellyvision.com,nellyvision,jogos
NeoBird,Germany,https://www.neobird.de/,neobird.de,neobird,jogos
Neoclassic Games,,,,neoclassicgames,jogos
NeocoreGames,,http://devblog.neocoregames.com/,devblog.neocoregames.com,neocoregames,jogos
Neon Giant,Sweden,http://www.neongiant.se,neongiant.se,neongiant,jogos
Neopica,Belgium,http://www.neopica.com,neopica.com,neopica,jogos
Neople,South Korea,http://www.neople.co.kr/,neople.co.kr,neople,jogos
Neowiz,South Korea,https://www.neowiz.com/,neowiz.com,neowiz,jogos
Nephilim Game Studios,,http://www.nephilimgamestudios.com/,nephilimgamestudios.com,nephilimgamestudios,jogos
Nerd Games,,,,nerdgames,jogos
Nerdook Productions,,,,nerdookproductions,jogos
Nerial,United Kingdom,https://www.nerial.co.uk/,nerial.co.uk,nerial,jogos
Nerve Software,United States,http://www.nervesoftware.com/,nervesoftware.com,nervesoftware,jogos
NetDevil,United States,http://www.netdevil.com,netdevil.com,netdevil,jogos
NetEase Games,,http://gamer.163.com/,gamer.163.com,neteasegames,jogos
NetEase Games Montréal,Canada,https://montreal.neteasegames.com,montreal.neteasegames.com,neteasegamesmontral,jogos
Netbabyworld,,http://www.netbabyworld.com,netbabyworld.com,netbabyworld,jogos
Netcore Games,,,,netcoregames,jogos
Netdol,,,,netdol,jogos
NetherRealm Studios,United States,https://www.netherrealm.com/,netherrealm.com,netherrealmstudios,jogos
Netmarble,South Korea,http://www.netmarble.net/,netmarble.net,netmarble,jogos
Neuron Games,United States,http://www.NeuronGames.com,neurongames.com,neurongames,jogos
Neutron Games,,http://www.neutron-games.de/,neutron-games.de,neutrongames,jogos
Neutronized,,https://www.neutronized.com/,neutronized.com,neutronized,jogos
Neverjam Studio,Latvia,https://neverjam.dev,neverjam.dev,neverjamstudio,jogos
Neversoft,United States,,,neversoft,jogos
Nevosoft,,,,nevosoft,jogos
New Bridge Games,,http://newbridgegames.com,newbridgegames.com,newbridgegames,jogos
New Star Games,United Kingdom,https://www.newstargames.com/,newstargames.com,newstargames,jogos
New Tales,France,https://www.newtales.com/,newtales.com,newtales,jogos
New World Computing,United States,,,newworldcomputing,jogos
New World Interactive,United States,https://newworldinteractive.com/,newworldinteractive.com,newworldinteractive,jogos
Nexile,Sweden,https://nexile.se,nexile.se,nexile,jogos
Nexon Games,South Korea,http://www.natgames.co.kr/,natgames.co.kr,nexongames,jogos
Next Game Level,Italy,http://www.nextgamelevel.com/,nextgamelevel.com,nextgamelevel,jogos
Next Games,Finland,https://www.nextgames.com,nextgames.com,nextgames,jogos
Next Level Games,Canada,https://nextlevelgames.com/,nextlevelgames.com,nextlevelgames,jogos
Nexters,Cyprus,https://www.nexters.com,nexters.com,nexters,jogos
Nexus Game Studios,,,,nexusgamestudios,jogos
Nibb Games,,,,nibbgames,jogos
Nibris,,http://www.nibris.net/,nibris.net,nibris,jogos
Nicalis,United States,http://www.nicalis.com/,nicalis.com,nicalis,jogos
Nice Ideas,,,,niceideas,jogos
Nicholson NY,,http://nny.com/,nny.com,nicholsonny,jogos
NickRizzoGames,,,,nickrizzogames,jogos
Night Light Interactive,United States,http://nightlightinteractive.com/,nightlightinteractive.com,nightlightinteractive,jogos
Night Owl Gaming LLC,United States,https://nightowlgaming.net/,nightowlgaming.net,nightowlgamingllc,jogos
Night School Studio,,http://nightschoolstudio.com/,nightschoolstudio.com,nightschoolstudio,jogos
Nightbloomer Studio,France,https://www.nightbloomer.fr/,nightbloomer.fr,nightbloomerstudio,jogos
Nightdive Studios,United States,https://www.nightdivestudios.com,nightdivestudios.com,nightdivestudios,jogos
Nightingale Productions,,,,nightingaleproductions,jogos
Nightmare Productions,Switzerland,,,nightmareproductions,jogos
Nightrider Software,,,,nightridersoftware,jogos
Nik Nak Studios,,,,niknakstudios,jogos
Nikitova Games,Ukraine,,,nikitovagames,jogos
Nimble Neuron,South Korea,https://nimbleneuron.rocks/,nimbleneuron.rocks,nimbleneuron,jogos
NimbleBit,,http://www.nimblebit.com/,nimblebit.com,nimblebit,jogos
Nimbly Games,,,,nimblygames,jogos
Ninai Games,Finland,http://www.ninai.com,ninai.com,ninaigames,jogos
Nine Dots Studio,Canada,https://www.ninedotsstudio.com/,ninedotsstudio.com,ninedotsstudio,jogos
Nine Rocks Games,Slovakia,https://www.ninerocksgames.com/,ninerocksgames.com,ninerocksgames,jogos
Ninja Kiwi Europe,United Kingdom,https://digital-goldfish.com/,digital-goldfish.com,ninjakiwieurope,jogos
Ninja Pig Studios,United States,,,ninjapigstudios,jogos
Ninja Studio,,,,ninjastudio,jogos
Ninja Theory,United Kingdom,http://www.ninjatheory.com/,ninjatheory.com,ninjatheory,jogos
NinjaBee,United States,http://www.ninjabee.com,ninjabee.com,ninjabee,jogos
Nintendo Software Technology,United States,,,nintendosoftwaretechnology,jogos
Nitrolic Games,Canada,,,nitrolicgames,jogos
Nitrome,United Kingdom,http://www.nitrome.com/,nitrome.com,nitrome,jogos
Nixxes Software,Netherlands,https://www.nixxes.com,nixxes.com,nixxessoftware,jogos
No Cliché,,,,noclich,jogos
No Goblin,,,,nogoblin,jogos
No Matter Studios,,https://nomatterstudios.com/,nomatterstudios.com,nomatterstudios,jogos
No More Room in Hell Team,,,,nomoreroominhellteam,jogos
No Reply Games,Slovakia,,,noreplygames,jogos
Noah System,,,,noahsystem,jogos
Noble Muffins,,https://noblemuffins.com/,noblemuffins.com,noblemuffins,jogos
Noble Robot,United States,https://noblerobot.com,noblerobot.com,noblerobot,jogos
Nokta Games,,"https://supermarketsimulator.com/#:~:text=CONTACT%20US-,NOKTA%20GAMES,making%20Hyper%20Casual%20games.%20Now%20we%20are%20here%20with%20SuperMarket%20Simulator,-.",supermarketsimulator.com,noktagames,jogos
Nolimit City,Sweden,https://nolimitcity.com,nolimitcity.com,nolimitcity,jogos
Nolla Games,,https://www.nollagames.com/,nollagames.com,nollagames,jogos
Nomad Games,United Kingdom,http://nomadgames.co.uk,nomadgames.co.uk,nomadgames,jogos
Nomada Studio,Spain,https://nomada.studio/,nomada.studio,nomadastudio,jogos
Nonadecimal,,http://nonadecimal.com/,nonadecimal.com,nonadecimal,jogos
Noname Studios,Spain,https://www.noname-studios.es/,noname-studios.es,nonamestudios,jogos
Nonsense Arts,,https://www.nonsensearts.com/,nonsensearts.com,nonsensearts,jogos
Noobz from Poland,Poland,https://www.noobzfrompoland.com,noobzfrompoland.com,noobzfrompoland,jogos
Noodlecake,Canada,https://noodlecake.com/,noodlecake.com,noodlecake,jogos
NorbSoftDev,,,,norbsoftdev,jogos
Nordcurrent,Lithuania,https://www.nordcurrent.com/,nordcurrent.com,nordcurrent,jogos
Nordeus,Serbia,http://www.nordeus.com/,nordeus.com,nordeus,jogos
Noriaworks,Spain,,,noriaworks,jogos
Norn,,https://norn-soft.com/,norn-soft.com,norn,jogos
Norsfell Games Inc.,Canada,https://norsfell.com,norsfell.com,norsfellgamesinc,jogos
North Kingdom,Sweden,https://www.northkingdom.com/,northkingdom.com,northkingdom,jogos
Northern Lights Entertainment,France,,,northernlightsentertainment,jogos
Northplay,Denmark,https://northplay.co/,northplay.co,northplay,jogos
Northway Games,,http://northwaygames.com,northwaygames.com,northwaygames,jogos
Northwood Studios,Poland,,,northwoodstudios,jogos
Nosebleed Interactive,United Kingdom,https://www.nosebleedinteractive.com/,nosebleedinteractive.com,nosebleedinteractive,jogos
Nostalgia Productions,,,,nostalgiaproductions,jogos
Nostatic Software,United States,http://www.nostaticsoftware.com/,nostaticsoftware.com,nostaticsoftware,jogos
Not For You Games,Czech Republic,http://notforyougames.blogspot.com/,notforyougames.blogspot.com,notforyougames,jogos
Not a Sailor Studios,United States,https://notasailorstudios.com/,notasailorstudios.com,notasailorstudios,jogos
NotDoppler,Australia,http://www.notdoppler.com/,notdoppler.com,notdoppler,jogos
NotGames,,,,notgames,jogos
Notovia,,,,notovia,jogos
Noumenon Games,,,,noumenongames,jogos
Nova Ideas,,,,novaideas,jogos
Nova-Box,France,https://www.nova-box.com,nova-box.com,novabox,jogos
Novalink,,,,novalink,jogos
Novaquark,France,https://www.novaquark.com/homepage,novaquark.com,novaquark,jogos
Novarama,,http://www.novarama.com/,novarama.com,novarama,jogos
Novel Games,,https://www.novelgames.com/,novelgames.com,novelgames,jogos
"Novel, Inc.",United States,http://www.novelincorporated.com/,novelincorporated.com,novelinc,jogos
Nowcom,,http://corp.afreecatv.com/,corp.afreecatv.com,nowcom,jogos
Npixel,South Korea,https://npixel.co.kr/,npixel.co.kr,npixel,jogos
Ntreev Soft,South Korea,http://www.ntreev.com/,ntreev.com,ntreevsoft,jogos
Ntronium Games,,,,ntroniumgames,jogos
NuFX,United States,,,nufx,jogos
Nuclearvision Entertainment,Germany,http://www.nuclearvision.de/,nuclearvision.de,nuclearvisionentertainment,jogos
Nuke Nine,,http://www.nukenine.com/,nukenine.com,nukenine,jogos
Nukearts,,,,nukearts,jogos
Numantian Games,,,,numantiangames,jogos
Numinous Games,,,,numinousgames,jogos
Nupixo Games,Canada,http://www.nupixo.com,nupixo.com,nupixogames,jogos
Nurijoy Inc.,South Korea,,,nurijoyinc,jogos
Nyamyam,United Kingdom,,,nyamyam,jogos
Nyctophile Studios,,https://www.nyctophilestudios.com/,nyctophilestudios.com,nyctophilestudios,jogos
ODenis Studio,France,,,odenisstudio,jogos
OMGPop,,http://www.omgpop.com,omgpop.com,omgpop,jogos
OP Productions LLC,,,,opproductionsllc,jogos
OXiAB Game Studio,Spain,,,oxiabgamestudio,jogos
Oasis VR,,,,oasisvr,jogos
Oasys Mobile,United States,http://www.oasysmobile.com/,oasysmobile.com,oasysmobile,jogos
Obsidian Entertainment,United States,https://www.obsidian.net/,obsidian.net,obsidianentertainment,jogos
Ocean Software,United Kingdom,,,oceansoftware,jogos
Ocelot Society,France,http://ocelotsociety.com,ocelotsociety.com,ocelotsociety,jogos
Octane Games,,,,octanegames,jogos
Octoshark Studios,,,,octosharkstudios,jogos
Oddboy,New Zealand,https://oddboy.nz/,oddboy.nz,oddboy,jogos
Oddworld Inhabitants,United States,https://www.oddworld.com/,oddworld.com,oddworldinhabitants,jogos
Odnako Games,,,,odnakogames,jogos
Odyssey Interactive,Canada,https://www.odysseyinteractive.gg/,odysseyinteractive.gg,odysseyinteractive,jogos
Offset Software,,http://www.projectoffset.com/,projectoffset.com,offsetsoftware,jogos
Offworld Industries,Canada,https://www.offworldindustries.com/,offworldindustries.com,offworldindustries,jogos
Oh Baby Games,Singapore,https://www.ohbabygames.com/,ohbabygames.com,ohbabygames,jogos
Oh Bibi,France,https://www.ohbibi.com/,ohbibi.com,ohbibi,jogos
"Oh, a Rock! Studios",United States,http://www.oharock.com,oharock.com,oharockstudios,jogos
OhNoo Studio,,,,ohnoostudio,jogos
Ohsat Games,Germany,https://www.ohsat.com/,ohsat.com,ohsatgames,jogos
Okomotive,Switzerland,,,okomotive,jogos
Old Bit Studio,,,,oldbitstudio,jogos
Old Moon,,,,oldmoon,jogos
Old Skull Games,France,https://oldskullgames.com/,oldskullgames.com,oldskullgames,jogos
Oldblood,,https://www.oldbloodgames.com/,oldbloodgames.com,oldblood,jogos
Ole Lange,,,,olelange,jogos
OliveBloops,United States,https://olivebloops.itch.io/,olivebloops.itch.io,olivebloops,jogos
Olympus Studio,,https://aigirlfriend3d.com,aigirlfriend3d.com,olympusstudio,jogos
Omnitrend Software,United States,http://www.omnitrend.com/,omnitrend.com,omnitrendsoftware,jogos
On Target Simulations,,,,ontargetsimulations,jogos
OnSkull Games,Greece,https://onskull.com/,onskull.com,onskullgames,jogos
One Gruel Studio,,,,onegruelstudio,jogos
One Human Games,,,,onehumangames,jogos
One More Level,Poland,http://www.omlgames.com,omlgames.com,onemorelevel,jogos
One O One Games,Italy,https://www.oneoonegames.com/,oneoonegames.com,oneoonegames,jogos
One Trick Entertainment,Finland,https://www.onetrick.games/,onetrick.games,onetrickentertainment,jogos
One Up Plus,Australia,https://www.oneupplustrust.com/,oneupplustrust.com,oneupplus,jogos
OneOcean LLC,Ukraine,,,oneoceanllc,jogos
Onion Soup Interactive,United Kingdom,https://www.onionsoupinteractive.com,onionsoupinteractive.com,onionsoupinteractive,jogos
Onteca (United Kingdom),United Kingdom,https://onteca.com/,onteca.com,ontecaunitedkingdom,jogos
Ookla,United States,https://www.ookla.com/,ookla.com,ookla,jogos
Oovee® Game Studios,,,,ooveegamestudios,jogos
Opacus Chiroptera,,,,opacuschiroptera,jogos
Opaque Space,Australia,https://www.opx.space/,opx.space,opaquespace,jogos
Open Alpha,,,,openalpha,jogos
Opera Soft,Spain,,,operasoft,jogos
Optik Software,,,,optiksoftware,jogos
Optimum Resource,,,,optimumresource,jogos
Optobyte,,,,optobyte,jogos
Orange Games,,,,orangegames,jogos
Orange Pixel,Netherlands,https://www.orangepixel.net,orangepixel.net,orangepixel,jogos
Orbital Knight,Poland,https://www.orbitalknight.com/,orbitalknight.com,orbitalknight,jogos
Orbital Media,,,,orbitalmedia,jogos
Origame Digital,,,,origamedigital,jogos
Origamihero Games,Austria,https://www.origamihero.com/,origamihero.com,origamiherogames,jogos
Origin Systems,United States,http://www.origin.ea.com/english/index.html,origin.ea.com,originsystems,jogos
OrionGames,United States,https://oriongames.net/,oriongames.net,oriongames,jogos
Orphic Software,United States,http://orphicsoftware.com/,orphicsoftware.com,orphicsoftware,jogos
Orthrus Studios,United Kingdom,https://www.orthrusstudios.com/,orthrusstudios.com,orthrusstudios,jogos
Osarion,,https://www.osarion.com/,osarion.com,osarion,jogos
Osgoode Media,United States,https://osgoodemedia.com/,osgoodemedia.com,osgoodemedia,jogos
Osmotic Studios,,http://www.osmotic-studios.de/,osmotic-studios.de,osmoticstudios,jogos
Ossian Studios,,http://www.ossianstudios.com,ossianstudios.com,ossianstudios,jogos
Ostrich Banditos,,http://www.ostrichbanditos.com/,ostrichbanditos.com,ostrichbanditos,jogos
Other Ocean,Canada,https://otherocean.com/,otherocean.com,otherocean,jogos
Other Ocean,United States,https://otherocean.com/,otherocean.com,otherocean,jogos
Other Tales Interactive,Denmark,https://www.othertalesinteractive.com/,othertalesinteractive.com,othertalesinteractive,jogos
OtherSide Entertainment,,https://otherside-e.com/,otherside-e.com,othersideentertainment,jogos
Out Of Tune Games,,https://www.outoftunegames.com/,outoftunegames.com,outoftunegames,jogos
Out of the Blue,Spain,https://outbluegames.com,outbluegames.com,outoftheblue,jogos
Out of the Blue Games,Spain,https://www.outbluegames.com/,outbluegames.com,outofthebluegames,jogos
Out of the Park Developments,Germany,https://www.ootpdevelopments.com/,ootpdevelopments.com,outoftheparkdevelopments,jogos
OutOfTheBit,United Kingdom,https://www.outofthebit.com/,outofthebit.com,outofthebit,jogos
Outer Heaven,,https://www.outerheavenstudios.com/,outerheavenstudios.com,outerheaven,jogos
Outer Planet Studios,,,,outerplanetstudios,jogos
Outerloop Games,United States,https://outerloopgames.com,outerloopgames.com,outerloopgames,jogos
Outerminds Inc.,,,,outermindsinc,jogos
Outerra,,http://www.outerra.com,outerra.com,outerra,jogos
Outfit7,Slovenia,http://www.outfit7.com/,outfit7.com,outfit7,jogos
Outpost Games,United States,,,outpostgames,jogos
Outrage Games,United States,,,outragegames,jogos
OutsideIn Entertainment,United States,https://outsideinentertainment.com/,outsideinentertainment.com,outsideinentertainment,jogos
Over The Moon,Canada,https://www.overthemoongames.com,overthemoongames.com,overthemoon,jogos
Over the Top Games,Spain,http://www.overthetopgames.com,overthetopgames.com,overthetopgames,jogos
Overhype Studios,Germany,,,overhypestudios,jogos
Overkill Software,Sweden,https://www.overkillsoftware.com/,overkillsoftware.com,overkillsoftware,jogos
Overloaded,Netherlands,,,overloaded,jogos
Oversight Productions,United Kingdom,https://www.oversight.productions/,oversight.productions,oversightproductions,jogos
Owl Cave,,,,owlcave,jogos
Owl Studio,,,,owlstudio,jogos
Owned by Gravity,,,,ownedbygravity,jogos
Oxeye Game Studio,Sweden,http://www.oxeyegames.com/,oxeyegames.com,oxeyegamestudio,jogos
Oxford Digital Enterprises Ltd,,,,oxforddigitalenterprisesltd,jogos
Oxford Softworks,,,,oxfordsoftworks,jogos
Oxide Games,,,,oxidegames,jogos
Oxygen Studios,United Kingdom,http://www.oxygen-studios.com/,oxygen-studios.com,oxygenstudios,jogos
Oxygene Media,Italy,http://www.oxygenemedia.it/,oxygenemedia.it,oxygenemedia,jogos
P.I.S.D.,United Kingdom,,,pisd,jogos
P2 Entertainment,United Kingdom,,,p2entertainment,jogos
PAM Development,France,http://www.pamdev.com/,pamdev.com,pamdevelopment,jogos
PDB Pte. Ltd.,Singapore,,,pdbpteltd,jogos
PHL Collective,United States,https://phlcollective.com/,phlcollective.com,phlcollective,jogos
PINIX,,,,pinix,jogos
PIXIS Interactive,United States,,,pixisinteractive,jogos
PLAYERUNKNOWN Productions,Netherlands,https://playerunknownproductions.net/,playerunknownproductions.net,playerunknownproductions,jogos
PM Studios,United States,https://www.pm-studios.com/,pm-studios.com,pmstudios,jogos
PORTANIS,,,,portanis,jogos
PSR Outdoors,,http://www.psroutdoors.com/,psroutdoors.com,psroutdoors,jogos
PUBG Studios,South Korea,https://www.krafton.com/en/studios/pubg,krafton.com,pubgstudios,jogos
PVP Studio,Romania,https://pvp.studio,pvp.studio,pvpstudio,jogos
Pacific Novelty,,,,pacificnovelty,jogos
Paezo Hellas,Greece,https://www.paezo.gr,paezo.gr,paezohellas,jogos
Page 44 Studios,United States,,,page44studios,jogos
PagodaWest Games,,,,pagodawestgames,jogos
Paintbucket Games,Germany,https://www.paintbucket.de,paintbucket.de,paintbucketgames,jogos
Pajama Llama Games,Belgium,,,pajamallamagames,jogos
Palace Software,United Kingdom,,,palacesoftware,jogos
Paladin Studios,Netherlands,https://paladinstudios.com/,paladinstudios.com,paladinstudios,jogos
Paleozoic,United States,http://paleozoic.com/,paleozoic.com,paleozoic,jogos
Panache Digital Games,,https://panachedigitalgames.com/,panachedigitalgames.com,panachedigitalgames,jogos
Pancake Games,,,,pancakegames,jogos
Panda Computer Games,,,,pandacomputergames,jogos
Pandemic Studios,United States,,,pandemicstudios,jogos
Pandora,United Kingdom,,,pandora,jogos
Panic,United States,https://panic.com,panic.com,panic,jogos
Panic Barn,United Kingdom,http://panicbarn.com/,panicbarn.com,panicbarn,jogos
Panic Button,United States,https://panicbuttongames.com/,panicbuttongames.com,panicbutton,jogos
Panoramik Inc,,,,panoramikinc,jogos
Pantera Entertainment,,,,panteraentertainment,jogos
Pantheon Software,,,,pantheonsoftware,jogos
Panther Games,,http://panthergames.com/,panthergames.com,panthergames,jogos
Papaya Studio,United States,http://www.papayastudio.com,papayastudio.com,papayastudio,jogos
Paper Bunker,,http://paperbunker.cz/,paperbunker.cz,paperbunker,jogos
Paper Cult,Canada,http://www.papercultgames.com,papercultgames.com,papercult,jogos
PaperSeven,United Kingdom,http://www.paperseven.com,paperseven.com,paperseven,jogos
Paperash studio,,,,paperashstudio,jogos
Papyrus Design Group,United States,,,papyrusdesigngroup,jogos
Parabole,Canada,http://www.parabole.ca/,parabole.ca,parabole,jogos
Paradark Studio,Poland,https://paradarkstudio.com,paradarkstudio.com,paradarkstudio,jogos
Paradigm Entertainment,United States,http://www.pe-i.com/index-2.html,pe-i.com,paradigmentertainment,jogos
Paradox France,France,http://www.ageod.com/,ageod.com,paradoxfrance,jogos
Paradox Interactive,Sweden,https://www.paradoxinteractive.com/,paradoxinteractive.com,paradoxinteractive,jogos
Paradox North,,,,paradoxnorth,jogos
Paradox Tectonic,United States,,,paradoxtectonic,jogos
Paradox Terminal,,,,paradoxterminal,jogos
Paradox Tinto,Spain,,,paradoxtinto,jogos
Paragon 5,,,,paragon5,jogos
Paragon Software,United States,,,paragonsoftware,jogos
Paragon Studios,United States,http://paragonstudios.com/,paragonstudios.com,paragonstudios,jogos
Parallax,Netherlands,http://parallax.shape9.nl/,parallax.shape9.nl,parallax,jogos
Parallax Arts Studio,,,,parallaxartsstudio,jogos
Parallel Circles,,https://parallelcircles.com/,parallelcircles.com,parallelcircles,jogos
Parallel Studio,France,https://parallel-studio.com,parallel-studio.com,parallelstudio,jogos
Paranoid Interactive,Poland,https://paranoidinteractive.net,paranoidinteractive.net,paranoidinteractive,jogos
Park ESM,South Korea,http://www.parkesm.co.kr,parkesm.co.kr,parkesm,jogos
Parker Brothers,United States,,,parkerbrothers,jogos
Parler LLC,United States,,,parlerllc,jogos
Parsec Productions,,http://parsecproductions.com/,parsecproductions.com,parsecproductions,jogos
Particle Systems,United Kingdom,,,particlesystems,jogos
PassTech Games,France,https://www.passtechgames.com/,passtechgames.com,passtechgames,jogos
Pastagames,France,http://www.pastagames.com/,pastagames.com,pastagames,jogos
PathEngine,France,https://pathengine.com/company/,pathengine.com,pathengine,jogos
Paul Connor,,,,paulconnor,jogos
Paul Eckhardt,,,,pauleckhardt,jogos
Pavonis Interactive,United States,https://www.pavonisinteractive.com/,pavonisinteractive.com,pavonisinteractive,jogos
Pawley Games,United Kingdom,,,pawleygames,jogos
Payara Games,,,,payaragames,jogos
Payload Studios,United Kingdom,https://payloadstudios.com/,payloadstudios.com,payloadstudios,jogos
Pazu Games,,https://pazugames.com/,pazugames.com,pazugames,jogos
Peaksel,,https://peaksel.com,peaksel.com,peaksel,jogos
Pearl Abyss,South Korea,https://www.pearlabyss.com/,pearlabyss.com,pearlabyss,jogos
Pedestrian Entertainment,United States,,,pedestrianentertainment,jogos
Peltast Software,,http://www.peltastdesign.com,peltastdesign.com,peltastsoftware,jogos
Pencil Test Studios,,,,pencilteststudios,jogos
"Pendulo Studios, S.L.",Spain,http://pendulo-studios.com/,pendulo-studios.com,pendulostudiossl,jogos
Pengonauts,Canada,https://pengonauts.com,pengonauts.com,pengonauts,jogos
Penrose Studios,United States,https://penrosestudios.com/,penrosestudios.com,penrosestudios,jogos
Pentapeak Studios,South Korea,https://pentapeakstudios.com/,pentapeakstudios.com,pentapeakstudios,jogos
Pentavision,,http://www.pentavision.co.kr/,pentavision.co.kr,pentavision,jogos
People Can Fly,Poland,http://www.peoplecanfly.com/,peoplecanfly.com,peoplecanfly,jogos
PeopleFun,,https://www.peoplefun.com/,peoplefun.com,peoplefun,jogos
Perception,,,,perception,jogos
Perfect Circle Team,Poland,https://perfectcircleteam.com/,perfectcircleteam.com,perfectcircleteam,jogos
Perfect Entertainment,United Kingdom,,,perfectentertainment,jogos
Perfectly Paranormal,Norway,https://perfectlyparanormal.com/,perfectlyparanormal.com,perfectlyparanormal,jogos
Periscope Games,France,,,periscopegames,jogos
Perpetual Entertainment,United States,,,perpetualentertainment,jogos
Person of Interests,United Kingdom,https://personofinterests.co.uk/,personofinterests.co.uk,personofinterests,jogos
Persuasive Games,,,,persuasivegames,jogos
Perun Creative,Czech Republic,https://peruncreative.com/,peruncreative.com,peruncreative,jogos
Perverse Games,,,,perversegames,jogos
Perverteer Games,,https://perverteer.com/,perverteer.com,perverteergames,jogos
Petoons Studio,Spain,https://www.petoons.com/,petoons.com,petoonsstudio,jogos
Petroglyph Games,United States,https://petroglyphgames.com/,petroglyphgames.com,petroglyphgames,jogos
Petums,Poland,,,petums,jogos
Pfiat,,,,pfiat,jogos
Phantagram,South Korea,http://www.phantagram.com/,phantagram.com,phantagram,jogos
Phantom Coast,Netherlands,,,phantomcoast,jogos
Phaser Lock Interactive,,,,phaserlockinteractive,jogos
Phigames,United Kingdom,https://phigames.com/,phigames.com,phigames,jogos
"Philips Interactive Media, Inc.",Netherlands,,,philipsinteractivemediainc,jogos
"Philips Interactive Media, Inc.",United States,,,philipsinteractivemediainc,jogos
Philly Games,,https://philly-games.com/,philly-games.com,phillygames,jogos
Philos Laboratories,Hungary,,,philoslaboratories,jogos
Phoenix Arts,Czech Republic,http://www.phoenix-arts.cz/,phoenix-arts.cz,phoenixarts,jogos
Phoenix Games Studio,,,,phoenixgamesstudio,jogos
Phoenix Interactive Entertainment,,,,phoenixinteractiveentertainment,jogos
Phoenix Online Studios,,,,phoenixonlinestudios,jogos
Phony Game Studios,,,,phonygamestudios,jogos
Phosfiend Systems,,,,phosfiendsystems,jogos
Phr00t's Software,,,,phr00tssoftware,jogos
Pi Studios,United States,http://www.pistudios.com,pistudios.com,pistudios,jogos
Piccolo Studio,Spain,https://piccolo-studio.com,piccolo-studio.com,piccolostudio,jogos
Piece of Cake studios,France,,,pieceofcakestudios,jogos
Pieces Interactive,Sweden,,,piecesinteractive,jogos
Pieces Interactive AB,Sweden,,,piecesinteractiveab,jogos
Pigeons Interactive,,,,pigeonsinteractive,jogos
PikPok,New Zealand,http://www.pikpok.com,pikpok.com,pikpok,jogos
Pikewin,,https://pikewin.com/,pikewin.com,pikewin,jogos
Pilgrim Adventures,,http://www.pilgrimadventures.com,pilgrimadventures.com,pilgrimadventures,jogos
Pin-Ball Games Ltd.,United Kingdom,,,pinballgamesltd,jogos
Pine Street Codeworks,United States,https://pinestreetcodeworks.com/,pinestreetcodeworks.com,pinestreetcodeworks,jogos
Pine Studio,Croatia,https://pinestudio.co/,pinestudio.co,pinestudio,jogos
Pinkerton Road Studio,United States,http://pinkertonroad.com/,pinkertonroad.com,pinkertonroadstudio,jogos
Pinterac,,,,pinterac,jogos
Pipe Dream Interactive,,,,pipedreaminteractive,jogos
Pipetka Games,,,,pipetkagames,jogos
Pipeworks Software,United States,http://www.pipeworks.com/,pipeworks.com,pipeworkssoftware,jogos
Pipistrello,Sweden,http://www.pipistrello.se/,pipistrello.se,pipistrello,jogos
Pipliz,,,,pipliz,jogos
Piranha Bytes,Germany,,,piranhabytes,jogos
Piranha Games,Canada,http://www.piranha-games.com/,piranha-games.com,piranhagames,jogos
Pirate Games,,,,pirategames,jogos
Pirate Software,United States,https://www.gopiratesoftware.com/,gopiratesoftware.com,piratesoftware,jogos
Pirates Of The Digital Sea,,,,piratesofthedigitalsea,jogos
Pitbull Studio,United Kingdom,,,pitbullstudio,jogos
Piu-Piu Team,Lithuania,,,piupiuteam,jogos
PixQuake,,,,pixquake,jogos
Pixadome,Sweden,https://www.pixadome.com/,pixadome.com,pixadome,jogos
Pixalon,Czech Republic,,,pixalon,jogos
Pixel,United States,,,pixel,jogos
Pixel Beef Games,Germany,http://pixelbeef.de/,pixelbeef.de,pixelbeefgames,jogos
Pixel Error,,,,pixelerror,jogos
Pixel Federation,,https://portal.pixelfederation.com/fr/,portal.pixelfederation.com,pixelfederation,jogos
Pixel Ferrets,,,,pixelferrets,jogos
Pixel Noire Games,,,,pixelnoiregames,jogos
Pixel Press,United States,http://projectpixelpress.com,projectpixelpress.com,pixelpress,jogos
Pixel Reef,,https://www.pixelreef.fr/,pixelreef.fr,pixelreef,jogos
Pixel Tales,Sweden,https://www.pixeltales.com/,pixeltales.com,pixeltales,jogos
Pixel Titans,,,,pixeltitans,jogos
Pixel Toys,United Kingdom,https://pixeltoys.com/,pixeltoys.com,pixeltoys,jogos
Pixel Wizards,France,http://pixel-wizards.com,pixel-wizards.com,pixelwizards,jogos
Pixel by Pixel Studios,,,,pixelbypixelstudios,jogos
PixelFade Inc,,https://www.pixelfade.com/,pixelfade.com,pixelfadeinc,jogos
PixelHive,,,,pixelhive,jogos
PixelJAM Games,United States,http://www.pixeljam.com/,pixeljam.com,pixeljamgames,jogos
Pixelated Milk,Poland,https://pixmilk.com/,pixmilk.com,pixelatedmilk,jogos
Pixelbite,Sweden,http://www.pixelbite.se/,pixelbite.se,pixelbite,jogos
Pixelbomb Games,,,,pixelbombgames,jogos
Pixelkraft,,,,pixelkraft,jogos
Pixellore,,,,pixellore,jogos
Pixelnest Studio,France,https://pixelnest.io/,pixelnest.io,pixelneststudio,jogos
Pixelopus,United States,,,pixelopus,jogos
Pixile Studios,,https://pixilestudios.com/,pixilestudios.com,pixilestudios,jogos
PixlBit Studios,United States,http://www.pixlbit.com/studios/,pixlbit.com,pixlbitstudios,jogos
Pixwerk,,,,pixwerk,jogos
Placeholder Gameworks,Estonia,,,placeholdergameworks,jogos
Plain Vanilla Games,,,,plainvanillagames,jogos
Planet Moon Studios,United States,http://www.planetmoon.com,planetmoon.com,planetmoonstudios,jogos
Plastic,,,,plastic,jogos
Plastic Reality Technologies,Czech Republic,,,plasticrealitytechnologies,jogos
Plasticity Studios,Germany,,,plasticitystudios,jogos
Play Publishing,,,,playpublishing,jogos
PlayMagic,,https://www.playmagic.com.mt/,playmagic.com.mt,playmagic,jogos
PlayPun,,,,playpun,jogos
PlayRaven,Finland,,,playraven,jogos
PlaySide Studios,Australia,https://www.playsidestudios.com/,playsidestudios.com,playsidestudios,jogos
"PlayStation Mobile, Inc.",United States,,,playstationmobileinc,jogos
PlayStation Studios,,https://www.playstation.com/en-gb/footer/about-us/world-wide-studios,playstation.com,playstationstudios,jogos
PlayStation Studios XDev,United Kingdom,https://www.sonyxdeveurope.com,sonyxdeveurope.com,playstationstudiosxdev,jogos
PlayWay,Poland,http://www.playway.com,playway.com,playway,jogos
Playaround,,,,playaround,jogos
Playbrains,Canada,https://playbrains.com/,playbrains.com,playbrains,jogos
Playdead,Denmark,https://playdead.com/,playdead.com,playdead,jogos
Playdek,United States,http://www.playdekgames.com,playdekgames.com,playdek,jogos
Playdom,United States,http://www.playdom.com/,playdom.com,playdom,jogos
Playdots,United States,https://www.dots.co/,dots.co,playdots,jogos
Player First Games,,https://www.playerfirstgames.com/,playerfirstgames.com,playerfirstgames,jogos
Playfish,United Kingdom,http://www.playfish.com,playfish.com,playfish,jogos
Playful,,http://www.playfulcorp.com/,playfulcorp.com,playful,jogos
Playful Studios,United States,https://playfulstudios.com/,playfulstudios.com,playfulstudios,jogos
Playground Games,United Kingdom,http://www.playground-games.com/,playground-games.com,playgroundgames,jogos
Playlogic Entertainment,Netherlands,,,playlogicentertainment,jogos
Playmates Interactive Entertainment,,,,playmatesinteractiveentertainment,jogos
Playnormous,,,,playnormous,jogos
Playrise Digital Ltd.,United Kingdom,,,playrisedigitalltd,jogos
Playrix,Ireland,https://www.playrix.com,playrix.com,playrix,jogos
Playsaurus,,https://playsaurus.com/,playsaurus.com,playsaurus,jogos
Playsport Games,United Kingdom,http://www.playsportgames.com/,playsportgames.com,playsportgames,jogos
Playstos Entertainment,,http://www.playstos.com,playstos.com,playstosentertainment,jogos
Playware Studios,,http://www.playwarestudios.com,playwarestudios.com,playwarestudios,jogos
Playwing,,https://www.playwing.com/,playwing.com,playwing,jogos
PleasurePixels,Romania,,,pleasurepixels,jogos
Plitka Games,,https://plitkagames.com/,plitkagames.com,plitkagames,jogos
PluService,Italy,https://www.pluservice.net/,pluservice.net,pluservice,jogos
Pocket Gems,United States,https://www.pocketgems.com/,pocketgems.com,pocketgems,jogos
Pocket Piñata Interactive,,,,pocketpiatainteractive,jogos
Pocket Sized Hands,United Kingdom,https://pocketsizedhands.com,pocketsizedhands.com,pocketsizedhands,jogos
Pocket Studios,United Kingdom,,,pocketstudios,jogos
Pocketwatch Games,United States,http://www.pocketwatchgames.com/,pocketwatchgames.com,pocketwatchgames,jogos
Podimo,,,,podimo,jogos
Point Blank Games,Germany,http://www.point-blank-games.com/,point-blank-games.com,pointblankgames,jogos
"Point of View, Inc.",United States,http://www.pointofview.com,pointofview.com,pointofviewinc,jogos
Pokémon Korea,South Korea,,,pokmonkorea,jogos
Pollux Gamelabs,,http://www.polluxgamelabs.com/,polluxgamelabs.com,polluxgamelabs,jogos
PolyCrunch Games,Malta,https://polycrunch.games/,polycrunch.games,polycrunchgames,jogos
PolyKnight Games,,,,polyknightgames,jogos
Polygon Art,Germany,https://polygon-art.com/,polygon-art.com,polygonart,jogos
Polygon Treehouse,United Kingdom,https://www.polygon-treehouse.com/,polygon-treehouse.com,polygontreehouse,jogos
Polypogon Games,,http://polypogon.com/,polypogon.com,polypogongames,jogos
Polyslash,Poland,http://polyslash.com/,polyslash.com,polyslash,jogos
Polytron Corporation,Canada,http://polytroncorporation.com,polytroncorporation.com,polytroncorporation,jogos
PomPom Games,United Kingdom,,,pompomgames,jogos
Pompaduo,,,,pompaduo,jogos
Poncle,United Kingdom,https://poncle.games/,poncle.games,poncle,jogos
Pony Town Team,,,,ponytownteam,jogos
Pop Rocket,United States,,,poprocket,jogos
Pop Software,United States,,,popsoftware,jogos
PopTop Software,United States,http://www.poptop.com/,poptop.com,poptopsoftware,jogos
Poppermost Productions,Sweden,https://www.poppermost.se/,poppermost.se,poppermostproductions,jogos
Poppy Works,,https://poppy.works/,poppy.works,poppyworks,jogos
Porcelain Fortress,Iceland,http://www.porcelainfortress.com/,porcelainfortress.com,porcelainfortress,jogos
PortaPlay,Denmark,https://portaplay.dk/,portaplay.dk,portaplay,jogos
Portable Moose,United States,,,portablemoose,jogos
Portalarium,United States,http://www.portalarium.com,portalarium.com,portalarium,jogos
Positech Games,United Kingdom,http://www.positech.co.uk,positech.co.uk,positechgames,jogos
Possibility Space,United States,,,possibilityspace,jogos
Postmodern Adventures,Spain,,,postmodernadventures,jogos
PowerSlash Studios,,https://pssgame.blogspot.com/,pssgame.blogspot.com,powerslashstudios,jogos
PowerZ,France,,,powerz,jogos
Powerhead Games,United States,,,powerheadgames,jogos
Powerhoof,Australia,http://www.powerhoof.com/,powerhoof.com,powerhoof,jogos
Precursor Games,United States,http://www.precursorgames.com/,precursorgames.com,precursorgames,jogos
Press Play,Denmark,http://pressplay.dk/,pressplay.dk,pressplay,jogos
Press Start Inc.,,,,pressstartinc,jogos
Prestige Softwareentwicklung GmbH,Germany,,,prestigesoftwareentwicklunggmbh,jogos
Presto Studios,United States,http://presto.tommyyune.com/,presto.tommyyune.com,prestostudios,jogos
Pretty Fly Games,Sweden,https://prettyflygames.com/,prettyflygames.com,prettyflygames,jogos
Prideful Sloth,Australia,https://www.pridefulsloth.com/,pridefulsloth.com,pridefulsloth,jogos
Prime Bit Games,Poland,https://primebitgames.com/,primebitgames.com,primebitgames,jogos
Prime Matter,Germany,https://primematter.gg,primematter.gg,primematter,jogos
Priority Interrupt,,,,priorityinterrupt,jogos
Prism Studios,United Kingdom,http://www.prismstudios.org/,prismstudios.org,prismstudios,jogos
Prison Games,Poland,https://prison-games.com/,prison-games.com,prisongames,jogos
Prison Lab,Romania,,,prisonlab,jogos
ProbablyMonsters,United States,https://www.probablymonsters.com/,probablymonsters.com,probablymonsters,jogos
Procedural Arts,United States,http://www.interactivestory.net/,interactivestory.net,proceduralarts,jogos
Produktivkeller Studios,Germany,https://produktivkeller.com/,produktivkeller.com,produktivkellerstudios,jogos
Professional Villains,,,,professionalvillains,jogos
Profi Game Production,,,,profigameproduction,jogos
Project Two Interactive BV,Netherlands,,,projecttwointeractivebv,jogos
ProjectMoon,South Korea,https://projectmoon.studio/,projectmoon.studio,projectmoon,jogos
Pronto Games,United States,,,prontogames,jogos
Propaganda Games,Canada,http://www.propagandagames.com,propagandagames.com,propagandagames,jogos
Proper Games,United Kingdom,http://www.proper-games.com,proper-games.com,propergames,jogos
Prospect Games,United Kingdom,,,prospectgames,jogos
Proxy Studios,,,,proxystudios,jogos
Pseudo Interactive,Canada,http://www.pseudointeractive.com,pseudointeractive.com,pseudointeractive,jogos
Psychic Software,,,,psychicsoftware,jogos
Psydra Games,United States,,,psydragames,jogos
Psygnosis,United Kingdom,,,psygnosis,jogos
Psyonix,United States,http://psyonix.com/,psyonix.com,psyonix,jogos
Psytec Games,,http://www.psytecgames.com/,psytecgames.com,psytecgames,jogos
Pterodon,Czech Republic,,,pterodon,jogos
Pub Games,Australia,http://www.pubgames.net.au/,pubgames.net.au,pubgames,jogos
Pugware,,,,pugware,jogos
Puny Human,,,,punyhuman,jogos
Puppy Games,United Kingdom,http://www.puppygames.net/,puppygames.net,puppygames,jogos
Purple Lamp,Austria,https://www.purplelamp.com,purplelamp.com,purplelamp,jogos
Purple Nebula,Czech Republic,http://www.purplenebulagames.com/,purplenebulagames.com,purplenebula,jogos
Purple Pwny Studios,United States,https://purplepwny.com/,purplepwny.com,purplepwnystudios,jogos
Putilin industries,,,,putilinindustries,jogos
Puzzle Lab,,,,puzzlelab,jogos
Puzzles By Joe,,,,puzzlesbyjoe,jogos
Pyramid Games,Poland,,,pyramidgames,jogos
Pyro Studios,Spain,,,pyrostudios,jogos
R74n,United States,https://R74n.com,r74n.com,r74n,jogos
RAC7 Games,Canada,https://www.rac7.com/,rac7.com,rac7games,jogos
REDFOX™ Game Studio Limited,New Zealand,http://redfoxgamestudio.com/,redfoxgamestudio.com,redfoxgamestudiolimited,jogos
REMIMORY,South Korea,http://www.remimory.com/,remimory.com,remimory,jogos
RFX Interactive,France,,,rfxinteractive,jogos
RMGgames Interactive,Spain,https://rmggames.web.app,rmggames.web.app,rmggamesinteractive,jogos
ROBI Studios,,,,robistudios,jogos
ROCKFISH Games,,,,rockfishgames,jogos
ROLVe Community,,https://home.rolve.org/,home.rolve.org,rolvecommunity,jogos
"RSP, Inc.",United States,,,rspinc,jogos
RSSLO,,,,rsslo,jogos
RUST LTD.,United States,https://rustltd.com/,rustltd.com,rustltd,jogos
RZE Studio,Czech Republic,https://www.rzestudio.cz/,rzestudio.cz,rzestudio,jogos
Rabbit Ears Productions,United States,,,rabbitearsproductions,jogos
Racazu Games,,,,racazugames,jogos
Raccoon Logic,Canada,https://www.raccoonlogic.com/,raccoonlogic.com,raccoonlogic,jogos
Race Cat,,http://www.racecatgames.com/,racecatgames.com,racecat,jogos
Racing Bros,,,,racingbros,jogos
Radarsoft,Netherlands,http://radarsoft.nl/,radarsoft.nl,radarsoft,jogos
Radial Games,,https://radialgames.com/,radialgames.com,radialgames,jogos
Radial Games Corp,,,,radialgamescorp,jogos
Radiance Software,,,,radiancesoftware,jogos
Radiangames,United States,https://radiangames.com,radiangames.com,radiangames,jogos
Radiant Entertainment,United States,,,radiantentertainment,jogos
Radiation Blue,Germany,http://www.radiationblue.com,radiationblue.com,radiationblue,jogos
Radical Entertainment,Canada,,,radicalentertainment,jogos
Radical Fish Games,Germany,https://www.radicalfishgames.com/,radicalfishgames.com,radicalfishgames,jogos
Radical Forge,United Kingdom,https://www.radicalforge.com/,radicalforge.com,radicalforge,jogos
Radical Phi,,http://angelswithscalywings.com/,angelswithscalywings.com,radicalphi,jogos
Radish Works,United States,,,radishworks,jogos
Ragdolldude,,,,ragdolldude,jogos
Rage Software,United Kingdom,http://www.rage.co.uk,rage.co.uk,ragesoftware,jogos
RageSquid,Netherlands,https://ragesquid.com/,ragesquid.com,ragesquid,jogos
Rain Games,Norway,http://rain-games.com/,rain-games.com,raingames,jogos
RainForest Games,,,,rainforestgames,jogos
Rainbite,,,,rainbite,jogos
Rainbow Arts,Germany,,,rainbowarts,jogos
Rainbow Games,,,,rainbowgames,jogos
Rainbow Studios,United States,http://www.rainbowstudios.com/,rainbowstudios.com,rainbowstudios,jogos
RainbowStudio,,,,rainbowstudio,jogos
Rake in Grass,Czech Republic,https://www.rakeingrass.com/,rakeingrass.com,rakeingrass,jogos
Ramjet Anvil,,,,ramjetanvil,jogos
Rampid Interactive,United States,,,rampidinteractive,jogos
Random Games,United States,,,randomgames,jogos
Randumb Studios,,,,randumbstudios,jogos
Ransom Interactive,,,,ransominteractive,jogos
Rapid Snail,Ukraine,https://rapid-snail.com/,rapid-snail.com,rapidsnail,jogos
RapidEyeMovers,United Kingdom,https://rapideyemovers.com/,rapideyemovers.com,rapideyemovers,jogos
Raptisoft,,https://www.raptisoft.com,raptisoft.com,raptisoft,jogos
Raptor Claw Games,,,,raptorclawgames,jogos
Rare Ltd.,United Kingdom,https://www.rare.co.uk/,rare.co.uk,rareltd,jogos
Rat Cliff Games,Spain,https://www.ratcliffgames.com/,ratcliffgames.com,ratcliffgames,jogos
Ratalaika Games,Spain,http://www.ratalaikagames.com/,ratalaikagames.com,ratalaikagames,jogos
Ratbag Games,,,,ratbaggames,jogos
Ratloop,United States,,,ratloop,jogos
Ravegan,,https://www.ravegan.com/,ravegan.com,ravegan,jogos
Raven Software,United States,http://www.ravensoft.com/,ravensoft.com,ravensoftware,jogos
Ravenscourt,Austria,https://ravenscourt.games/,ravenscourt.games,ravenscourt,jogos
Ravinia,,,,ravinia,jogos
Ravn Studio,Norway,http://www.ravnstudio.no,ravnstudio.no,ravnstudio,jogos
Raylight Games,Italy,https://www.raylightgames.com/,raylightgames.com,raylightgames,jogos
RazorSoft,United States,,,razorsoft,jogos
Razorback Developments,United Kingdom,,,razorbackdevelopments,jogos
Razorworks,United Kingdom,,,razorworks,jogos
Razzart Visual,United States,http://razzartvisual.com/,razzartvisual.com,razzartvisual,jogos
Ready at Dawn,United States,http://www.readyatdawn.com/,readyatdawn.com,readyatdawn,jogos
ReadySoft Incorporated,Canada,,,readysoftincorporated,jogos
Reakktor Studios,Germany,,,reakktorstudios,jogos
Realcast,France,https://realcast.io/,realcast.io,realcast,jogos
Reality Pump Studios,Poland,http://www.realitypump.pl,realitypump.pl,realitypumpstudios,jogos
Realmforge Studios,Germany,http://www.realmforgestudios.com/,realmforgestudios.com,realmforgestudios,jogos
Realtime Associates,United States,http://www.rtassoc.com,rtassoc.com,realtimeassociates,jogos
Realtime Games Software,United Kingdom,,,realtimegamessoftware,jogos
Realtime Worlds,United Kingdom,,,realtimeworlds,jogos
Rebel Planet Creations,United States,https://www.therebelplanet.com/,therebelplanet.com,rebelplanetcreations,jogos
Rebel Wolves,Poland,https://rebel-wolves.com/,rebel-wolves.com,rebelwolves,jogos
Rebellion Developments,United Kingdom,https://rebellion.com/,rebellion.com,rebelliondevelopments,jogos
Rebellion Warwick,,,,rebellionwarwick,jogos
Reborn Entertainment,,,,rebornentertainment,jogos
Reborn Games,,http://www.reborngames.net/,reborngames.net,reborngames,jogos
Recloak,Poland,https://recloak.com/,recloak.com,recloak,jogos
Reco Technology,Spain,http://recotech.es/,recotech.es,recotechnology,jogos
Recoil Games,Finland,,,recoilgames,jogos
Recotechnology S.L.,,,,recotechnologysl,jogos
Recreate Games,South Korea,https://recreate.games/en,recreate.games,recreategames,jogos
Red Barrels,,https://redbarrelsgames.com/,redbarrelsgames.com,redbarrels,jogos
Red Beard Games,United Kingdom,https://www.redbeardgames.com/,redbeardgames.com,redbeardgames,jogos
Red Dolphin Games,,,,reddolphingames,jogos
Red Dot Games,Poland,http://reddotgames.pl/,reddotgames.pl,reddotgames,jogos
Red Ego Games,United Kingdom,https://redego.net,redego.net,redegogames,jogos
Red Fly Studio,,,,redflystudio,jogos
Red Fox Game Studios,United States,https://redfox.games/,redfox.games,redfoxgamestudios,jogos
Red Games Co.,United States,https://www.redgames.co/,redgames.co,redgamesco,jogos
Red Hook Studios,Canada,http://www.redhookgames.com,redhookgames.com,redhookstudios,jogos
Red Jade,Canada,,,redjade,jogos
Red Limb Studio,Poland,https://www.redlimbstudio.com,redlimbstudio.com,redlimbstudio,jogos
Red Martyr Entertainment,Croatia,https://redmartyr.com/,redmartyr.com,redmartyrentertainment,jogos
Red Monkeys,Austria,,,redmonkeys,jogos
Red Phantom Games,United Kingdom,https://www.redphantomgames.com/,redphantomgames.com,redphantomgames,jogos
Red Phoenix Interactive,Poland,https://red-phoenix.eu/,red-phoenix.eu,redphoenixinteractive,jogos
Red Pipe Studios,Sweden,https://www.redpipe.se/,redpipe.se,redpipestudios,jogos
Red Redemption,United Kingdom,http://www.red-redemption.com/,red-redemption.com,redredemption,jogos
Red River Studio LLC,,,,redriverstudiollc,jogos
Red Spot Sylphina,,,,redspotsylphina,jogos
Red Stage Entertainment,Finland,https://www.redstage.fi/,redstage.fi,redstageentertainment,jogos
Red Storm Entertainment,United States,http://redstorm.com/,redstorm.com,redstormentertainment,jogos
Red Thread Games,Norway,https://www.redthreadgames.com/,redthreadgames.com,redthreadgames,jogos
Red Wasp Design Ltd,,,,redwaspdesignltd,jogos
RedDeerGames,Poland,https://www.reddeergames.com/,reddeergames.com,reddeergames,jogos
RedLynx,Finland,http://www.redlynx.com/,redlynx.com,redlynx,jogos
RedMoon Studios,,,,redmoonstudios,jogos
RedRoc Interactive,United States,,,redrocinteractive,jogos
RedSpotGames,Germany,https://www.redspotgames.com/,redspotgames.com,redspotgames,jogos
RedWolf Design,,,,redwolfdesign,jogos
Redbana Corporation,,http://www.redbana.com/,redbana.com,redbanacorporation,jogos
Redbeet Interactive,Sweden,https://www.redbeetinteractive.com,redbeetinteractive.com,redbeetinteractive,jogos
Redboss,,,,redboss,jogos
Redemption Games,,https://www.redemptiongames.com/,redemptiongames.com,redemptiongames,jogos
Redfire Software,Germany,,,redfiresoftware,jogos
Redhill Games,Finland,https://www.redhillgames.com/,redhillgames.com,redhillgames,jogos
Redstart Interactive,,https://redstart.io/,redstart.io,redstartinteractive,jogos
Redtribe,,http://www.redtribe.com,redtribe.com,redtribe,jogos
Reentry Games,,,,reentrygames,jogos
Reflex Interactive,United Kingdom,https://www.reflexinteractive.com,reflexinteractive.com,reflexinteractive,jogos
Reflexive Entertainment,United States,http://www.reflexive.com,reflexive.com,reflexiveentertainment,jogos
Rejected Games,Poland,,,rejectedgames,jogos
Rekka Games,France,,,rekkagames,jogos
Relative Software,Canada,https://www.relativesoftwareltd.com/,relativesoftwareltd.com,relativesoftware,jogos
Relentless Game Studios,,,,relentlessgamestudios,jogos
Relentless Software,United Kingdom,http://www.relentless.co.uk/,relentless.co.uk,relentlesssoftware,jogos
Relentless Studios,United States,http://www.wikidata.org/.well-known/genid/33f2267635c4fcee6c56499b7dc3a2a4,wikidata.org,relentlessstudios,jogos
Rembrosoft,Slovakia,https://www.rembrosoft.com/,rembrosoft.com,rembrosoft,jogos
Remnants Wrath Productions,United States,https://remnantswrath.com,remnantswrath.com,remnantswrathproductions,jogos
Render Cube,Poland,https://rendercube.pl/,rendercube.pl,rendercube,jogos
Renderise,,,,renderise,jogos
Renegade Kid,United States,http://www.renegadekid.com,renegadekid.com,renegadekid,jogos
Renegade Sector Games,,,,renegadesectorgames,jogos
Reperio Studios,Sweden,https://reperio-studios.eu/,reperio-studios.eu,reperiostudios,jogos
Repixel8,United Kingdom,https://repixel8.com/,repixel8.com,repixel8,jogos
Replay Games,,,,replaygames,jogos
Reply Game Studios,Italy,https://www.reply.com/reply-game-studios/en/,reply.com,replygamestudios,jogos
Reppo,,,,reppo,jogos
Resolution Games,Sweden,https://www.resolutiongames.com,resolutiongames.com,resolutiongames,jogos
Resonair,,https://resonair.net/,resonair.net,resonair,jogos
Respawn Entertainment,United States,https://www.respawn.com,respawn.com,respawnentertainment,jogos
Resurrection Studios,,http://www.resurrection-studios.net/smf/index.php,resurrection-studios.net,resurrectionstudios,jogos
Reto-Moto,Denmark,http://www.reto.dk/,reto.dk,retomoto,jogos
Retrific,Germany,http://retrific.net/,retrific.net,retrific,jogos
Retro Army Limited,United Kingdom,https://www.retroarmy.com/,retroarmy.com,retroarmylimited,jogos
Retro Forge Games,,https://retroforgegames.com/,retroforgegames.com,retroforgegames,jogos
Retro Games,,,,retrogames,jogos
Retro Studios,United States,http://www.retrostudios.com/,retrostudios.com,retrostudios,jogos
Retro64,,,,retro64,jogos
RetroSoft Studios,United States,,,retrosoftstudios,jogos
RetroStyle Games,,https://retrostylegames.com/,retrostylegames.com,retrostylegames,jogos
Retrospec,,,,retrospec,jogos
Retrotainment Games,United States,https://www.retrotainmentgames.com/,retrotainmentgames.com,retrotainmentgames,jogos
"Return To Adventure Mountain, LLC",United States,http://returntoadventuremountain.com/,returntoadventuremountain.com,returntoadventuremountainllc,jogos
Revistronic,Spain,,,revistronic,jogos
Revival Games,,,,revivalgames,jogos
Revival Productions,,,,revivalproductions,jogos
Revolt Games,France,,,revoltgames,jogos
Revolution Software,United Kingdom,https://revolution.co.uk/,revolution.co.uk,revolutionsoftware,jogos
Revulo Games,Poland,http://revulogames.com,revulogames.com,revulogames,jogos
Rewind Games,Canada,https://rewindgames.ca/,rewindgames.ca,rewindgames,jogos
RewindApp,,,,rewindapp,jogos
Rewolf Software,,http://www.rewolfsoftware.com,rewolfsoftware.com,rewolfsoftware,jogos
Reworks,Finland,,,reworks,jogos
Rhombic Arts Pty Ltd,Australia,https://rhombicarts.com,rhombicarts.com,rhombicartsptyltd,jogos
RichMakeGame,,,,richmakegame,jogos
Right Square Bracket Left Square Bracket,Canada,http://www.rsblsb.com/,rsblsb.com,rightsquarebracketleftsquarebracket,jogos
Rikodu,Romania,https://www.rikodu.com/,rikodu.com,rikodu,jogos
Ring Games,South Korea,https://ringgames.com/,ringgames.com,ringgames,jogos
Ringler Studios,United States,,,ringlerstudios,jogos
Rionix,,,,rionix,jogos
Riot Games,United States,https://www.riotgames.com,riotgames.com,riotgames,jogos
Riot Sydney,Australia,http://bigworldtech.com/,bigworldtech.com,riotsydney,jogos
Ripknot Systems,,,,ripknotsystems,jogos
Ripple Effect Studios,United States,https://www.ea.com/ea-studios/ripple-effect,ea.com,rippleeffectstudios,jogos
Ripstone,United Kingdom,https://ripstone.com/,ripstone.com,ripstone,jogos
Ritual Entertainment,United States,http://www.ritual.com/,ritual.com,ritualentertainment,jogos
Ritual Games,,,,ritualgames,jogos
Ritual Studios,United States,,,ritualstudios,jogos
Rival Games,Finland,https://rival-games.com,rival-games.com,rivalgames,jogos
RiverMan Media,United States,https://rivermanmedia.com/,rivermanmedia.com,rivermanmedia,jogos
Rivet Games,United States,https://www.rivet-games.com/,rivet-games.com,rivetgames,jogos
Roberts Space Industries LLC,United States,https://robertsspaceindustries.com,robertsspaceindustries.com,robertsspaceindustriesllc,jogos
Robomodo,United States,http://robomodo.com,robomodo.com,robomodo,jogos
Robot Entertainment,United States,http://www.robotentertainment.com/,robotentertainment.com,robotentertainment,jogos
Robot Gentleman,,https://robotgentleman.com/,robotgentleman.com,robotgentleman,jogos
Robot House Games,United Kingdom,https://robothousegames.com/,robothousegames.com,robothousegames,jogos
Robot Invader,United States,http://www.robotinvader.com/,robotinvader.com,robotinvader,jogos
Robot Loves Kitty,,,,robotloveskitty,jogos
Robot Teddy,United Kingdom,https://www.robotteddy.org,robotteddy.org,robotteddy,jogos
Robotality,,http://robotality.com,robotality.com,robotality,jogos
Robotizar Games,,,,robotizargames,jogos
Robust Games,United Kingdom,https://www.robust.games/,robust.games,robustgames,jogos
RockGame,,https://rockgame.pl/,rockgame.pl,rockgame,jogos
Rocket Adrift,Canada,https://rocketadrift.com/,rocketadrift.com,rocketadrift,jogos
Rocket Panda Games,,,,rocketpandagames,jogos
Rocket Science Games,United States,http://www.rocketsci.com,rocketsci.com,rocketsciencegames,jogos
Rocket Vulture,Belgium,https://www.rocketvulture.com/,rocketvulture.com,rocketvulture,jogos
RocketOwl Inc.,,,,rocketowlinc,jogos
RocketWerkz,New Zealand,http://rocketwerkz.com/,rocketwerkz.com,rocketwerkz,jogos
Rocketcat Games,United States,http://www.rocketcat-games.com/,rocketcat-games.com,rocketcatgames,jogos
Rockpool Games,United Kingdom,,,rockpoolgames,jogos
Rockstar Lincoln,United Kingdom,,,rockstarlincoln,jogos
Rockstar London,United Kingdom,,,rockstarlondon,jogos
Rockstar New England,United States,,,rockstarnewengland,jogos
Rockstar Toronto,Canada,,,rockstartoronto,jogos
Rockstar Vancouver,Canada,,,rockstarvancouver,jogos
Rockstar Vienna,Austria,,,rockstarvienna,jogos
Rocksteady Studios,United Kingdom,http://www.rocksteadyltd.com/,rocksteadyltd.com,rocksteadystudios,jogos
"Rockwell Studios, LLC",United States,,,rockwellstudiosllc,jogos
Rogue Entertainment,United States,http://www.rogue-ent.com/,rogue-ent.com,rogueentertainment,jogos
Rogue Factor,,,,roguefactor,jogos
Rogue Rocket Games,United States,http://www.roguerocketgames.com/,roguerocketgames.com,roguerocketgames,jogos
Rogue Sun,United Kingdom,https://www.roguesun.com,roguesun.com,roguesun,jogos
Roklan Corporation,United States,,,roklancorporation,jogos
Roll7,United Kingdom,https://www.roll7.co.uk/,roll7.co.uk,roll7,jogos
Romans I XVI Gaming,,http://romansixvigaming.com/,romansixvigaming.com,romansixvigaming,jogos
Romantic Railroads,,,,romanticrailroads,jogos
Ronimo Games,Netherlands,http://www.ronimo-games.com,ronimo-games.com,ronimogames,jogos
Room 8 Studio,,http://www.room8studio.com/,room8studio.com,room8studio,jogos
Room-C Games,Croatia,https://www.roomcgames.com/,roomcgames.com,roomcgames,jogos
Roost Games,Netherlands,https://roost.games/,roost.games,roostgames,jogos
Rooster Teeth Games,,http://games.roosterteeth.com,games.roosterteeth.com,roosterteethgames,jogos
Rootless Studio,South Korea,https://www.rootlessstudio.com/,rootlessstudio.com,rootlessstudio,jogos
Rosa Special Studio,,,,rosaspecialstudio,jogos
Rose City Games,,https://www.rosecitygames.com/,rosecitygames.com,rosecitygames,jogos
Roseverte,,http://www.roseverte.net,roseverte.net,roseverte,jogos
Rotobee,Germany,,,rotobee,jogos
Rotu Entertainment,United States,https://www.rotu.com/,rotu.com,rotuentertainment,jogos
Round 8 Studio,South Korea,,,round8studio,jogos
Route 59,Australia,http://www.route59games.com/,route59games.com,route59,jogos
Royal Troupe,,,,royaltroupe,jogos
Royal Wins,Australia,http://www.royalwins.com/,royalwins.com,royalwins,jogos
RubberBandGames,,https://www.rubberbandgames.com/,rubberbandgames.com,rubberbandgames,jogos
Rubberbrain,Sweden,,,rubberbrain,jogos
Ruce,,,,ruce,jogos
RumbleSushi,United Kingdom,https://www.rumblesushi.com/,rumblesushi.com,rumblesushi,jogos
RunServer,Ukraine,https://runserver.net/,runserver.net,runserver,jogos
Rundisc,France,https://www.rundisc.io/,rundisc.io,rundisc,jogos
RuneSoft,Germany,http://www.rune-soft.com/,rune-soft.com,runesoft,jogos
RuneStorm,,,,runestorm,jogos
Runecraft,United Kingdom,,,runecraft,jogos
Runic Games,United States,http://www.runicgames.com,runicgames.com,runicgames,jogos
Runner Duck,United Kingdom,http://www.runner-duck.com/,runner-duck.com,runnerduck,jogos
Running Pillow,Czech Republic,https://running-pillow.webnode.cz/,running-pillow.webnode.cz,runningpillow,jogos
Running with Scissors,United States,http://runningwithscissors.com/,runningwithscissors.com,runningwithscissors,jogos
Rupeck Games,,,,rupeckgames,jogos
Rusty Lake,Netherlands,http://www.rustylake.com,rustylake.com,rustylake,jogos
S2 Games,United States,http://www.s2games.com,s2games.com,s2games,jogos
SC Jogos,,,,scjogos,jogos
SCE Studio Liverpool,United Kingdom,http://www.worldwidestudios.net/liverpool,worldwidestudios.net,scestudioliverpool,jogos
SCS Software,Czech Republic,http://www.scssoft.com/,scssoft.com,scssoftware,jogos
SDEnterNet,,,,sdenternet,jogos
SEGA Europe,United Kingdom,https://www.sega.co.uk/,sega.co.uk,segaeurope,jogos
SEGA Studios Australia,Australia,,,segastudiosaustralia,jogos
SFB Games,United Kingdom,https://sfbgames.com/,sfbgames.com,sfbgames,jogos
SFS Studios,,https://www.sfsstudios.com/,sfsstudios.com,sfsstudios,jogos
SILK P.O.D.,,https://silkpod.jp/,silkpod.jp,silkpod,jogos
SILKY'S PLUS,,http://www.silkysplus.jp,silkysplus.jp,silkysplus,jogos
SKH Apps,,http://www.skhapps.com/,skhapps.com,skhapps,jogos
SMG Studio,Australia,https://www.smgstudio.com/,smgstudio.com,smgstudio,jogos
SOCKO! Entertainment,,,,sockoentertainment,jogos
SOF Studios Ltd,,,,sofstudiosltd,jogos
SPC Vision,Netherlands,,,spcvision,jogos
SQUEEZ,,http://squeez-soft.jp/,squeez-soft.jp,squeez,jogos
SRF Games,,,,srfgames,jogos
SS Studios,,,,ssstudios,jogos
SVG Distribution,,,,svgdistribution,jogos
SVT Interaktiva Media,Sweden,,,svtinteraktivamedia,jogos
Sabarasa Entertainment,United States,http://www.sabarasa.com/,sabarasa.com,sabarasaentertainment,jogos
Sabec Limited,United Kingdom,https://sabecltd.com/,sabecltd.com,sabeclimited,jogos
Saber Interactive,United States,http://www.saber3d.com/,saber3d.com,saberinteractive,jogos
Saber Interactive Porto,Portugal,https://saberporto.com/,saberporto.com,saberinteractiveporto,jogos
Sabotage Studio,Canada,https://sabotagestudio.com,sabotagestudio.com,sabotagestudio,jogos
Sacada,,,,sacada,jogos
Sad Panda Studios,Canada,https://www.sadpandastudios.com/,sadpandastudios.com,sadpandastudios,jogos
Sad Puppy,,https://sadpuppy.games/,sadpuppy.games,sadpuppy,jogos
SadSquare Studio,Canada,https://sadsquarestudio.com,sadsquarestudio.com,sadsquarestudio,jogos
Safari Software,,,,safarisoftware,jogos
Safe Havn Studio,,https://safehavn.dev/,safehavn.dev,safehavnstudio,jogos
Saffire,United States,,,saffire,jogos
Sago Mini,,https://sagomini.com,sagomini.com,sagomini,jogos
Sakari Games,Belgium,https://www.sakarigames.com/,sakarigames.com,sakarigames,jogos
SakeVisual,United States,http://www.sakevisual.com/,sakevisual.com,sakevisual,jogos
Salix Games,United Kingdom,http://www.salixgames.com/,salixgames.com,salixgames,jogos
SaltieSaltieProductions,Romania,,,saltiesaltieproductions,jogos
Salty Lemon Entertainment,Belgium,https://www.saltylemonentertainment.com/,saltylemonentertainment.com,saltylemonentertainment,jogos
Salty Salty Studios,,https://salty-salty-studios.com,salty-salty-studios.com,saltysaltystudios,jogos
Samhoud Media,Netherlands,,,samhoudmedia,jogos
Samurai Punk,Australia,https://samuraipunk.com/,samuraipunk.com,samuraipunk,jogos
Samustai,,https://www.samustai.com/,samustai.com,samustai,jogos
San Diego Studio,United States,https://sonysandiegostudio.games,sonysandiegostudio.games,sandiegostudio,jogos
San Mateo Studio,United States,http://www.worldwidestudios.net/fostercity,worldwidestudios.net,sanmateostudio,jogos
Sanctuary Woods,,,,sanctuarywoods,jogos
Sand Castles Studio,Spain,,,sandcastlesstudio,jogos
Sand Door Studio,France,https://fr.linkedin.com/company/sand-door-studio?trk=public_profile_topcard-current-company,fr.linkedin.com,sanddoorstudio,jogos
Sand Grain Studios,Romania,http://www.sandgrainstudios.com/,sandgrainstudios.com,sandgrainstudios,jogos
Sand Sailor Studio,,,,sandsailorstudio,jogos
SandBloom Studio,Spain,https://sandbloomstudio.com/,sandbloomstudio.com,sandbloomstudio,jogos
Sandcastle,United States,,,sandcastle,jogos
Sandfall Interactive,France,https://www.sandfall.co/,sandfall.co,sandfallinteractive,jogos
Sandlot Games,United States,http://wayback.archive.org/web/20120304000622/http://www.sandlotgames.com/,wayback.archive.org,sandlotgames,jogos
Sandstorm Productions,,,,sandstormproductions,jogos
Sanrio Digital,,,,sanriodigital,jogos
Sanrio Digital Europe,,,,sanriodigitaleurope,jogos
Sans Strings Studio,,https://sansstrings.studio/,sansstrings.studio,sansstringsstudio,jogos
Santa Clara Games,Spain,http://www.santaclaragames.com,santaclaragames.com,santaclaragames,jogos
Santa Cruz Games,United States,,,santacruzgames,jogos
Santa Goat,,,,santagoat,jogos
Santa Monica Studio,United States,https://sms.playstation.com,sms.playstation.com,santamonicastudio,jogos
Santa Ragione,Italy,https://santaragione.com/,santaragione.com,santaragione,jogos
Sanzaru Games,United States,http://www.sanzaru.com/,sanzaru.com,sanzarugames,jogos
Saona Studios,Spain,https://www.saonastudios.com/,saonastudios.com,saonastudios,jogos
Sapphire Dragon Productions,Australia,http://sapphiredragonproductions.com/,sapphiredragonproductions.com,sapphiredragonproductions,jogos
Sarepta Studio,Norway,https://sareptastudio.com/,sareptastudio.com,sareptastudio,jogos
Sarunas,,,,sarunas,jogos
Sassybot,Netherlands,https://sassybot.com/,sassybot.com,sassybot,jogos
Satur Entertainment,,http://satur.biz/,satur.biz,saturentertainment,jogos
Saturn-plus,,http://saturnplus.com/,saturnplus.com,saturnplus,jogos
Sauropod Studio,,,,sauropodstudio,jogos
Savage Entertainment,United States,http://www.savageentertainment.com/,savageentertainment.com,savageentertainment,jogos
Sbug Games,,http://sbug.games,sbug.games,sbuggames,jogos
Scarecrow Arts,,http://www.scarecrowarts.com/,scarecrowarts.com,scarecrowarts,jogos
Scarecrow Studio,Spain,https://scarecrow-studio.com/,scarecrow-studio.com,scarecrowstudio,jogos
"Scavenger, Inc.",United States,,,scavengerinc,jogos
Scavengers Studio,Canada,http://www.scavengers.ca,scavengers.ca,scavengersstudio,jogos
Schell Games,United States,https://www.schellgames.com,schellgames.com,schellgames,jogos
"Schine, GmbH",,,,schinegmbh,jogos
Schmidt Workshops,United States,,,schmidtworkshops,jogos
Schulenburg Software,,,,schulenburgsoftware,jogos
Scientifically Proven,,,,scientificallyproven,jogos
Scopely,United States,https://scopely.com,scopely.com,scopely,jogos
Scornz,,,,scornz,jogos
Scorpion Software,,,,scorpionsoftware,jogos
Screaming Villains,,http://www.screamingvillains.com/,screamingvillains.com,screamingvillains,jogos
Screen 7,,,,screen7,jogos
Screenlife Games,United States,,,screenlifegames,jogos
Screeps,,,,screeps,jogos
Screwfly Studios,,,,screwflystudios,jogos
Scriptwelder Studio,Poland,http://www.scriptwelder.com/,scriptwelder.com,scriptwelderstudio,jogos
Sculptured Software,United States,,,sculpturedsoftware,jogos
Scumhead,,,,scumhead,jogos
Scythe Dev Team,United States,https://scythedevteam.com/,scythedevteam.com,scythedevteam,jogos
SeaCorpTech,United Kingdom,https://www.seacorptech.com/,seacorptech.com,seacorptech,jogos
"Seamless Entertainment, Inc.",United States,,,seamlessentertainmentinc,jogos
Seawolf Studio,,,,seawolfstudio,jogos
Second Dinner,United States,https://seconddinner.com,seconddinner.com,seconddinner,jogos
Second Impact Games,United Kingdom,https://www.secondimpactgames.com/,secondimpactgames.com,secondimpactgames,jogos
Second River Games,United Kingdom,https://second-river-games.com/,second-river-games.com,secondrivergames,jogos
Second-party,,,,secondparty,jogos
Secret Door,United States,https://www.dreamhaven.com/secretdoor,dreamhaven.com,secretdoor,jogos
Secret Exit,Finland,http://secretexit.com/,secretexit.com,secretexit,jogos
Secret Identity Studios,,,,secretidentitystudios,jogos
Secret Lab,Australia,https://secretlab.games/,secretlab.games,secretlab,jogos
Section Studios,United States,,,sectionstudios,jogos
Sectordub,,,,sectordub,jogos
Seedy Eye Software,,https://www.seedyeyesoftware.com/,seedyeyesoftware.com,seedyeyesoftware,jogos
Seemingly Pointless,United States,http://www.seempoint.com,seempoint.com,seeminglypointless,jogos
Seep,,http://seeproduction.blogspot.com/,seeproduction.blogspot.com,seep,jogos
Sega Networks,,,,seganetworks,jogos
Sega Racing Studio,United Kingdom,http://racing.sega.co.uk/,racing.sega.co.uk,segaracingstudio,jogos
Sega Studios San Francisco,United States,http://www.secretlevel.com/,secretlevel.com,segastudiossanfrancisco,jogos
Sega Technical Institute,United States,,,segatechnicalinstitute,jogos
Sega Technical Institute Burbank,,,,segatechnicalinstituteburbank,jogos
Sega of America,United States,https://www.sega.com/,sega.com,segaofamerica,jogos
SegaSoft,United States,,,segasoft,jogos
Seito Games,,,,seitogames,jogos
Semidome Inc.,Canada,http://www.semido.me,semido.me,semidomeinc,jogos
Semnat Studios,United States,,,semnatstudios,jogos
Sengi Games,Ukraine,https://sengigames.com/,sengigames.com,sengigames,jogos
Senile Team,Netherlands,https://www.senileteam.com/,senileteam.com,senileteam,jogos
Sennari Games,United States,,,sennarigames,jogos
Sennep Games,United Kingdom,https://sennepgames.com,sennepgames.com,sennepgames,jogos
Sensible Software,United Kingdom,,,sensiblesoftware,jogos
Sensory Sweep Studios,United States,,,sensorysweepstudios,jogos
Sergey Bobrov,,,,sergeybobrov,jogos
Serious Games Interactive,Denmark,,,seriousgamesinteractive,jogos
Serious Sim,Poland,https://www.serioussim.net/,serioussim.net,serioussim,jogos
Seriously,Finland,https://www.seriously.com/,seriously.com,seriously,jogos
Seven Hills Simulations,,,,sevenhillssimulations,jogos
Seven Lights,United States,http://www.sevenlights.com,sevenlights.com,sevenlights,jogos
Seven Sails,,,,sevensails,jogos
Sever Studio,,,,severstudio,jogos
Sewer Cat,,,,sewercat,jogos
SexGameDevil,,,,sexgamedevil,jogos
Shaman Garage,Netherlands,,,shamangarage,jogos
Sharkmob,Sweden,https://www.sharkmob.com,sharkmob.com,sharkmob,jogos
Shatterline Productions,United States,,,shatterlineproductions,jogos
Shaun Williams,,,,shaunwilliams,jogos
Shedworks,United Kingdom,https://www.shed-works.co.uk/,shed-works.co.uk,shedworks,jogos
Shen Technologies,,,,shentechnologies,jogos
Shenandoah Studio,,,,shenandoahstudio,jogos
Shift Up,South Korea,https://shiftup.co.kr,shiftup.co.kr,shiftup,jogos
Shiisanmei,,https://shiisanmei.web.fc2.com/,shiisanmei.web.fc2.com,shiisanmei,jogos
Shin'en Multimedia,Germany,https://www.shinen.com/,shinen.com,shinenmultimedia,jogos
Shining Pixel Studios,,,,shiningpixelstudios,jogos
Shining Rock Software,,,,shiningrocksoftware,jogos
Shinsei,,,,shinsei,jogos
Shiny Dolphin Games,United States,https://www.shinydolphin.com/,shinydolphin.com,shinydolphingames,jogos
Shiny Entertainment,United States,http://www.shiny.com/,shiny.com,shinyentertainment,jogos
Shiny Shoe,United States,https://shinyshoe.com/,shinyshoe.com,shinyshoe,jogos
Shiver Entertainment,United States,https://shiver.net/,shiver.net,shiverentertainment,jogos
Shiver Games,Finland,http://www.shivergames.com/,shivergames.com,shivergames,jogos
Shorebound Studios,,,,shoreboundstudios,jogos
Shortfuse Games,Sweden,,,shortfusegames,jogos
Shroeder Studios,United States,,,shroederstudios,jogos
Shugasu UG,,,,shugasuug,jogos
Siberian Koala,,https://siberiankoala.com/,siberiankoala.com,siberiankoala,jogos
Sick Puppies Studio,,,,sickpuppiesstudio,jogos
Sickhead Games,United States,http://www.sickheadgames.com,sickheadgames.com,sickheadgames,jogos
Sidebar Games,,,,sidebargames,jogos
Sidhe,New Zealand,http://sidhe.co.nz/,sidhe.co.nz,sidhe,jogos
Siege Camp,,https://www.siegecamp.com/,siegecamp.com,siegecamp,jogos
Sierra Northwest,,,,sierranorthwest,jogos
Sigil Games Online,United States,,,sigilgamesonline,jogos
Signal Studios,United States,http://www.signalstudios.net/,signalstudios.net,signalstudios,jogos
Sigono,,https://www.sigono.com/,sigono.com,sigono,jogos
Silen Games,,https://www.silengames.com/,silengames.com,silengames,jogos
Silesia Games,Poland,https://www.silesiagames.com/,silesiagames.com,silesiagames,jogos
Silicon Beach Software,United States,,,siliconbeachsoftware,jogos
Silicon Knights,Canada,http://www.siliconknights.com,siliconknights.com,siliconknights,jogos
Silicon Sisters,Canada,http://siliconsisters.ca/,siliconsisters.ca,siliconsisters,jogos
Silk Games,,,,silkgames,jogos
Silly Galah Games,Australia,https://sillygalahgames.com/,sillygalahgames.com,sillygalahgames,jogos
Sillysoft Games,,,,sillysoftgames,jogos
Silmarils,France,,,silmarils,jogos
Silver Dollar Games,Canada,,,silverdollargames,jogos
Silver Lightning Software,,,,silverlightningsoftware,jogos
Silver Style Entertainment,Germany,,,silverstyleentertainment,jogos
Silver Wish Games,,,,silverwishgames,jogos
SilverBirch Studios,,,,silverbirchstudios,jogos
SilverSphereStudios,,,,silverspherestudios,jogos
Silverback Productions,Canada,http://www.silverbackgames.com/,silverbackgames.com,silverbackproductions,jogos
Silverball Studios,United Kingdom,http://www.silverballstudios.com,silverballstudios.com,silverballstudios,jogos
Silverfish Studios,United States,http://www.silverfishstudios.com/,silverfishstudios.com,silverfishstudios,jogos
Silverware Games,,https://silverwaregames.com/,silverwaregames.com,silverwaregames,jogos
SimBin,Sweden,http://www.simbin.se/,simbin.se,simbin,jogos
SimFabric,Poland,http://www.simfabric.com,simfabric.com,simfabric,jogos
SimTech Vision,,,,simtechvision,jogos
Simian Squared,United Kingdom,,,simiansquared,jogos
Simis,,,,simis,jogos
Simogo,Sweden,http://simogo.com/,simogo.com,simogo,jogos
Simply Silly Software,United States,,,simplysillysoftware,jogos
Simrail S.A.,Poland,https://simrail.eu,simrail.eu,simrailsa,jogos
Simteract,Poland,https://simteract.com,simteract.com,simteract,jogos
Simtex,,,,simtex,jogos
Simula Games,,https://simulagames.com/,simulagames.com,simulagames,jogos
SimulaM,Poland,,,simulam,jogos
SingleTrac,United States,,,singletrac,jogos
Singularity 6,,https://www.singularity6.com/,singularity6.com,singularity6,jogos
Singularity Software,United States,,,singularitysoftware,jogos
Sinister Design,,,,sinisterdesign,jogos
Sinister Games,,,,sinistergames,jogos
Sir-Tech,United States,,,sirtech,jogos
Sirius Publishing,United States,,,siriuspublishing,jogos
Sirlin Games,United States,http://sirlingames.com,sirlingames.com,sirlingames,jogos
Sirtech Canada Ltd.,Canada,,,sirtechcanadaltd,jogos
Sister Position,,,,sisterposition,jogos
Sisyphus.Rocks,,http://sisyphus.rocks/,sisyphus.rocks,sisyphusrocks,jogos
Six by Nine Ltd,United Kingdom,,,sixbynineltd,jogos
Sixjoy Hong Kong Limited,,,,sixjoyhongkonglimited,jogos
Size Five Games,United Kingdom,http://www.sizefivegames.com/,sizefivegames.com,sizefivegames,jogos
Ska Studios,United States,https://ska-studios.com/,ska-studios.com,skastudios,jogos
Skadoo Toons,,https://www.patreon.com/Skadoo,patreon.com,skadootoons,jogos
Skeleton Crew Studios,,http://www.skeletoncrewstudios.com/,skeletoncrewstudios.com,skeletoncrewstudios,jogos
Sketchbook Games,United Kingdom,https://sketchbook.games/,sketchbook.games,sketchbookgames,jogos
Skilltree Studios,Germany,,,skilltreestudios,jogos
Skitso Productions,Finland,http://koti.mbnet.fi/pacbros/skitsoproductions/,koti.mbnet.fi,skitsoproductions,jogos
Skobbejak Games,,,,skobbejakgames,jogos
Skookum Arts,United States,https://www.skookum-arts.com/,skookum-arts.com,skookumarts,jogos
Skotos,,,,skotos,jogos
Skrice Studios,France,https://skrice.com/,skrice.com,skricestudios,jogos
Skrice Studios,United States,https://skrice.com/,skrice.com,skricestudios,jogos
Skunk Software,United States,,,skunksoftware,jogos
"Skunk Studios, Inc.",,,,skunkstudiosinc,jogos
Skunkape,,https://skunkapegames.com/,skunkapegames.com,skunkape,jogos
Skunkape Interactive,United States,http://skunkdev.com/,skunkdev.com,skunkapeinteractive,jogos
Sky Bear Games,New Zealand,https://www.skybeargames.com/,skybeargames.com,skybeargames,jogos
Sky Machine Studios,Australia,https://www.skymachine-studios.com/,skymachine-studios.com,skymachinestudios,jogos
SkyBox Labs,Canada,http://skyboxlabs.com/,skyboxlabs.com,skyboxlabs,jogos
Skyborne Games,United States,https://www.skybornegames.com/,skybornegames.com,skybornegames,jogos
Skybound Games,United States,https://www.skybound.com/games,skybound.com,skyboundgames,jogos
Skydance Interactive,,https://skydance.com/interactive/,skydance.com,skydanceinteractive,jogos
Skydome Entertainment,Finland,,,skydomeentertainment,jogos
Skygoblin,Sweden,http://www.skygoblin.com/,skygoblin.com,skygoblin,jogos
Skyhook Games Studio,,,,skyhookgamesstudio,jogos
Skyreach Studio,,https://www.skyreachstudios.com/,skyreachstudios.com,skyreachstudio,jogos
Skystone Games,,https://www.skystone.games/,skystone.games,skystonegames,jogos
Skywall Studios,,,,skywallstudios,jogos
Skyworks Interactive,United States,http://www.skyworks.com/aboutus.asp,skyworks.com,skyworksinteractive,jogos
Slam Games,United Kingdom,,,slamgames,jogos
Slava Bushuev,,,,slavabushuev,jogos
Sledgehammer Games,United States,http://sledgehammergames.com/,sledgehammergames.com,sledgehammergames,jogos
SleepTeam,Czech Republic,https://www.sleepteam.dev/,sleepteam.dev,sleepteam,jogos
Sleepless Knights,,,,sleeplessknights,jogos
Slick Entertainment,Canada,http://www.slickentertainment.com/,slickentertainment.com,slickentertainment,jogos
Slightly Mad Studios,United Kingdom,http://www.slightlymadstudios.com,slightlymadstudios.com,slightlymadstudios,jogos
Slingshot & Satchel,Australia,http://www.slingshotandsatchel.com/,slingshotandsatchel.com,slingshotsatchel,jogos
Slipgate Ironworks,Denmark,http://slipgate-ironworks.com,slipgate-ironworks.com,slipgateironworks,jogos
Slitherine Software UK Limited,United Kingdom,http://www.slitherine.com,slitherine.com,slitherinesoftwareuklimited,jogos
Sloclap,France,https://sloclap.com,sloclap.com,sloclap,jogos
Sluggerfly,Germany,http://www.sluggerfly.com/,sluggerfly.com,sluggerfly,jogos
Sly,,,,sly,jogos
Slyon Studios,United States,http://slyonstudios.com/,slyonstudios.com,slyonstudios,jogos
Smack Down Productions,France,http://smackdownproductions.com,smackdownproductions.com,smackdownproductions,jogos
Small Rockets,,,,smallrockets,jogos
Smallthing Studios,Italy,https://smallthingstudios.com/,smallthingstudios.com,smallthingstudios,jogos
Smart Tale,France,http://smart-tale.com/,smart-tale.com,smarttale,jogos
SmartJoy,South Korea,http://smartjoy-game.com/,smartjoy-game.com,smartjoy,jogos
Smartly Dressed Games,,,,smartlydressedgames,jogos
Smash House Games,United States,,,smashhousegames,jogos
SmashGames,,,,smashgames,jogos
Smile,,,,smile,jogos
Smilebit,,,,smilebit,jogos
Smilegate,South Korea,https://www.smilegate.com/,smilegate.com,smilegate,jogos
Smiling Buddha Games,Canada,,,smilingbuddhagames,jogos
Smokebox,,,,smokebox,jogos
Smoking Gun Interactive,Canada,https://smokingguninc.com/,smokingguninc.com,smokingguninteractive,jogos
Smug Marmot Studios,United States,https://smugmarmot.com/,smugmarmot.com,smugmarmotstudios,jogos
Smule,United States,http://smule.com,smule.com,smule,jogos
Snail Bite,Netherlands,,,snailbite,jogos
Snap Finger Click,United Kingdom,https://snapfingerclick.com/,snapfingerclick.com,snapfingerclick,jogos
SnapDragon Games,,,,snapdragongames,jogos
Snapshot Games,,http://www.snapshotgames.com/,snapshotgames.com,snapshotgames,jogos
"Snarky Ant, LLC",United States,https://www.skirmishlinegame.com/press/,skirmishlinegame.com,snarkyantllc,jogos
Sneaky Yak Studio,,,,sneakyyakstudio,jogos
SneakyBox,Lithuania,https://sneakybox.biz,sneakybox.biz,sneakybox,jogos
Snekflat,Netherlands,https://snekflat.com/,snekflat.com,snekflat,jogos
Snickerdoodle Games,,,,snickerdoodlegames,jogos
Sniper Studios,United States,http://www.sniperstudios.com/,sniperstudios.com,sniperstudios,jogos
Snoozy Kazoo,United States,https://snoozykazoo.com/,snoozykazoo.com,snoozykazoo,jogos
SnoutUp,,,,snoutup,jogos
Snowbird Games,,,,snowbirdgames,jogos
Snowblind Studios,United States,http://www.snowblind.com/,snowblind.com,snowblindstudios,jogos
Snowcastle Games,Norway,https://www.snowcastlegames.com/,snowcastlegames.com,snowcastlegames,jogos
Snowhound Games,Finland,http://www.snowhoundgames.com/,snowhoundgames.com,snowhoundgames,jogos
Snowman,,http://builtbysnowman.com/,builtbysnowman.com,snowman,jogos
Snowman,Canada,http://www.builtbysnowman.com,builtbysnowman.com,snowman,jogos
So Romantic,United Kingdom,https://www.soromantic.co.uk/,soromantic.co.uk,soromantic,jogos
SoWhat! Software Studios,Slovakia,http://www.sowhat.sk,sowhat.sk,sowhatsoftwarestudios,jogos
Soaphog Game Studio,Latvia,http://soaphog.com/,soaphog.com,soaphoggamestudio,jogos
Soaring Pixels Games,,,,soaringpixelsgames,jogos
Sobee,,http://www.sobee.com.tr,sobee.com.tr,sobee,jogos
Socialpoint,Spain,http://socialpoint.es,socialpoint.es,socialpoint,jogos
Societa Daikanyama,,,,societadaikanyama,jogos
Soedesco,Netherlands,http://soedesco.com,soedesco.com,soedesco,jogos
SoftColors,,https://www.studiosoftcolors.com,studiosoftcolors.com,softcolors,jogos
SoftMACHINE Publishing International BV,Netherlands,,,softmachinepublishinginternationalbv,jogos
SoftWarWare,,,,softwarware,jogos
Softdisk,United States,http://www.softdisk.com/,softdisk.com,softdisk,jogos
SofterCode,,,,softercode,jogos
Softie,,,,softie,jogos
Softkinetic,Belgium,,,softkinetic,jogos
Software 2000,Germany,http://software2000.de/,software2000.de,software2000,jogos
Software Invasion,,,,softwareinvasion,jogos
Software Scribes S.L.U.,,,,softwarescribesslu,jogos
Softwin Associates,United States,,,softwinassociates,jogos
Sokaikan,United Kingdom,,,sokaikan,jogos
Sokpop Collective,Netherlands,https://sokpop.co/,sokpop.co,sokpopcollective,jogos
Solaris Mobile,,,,solarismobile,jogos
Soleau Software,United States,,,soleausoftware,jogos
Solid Clouds,Iceland,https://www.solidclouds.com/,solidclouds.com,solidclouds,jogos
Soma Games,,,,somagames,jogos
SomaSim,United States,https://somasim.com/,somasim.com,somasim,jogos
Somer Games,,,,somergames,jogos
Something We Made,,https://www.somethingwemade.se/,somethingwemade.se,somethingwemade,jogos
Somnium Games,Croatia,http://somniumgames.com,somniumgames.com,somniumgames,jogos
SomniumSoft,Italy,,,somniumsoft,jogos
Sonalysts (United States),United States,http://www.sonalysts.com/,sonalysts.com,sonalystsunitedstates,jogos
Sonka,Poland,http://sonkagames.com/,sonkagames.com,sonka,jogos
Sonnori,South Korea,http://www.sonnori.co.kr,sonnori.co.kr,sonnori,jogos
Sony Computer Entertainment Korea,South Korea,,,sonycomputerentertainmentkorea,jogos
Sony Interactive Entertainment,United States,https://sonyinteractive.com/,sonyinteractive.com,sonyinteractiveentertainment,jogos
Soon Studios,,,,soonstudios,jogos
Sorath,,,,sorath,jogos
Soroka Games,Poland,https://sorokagames.com/,sorokagames.com,sorokagames,jogos
SoulGame Studio,France,https://soulgamestudio.com/,soulgamestudio.com,soulgamestudio,jogos
Source Research & Development,United Kingdom,,,sourceresearchdevelopment,jogos
Source Studio Ltd.,,,,sourcestudioltd,jogos
SouthPAW Games,South Korea,,,southpawgames,jogos
Southend Interactive,Sweden,,,southendinteractive,jogos
Soverance Studios,United States,http://www.soverance.com/home/index,soverance.com,soverancestudios,jogos
Soviet Games,,https://soviet.games,soviet.games,sovietgames,jogos
Space Fox Games,Poland,,,spacefoxgames,jogos
Space Lizard Studio,United Kingdom,http://spacelizardstudio.com/,spacelizardstudio.com,spacelizardstudio,jogos
SpaceMyFriend,,,,spacemyfriend,jogos
SpaceOwl Games,,,,spaceowlgames,jogos
Spacedev Games,Ukraine,,,spacedevgames,jogos
Spaghetti Interactive,Italy,https://www.spaghetti-interactive.it/,spaghetti-interactive.it,spaghettiinteractive,jogos
Spare Models,,,,sparemodels,jogos
Spark Creative,,,,sparkcreative,jogos
Spark Plug Games,,,,sparkpluggames,jogos
Spark Unlimited,United States,http://www.sparkunlimited.com/,sparkunlimited.com,sparkunlimited,jogos
SparkyTailGames,,,,sparkytailgames,jogos
Sparkypants Studios,United States,https://www.sparkypants.com/,sparkypants.com,sparkypantsstudios,jogos
Sparpweed,Netherlands,,,sparpweed,jogos
Sparrow Night,Netherlands,,,sparrownight,jogos
Sparse Game Development,,https://sparse.ca/,sparse.ca,sparsegamedevelopment,jogos
Spearhead Games,Canada,https://www.spearheadgames.ca,spearheadgames.ca,spearheadgames,jogos
Specialbit,Ukraine,https://specialbit.com,specialbit.com,specialbit,jogos
Spectrum HoloByte,United States,,,spectrumholobyte,jogos
Spellborn International,Netherlands,,,spellborninternational,jogos
Spellbound Entertainment,Germany,http://www.spellbound.de,spellbound.de,spellboundentertainment,jogos
Spicy Gyro Games,,,,spicygyrogames,jogos
Spicy Horse,,http://www.spicyhorse.com/,spicyhorse.com,spicyhorse,jogos
Spiderling Studios,,https://www.spiderlinggames.com/,spiderlinggames.com,spiderlingstudios,jogos
Spiderweb Software,United States,http://www.spiderwebsoftware.com/,spiderwebsoftware.com,spiderwebsoftware,jogos
Spieleentwicklungskombinat,Germany,,,spieleentwicklungskombinat,jogos
Spil Games,Netherlands,http://www.spilgames.com,spilgames.com,spilgames,jogos
SpinTop Games,,,,spintopgames,jogos
Spiral Circus,United Kingdom,https://spiralcircusgames.com/,spiralcircusgames.com,spiralcircus,jogos
Spiral Game Studios,,,,spiralgamestudios,jogos
Spiral House,United Kingdom,https://www.spiralhouse.co.uk/,spiralhouse.co.uk,spiralhouse,jogos
Spirit of Discovery,United States,,,spiritofdiscovery,jogos
Splash Damage,United Kingdom,https://www.splashdamage.com,splashdamage.com,splashdamage,jogos
Splashteam,France,https://www.splashteam-games.com/,splashteam-games.com,splashteam,jogos
Splashworks,Canada,,,splashworks,jogos
Split Polygon,,,,splitpolygon,jogos
Spokko,Poland,https://spokko.com/,spokko.com,spokko,jogos
Spooky Doorway,Ireland,http://www.spookydoorway.com,spookydoorway.com,spookydoorway,jogos
Spooky Squid Games Inc.,,,,spookysquidgamesinc,jogos
Spoonbox Studio,,https://www.spoonboxstudio.com/,spoonboxstudio.com,spoonboxstudio,jogos
Sports Interactive,United Kingdom,http://www.sigames.com,sigames.com,sportsinteractive,jogos
Sporty Peppers,France,https://www.sportypeppers.com/,sportypeppers.com,sportypeppers,jogos
Sprakelsoft,Germany,https://www.sprakelsoft.com/,sprakelsoft.com,sprakelsoft,jogos
Springlab,Netherlands,,,springlab,jogos
Springlab Learning B.V.,Netherlands,,,springlablearningbv,jogos
Springloaded,Singapore,https://www.springloadedsoftware.com,springloadedsoftware.com,springloaded,jogos
Sprovieri Games,,,,sprovierigames,jogos
Squanch Games,United States,http://www.squanchgames.com/,squanchgames.com,squanchgames,jogos
Square Enix Montréal,,https://www.studio-onoma.com/en,studio-onoma.com,squareenixmontral,jogos
Square One Studios,United States,http://www.squareonestudios.com/,squareonestudios.com,squareonestudios,jogos
"Square USA, Inc.",United States,,,squareusainc,jogos
SquarePlay Games,United Kingdom,http://squareplaygames.com/,squareplaygames.com,squareplaygames,jogos
Squiddershins,United States,https://squiddershins.com,squiddershins.com,squiddershins,jogos
Stadia Games and Entertainment,,,,stadiagamesandentertainment,jogos
Stage 2 Studios,,,,stage2studios,jogos
Stage Clear Studios,Spain,http://www.stageclearstudios.com,stageclearstudios.com,stageclearstudios,jogos
Stail Group,,,,stailgroup,jogos
Stainless Games,United Kingdom,http://www.stainlessgames.com/,stainlessgames.com,stainlessgames,jogos
Stainless Steel Studios,United States,http://www.stainlesssteelstudios.com,stainlesssteelstudios.com,stainlesssteelstudios,jogos
Stairway Games,,https://www.stairwaygames.com/,stairwaygames.com,stairwaygames,jogos
Star Arcade,Finland,http://www.star-arcade.com,star-arcade.com,stararcade,jogos
Star Drifters,Poland,https://stardrifters.com/,stardrifters.com,stardrifters,jogos
Star Gem Inc.,,,,stargeminc,jogos
Star Maid Games,United States,,,starmaidgames,jogos
Star Vault,,,,starvault,jogos
StarSystemStudios™,,,,starsystemstudios,jogos
Starbreeze Studios,Sweden,http://www.starbreeze.com/,starbreeze.com,starbreezestudios,jogos
Starbyte,Germany,,,starbyte,jogos
Stardust,Switzerland,https://www.stardust.ch/,stardust.ch,stardust,jogos
Starlance Studios,,,,starlancestudios,jogos
StarlightTree Games,,,,starlighttreegames,jogos
Starni Games,Ukraine,,,starnigames,jogos
Starry Studio,,,,starrystudio,jogos
Starship Group,United Kingdom,http://www.starship-group.com,starship-group.com,starshipgroup,jogos
Starsoft Entertainment,United States,https://www.starsoft.com/,starsoft.com,starsoftentertainment,jogos
Starward Industries,Poland,https://en.starwardindustries.com/,en.starwardindustries.com,starwardindustries,jogos
State of Play,United Kingdom,https://www.stateofplaygames.com/,stateofplaygames.com,stateofplay,jogos
Statera Studio,,https://staterastudio.com/,staterastudio.com,staterastudio,jogos
StaudSoft,,,,staudsoft,jogos
Steel City Interactive,United Kingdom,https://steelcityinteractive.co.uk/,steelcityinteractive.co.uk,steelcityinteractive,jogos
Steel Mantis,United States,,,steelmantis,jogos
Steel Penny Games,United States,,,steelpennygames,jogos
Steelkrill Studio,,https://steelkrill.com/,steelkrill.com,steelkrillstudio,jogos
Steelpan Interactive,Netherlands,,,steelpaninteractive,jogos
Stegalosaurus Game Development,,,,stegalosaurusgamedevelopment,jogos
Stegersaurus Software Inc.,,,,stegersaurussoftwareinc,jogos
Stegosoft Games,United States,https://www.stegosoftgames.com/,stegosoftgames.com,stegosoftgames,jogos
Stellar Entertainment,,,,stellarentertainment,jogos
Stellar Jockeys,,,,stellarjockeys,jogos
Stellar Stone,United States,,,stellarstone,jogos
StepUnique,,,,stepunique,jogos
Stephen Long,,,,stephenlong,jogos
Sticky Studios,United Kingdom,,,stickystudios,jogos
StickyLock,Netherlands,https://stickylock.com/,stickylock.com,stickylock,jogos
Stirfire Studios,,,,stirfirestudios,jogos
Stoic,United States,,,stoic,jogos
Stone Lantern Games,United States,http://stonelanterngames.com,stonelanterngames.com,stonelanterngames,jogos
Stonewheat & Sons,,,,stonewheatsons,jogos
Storm Impact,,https://www.robotroom.com/StormImpact.html,robotroom.com,stormimpact,jogos
Storm in a Teacup,Italy,http://www.stcware.com/,stcware.com,storminateacup,jogos
StormRegion,,http://www.stormregion.com,stormregion.com,stormregion,jogos
Stormcloud Games,United Kingdom,,,stormcloudgames,jogos
Stormfront Studios,United States,http://www.stormfront.com,stormfront.com,stormfrontstudios,jogos
Stormind Games,Italy,https://www.stormindgames.com,stormindgames.com,stormindgames,jogos
Storybird Studio,France,,,storybirdstudio,jogos
Storymind Entertainment,Ukraine,https://storymind-ent.com,storymind-ent.com,storymindentertainment,jogos
Straandlooper,,http://www.straandlooper.com/,straandlooper.com,straandlooper,jogos
Straight Right,Australia,https://straightright.net,straightright.net,straightright,jogos
Strand Games,,https://strandgames.com/,strandgames.com,strandgames,jogos
Stranga Games,,,,strangagames,jogos
Strange Creatures Studio LLC,United States,https://strangecreaturesstudio.com/,strangecreaturesstudio.com,strangecreaturesstudiollc,jogos
Strange Flavour,United Kingdom,http://www.strangeflavour.com/,strangeflavour.com,strangeflavour,jogos
Strange Scaffold,United States,http://strangescaffold.com/,strangescaffold.com,strangescaffold,jogos
Strangely Interactive Ltd,,,,strangelyinteractiveltd,jogos
Strategiae,,,,strategiae,jogos
Strategic Simulations,United States,,,strategicsimulations,jogos
"Stratotainment, L.L.C.",,,,stratotainmentllc,jogos
Strawdog Studios,United Kingdom,http://www.strawdogstudios.com,strawdogstudios.com,strawdogstudios,jogos
Stray Bombay,United States,https://www.straybombay.com/,straybombay.com,straybombay,jogos
Stray Fawn Studio,Switzerland,https://strayfawnstudio.com,strayfawnstudio.com,strayfawnstudio,jogos
Stray Kite Studios,United States,https://www.straykitestudios.com/,straykitestudios.com,straykitestudios,jogos
Straylight Entertainment,,,,straylightentertainment,jogos
Straylight Studios,,http://www.straylight-studios.com/,straylight-studios.com,straylightstudios,jogos
Straywire,,,,straywire,jogos
Streamline Studios,Netherlands,https://www.streamline-studios.com/,streamline-studios.com,streamlinestudios,jogos
Street Lamp Games,,,,streetlampgames,jogos
Streetout Games,Latvia,http://www.streetoutgames.com,streetoutgames.com,streetoutgames,jogos
Stress Level Zero,,https://www.stresslevelzero.com/,stresslevelzero.com,stresslevelzero,jogos
Streum On Studio,,http://streumon-studio.com/,streumon-studio.com,streumonstudio,jogos
Striking Distance Studios,United States,https://sds.com,sds.com,strikingdistancestudios,jogos
Stroboskop,,,,stroboskop,jogos
Strudio Company,,,,strudiocompany,jogos
Stuck In Attic,Romania,,,stuckinattic,jogos
Studio 1-2,Denmark,https://www.studio1-2.dk/,studio1-2.dk,studio12,jogos
Studio 33,United Kingdom,,,studio33,jogos
Studio 397,Netherlands,https://www.studio-397.com/,studio-397.com,studio397,jogos
Studio 61,,,,studio61,jogos
Studio 9.7,France,,,studio97,jogos
Studio Bidon Games,,,,studiobidongames,jogos
Studio Bside,South Korea,https://www.studiobside.com,studiobside.com,studiobside,jogos
Studio Chien d'or,Canada,https://www.studiochiendor.com/,studiochiendor.com,studiochiendor,jogos
Studio Drydock,Australia,https://studiodrydock.com/,studiodrydock.com,studiodrydock,jogos
Studio FOW,,https://www.studiofow.com/,studiofow.com,studiofow,jogos
Studio Fizbin,Germany,https://www.studio-fizbin.com/,studio-fizbin.com,studiofizbin,jogos
Studio Folly,Australia,,,studiofolly,jogos
Studio Gamaii,Canada,https://www.studiogamaii.com,studiogamaii.com,studiogamaii,jogos
Studio Gigante,United States,http://www.studiogigante.com/,studiogigante.com,studiogigante,jogos
Studio Goya,,http://www.studiogoya.co/home/,studiogoya.co,studiogoya,jogos
Studio Inkyfox UG,,http://www.inkyfox.de/,inkyfox.de,studioinkyfoxug,jogos
Studio Klondike,Singapore,https://www.klondike.studio/,klondike.studio,studioklondike,jogos
Studio Koba,Spain,https://studiokoba.com/,studiokoba.com,studiokoba,jogos
Studio MDHR,Canada,http://studiomdhr.com,studiomdhr.com,studiomdhr,jogos
Studio Mantasaur,Netherlands,,,studiomantasaur,jogos
Studio Oleomingus,,https://oleomingus.com/,oleomingus.com,studiooleomingus,jogos
Studio Pango,France,https://www.studio-pango.com/fr/,studio-pango.com,studiopango,jogos
Studio Peaches,,,,studiopeaches,jogos
Studio Rightside,Netherlands,,,studiorightside,jogos
Studio Somewhere,,,,studiosomewhere,jogos
Studio Thunderhorse,United States,https://thunderhorse.co/,thunderhorse.co,studiothunderhorse,jogos
Studio Wheel,South Korea,https://www.studiowheel.net/,studiowheel.net,studiowheel,jogos
Studio Wildcard,,http://www.studiowildcard.com/,studiowildcard.com,studiowildcard,jogos
Studio Wumpus,,,,studiowumpus,jogos
Studio Élan,,https://vnstudioelan.com/,vnstudioelan.com,studiolan,jogos
StudioBando,,https://www.studiobando.com/,studiobando.com,studiobando,jogos
Stuffed Wombat,,http://stuffedwomb.at/,stuffedwomb.at,stuffedwombat,jogos
Stumbling Cat,United States,,,stumblingcat,jogos
Stunlock Studios,Sweden,https://www.stunlock.com/,stunlock.com,stunlockstudios,jogos
Stutter Fox Studios,Australia,https://stutterfoxstudios.com,stutterfoxstudios.com,stutterfoxstudios,jogos
Subatomic Studios,United States,http://www.subatomicstudios.com/,subatomicstudios.com,subatomicstudios,jogos
Subcreation Studio,,,,subcreationstudio,jogos
Sublogic,United States,,,sublogic,jogos
Subset Games,United States,http://subsetgames.com/,subsetgames.com,subsetgames,jogos
Subsoap,,,,subsoap,jogos
Sucker Punch Productions,United States,https://www.suckerpunch.com,suckerpunch.com,suckerpunchproductions,jogos
Sukeban Games,,,,sukebangames,jogos
SukeraSparo,,http://sukerasparo.com/,sukerasparo.com,sukerasparo,jogos
Sulake Corporation,Finland,http://www.sulake.com,sulake.com,sulakecorporation,jogos
Sumikko Soft,,http://www.sumikko-soft.com/main.html,sumikko-soft.com,sumikkosoft,jogos
Sumo Digital,United Kingdom,http://www.sumo-digital.com/,sumo-digital.com,sumodigital,jogos
Sumo Nottingham,United Kingdom,https://nottingham.sumo-digital.com,nottingham.sumo-digital.com,sumonottingham,jogos
Sunblink,,https://www.sunblink.com/,sunblink.com,sunblink,jogos
Sunbreak Games,,http://sunbreakgames.com/,sunbreakgames.com,sunbreakgames,jogos
Sundae Factory,,https://www.sundae-factory.com/,sundae-factory.com,sundaefactory,jogos
Sundae Month,,,,sundaemonth,jogos
Sunflowers Interactive Entertainment Software,Germany,http://www.sunflowers.de/,sunflowers.de,sunflowersinteractiveentertainmentsoftware,jogos
Sungrand Studios,Australia,https://silverfallsgame.com/,silverfallsgame.com,sungrandstudios,jogos
Sunlight Games,Germany,https://www.sunlight-games.com,sunlight-games.com,sunlightgames,jogos
Sunny Side Up,South Korea,,,sunnysideup,jogos
Sunnyside Games,Switzerland,https://www.sunnysidegames.ch/,sunnysidegames.ch,sunnysidegames,jogos
Sunrise Swiss,,,,sunriseswiss,jogos
Sunscorched Studios,United Kingdom,https://sunscorchedstudios.co.uk/,sunscorchedstudios.co.uk,sunscorchedstudios,jogos
Sunstorm Interactive,United States,http://sunstormgames.com,sunstormgames.com,sunstorminteractive,jogos
Sunward Games,,,,sunwardgames,jogos
Sunwolf Entertainment,,https://sunwolfentertainment.com/,sunwolfentertainment.com,sunwolfentertainment,jogos
Super Evil Megacorp,United States,https://superevilmegacorp.com,superevilmegacorp.com,superevilmegacorp,jogos
Super Icon,United Kingdom,http://www.supericon.co.uk/,supericon.co.uk,supericon,jogos
Super PowerUp Games,Spain,https://superpowerup.com/,superpowerup.com,superpowerupgames,jogos
Super Villain Games,United States,https://www.supervillaingames.com/,supervillaingames.com,supervillaingames,jogos
Super X Studios,United States,http://www.superxstudios.com,superxstudios.com,superxstudios,jogos
SuperBot Entertainment,United States,http://www.superbotentertainment.com/,superbotentertainment.com,superbotentertainment,jogos
SuperMelon Studios,,,,supermelonstudios,jogos
SuperTry Studios,,,,supertrystudios,jogos
SuperVillain Studios,United States,http://www.svsgames.com,svsgames.com,supervillainstudios,jogos
Superb Corp.,South Korea,https://www.superbcorp.com/,superbcorp.com,superbcorp,jogos
Supercell,Finland,https://supercell.com/en/,supercell.com,supercell,jogos
Supergiant Games,United States,https://www.supergiantgames.com/,supergiantgames.com,supergiantgames,jogos
Supergonk,United Kingdom,http://www.supergonk.co.uk/,supergonk.co.uk,supergonk,jogos
Superhot Team,,,,superhotteam,jogos
Supermono studios,United Kingdom,http://www.supermono-studios.com/,supermono-studios.com,supermonostudios,jogos
Supernova Games Studios,Italy,https://supernovagamesstudio.it,supernovagamesstudio.it,supernovagamesstudios,jogos
Superscape,United Kingdom,http://www.superscape.com/,superscape.com,superscape,jogos
Supersoft,United Kingdom,,,supersoft,jogos
Supersonic Software,United Kingdom,http://www.supersonic-software.com,supersonic-software.com,supersonicsoftware,jogos
Supra Games,Germany,https://deathball.net/supragames/,deathball.net,supragames,jogos
SureAI,Germany,http://www.sureai.de/,sureai.de,sureai,jogos
Suricate Software,,,,suricatesoftware,jogos
Surprise! Productions,Austria,,,surpriseproductions,jogos
Surreal Software,United States,http://www.surreal.com/,surreal.com,surrealsoftware,jogos
Survios,United States,https://survios.com/,survios.com,survios,jogos
Suspicious Developments,United Kingdom,https://www.suspiciousdevelopments.com/,suspiciousdevelopments.com,suspiciousdevelopments,jogos
Suzaku,,,,suzaku,jogos
Svarog Studios,,,,svarogstudios,jogos
Sweatbox Animation,Denmark,https://www.sweatbox.dk/,sweatbox.dk,sweatboxanimation,jogos
Sweet Baby Inc.,Canada,https://sweetbabyinc.com,sweetbabyinc.com,sweetbabyinc,jogos
Sweet Bandits Studios,Canada,https://www.sweetbanditsstudios.com/,sweetbanditsstudios.com,sweetbanditsstudios,jogos
Sweets Games,Finland,http://www.sweets-games.com/,sweets-games.com,sweetsgames,jogos
Swing Swing Submarine,France,https://www.swingswingsubmarine.com/,swingswingsubmarine.com,swingswingsubmarine,jogos
Swingin' Ape Studios,United States,,,swinginapestudios,jogos
Swiss Computer Arts,Switzerland,,,swisscomputerarts,jogos
Switchblade Monkeys Entertainment,Canada,,,switchblademonkeysentertainment,jogos
Sword & Axe,,,,swordaxe,jogos
Sword Soft,,,,swordsoft,jogos
SwordSwipe Studios,United States,https://swordswipestudios.com/,swordswipestudios.com,swordswipestudios,jogos
Swordfish Studios,United Kingdom,http://www.swordfishstudios.com,swordfishstudios.com,swordfishstudios,jogos
Swordtales,,,,swordtales,jogos
Synapse Games,,,,synapsegames,jogos
Syndicate Atomic,United States,,,syndicateatomic,jogos
Synergistic Software,United States,,,synergisticsoftware,jogos
Synth Surfer Studios,United States,,,synthsurferstudios,jogos
Synthetic Domain,,https://www.syntheticdomain.com/,syntheticdomain.com,syntheticdomain,jogos
Syrox Developments,,,,syroxdevelopments,jogos
System 3,United Kingdom,http://www.system3.com/,system3.com,system3,jogos
System Era Softworks,United States,https://systemera.net/,systemera.net,systemerasoftworks,jogos
Systemic Reaction,Sweden,https://avalanchestudios.com/divisions/systemic-reaction,avalanchestudios.com,systemicreaction,jogos
T-Enterprise,United Kingdom,https://www.t-enterprise.co.uk,t-enterprise.co.uk,tenterprise,jogos
TACTICAL Soft Inc.,Canada,http://www.tacticalsoft.com/,tacticalsoft.com,tacticalsoftinc,jogos
TAKAGISM Inc.,,,,takagisminc,jogos
TARO,,,,taro,jogos
TATI Mixedia,Sweden,,,tatimixedia,jogos
THQ,United States,,,thq,jogos
THQ Digital Studios UK,United Kingdom,,,thqdigitalstudiosuk,jogos
THQ Montreal,Canada,,,thqmontreal,jogos
THQ Nordic,Austria,https://www.thqnordic.com,thqnordic.com,thqnordic,jogos
THQ Nordic Mobile,Germany,http://www.handy-games.com/public/index.php?language=en,handy-games.com,thqnordicmobile,jogos
TLR Games,,,,tlrgames,jogos
TML Studios,Germany,http://www.tml-studios.de,tml-studios.de,tmlstudios,jogos
TNgineers,,,,tngineers,jogos
TOO DX,United States,http://www.toodx.com/,toodx.com,toodx,jogos
TPP Studio,,,,tppstudio,jogos
TRYSET,,http://www.ps-web.net/tryset/top.html,ps-web.net,tryset,jogos
TT Fusion,United Kingdom,http://www.ttgames.com/,ttgames.com,ttfusion,jogos
TT Games,United Kingdom,http://www.ttgames.com,ttgames.com,ttgames,jogos
TURBOGUN,,https://turbogun.com/,turbogun.com,turbogun,jogos
TUTGame,,,,tutgame,jogos
TVGS,,https://www.scheduleonegame.com/presskit/,scheduleonegame.com,tvgs,jogos
TX Digital Illusions,United States,,,txdigitalillusions,jogos
Table 9 Studio,,https://table9studio.com/,table9studio.com,table9studio,jogos
Tachi,,,,tachi,jogos
Tactile Games,Denmark,https://tactilegames.com/,tactilegames.com,tactilegames,jogos
Tag Games,United Kingdom,,,taggames,jogos
Tail Aki,,https://ci-en.dlsite.com/creator/2049,ci-en.dlsite.com,tailaki,jogos
Tainted Games,,,,taintedgames,jogos
Take-Two Interactive,United States,http://www.take2games.com,take2games.com,taketwointeractive,jogos
Taldren,United States,,,taldren,jogos
Tale of Tales,Belgium,http://tale-of-tales.com,tale-of-tales.com,taleoftales,jogos
TalonSoft,United States,,,talonsoft,jogos
Tamarin Studios,France,http://www.tamarinstudios.com/,tamarinstudios.com,tamarinstudios,jogos
Tammeka Games,,,,tammekagames,jogos
Tandem Games,,,,tandemgames,jogos
Tannhauser Gate,,,,tannhausergate,jogos
Tantalus Media,Australia,https://www.tantalus.com.au/,tantalus.com.au,tantalusmedia,jogos
Tanuki Game Studio,Spain,https://tanukigamestudio.com/,tanukigamestudio.com,tanukigamestudio,jogos
Tapulous,United States,http://www.tapulous.com/,tapulous.com,tapulous,jogos
Taranasus Studio,,,,taranasusstudio,jogos
Tarsier Studios,Sweden,http://www.tarsier.se/,tarsier.se,tarsierstudios,jogos
Taxan USA Corp.,United States,,,taxanusacorp,jogos
Taxus Interactive,,,,taxusinteractive,jogos
Tayanna Studios,,,,tayannastudios,jogos
Tea & Cake Games,Ukraine,https://teaandcakegames.com/en/,teaandcakegames.com,teacakegames,jogos
Tea Monster Games,Canada,https://www.teamonstergames.com,teamonstergames.com,teamonstergames,jogos
Team 3 Games,,,,team3games,jogos
Team ADOM,Germany,http://team-adom.com/,team-adom.com,teamadom,jogos
Team Amorous,,https://www.amorousgame.com/,amorousgame.com,teamamorous,jogos
Team Antitribu,,,,teamantitribu,jogos
Team Bloodlust,,,,teambloodlust,jogos
Team Bondi,Australia,,,teambondi,jogos
Team Cherry,Australia,https://teamcherry.com.au,teamcherry.com.au,teamcherry,jogos
Team Chex Quest HD,,,,teamchexquesthd,jogos
Team Coreupt LLC,United States,,,teamcoreuptllc,jogos
Team Fabulous,,,,teamfabulous,jogos
Team Fractal Alligator,,,,teamfractalalligator,jogos
Team Galaxy,,,,teamgalaxy,jogos
Team Gotham,Spain,http://www.teamgothammadrid.com/,teamgothammadrid.com,teamgotham,jogos
Team HalfBeard,,,,teamhalfbeard,jogos
Team Hoi,Netherlands,,,teamhoi,jogos
Team Hoi,United Kingdom,,,teamhoi,jogos
Team Meat,United States,,,teammeat,jogos
Team Psykskallar,,,,teampsykskallar,jogos
Team Reptile,Netherlands,https://team-reptile.com/,team-reptile.com,teamreptile,jogos
Team Salvato,United States,http://teamsalvato.com/,teamsalvato.com,teamsalvato,jogos
Team Shanghai Alice,,https://www16.big.or.jp/~zun/,www16.big.or.jp,teamshanghaialice,jogos
Team Soho,United Kingdom,,,teamsoho,jogos
Team SolEtude,Italy,https://teamsoletude.carrd.co/,teamsoletude.carrd.co,teamsoletude,jogos
Team Trainwreck,,,,teamtrainwreck,jogos
Team ViewSelect,,,,teamviewselect,jogos
Team WIBY,Australia,,,teamwiby,jogos
Team Xonotic,,,,teamxonotic,jogos
Team17,United Kingdom,http://www.team17.com/,team17.com,team17,jogos
Team6 Game Studios,Netherlands,http://web.team6-games.com/site/,web.team6-games.com,team6gamestudios,jogos
TeamKill Media,United States,https://www.teamkillmedia.com,teamkillmedia.com,teamkillmedia,jogos
TeamTNT,,,,teamtnt,jogos
TecMagik,United Kingdom,,,tecmagik,jogos
TechnoCat Games,,https://tcgames.info/,tcgames.info,technocatgames,jogos
Technopop,United States,http://technopop.net/,technopop.net,technopop,jogos
Teeworlds Team,,,,teeworldsteam,jogos
Tegridy Made Games,,,,tegridymadegames,jogos
Teknikhuset i Umeå,Sweden,https://teknikhuset.se/,teknikhuset.se,teknikhusetiume,jogos
Telecomsoft,United Kingdom,,,telecomsoft,jogos
Telegames,United States,http://www.telegames.com,telegames.com,telegames,jogos
Telesys,United States,,,telesys,jogos
Telltale Games,United States,http://www.telltale.com/,telltale.com,telltalegames,jogos
Templar Studios,United States,https://www.templar.com/,templar.com,templarstudios,jogos
Ten Square Games,Poland,https://tensquaregames.com/,tensquaregames.com,tensquaregames,jogos
Tenami,,,,tenami,jogos
Tender Claws,United States,https://tenderclaws.com/,tenderclaws.com,tenderclaws,jogos
Tengen,United States,,,tengen,jogos
Teotl Studios,Sweden,http://teotlstudios.com/,teotlstudios.com,teotlstudios,jogos
Tepui Products,,https://tepui.cynagames.com/,tepui.cynagames.com,tepuiproducts,jogos
Tequila Mobile,Poland,http://www.tequilamobile.com/,tequilamobile.com,tequilamobile,jogos
Terahard,United Kingdom,http://www.terahard.org,terahard.org,terahard,jogos
Terapoly,,http://www.terapoly.com/,terapoly.com,terapoly,jogos
Terminal Reality,United States,http://www.terminalreality.com/,terminalreality.com,terminalreality,jogos
Terraglyph Interactive Studios,United States,,,terraglyphinteractivestudios,jogos
Terrible Posture Games,United States,https://www.terribleposture.com/,terribleposture.com,terribleposturegames,jogos
Terrible Toybox,United States,https://terribletoybox.com/,terribletoybox.com,terribletoybox,jogos
Terrifying Jellyfish,,,,terrifyingjellyfish,jogos
Tessera Studios,Spain,http://www.tesserastudios.com/,tesserastudios.com,tesserastudios,jogos
Texel Raptor,,https://www.texelraptor.com,texelraptor.com,texelraptor,jogos
Texelworks,Romania,http://www.texelworks.com/,texelworks.com,texelworks,jogos
Teyon,Poland,http://teyon.com/,teyon.com,teyon,jogos
That Silly Studio,United Kingdom,,,thatsillystudio,jogos
The 3DO Company,United States,http://www.3do.com/,3do.com,the3docompany,jogos
The 6502 Collective,,https://6502collective.com/,6502collective.com,the6502collective,jogos
The Adventure Company,Canada,http://www.adventurecompanygames.com/,adventurecompanygames.com,theadventurecompany,jogos
The Aristocrats,,,,thearistocrats,jogos
The Assembly Line,United Kingdom,,,theassemblyline,jogos
The Astronauts,,http://www.theastronausts.com,theastronausts.com,theastronauts,jogos
The Behemoth,United States,https://www.thebehemoth.com/,thebehemoth.com,thebehemoth,jogos
The Binary Mill,,,,thebinarymill,jogos
The Bitmap Brothers,United Kingdom,http://www.bitmap-brothers.co.uk/,bitmap-brothers.co.uk,thebitmapbrothers,jogos
The Bytebusters,,,,thebytebusters,jogos
The Chinese Room,United Kingdom,http://thechineseroom.co.uk/,thechineseroom.co.uk,thechineseroom,jogos
The Coalition,Canada,https://thecoalitionstudio.com/,thecoalitionstudio.com,thecoalition,jogos
The Code Monkeys,United Kingdom,,,thecodemonkeys,jogos
The Collective,United States,http://www.collectivestudios.com/default.asp,collectivestudios.com,thecollective,jogos
The Deep End Games,United States,https://www.thedeependgames.com/,thedeependgames.com,thedeependgames,jogos
The Dreamers Guild,,,,thedreamersguild,jogos
The Dust,Poland,https://www.thedust.pl/,thedust.pl,thedust,jogos
The Easy Company,Czech Republic,,,theeasycompany,jogos
The Edge,,,,theedge,jogos
The Farm 51,Poland,http://www.thefarm51.com/,thefarm51.com,thefarm51,jogos
The Fun Pimps,,https://thefunpimps.com/,thefunpimps.com,thefunpimps,jogos
The Game Atelier,France,https://www.game-atelier.com/,game-atelier.com,thegameatelier,jogos
The Game Band,United States,https://thegameband.com/,thegameband.com,thegameband,jogos
The Game Creators,United Kingdom,http://www.thegamecreators.com,thegamecreators.com,thegamecreators,jogos
The Game Factory,,,,thegamefactory,jogos
The Gentlebros,Singapore,https://www.thegentlebros.com,thegentlebros.com,thegentlebros,jogos
The Hidden,United Kingdom,,,thehidden,jogos
The House of Fables,,,,thehouseoffables,jogos
The Iconfactory,United States,https://iconfactory.com/,iconfactory.com,theiconfactory,jogos
The Indie Stone,,,,theindiestone,jogos
The Initiative,United States,https://www.theinitiative.com,theinitiative.com,theinitiative,jogos
The Innocent Devils,,,,theinnocentdevils,jogos
The Irregular Corporation,,https://theirregularcorporation.com/,theirregularcorporation.com,theirregularcorporation,jogos
The Knights of Unity,Poland,http://www.theknightsofunity.com/,theknightsofunity.com,theknightsofunity,jogos
The Learning Company,United States,http://www.learningcompany.com,learningcompany.com,thelearningcompany,jogos
The Loco Shop,,,,thelocoshop,jogos
The Logic Factory,United States,http://www.logicfactory.com/,logicfactory.com,thelogicfactory,jogos
The Men Who Wear Many Hats,,http://hatsproductions.com/,hatsproductions.com,themenwhowearmanyhats,jogos
The Mighty Troglodytes,,http://www.mighty-troglodytes.fr/,mighty-troglodytes.fr,themightytroglodytes,jogos
The Molasses Flood,United States,http://www.themolassesflood.com/,themolassesflood.com,themolassesflood,jogos
The Moon Pirates,,,,themoonpirates,jogos
The New Dimension,,,,thenewdimension,jogos
The Nuttery Entertainment,Sweden,https://nutteryentertainment.com/,nutteryentertainment.com,thenutteryentertainment,jogos
The Odd Gentlemen,,http://www.theoddgentlemen.com/,theoddgentlemen.com,theoddgentlemen,jogos
The Omni Group,United States,https://www.omnigroup.com/,omnigroup.com,theomnigroup,jogos
The Outer Zone,Denmark,https://theouterzone.dk/,theouterzone.dk,theouterzone,jogos
The Outsiders,Sweden,https://theoutsiders.se,theoutsiders.se,theoutsiders,jogos
The Parasight,Poland,https://theparasight.com/,theparasight.com,theparasight,jogos
The Pixel Hunt,France,https://www.thepixelhunt.com/,thepixelhunt.com,thepixelhunt,jogos
The Pocket Dimension,Germany,,,thepocketdimension,jogos
The Quantum Astrophysicists Guild,United States,,,thequantumastrophysicistsguild,jogos
The RamJam Corporation,United Kingdom,,,theramjamcorporation,jogos
The Second Future,,,,thesecondfuture,jogos
The Sims Studio,United States,https://www.thesims.com,thesims.com,thesimsstudio,jogos
The Sixth Hammer,,,,thesixthhammer,jogos
The Software Refinery,United Kingdom,,,thesoftwarerefinery,jogos
The Team Who Must Not Be Named,,,,theteamwhomustnotbenamed,jogos
The Vision Factory,Netherlands,,,thevisionfactory,jogos
The Voxel Agents,Australia,http://www.thevoxelagents.com/,thevoxelagents.com,thevoxelagents,jogos
The Wandering Band,,https://www.thewandering.band/,thewandering.band,thewanderingband,jogos
The Whiz Kidz,Belgium,,,thewhizkidz,jogos
The Whole Experience,United States,,,thewholeexperience,jogos
The World Outside,,,,theworldoutside,jogos
Theatrix Interactive,United States,,,theatrixinteractive,jogos
Thekla,United States,,,thekla,jogos
Theorycraft Games,,https://www.theorycraftgames.com/,theorycraftgames.com,theorycraftgames,jogos
Thepharmacy B.V.,,,,thepharmacybv,jogos
Theta Division,,https://www.thetadivision.com/,thetadivision.com,thetadivision,jogos
Thing Trunk,Poland,https://thingtrunk.com,thingtrunk.com,thingtrunk,jogos
Think!Ware Development,,,,thinkwaredevelopment,jogos
ThinkOfGames,,,,thinkofgames,jogos
Third Wire,United States,http://www.thirdwire.com/,thirdwire.com,thirdwire,jogos
Third World Productions,,https://thirdworldproductions.com.mx/,thirdworldproductions.com.mx,thirdworldproductions,jogos
Thomas Happ Games,,,,thomashappgames,jogos
Thomson Interactive,,,,thomsoninteractive,jogos
Thorium Entertainment,,https://thorium.gg,thorium.gg,thoriumentertainment,jogos
Thornbury Software,,http://thornburysoftware.com/index.html,thornburysoftware.com,thornburysoftware,jogos
Those Awesome Guys,,https://thoseawesomeguys.com/,thoseawesomeguys.com,thoseawesomeguys,jogos
Three Fields Entertainment,United Kingdom,http://www.threefieldsentertainment.com/,threefieldsentertainment.com,threefieldsentertainment,jogos
Three Guys Game Studio,United States,http://www.threeguysgamestudio.com/,threeguysgamestudio.com,threeguysgamestudio,jogos
Three Legged Egg,,https://leggedegg.com/,leggedegg.com,threeleggedegg,jogos
Three Phase Interactive Pty Ltd,,,,threephaseinteractiveptyltd,jogos
Three-Sixty Pacific,United States,,,threesixtypacific,jogos
ThriXXX,Austria,https://www.thri.xxx/,thri.xxx,thrixxx,jogos
Through Games,Netherlands,,,throughgames,jogos
ThroughLine Games,Denmark,https://www.throughlinegames.com/,throughlinegames.com,throughlinegames,jogos
Thunder Lotus Games,Canada,https://thunderlotusgames.com/,thunderlotusgames.com,thunderlotusgames,jogos
Thunderful Development,Sweden,,,thunderfuldevelopment,jogos
Thunkspace,United States,http://thunkspace.com,thunkspace.com,thunkspace,jogos
Thylacine Studios,,https://www.thylacinestudios.com/,thylacinestudios.com,thylacinestudios,jogos
Tianyu Studio Software,,https://tysstudio.com/,tysstudio.com,tianyustudiosoftware,jogos
Tic Toc Games,,https://tictocgames.com/,tictocgames.com,tictocgames,jogos
TicBits Ltd.,,http://www.ticbits.com/,ticbits.com,ticbitsltd,jogos
TickTock Games,,https://www.ticktockgames.com,ticktockgames.com,ticktockgames,jogos
Tidbits Play,Netherlands,,,tidbitsplay,jogos
Tiertex Design Studios,United Kingdom,http://www.tiertex.com/,tiertex.com,tiertexdesignstudios,jogos
Tiger Hill Entertainment,United States,,,tigerhillentertainment,jogos
Tiger Style,United States,http://www.tigerstylegames.com/,tigerstylegames.com,tigerstyle,jogos
TigerQiuQiu,,,,tigerqiuqiu,jogos
Tigon Studios,United States,http://www.tigonstudios.com,tigonstudios.com,tigonstudios,jogos
Tigress Marketing,,,,tigressmarketing,jogos
TikGames,United States,https://www.tikgames.com/,tikgames.com,tikgames,jogos
TiliaSoft,Poland,,,tiliasoft,jogos
Tilted Mill Entertainment,United States,http://www.tiltedmill.com/,tiltedmill.com,tiltedmillentertainment,jogos
Tiltfactor Lab,,,,tiltfactorlab,jogos
Tim Conkling,,,,timconkling,jogos
Timberwolf Studios,,,,timberwolfstudios,jogos
Time Warner Interactive,United States,,,timewarnerinteractive,jogos
Time Warner Interactive Ltd.,United Kingdom,,,timewarnerinteractiveltd,jogos
Time Warp Productions,Germany,,,timewarpproductions,jogos
TimeGate Studios,United States,,,timegatestudios,jogos
Timeslip Softworks,Ireland,,,timeslipsoftworks,jogos
Tin Can Studio,France,https://tin-can-studio.com/,tin-can-studio.com,tincanstudio,jogos
Tin Man Games,,,,tinmangames,jogos
Tindalos Interactive,France,http://tindalos-interactive.com/index.html,tindalos-interactive.com,tindalosinteractive,jogos
Tinimations,Norway,https://tinimations.net/,tinimations.net,tinimations,jogos
Tiny Bull Studios,,http://www.tinybullstudios.com/,tinybullstudios.com,tinybullstudios,jogos
Tiny Games,Italy,https://www.tinygames.it/,tinygames.it,tinygames,jogos
Tiny Warrior Games,,https://tinywarriorgames.com/,tinywarriorgames.com,tinywarriorgames,jogos
TinyCo,United States,http://tinyco.com,tinyco.com,tinyco,jogos
TinyMob Games,Canada,http://www.tinyrealmsgame.com,tinyrealmsgame.com,tinymobgames,jogos
Tinymoon,Spain,https://tinymoon.es/,tinymoon.es,tinymoon,jogos
Tinysoft,,,,tinysoft,jogos
Titus Interactive,France,,,titusinteractive,jogos
Tivola,Denmark,http://www.tivola.com/,tivola.com,tivola,jogos
Tivola,Germany,http://www.tivola.com/,tivola.com,tivola,jogos
Toadman Interactive,,https://toadmaninteractive.com/,toadmaninteractive.com,toadmaninteractive,jogos
Tobuscus Game Studios,,,,tobuscusgamestudios,jogos
ToeJam & Earl Productions,United States,http://www.tjande.com/,tjande.com,toejamearlproductions,jogos
Toka,France,,,toka,jogos
Tokkun Studio,,http://www.tokkunstudio.com/,tokkunstudio.com,tokkunstudio,jogos
Tomkorp Computer Solutions Inc.,,,,tomkorpcomputersolutionsinc,jogos
Tommy's Toys,,http://tommystoys.com/,tommystoys.com,tommystoys,jogos
Tomoaki Sugeno,,,,tomoakisugeno,jogos
Tonic Games,Denmark,,,tonicgames,jogos
TookiPalooki,New Zealand,https://tookipalooki.com/,tookipalooki.com,tookipalooki,jogos
Top Job GmbH,Austria,,,topjobgmbh,jogos
Top Ten Software,,,,toptensoftware,jogos
Topo Soft,Spain,,,toposoft,jogos
Toppluva,Sweden,http://www.toppluva.com/,toppluva.com,toppluva,jogos
Torn Banner Studios,Canada,http://www.tornbanner.com/,tornbanner.com,tornbannerstudios,jogos
Torpedo Software,,,,torpedosoftware,jogos
Torus Games,Australia,http://www.torus.com.au/,torus.com.au,torusgames,jogos
Total Mayhem Games,Netherlands,https://totalmayhemgames.com/,totalmayhemgames.com,totalmayhemgames,jogos
Total Monkery,United Kingdom,http://totalmonkery.com,totalmonkery.com,totalmonkery,jogos
Totally Games,United States,http://www.totallygames.com,totallygames.com,totallygames,jogos
Totem Arts,,https://totemarts.games/,totemarts.games,totemarts,jogos
Touch of Magic,,,,touchofmagic,jogos
Touchy,,,,touchy,jogos
Toukana Interactive,,https://toukana.com/,toukana.com,toukanainteractive,jogos
Tour De Pizza,,,,tourdepizza,jogos
Tover Health Tech B.V.,Netherlands,https://www.tover.care/,tover.care,toverhealthtechbv,jogos
Tower Five,France,https://www.towerfive.com/,towerfive.com,towerfive,jogos
Towerfag,,,,towerfag,jogos
Toxic Games,,https://www.toxicgames.co.uk/,toxicgames.co.uk,toxicgames,jogos
Toybox Games,,,,toyboxgames,jogos
Toyman,,,,toyman,jogos
Toys for Bob,United States,https://www.toysforbob.com,toysforbob.com,toysforbob,jogos
TrackTwenty,Finland,https://www.ea.com/studios/tracktwenty,ea.com,tracktwenty,jogos
Traffic Games,United Kingdom,,,trafficgames,jogos
Trains & Drivers,,,,trainsdrivers,jogos
Trainwreck Studios,,,,trainwreckstudios,jogos
Transcendent Games,,,,transcendentgames,jogos
Transhuman Design,Poland,http://www.thd.vg,thd.vg,transhumandesign,jogos
Transmission Games,,,,transmissiongames,jogos
Trapdoor,,,,trapdoor,jogos
Trass Games,,,,trassgames,jogos
Trauma Studios,United States,,,traumastudios,jogos
Travel by Train,,,,travelbytrain,jogos
Traveller's Tales,United Kingdom,http://www.ttgames.com/,ttgames.com,travellerstales,jogos
Travian Games,Germany,https://www.traviangames.com/de,traviangames.com,traviangames,jogos
Trecision,,,,trecision,jogos
TreeFortress Games,,,,treefortressgames,jogos
TreesPlease Games,United Kingdom,https://www.treespleasegames.com/,treespleasegames.com,treespleasegames,jogos
Treyarch,United States,https://www.treyarch.com/,treyarch.com,treyarch,jogos
TriBit Studio,Italy,http://www.tribitstudio.com/,tribitstudio.com,tribitstudio,jogos
TriSoft,United States,,,trisoft,jogos
Triangle,,http://www.route2.co.jp/,route2.co.jp,triangle,jogos
Triangle Factory,Belgium,https://www.triangle-factory.be,triangle-factory.be,trianglefactory,jogos
Triangle Studios,Netherlands,http://triangle-studios.com/,triangle-studios.com,trianglestudios,jogos
Triangular Pixels,,https://www.triangularpixels.com/,triangularpixels.com,triangularpixels,jogos
Triassic Games,,https://www.triassicgames.com/,triassicgames.com,triassicgames,jogos
Triband,Denmark,http://triband.net,triband.net,triband,jogos
Tribe Games,United States,https://www.tribe-games.com/,tribe-games.com,tribegames,jogos
Tribe Studios,Finland,http://www.dramagame.com,dramagame.com,tribestudios,jogos
TribePlay,,http://www.tribeplay.com/,tribeplay.com,tribeplay,jogos
Tribetoy,United States,https://tribetoy.com,tribetoy.com,tribetoy,jogos
Tribute Games,Canada,http://www.tributegames.com,tributegames.com,tributegames,jogos
Trick Nostalgie,,http://mugentrick.tubakurame.com/,mugentrick.tubakurame.com,tricknostalgie,jogos
Trickstar Games,,http://www.trickstargames.com/,trickstargames.com,trickstargames,jogos
Trickster Arts,Czech Republic,https://tricksterarts.com/,tricksterarts.com,tricksterarts,jogos
Trigger Labs,,http://www.triggerlabs.pl/,triggerlabs.pl,triggerlabs,jogos
Trilobyte,United States,http://www.trilobytegames.com/index.html,trilobytegames.com,trilobyte,jogos
Trilum Studios,,http://www.trilumstudios.com/,trilumstudios.com,trilumstudios,jogos
Trinity Project,,,,trinityproject,jogos
Trinity Team,Italy,https://www.trinityteamgames.com/,trinityteamgames.com,trinityteam,jogos
Trion Worlds,United States,http://www.trionworlds.com/en/,trionworlds.com,trionworlds,jogos
Triple Topping,Denmark,https://tripletopping.com/,tripletopping.com,tripletopping,jogos
Triple.B.Titles,United States,https://www.triplebtitles.com/,triplebtitles.com,triplebtitles,jogos
Tripod Studio,,,,tripodstudio,jogos
Tripwire Interactive,United States,http://www.tripwireinteractive.com/,tripwireinteractive.com,tripwireinteractive,jogos
Triskell Interactive,France,https://triskell-interactive.com,triskell-interactive.com,triskellinteractive,jogos
Triternion,Slovenia,https://triternion.com/,triternion.com,triternion,jogos
Triumph Studios,Netherlands,http://www.triumphstudios.com,triumphstudios.com,triumphstudios,jogos
Troglobytes Games,Spain,https://www.troglobytesgames.com,troglobytesgames.com,troglobytesgames,jogos
Troika Games,United States,http://www.troikagames.com/,troikagames.com,troikagames,jogos
TruSim,United Kingdom,http://www.trusim.com/,trusim.com,trusim,jogos
True Software Scandinavia,Sweden,https://www.truecaller.com/about,truecaller.com,truesoftwarescandinavia,jogos
Tsunami Games,United States,,,tsunamigames,jogos
Tummy Games,Serbia,https://tummygames.com/,tummygames.com,tummygames,jogos
Tunnel Vision Games,Denmark,https://tunnelvisiongames.com,tunnelvisiongames.com,tunnelvisiongames,jogos
Tunnel Vision Studio,Italy,http://www.tunnelvision.it/,tunnelvision.it,tunnelvisionstudio,jogos
Tuque Games,Canada,https://www.tuquegames.com/,tuquegames.com,tuquegames,jogos
Turbo Button,,http://www.turbo-button.com/,turbo-button.com,turbobutton,jogos
Turbo Pixel Studios,,,,turbopixelstudios,jogos
Turbo Tape Games,Norway,http://www.turbotapegames.com,turbotapegames.com,turbotapegames,jogos
TurboChilli Publishings,,https://turbochilli.com,turbochilli.com,turbochillipublishings,jogos
Turbulenz,United Kingdom,http://biz.turbulenz.com/,biz.turbulenz.com,turbulenz,jogos
Turmoil Games,Finland,,,turmoilgames,jogos
Turn 10 Studios,United States,https://turn10studios.com,turn10studios.com,turn10studios,jogos
Turner Interactive,,,,turnerinteractive,jogos
Turquoise Revival Games,,https://turquoiserevivalgames.com/,turquoiserevivalgames.com,turquoiserevivalgames,jogos
Turtle Cream,South Korea,,,turtlecream,jogos
Turtle Juice,,,,turtlejuice,jogos
TurtleBlaze,,,,turtleblaze,jogos
TutuToons,,,,tututoons,jogos
Tuxedo Labs,,https://www.tuxedolabs.com/,tuxedolabs.com,tuxedolabs,jogos
Twelve Games,Italy,,,twelvegames,jogos
Twice Circled,United Kingdom,https://www.twicecircled.com/,twicecircled.com,twicecircled,jogos
Twilight,United Kingdom,,,twilight,jogos
Twin Otter Studios,United States,,,twinotterstudios,jogos
Twinbeard Studios,United States,http://twinbeard.com/,twinbeard.com,twinbeardstudios,jogos
Twisted Pixel Games,United States,http://www.twistedpixelgames.com/,twistedpixelgames.com,twistedpixelgames,jogos
Twisted Tree Games,,http://twistedtreegames.com/,twistedtreegames.com,twistedtreegames,jogos
Two Guys from Andromeda,United States,http://www.guysfromandromeda.com,guysfromandromeda.com,twoguysfromandromeda,jogos
Two Point Studios,United Kingdom,https://www.twopointstudios.com/,twopointstudios.com,twopointstudios,jogos
Two Star Games,,,,twostargames,jogos
Two Tiny Dice,France,https://twotinydice.com,twotinydice.com,twotinydice,jogos
Two Tribes,Netherlands,http://twotribes.com,twotribes.com,twotribes,jogos
TwoPM Studios,,https://twopm.studio/,twopm.studio,twopmstudios,jogos
Twofaced Games,,,,twofacedgames,jogos
Tygron,,http://www.tygron.com/,tygron.com,tygron,jogos
Tyler Hurd,,,,tylerhurd,jogos
Typhoon Games,,,,typhoongames,jogos
Typhoon Studios,Canada,http://typhoonstudios.com,typhoonstudios.com,typhoonstudios,jogos
U-Play Online,Spain,http://uplayonline.com,uplayonline.com,uplayonline,jogos
U.S. Gold,United Kingdom,,,usgold,jogos
UFO Interactive Games,United States,http://ufointeractivegames.com/,ufointeractivegames.com,ufointeractivegames,jogos
UIG Entertainment,Germany,,,uigentertainment,jogos
UNIANA,South Korea,http://uniana.com/,uniana.com,uniana,jogos
US Games,United States,,,usgames,jogos
Ubisoft Abu Dhabi,,https://www.ubisoftgroup.com/fr-FR/a_propos_d_Ubisoft/presence_internationale/studio_abudhabi.aspx,ubisoftgroup.com,ubisoftabudhabi,jogos
Ubisoft Annecy,,https://www.ubisoftgroup.com/en-US/about_ubisoft/world_presence/studio_annecy.aspx/en,ubisoftgroup.com,ubisoftannecy,jogos
Ubisoft Australia,Australia,https://www.ubisoft.com/en-US/office/australia.aspx,ubisoft.com,ubisoftaustralia,jogos
Ubisoft Barcelona Mobile,Spain,,,ubisoftbarcelonamobile,jogos
Ubisoft Berlin,Germany,https://www.ubisoft.com/de-de/company/careers/locations/germany/berlin,ubisoft.com,ubisoftberlin,jogos
Ubisoft Blue Byte,Germany,https://www.ubisoft.com/de-de/company/careers/locations/germany/dusseldorf,ubisoft.com,ubisoftbluebyte,jogos
Ubisoft Casablanca,,http://www.ubi.com,ubi.com,ubisoftcasablanca,jogos
Ubisoft EMEA,,,,ubisoftemea,jogos
Ubisoft Ivory Tower,France,http://www.ivory-tower.fr/,ivory-tower.fr,ubisoftivorytower,jogos
Ubisoft Kyiv,Ukraine,https://www.ubisoft.com/en-us/company/careers/locations/kyiv,ubisoft.com,ubisoftkyiv,jogos
Ubisoft Leamington,United Kingdom,http://www.freestylegames.com,freestylegames.com,ubisoftleamington,jogos
Ubisoft Mainz,Germany,https://mainz.ubisoft.com/,mainz.ubisoft.com,ubisoftmainz,jogos
Ubisoft Montréal,Canada,https://montreal.ubisoft.com/,montreal.ubisoft.com,ubisoftmontral,jogos
Ubisoft Odesa,Ukraine,https://www.ubisoft.com/en-us/company/careers/locations/odesa,ubisoft.com,ubisoftodesa,jogos
Ubisoft Paris,France,https://www.ubisoft.com/en-US/studio/paris.aspx,ubisoft.com,ubisoftparis,jogos
Ubisoft Philippines,,,,ubisoftphilippines,jogos
Ubisoft Quebec,Canada,http://www.ubisoft.ca,ubisoft.ca,ubisoftquebec,jogos
Ubisoft Reflections,United Kingdom,http://reflections.ubisoft.com/index.html,reflections.ubisoft.com,ubisoftreflections,jogos
Ubisoft Romania,Romania,http://bucharest.ubisoft.com,bucharest.ubisoft.com,ubisoftromania,jogos
Ubisoft San Francisco,,https://www.ubisoft.com/en-US/studio/san-francisco.aspx,ubisoft.com,ubisoftsanfrancisco,jogos
Ubisoft Singapour,Singapore,https://www.ubisoft.com/fr-fr/company/careers/locations/singapore,ubisoft.com,ubisoftsingapour,jogos
Ubisoft South Korea,South Korea,https://www.ubisoft.com/en-US/office/south-korea.aspx,ubisoft.com,ubisoftsouthkorea,jogos
Ubisoft Toronto,Canada,http://www.ubisoft.ca/,ubisoft.ca,ubisofttoronto,jogos
Ufo Cat Games,,https://www.ufocatgames.com/,ufocatgames.com,ufocatgames,jogos
Uken Games,Canada,http://uken.com/,uken.com,ukengames,jogos
Uladzislau Basin,,,,uladzislaubasin,jogos
Umbrella,,http://umbrella.wtf,umbrella.wtf,umbrella,jogos
Un Je Ne Sais Quoi,France,http://www.unjenesaisquoi.fr/,unjenesaisquoi.fr,unjenesaisquoi,jogos
Un pas fragile Team,France,,,unpasfragileteam,jogos
Unconditional Studios LLC,United States,,,unconditionalstudiosllc,jogos
Undercoders,Spain,https://www.undercoders.com/,undercoders.com,undercoders,jogos
Underground Development,United States,http://www.undergrounddev.com,undergrounddev.com,undergrounddevelopment,jogos
Undertow Games,Finland,https://undertowgames.com/,undertowgames.com,undertowgames,jogos
UnexEvo,,,,unexevo,jogos
Unexpected Studio,France,https://www.unexpected-studio.com/,unexpected-studio.com,unexpectedstudio,jogos
Unfold Games,United States,https://www.unfoldgames.org/,unfoldgames.org,unfoldgames,jogos
Unhexigion,,https://unhexigion.com,unhexigion.com,unhexigion,jogos
Unicorn Multimedia Corporation,,,,unicornmultimediacorporation,jogos
Unicorn-A,,,,unicorna,jogos
Unigine Company,Luxembourg,http://unigine.com/company/,unigine.com,uniginecompany,jogos
Union Workshop,,,,unionworkshop,jogos
United Front Games,Canada,http://www.unitedfrontgames.com/,unitedfrontgames.com,unitedfrontgames,jogos
"Universal Interactive Studios, Inc.",United States,,,universalinteractivestudiosinc,jogos
Universally Speaking Ltd.,United Kingdom,,,universallyspeakingltd,jogos
Universomo,Finland,,,universomo,jogos
Unknown Worlds Entertainment,United States,http://www.unknownworlds.com/,unknownworlds.com,unknownworldsentertainment,jogos
Unlimited Fly Games,,,,unlimitedflygames,jogos
Unreal Software,,,,unrealsoftware,jogos
UnrealDevelopment,,,,unrealdevelopment,jogos
Unreliable Narrators,,,,unreliablenarrators,jogos
Untame,,,,untame,jogos
Unwound Games,,https://unwoundgames.com/,unwoundgames.com,unwoundgames,jogos
Uphill Games,United Kingdom,https://uphill-games.com,uphill-games.com,uphillgames,jogos
Uplift Games,,https://uplift.games/,uplift.games,upliftgames,jogos
Uppercut Games,Australia,,,uppercutgames,jogos
Upside Studios,Sweden,http://www.upsidestudios.se,upsidestudios.se,upsidestudios,jogos
Upstairs Digital,Denmark,https://www.upstairsdigital.com/,upstairsdigital.com,upstairsdigital,jogos
Upstream Arcade,United Kingdom,https://www.upstreamarcade.com/,upstreamarcade.com,upstreamarcade,jogos
Urban Games,Switzerland,https://urbangames.com/,urbangames.com,urbangames,jogos
Urbanscan,,,,urbanscan,jogos
Urchin Games,,,,urchingames,jogos
Us:track,,http://ustrack.amusecraft.com/top.html,ustrack.amusecraft.com,ustrack,jogos
Usurpator AB,,,,usurpatorab,jogos
Utopian World of Sandwiches,,https://www.utopianworldofsandwiches.com/,utopianworldofsandwiches.com,utopianworldofsandwiches,jogos
Utopos Games,United States,https://www.utoposgames.com/,utoposgames.com,utoposgames,jogos
Uvula,United States,https://uvula.jp,uvula.jp,uvula,jogos
V1 Interactive,United States,https://v1interactive.com/,v1interactive.com,v1interactive,jogos
VALOFE,South Korea,https://www.valofe.com/,valofe.com,valofe,jogos
VCC Entertainment,Germany,,,vccentertainment,jogos
VG Entertainment,,https://vgentertainment.com/,vgentertainment.com,vgentertainment,jogos
VG Games,Romania,,,vggames,jogos
VIS - Visual Imagination Software,,,,visvisualimaginationsoftware,jogos
VIS Entertainment,United Kingdom,,,visentertainment,jogos
VOID Interactive,,https://voidinteractive.net/,voidinteractive.net,voidinteractive,jogos
VR Designs,,,,vrdesigns,jogos
VRChat Inc.,,,,vrchatinc,jogos
VRUnicorns,,,,vrunicorns,jogos
Valcon Games,United States,http://www.valcongames.com/,valcongames.com,valcongames,jogos
Valiant Game Studio,Sweden,http://valiant.se/,valiant.se,valiantgamestudio,jogos
Valkyrie Entertainment,United States,http://valkyrie-entertainment.com,valkyrie-entertainment.com,valkyrieentertainment,jogos
Vantage Studios,,,,vantagestudios,jogos
VaragtP,,,,varagtp,jogos
Variable State,,http://variablestate.com,variablestate.com,variablestate,jogos
Vatra Games,Czech Republic,http://www.vatragames.com,vatragames.com,vatragames,jogos
Vavel Games,,http://www.vavel.gs/,vavel.gs,vavelgames,jogos
Vblank Entertainment,,https://www.vblank.com,vblank.com,vblankentertainment,jogos
Vector Unit,United States,http://www.vectorunit.com,vectorunit.com,vectorunit,jogos
VectorCell,France,,,vectorcell,jogos
VectorStorm,,https://www.vectorstorm.com.au/,vectorstorm.com.au,vectorstorm,jogos
Vectorbeam,,,,vectorbeam,jogos
"Vectorpark, Inc.",,,,vectorparkinc,jogos
Veitikka Studios,,,,veitikkastudios,jogos
Vektor Grafix,United Kingdom,,,vektorgrafix,jogos
Venan Entertainment,United States,http://www.venan.com/,venan.com,venanentertainment,jogos
Venom Games,United Kingdom,,,venomgames,jogos
Venturous,Sweden,https://venturous.se,venturous.se,venturous,jogos
Veritable Joy Studios,United States,https://veritablejoystudios.com/,veritablejoystudios.com,veritablejoystudios,jogos
Vertex Pop,Canada,http://www.vertexpop.com,vertexpop.com,vertexpop,jogos
Vertical,France,http://vertic.al/,vertic.al,vertical,jogos
Vertical Reach,Portugal,https://verticalreach.pt/,verticalreach.pt,verticalreach,jogos
Vertical Robot,Spain,http://www.verticalrobot.com/,verticalrobot.com,verticalrobot,jogos
Vertigo Games,Netherlands,https://vertigo-games.com/,vertigo-games.com,vertigogames,jogos
Vertigo Games,South Korea,https://www.vertigogames.com,vertigogames.com,vertigogames,jogos
Vertigo Gaming,,https://www.vertigogaming.net/,vertigogaming.net,vertigogaming,jogos
VeryHardMemeStudio,,,,veryhardmemestudio,jogos
VestGames,Germany,https://vestgames.com/,vestgames.com,vestgames,jogos
Vewo Interactive,,http://www.vewointeractive.com/,vewointeractive.com,vewointeractive,jogos
ViJuDa,Spain,,,vijuda,jogos
ViNovella,,,,vinovella,jogos
Viacom NEXT,,,,viacomnext,jogos
Viacom New Media,United States,,,viacomnewmedia,jogos
Vicious Cycle Software,United States,http://www.viciouscycleinc.com/,viciouscycleinc.com,viciouscyclesoftware,jogos
Victoria Games,,,,victoriagames,jogos
Victory Games,United States,,,victorygames,jogos
Victory Works,,,,victoryworks,jogos
Vid Kidz,United States,,,vidkidz,jogos
Videlectrix,,http://www.videlectrix.com/,videlectrix.com,videlectrix,jogos
Video Games Deluxe,Australia,,,videogamesdeluxe,jogos
Videocult,United States,http://videocultmedia.com,videocultmedia.com,videocult,jogos
Vidipix,,,,vidipix,jogos
Viewport Games,,,,viewportgames,jogos
Vigil Games,United States,http://www.vigilgames.com:80/,vigilgames.com:80,vigilgames,jogos
Vikerlane,United Kingdom,https://vikerlane.com/,vikerlane.com,vikerlane,jogos
Viking Tao,,,,vikingtao,jogos
Vile Monarch,Poland,https://vilemonarch.com,vilemonarch.com,vilemonarch,jogos
Vilegacy,,https://vilegacy.com/,vilegacy.com,vilegacy,jogos
Villa Gorilla AB,Sweden,http://villa-gorilla.com,villa-gorilla.com,villagorillaab,jogos
Vine,,https://www.vine.dev/,vine.dev,vine,jogos
Vioma Digital Entertainment,Sweden,,,viomadigitalentertainment,jogos
Vir2L Studios,,http://www.vir2l.com/,vir2l.com,vir2lstudios,jogos
Virgin Studios London,United Kingdom,,,virginstudioslondon,jogos
Virtual Air Guitar Company,Finland,http://www.virtualairguitar.com/,virtualairguitar.com,virtualairguitarcompany,jogos
Virtual Basement LLC,United States,http://www.virtualbasement.com/,virtualbasement.com,virtualbasementllc,jogos
"Virtual Heroes, Inc.",United States,http://www.virtualheroes.com/,virtualheroes.com,virtualheroesinc,jogos
Virtual Identity S.r.l.,Italy,,,virtualidentitysrl,jogos
Virtual Kiss,,,,virtualkiss,jogos
Virtual Playground,United Kingdom,http://virtual-playground.co.uk,virtual-playground.co.uk,virtualplayground,jogos
Virtual Programming,,,,virtualprogramming,jogos
Virtual Rail Creations,,,,virtualrailcreations,jogos
Virtual Regatta SAS,France,http://www.virtualregatta.com/,virtualregatta.com,virtualregattasas,jogos
Virtual Toys,Spain,,,virtualtoys,jogos
Virtualex,,,,virtualex,jogos
Virtway,Spain,http://www.virtway.com/,virtway.com,virtway,jogos
Visai Studios,Canada,,,visaistudios,jogos
Viscacha Studios,Netherlands,,,viscachastudios,jogos
Visceral Games,United States,http://www.visceralgames.com/,visceralgames.com,visceralgames,jogos
Vision Designs,,,,visiondesigns,jogos
Vision Park,Sweden,http://www.visionpark.com/sv/index.html,visionpark.com,visionpark,jogos
Visiontrick Media AB.,,https://www.visiontrick.com/,visiontrick.com,visiontrickmediaab,jogos
Visual Concepts,United States,http://www.vcentertainment.com/us/,vcentertainment.com,visualconcepts,jogos
Visual Impact,Belgium,http://www.viprod.com/,viprod.com,visualimpact,jogos
Visual Impact,France,http://www.viprod.com/,viprod.com,visualimpact,jogos
Viswanath Atlu,,,,viswanathatlu,jogos
Vittgen Inc.,South Korea,,,vittgeninc,jogos
Vivendi Games,United States,,,vivendigames,jogos
Vivid Games,Poland,https://vividgames.com/,vividgames.com,vividgames,jogos
Viz Design,United Kingdom,,,vizdesign,jogos
VizionEck,United States,https://vizioneck.com/,vizioneck.com,vizioneck,jogos
Vizor Games,Cyprus,https://vizor-games.com/,vizor-games.com,vizorgames,jogos
Vlambeer,Netherlands,http://www.vlambeer.com,vlambeer.com,vlambeer,jogos
Vogelfänger,Poland,,,vogelfnger,jogos
Vogelsap,,,,vogelsap,jogos
Vogster Entertainment,United States,,,vogsterentertainment,jogos
Voids Within,,https://www.voidswithin.com,voidswithin.com,voidswithin,jogos
Volatile Games,United Kingdom,http://www.VolatileGames.com,volatilegames.com,volatilegames,jogos
Volcanic Games,,,,volcanicgames,jogos
Volcano Bytes,Spain,,,volcanobytes,jogos
Volens Nolens Games,,https://www.volensnolensgames.com,volensnolensgames.com,volensnolensgames,jogos
Volframe,Poland,https://volframe.com/,volframe.com,volframe,jogos
Voltage Entertainment,United States,https://www.voltage-ent.com/,voltage-ent.com,voltageentertainment,jogos
VooFoo Studios,United Kingdom,,,voofoostudios,jogos
Voodoo,France,https://www.voodoo.io/,voodoo.io,voodoo,jogos
Vortex Game Studios,,http://www.vortexgamestudios.com,vortexgamestudios.com,vortexgamestudios,jogos
Vortex Software,United Kingdom,,,vortexsoftware,jogos
Voxler,France,https://www.voxler.fr/,voxler.fr,voxler,jogos
Vénus Noire,,http://seeds-of-chaos.com/,seeds-of-chaos.com,vnusnoire,jogos
W!Games,Netherlands,http://www.wgames.biz/,wgames.biz,wgames,jogos
WB Games Boston,United States,http://www.turbine.com/,turbine.com,wbgamesboston,jogos
WB Games Montréal,Canada,http://wbgamesmontreal.com/,wbgamesmontreal.com,wbgamesmontral,jogos
WB Games San Francisco,,,,wbgamessanfrancisco,jogos
WMS Industries,United States,http://www.wms.com/,wms.com,wmsindustries,jogos
WXP,,,,wxp,jogos
Wadjet Eye Games,United States,http://www.wadjeteyegames.com,wadjeteyegames.com,wadjeteyegames,jogos
Wahoo Studios,United States,http://www.wahoo.com/,wahoo.com,wahoostudios,jogos
Waking Oni Games,United States,https://wakingonigames.com,wakingonigames.com,wakingonigames,jogos
Walaber Entertainment,,http://www.walaber.com/,walaber.com,walaberentertainment,jogos
Wallride,,https://www.wallridegames.com/,wallridegames.com,wallride,jogos
Wanako Studios,Canada,http://www.bhvr.com,bhvr.com,wanakostudios,jogos
Wanda Software,,https://www.wandasoftware.com/,wandasoftware.com,wandasoftware,jogos
Wander MMO,,,,wandermmo,jogos
Wangame Studios,,,,wangamestudios,jogos
Warchief Gaming,United States,https://warchiefgaming.com,warchiefgaming.com,warchiefgaming,jogos
Warfare Studios,,,,warfarestudios,jogos
Wargaming,Cyprus,https://wargaming.com/en/,wargaming.com,wargaming,jogos
Wargaming Helsinki,Finland,,,wargaminghelsinki,jogos
Wargaming Seattle,United States,https://wargaming.com/en/about/,wargaming.com,wargamingseattle,jogos
Warhorse Studios,Czech Republic,https://warhorsestudios.cz/,warhorsestudios.cz,warhorsestudios,jogos
Warner Bros. Games,United States,https://www.warnerbrosgames.com,warnerbrosgames.com,warnerbrosgames,jogos
Warpfish,United Kingdom,http://www.warpfish.co.uk/,warpfish.co.uk,warpfish,jogos
Warpzone Studios,,https://warpzonestudios.com/,warpzonestudios.com,warpzonestudios,jogos
Warsow team,,,,warsowteam,jogos
Warthog Games,United Kingdom,,,warthoggames,jogos
Warthog Plc,,,,warthogplc,jogos
Warzone 2100 Project,,https://wz2100.net,wz2100.net,warzone2100project,jogos
Warägergarde,Greece,https://media.waragergarde.com/,media.waragergarde.com,wargergarde,jogos
Wastelands Interactive,,http://wastelands-interactive.com/,wastelands-interactive.com,wastelandsinteractive,jogos
WaterMelon,France,,,watermelon,jogos
WayForward Technologies,United States,http://wayforward.com/,wayforward.com,wayforwardtechnologies,jogos
Waygetter Electronics,,,,waygetterelectronics,jogos
Wayward Design,United Kingdom,,,waywarddesign,jogos
Wayward Prophet,,,,waywardprophet,jogos
WaywardXS Entertainment S.r.l.,Italy,http://www.waywardxs.com,waywardxs.com,waywardxsentertainmentsrl,jogos
Wazdan,Malta,https://wazdan.com/,wazdan.com,wazdan,jogos
WeMade Entertainment,,http://www.wemade.com,wemade.com,wemadeentertainment,jogos
Weasel Token,Ukraine,https://weaseltoken.com/,weaseltoken.com,weaseltoken,jogos
Weather Factory,,https://weatherfactory.biz/,weatherfactory.biz,weatherfactory,jogos
Webfoot Technologies,United States,http://www.webfootgames.com,webfootgames.com,webfoottechnologies,jogos
Webzen Games,,http://www.webzen.co.kr/,webzen.co.kr,webzengames,jogos
Wegenbartho,,https://www.wegenbartho-games.com/,wegenbartho-games.com,wegenbartho,jogos
WeirdBeard,Netherlands,http://www.weirdbeard.nl/,weirdbeard.nl,weirdbeard,jogos
Weltenschmiede,Germany,,,weltenschmiede,jogos
West Vision,,,,westvision,jogos
Western Civilization Software,,,,westerncivilizationsoftware,jogos
Westwood Pacific,,,,westwoodpacific,jogos
Westwood Studios,United States,http://www.westwood.com/,westwood.com,westwoodstudios,jogos
"Wevr, Inc.",,,,wevrinc,jogos
Whale Rock Games,Ukraine,,,whalerockgames,jogos
WhaleFood Games,United States,https://www.whalefoodgames.com/,whalefoodgames.com,whalefoodgames,jogos
Whalenought Studios,,,,whalenoughtstudios,jogos
White Bear BV,Netherlands,,,whitebearbv,jogos
White Door Games,,,,whitedoorgames,jogos
White Giant RPG Studios,United States,https://whitegiantrpg.com,whitegiantrpg.com,whitegiantrpgstudios,jogos
White Keyframe,Germany,http://whitekeyframe.de/,whitekeyframe.de,whitekeyframe,jogos
White Paper Games,United Kingdom,https://www.whitepapergames.com/,whitepapergames.com,whitepapergames,jogos
White Park Bay Software,,,,whiteparkbaysoftware,jogos
WhiteMoon Dreams,United States,https://www.whitemoondreams.com,whitemoondreams.com,whitemoondreams,jogos
Wicked Witch Software,,http://www.wicked-witch.com.au/,wicked-witch.com.au,wickedwitchsoftware,jogos
Wide Right Interactive,United States,https://widerightgames.com/,widerightgames.com,widerightinteractive,jogos
Wideload Games,United States,http://www.wideload.com/,wideload.com,wideloadgames,jogos
Wiering Software,Netherlands,https://wieringsoftware.com/,wieringsoftware.com,wieringsoftware,jogos
Wikkl Works,Netherlands,,,wikklworks,jogos
Wild Arts,,,,wildarts,jogos
Wild Fields,,,,wildfields,jogos
Wild Games Studio,,,,wildgamesstudio,jogos
Wild Monkey,,https://wildmonkey.site/,wildmonkey.site,wildmonkey,jogos
WildSphere,Spain,,,wildsphere,jogos
WildTangent,United States,http://www.wildtangent.com/,wildtangent.com,wildtangent,jogos
WildWorks,United States,http://www.smartbombinteractive.com,smartbombinteractive.com,wildworks,jogos
Wildboy Studios,New Zealand,https://www.wildboystudios.com/,wildboystudios.com,wildboystudios,jogos
Wildfire Studios,Australia,http://www.wildfire.com.au/content/standard.asp?,wildfire.com.au,wildfirestudios,jogos
Wildvreemd,,,,wildvreemd,jogos
Will Winn Games,United States,https://willwinn.games/,willwinn.games,willwinngames,jogos
William at Oxford,,,,williamatoxford,jogos
Williams Electronics Games,,,,williamselectronicsgames,jogos
Windy Hill,,http://windyhillstudio.com/,windyhillstudio.com,windyhill,jogos
Windybeard,,,,windybeard,jogos
Winking Skywalker Entertainment,Singapore,https://www.winkingworks.com/,winkingworks.com,winkingskywalkerentertainment,jogos
Winter Wolves,Italy,http://www.winterwolves.com/,winterwolves.com,winterwolves,jogos
Wisdom Tree,United States,http://www.wisdomtreegames.com/,wisdomtreegames.com,wisdomtree,jogos
WisdomTools Enterprises,United States,http://www.wisdomtools.com/,wisdomtools.com,wisdomtoolsenterprises,jogos
Wise Wombat Games,,,,wisewombatgames,jogos
Wishfully,Sweden,https://wishfullystudios.com,wishfullystudios.com,wishfully,jogos
Wispfire,Netherlands,https://wispfire.com/,wispfire.com,wispfire,jogos
Witch Beam,Australia,http://www.witchbeam.com.au,witchbeam.com.au,witchbeam,jogos
Witching Hour Studios,Singapore,http://www.witching-hour.net,witching-hour.net,witchinghourstudios,jogos
WizBang! Software Productions,,,,wizbangsoftwareproductions,jogos
Wizarbox,France,http://www.wizarbox.com/,wizarbox.com,wizarbox,jogos
Wizard Games,Canada,https://wizardgames.ca,wizardgames.ca,wizardgames,jogos
Wizard Team,,,,wizardteam,jogos
Wizard Video,,,,wizardvideo,jogos
Wizet,South Korea,http://www.wizet.com/,wizet.com,wizet,jogos
Woblyware,Finland,http://www.woblyware.com,woblyware.com,woblyware,jogos
Wolcen Studio,France,https://www.wolcen-studio.com/,wolcen-studio.com,wolcenstudio,jogos
Wolf & Wood,United Kingdom,https://www.wolfandwood.co/,wolfandwood.co,wolfwood,jogos
Wolfgame,,http://www.wolfgame.com/,wolfgame.com,wolfgame,jogos
Wolfire Games,United States,http://www.wolfire.com,wolfire.com,wolfiregames,jogos
Wolfs Moon Studios,,,,wolfsmoonstudios,jogos
Wolfy,France,,,wolfy,jogos
Wolverine Studios,,,,wolverinestudios,jogos
Wombat Brawler,Australia,,,wombatbrawler,jogos
Wonderbelly Games,,http://wonderbellygames.com/,wonderbellygames.com,wonderbellygames,jogos
Wonderful Lasers,Canada,http://www.wonderful-lasers.com/,wonderful-lasers.com,wonderfullasers,jogos
Wonderland Kazkiri,,,,wonderlandkazkiri,jogos
Wonderscope,Sweden,https://wonderscope.games/,wonderscope.games,wonderscope,jogos
Woodland Games,Poland,http://www.woodland.games/,woodland.games,woodlandgames,jogos
Wooga,Germany,https://www.wooga.com/,wooga.com,wooga,jogos
Workroom7,,,,workroom7,jogos
"World of Neopia, Inc.",,https://www.neopets.com/,neopets.com,worldofneopiainc,jogos
World's Edge,,https://www.ageofempires.com/,ageofempires.com,worldsedge,jogos
Worldwalker Games,United States,https://worldwalkergames.com,worldwalkergames.com,worldwalkergames,jogos
Worldweaver Ltd,United Kingdom,http://www.worldweaver.com/,worldweaver.com,worldweaverltd,jogos
Worthless Bums,United States,http://www.worthlessbums.com/,worthlessbums.com,worthlessbums,jogos
Wreck Tangle Games,United Kingdom,https://www.wrecktangles.com,wrecktangles.com,wrecktanglegames,jogos
Wristwork,,https://wristwork.com,wristwork.com,wristwork,jogos
Wube software,Czech Republic,https://wube.software/,wube.software,wubesoftware,jogos
Wube software,United Kingdom,https://wube.software/,wube.software,wubesoftware,jogos
Wucai Shi Gongzuo Shi,,,,wucaishigongzuoshi,jogos
X-Legend,,http://www.x-legend.tw/,x-legend.tw,xlegend,jogos
X-Ray Kid Studios,United States,http://www.x-raykid.com/,x-raykid.com,xraykidstudios,jogos
X-bow Software,,,,xbowsoftware,jogos
X82 Ltd,United Kingdom,https://www.x82hub.com/,x82hub.com,x82ltd,jogos
XGen Studios,Canada,http://www.xgenstudios.com/,xgenstudios.com,xgenstudios,jogos
XII Games,,,,xiigames,jogos
XLGames,South Korea,http://www.xlgames.com,xlgames.com,xlgames,jogos
XMG Studio,Canada,http://www.xmgstudio.com,xmgstudio.com,xmgstudio,jogos
Xaloc Studios,Spain,https://www.xalocstudios.com/,xalocstudios.com,xalocstudios,jogos
Xaviant,,,,xaviant,jogos
Xbox Game Studios,United States,https://www.xbox.com/xbox-game-studios,xbox.com,xboxgamestudios,jogos
Xenofusion Studios,,https://www.xenofusion.com/,xenofusion.com,xenofusionstudios,jogos
Xform Games,Netherlands,http://www.xform.nl/,xform.nl,xformgames,jogos
Xicat Interactive,United Kingdom,http://xicat.com/,xicat.com,xicatinteractive,jogos
Xiness,South Korea,https://xinessgames.blogspot.com/,xinessgames.blogspot.com,xiness,jogos
Xitilon,Ukraine,https://xitilonic.art/,xitilonic.art,xitilon,jogos
Xona Games,Canada,http://www.xona.com/,xona.com,xonagames,jogos
Y Press Games,,https://ypressgames.com/,ypressgames.com,ypressgames,jogos
Y/CJ/Y,Sweden,http://www.whycjwhy.com/,whycjwhy.com,ycjy,jogos
YFYX GAMES,,,,yfyxgames,jogos
YNK Korea,South Korea,https://www.playwith.co.kr/,playwith.co.kr,ynkkorea,jogos
YOTSUBANE,,,,yotsubane,jogos
YSK,,,,ysk,jogos
YSO Corp,,https://www.ysocorp.com/,ysocorp.com,ysocorp,jogos
Yacht Club Games,United States,http://yachtclubgames.com/,yachtclubgames.com,yachtclubgames,jogos
Yager Development,Germany,http://www.yager.de/,yager.de,yagerdevelopment,jogos
Yarrow Games,,,,yarrowgames,jogos
Yazar Media Group,,https://www.yazarmediagroup.com/,yazarmediagroup.com,yazarmediagroup,jogos
YeTa Games,Estonia,http://www.yetagames.com/,yetagames.com,yetagames,jogos
Yeda Games,,,,yedagames,jogos
Yellow Brick Games,Canada,https://yellowbrickgames.ca/,yellowbrickgames.ca,yellowbrickgames,jogos
Yellow Dot,Poland,https://yellowdotgames.com/,yellowdotgames.com,yellowdot,jogos
Yendis Entertainment,Australia,https://yendis.ch/,yendis.ch,yendisentertainment,jogos
Yesbox Studios,,https://yesboxstudios.com/,yesboxstudios.com,yesboxstudios,jogos
YiTi Games,,,,yitigames,jogos
YipYip,Netherlands,,,yipyip,jogos
Yippee Entertainment,,http://www.yippee-entertainment.com/,yippee-entertainment.com,yippeeentertainment,jogos
Ynor,,,,ynor,jogos
Yobowargames,,,,yobowargames,jogos
Yonezawa PR21,,,,yonezawapr21,jogos
Yosemite Entertainment,,,,yosemiteentertainment,jogos
YouRun,,https://www.yourun.io/,yourun.io,yourun,jogos
Youda Games,,,,youdagames,jogos
Young Horses,United States,https://younghorsesgames.com,younghorsesgames.com,younghorses,jogos
Yullaby,,,,yullaby,jogos
Yume Creations,Germany,http://yumecreations.de/,yumecreations.de,yumecreations,jogos
YummyYummyTummy,,https://yummyyummytummy.com/,yummyyummytummy.com,yummyyummytummy,jogos
Z-Software,Germany,https://z-software.net,z-software.net,zsoftware,jogos
Z2Live,United States,http://www.z2live.com/,z2live.com,z2live,jogos
ZA/UM,Estonia,https://zaumstudio.com,zaumstudio.com,zaum,jogos
Zachtronics,United States,http://www.zachtronics.com/,zachtronics.com,zachtronics,jogos
Zadbox Entertainment,,,,zadboxentertainment,jogos
ZagZag,,,,zagzag,jogos
Zaratustra Productions,,,,zaratustraproductions,jogos
Zarc Attack,Portugal,https://zarcattack.com,zarcattack.com,zarcattack,jogos
Zaxis Games,,,,zaxisgames,jogos
ZeDrimeTim,France,https://zedrimetim.com/,zedrimetim.com,zedrimetim,jogos
Zeboyd Games,United States,http://zeboyd.com/,zeboyd.com,zeboydgames,jogos
Zeebo Inc.,United States,http://www.zeeboinc.com/,zeeboinc.com,zeeboinc,jogos
Zeiva Inc,,http://www.zeiva.net,zeiva.net,zeivainc,jogos
ZeniMax Online Studios,United States,http://zenimaxonline.com/,zenimaxonline.com,zenimaxonlinestudios,jogos
Zenobi,United Kingdom,http://www.zenobi.co.uk,zenobi.co.uk,zenobi,jogos
Zenz VR,,,,zenzvr,jogos
Zeppelin Games,,,,zeppelingames,jogos
ZeptoLab,United Kingdom,http://zeptolab.com/,zeptolab.com,zeptolab,jogos
Zero Games Studios,,http://www.zerogamesstudios.com/,zerogamesstudios.com,zerogamesstudios,jogos
Zero Point Software,,,,zeropointsoftware,jogos
Zerouno Games,Spain,https://zerounogames.com,zerounogames.com,zerounogames,jogos
Zetsubou Games,,https://zetsubou.games/,zetsubou.games,zetsubougames,jogos
ZettaMedia,,,,zettamedia,jogos
Zever Games,,https://zevergames.com,zevergames.com,zevergames,jogos
ZiMAD,,https://zimad.com/,zimad.com,zimad,jogos
ZigZagIsland,,,,zigzagisland,jogos
Zillion Whales,,,,zillionwhales,jogos
Zing Games,United States,,,zinggames,jogos
Zipper Interactive,United States,http://www.zipperint.com,zipperint.com,zipperinteractive,jogos
Zippo Games,United Kingdom,,,zippogames,jogos
Zitrix Megalomedia,,http://zitrix-megalomedia.com/,zitrix-megalomedia.com,zitrixmegalomedia,jogos
Zodiac Interactive,,,,zodiacinteractive,jogos
Zoetrope Interactive,,http://www.zoetrope-interactive.com,zoetrope-interactive.com,zoetropeinteractive,jogos
Zoink Games,Sweden,http://www.zoinkgames.com,zoinkgames.com,zoinkgames,jogos
Zombie Panic Team,,,,zombiepanicteam,jogos
Zombie Studios,United States,http://www.zombie.com/,zombie.com,zombiestudios,jogos
Zono,United States,http://www.zono.com/,zono.com,zono,jogos
Zoom Out Games,,https://zoomoutgames.com/,zoomoutgames.com,zoomoutgames,jogos
Zoonami,United Kingdom,http://www.zoonami.com,zoonami.com,zoonami,jogos
ZootFly,,https://www.zootfly.com/index.html,zootfly.com,zootfly,jogos
Zoë Mode,United Kingdom,http://www.zoemode.com/,zoemode.com,zomode,jogos
Zylom,Netherlands,https://www.zylom.com/,zylom.com,zylom,jogos
Zynga,United States,https://www.zynga.com/,zynga.com,zynga,jogos
Zynga Dallas,United States,http://www.bonfire-studios.com,bonfire-studios.com,zyngadallas,jogos
[2.21],France,https://www.2point21.com/,2point21.com,221,jogos
aPriori Digital,United Kingdom,https://aprioridigital.com,aprioridigital.com,aprioridigital,jogos
airG Inc.,Canada,https://corp.airg.com/,corp.airg.com,airginc,jogos
appetite,,https://www.appetite-game.com/,appetite-game.com,appetite,jogos
armogames,,,,armogames,jogos
askiisoft,,http://askiisoft.com/,askiisoft.com,askiisoft,jogos
beyondthosehills,Greece,https://beyondthosehills.com/,beyondthosehills.com,beyondthosehills,jogos
bildundtonfabrik,Germany,https://btf.de/,btf.de,bildundtonfabrik,jogos
bluecurse,Canada,https://bluecurse.com/,bluecurse.com,bluecurse,jogos
bvm,,,,bvm,jogos
cloudcade,United States,http://cloudcade.com,cloudcade.com,cloudcade,jogos
creā-ture Studios,Canada,http://www.crea-turestudios.com/,crea-turestudios.com,creturestudios,jogos
cupholder,,,,cupholder,jogos
davemakes,United States,https://davemakes.com,davemakes.com,davemakes,jogos
devCAT Studio,,,,devcatstudio,jogos
doinksoft,United States,,,doinksoft,jogos
e-FunSoft Games,,,,efunsoftgames,jogos
eGames,United States,http://www.egames.com,egames.com,egames,jogos
eSail,,https://www.esailyachtsimulator.com/,esailyachtsimulator.com,esail,jogos
etoy,Switzerland,http://www.etoy.com/,etoy.com,etoy,jogos
exA-Arcadia,Singapore,https://exa.ac/,exa.ac,exaarcadia,jogos
exDream,Germany,http://www.exdream.com,exdream.com,exdream,jogos
exosyphen studios,,,,exosyphenstudios,jogos
fluckyMachine,Poland,,,fluckymachine,jogos
gigantumgames,,http://gigantumgames.com,gigantumgames.com,gigantumgames,jogos
gypynkt Games,,https://www.gypynkt.com,gypynkt.com,gypynktgames,jogos
horakai,,https://horakai.com/,horakai.com,horakai,jogos
horrorfantasy,,https://horrorfantasy.amebaownd.com,horrorfantasy.amebaownd.com,horrorfantasy,jogos
hyperboreanGames,,,,hyperboreangames,jogos
iGP Games,United Kingdom,,,igpgames,jogos
iLLogika,Canada,https://www.illogika.com,illogika.com,illogika,jogos
iNK Stories,,,,inkstories,jogos
iWare Designs,United Kingdom,https://www.iwaredesigns.co.uk/,iwaredesigns.co.uk,iwaredesigns,jogos
id Software,United States,https://www.idsoftware.com/,idsoftware.com,idsoftware,jogos
illuCalab,,https://illucalab.com/,illucalab.com,illucalab,jogos
inXile entertainment,United States,http://www.inxile-entertainment.com,inxile-entertainment.com,inxileentertainment,jogos
inZOI Studio,,,,inzoistudio,jogos
increpare games,United Kingdom,http://www.increpare.com,increpare.com,increparegames,jogos
it Matters Games,Germany,https://itmattersgames.com/,itmattersgames.com,itmattersgames,jogos
kChamp Games,,https://www.kchampgames.com/,kchampgames.com,kchampgames,jogos
kunabi brother,Austria,http://kunabi-brother.com/,kunabi-brother.com,kunabibrother,jogos
kurenaibook,,http://akimasanari.sakura.ne.jp/,akimasanari.sakura.ne.jp,kurenaibook,jogos
la1n,,,,la1n,jogos
lamedeveloper,United States,,,lamedeveloper,jogos
lbdl GameStudio,,,,lbdlgamestudio,jogos
lightUP,,,,lightup,jogos
looterkings,Germany,http://www.looterkings.com/,looterkings.com,looterkings,jogos
magicdweedoo,,http://magicdweedoo.com/,magicdweedoo.com,magicdweedoo,jogos
mana,,http://mana.product.co.jp,mana.product.co.jp,mana,jogos
mastercode studio,,,,mastercodestudio,jogos
mc2games,,https://mc2games.com/,mc2games.com,mc2games,jogos
megazebra,Germany,http://www.megazebra.com/,megazebra.com,megazebra,jogos
ms.app,Germany,http://www.ms-app.de/,ms-app.de,msapp,jogos
n-Space,United States,http://www.n-space.com/,n-space.com,nspace,jogos
nDreams,United Kingdom,http://www.ndreams.co.uk,ndreams.co.uk,ndreams,jogos
nStigate Games,United States,http://www.nihilistic.com/,nihilistic.com,nstigategames,jogos
naptime.games,Poland,https://naptime.games/,naptime.games,naptimegames,jogos
narayana games UG,,,,narayanagamesug,jogos
neko.works,France,,,nekoworks,jogos
ngmoco,United States,http://www.ngmoco.com/,ngmoco.com,ngmoco,jogos
ninetail,,http://www.ninetail.tk/,ninetail.tk,ninetail,jogos
novamicus,,,,novamicus,jogos
nuGAME,Norway,,,nugame,jogos
phime studio,Serbia,http://www.phime.com,phime.com,phimestudio,jogos
propeller,,http://www.propeller-game.com/,propeller-game.com,propeller,jogos
realfun studio,,,,realfunstudio,jogos
realities.io,,,,realitiesio,jogos
resnijars,Canada,https://resnijars.com/,resnijars.com,resnijars,jogos
rose-engine,Germany,https://rose-engine.org/,rose-engine.org,roseengine,jogos
sparsevector,,,,sparsevector,jogos
stage-nana,,,,stagenana,jogos
stillalive studios,Austria,https://stillalive.games/,stillalive.games,stillalivestudios,jogos
straka.studio,Slovakia,https://straka.studio/,straka.studio,strakastudio,jogos
the whale husband,,,,thewhalehusband,jogos
thriXXX,Germany,https://www.thri.xxx/,thri.xxx,thrixxx,jogos
tobspr Games,,,,tobsprgames,jogos
turbolento games,,https://www.turbolentogames.com/,turbolentogames.com,turbolentogames,jogos
ustwo Games,,http://www.ustwogames.co.uk/,ustwogames.co.uk,ustwogames,jogos
virtualRailroads,,,,virtualrailroads,jogos
weltenbauer.,Germany,https://www.weltenbauer-se.com,weltenbauer-se.com,weltenbauer,jogos
xLand,Poland,,,xland,jogos
xRed Games,,https://xred.games/,xred.games,xredgames,jogos
À la mode games,United Kingdom,https://alamode.games/,alamode.games,lamodegames,jogos
Åkesoft,Finland,,,kesoft,jogos
Étranges Libellules,France,http://www.elb-games.com/,elb-games.com,trangeslibellules,jogos
Łukasz Jakowski Games,,http://lukaszjakowski.pl/,lukaszjakowski.pl,ukaszjakowskigames,jogos
Носков Сергей,,,,,jogos
△○□× (Miwashiba),,,,miwashiba,jogos
念念而忘(Indelible Studio),,,,indeliblestudio,jogos
橘子班,,,,,jogos
高考恋爱委员会,,,,,jogos
