slug,pagina_da_casa_no_artstation,observacao
entelechy-entertainment,https://www.artstation.com/jobs/c/entelechy-entertainment,
novaforge-studios,https://www.artstation.com/jobs/c/novaforge-studios,
packed-house-games,https://www.artstation.com/jobs/c/packed-house-games,
firstderivative,https://www.artstation.com/jobs/c/firstderivative,
inotterwords,https://www.artstation.com/jobs/c/inotterwords,
hello-telo,https://www.artstation.com/jobs/c/hello-telo,
artworkout,https://www.artstation.com/jobs/c/artworkout,
mediagoat,https://www.artstation.com/jobs/c/mediagoat,
land-of-tricks,https://www.artstation.com/jobs/c/land-of-tricks,
nine-acres-games,https://www.artstation.com/jobs/c/nine-acres-games,
seedbound,https://www.artstation.com/jobs/c/seedbound,
citizenapp,https://www.artstation.com/jobs/c/citizenapp,
company-by-teoweeshen1-from-2026-08-25,https://www.artstation.com/jobs/c/company-by-teoweeshen1-from-2026-08-25,
andystudio,https://www.artstation.com/jobs/c/andystudio,
blackmack-minis,https://www.artstation.com/jobs/c/blackmack-minis,
fablesofhumanity,https://www.artstation.com/jobs/c/fablesofhumanity,
spriggansgrove,https://www.artstation.com/jobs/c/spriggansgrove,
cosmos-interactive,https://www.artstation.com/jobs/c/cosmos-interactive,
wishbone-games,https://www.artstation.com/jobs/c/wishbone-games,
afterglow-studios,https://www.artstation.com/jobs/c/afterglow-studios,
villan-studios,https://www.artstation.com/jobs/c/villan-studios,
stokermachine,https://www.artstation.com/jobs/c/stokermachine,
crimcorptalent,https://www.artstation.com/jobs/c/crimcorptalent,
omnilojo,https://www.artstation.com/jobs/c/omnilojo,
dougaitkenworkshop,https://www.artstation.com/jobs/c/dougaitkenworkshop,
nexters-gdev,https://www.artstation.com/jobs/c/nexters-gdev,
neuromancy-games,https://www.artstation.com/jobs/c/neuromancy-games,
flying-cat-productions,https://www.artstation.com/jobs/c/flying-cat-productions,
porkamoto-creations,https://www.artstation.com/jobs/c/porkamoto-creations,
mecca-studios,https://www.artstation.com/jobs/c/mecca-studios,
tuwaiq-designs,https://www.artstation.com/jobs/c/tuwaiq-designs,
ghost-brain-studios,https://www.artstation.com/jobs/c/ghost-brain-studios,
tykeai,https://www.artstation.com/jobs/c/tykeai,
krok-13,https://www.artstation.com/jobs/c/krok-13,
wowcube,https://www.artstation.com/jobs/c/wowcube,
behelitpublishing,https://www.artstation.com/jobs/c/behelitpublishing,
winterbornpressllc,https://www.artstation.com/jobs/c/winterbornpressllc,
axisdigitalproductions,https://www.artstation.com/jobs/c/axisdigitalproductions,
thescrollseries,https://www.artstation.com/jobs/c/thescrollseries,
kangyroocreative,https://www.artstation.com/jobs/c/kangyroocreative,
kalmivo,https://www.artstation.com/jobs/c/kalmivo,
indigifilm,https://www.artstation.com/jobs/c/indigifilm,
dagamemastah,https://www.artstation.com/jobs/c/dagamemastah,
kreuzer-design,https://www.artstation.com/jobs/c/kreuzer-design,
moegele-group,https://www.artstation.com/jobs/c/moegele-group,
legends-entretainment,https://www.artstation.com/jobs/c/legends-entretainment,
recrutement-eva,https://www.artstation.com/jobs/c/recrutement-eva,
mint-by-nitrode,https://www.artstation.com/jobs/c/mint-by-nitrode,
twine,https://www.artstation.com/jobs/c/twine,
kalamba-games-hire,https://www.artstation.com/jobs/c/kalamba-games-hire,
humansignalprojects,https://www.artstation.com/jobs/c/humansignalprojects,
inarigames,https://www.artstation.com/jobs/c/inarigames,
arkwiz,https://www.artstation.com/jobs/c/arkwiz,
maalicious-entertainment,https://www.artstation.com/jobs/c/maalicious-entertainment,
inception-technologies,https://www.artstation.com/jobs/c/inception-technologies,
awesible,https://www.artstation.com/jobs/c/awesible,
skybuds,https://www.artstation.com/jobs/c/skybuds,
tlr-studios,https://www.artstation.com/jobs/c/tlr-studios,
physicl-ai,https://www.artstation.com/jobs/c/physicl-ai,
ambitious-game,https://www.artstation.com/jobs/c/ambitious-game,
noeticstorm,https://www.artstation.com/jobs/c/noeticstorm,
reo-autos,https://www.artstation.com/jobs/c/reo-autos,
rave-godz,https://www.artstation.com/jobs/c/rave-godz,
quintara-labs-llc,https://www.artstation.com/jobs/c/quintara-labs-llc,
me-me-me,https://www.artstation.com/jobs/c/me-me-me,
everai,https://www.artstation.com/jobs/c/everai,
iron-compass-entertainment,https://www.artstation.com/jobs/c/iron-compass-entertainment,
supaviews,https://www.artstation.com/jobs/c/supaviews,
one-mother,https://www.artstation.com/jobs/c/one-mother,
filmcore,https://www.artstation.com/jobs/c/filmcore,
weta-fx-nz,https://www.artstation.com/jobs/c/weta-fx-nz,
sobani-studio,https://www.artstation.com/jobs/c/sobani-studio,
lcmf,https://www.artstation.com/jobs/c/lcmf,
james-harlow,https://www.artstation.com/jobs/c/james-harlow,
gawly-studios,https://www.artstation.com/jobs/c/gawly-studios,
spikepitgames,https://www.artstation.com/jobs/c/spikepitgames,
henry-5783,https://www.artstation.com/jobs/c/henry-5783,
yooko-hiring,https://www.artstation.com/jobs/c/yooko-hiring,
aifuturesproject,https://www.artstation.com/jobs/c/aifuturesproject,
starplayy,https://www.artstation.com/jobs/c/starplayy,
rareculture,https://www.artstation.com/jobs/c/rareculture,
voicesoftheforgotten,https://www.artstation.com/jobs/c/voicesoftheforgotten,
serafallrecords,https://www.artstation.com/jobs/c/serafallrecords,
dreamwriterladyariarose,https://www.artstation.com/jobs/c/dreamwriterladyariarose,
eu-residency-2026,https://www.artstation.com/jobs/c/eu-residency-2026,
cleo-studios,https://www.artstation.com/jobs/c/cleo-studios,
abnormal-studio,https://www.artstation.com/jobs/c/abnormal-studio,
silverblade-technology,https://www.artstation.com/jobs/c/silverblade-technology,
designershaik,https://www.artstation.com/jobs/c/designershaik,
voidstations,https://www.artstation.com/jobs/c/voidstations,
1992comics,https://www.artstation.com/jobs/c/1992comics,
game-outpost,https://www.artstation.com/jobs/c/game-outpost,
veronsparkent,https://www.artstation.com/jobs/c/veronsparkent,
maruko-labs,https://www.artstation.com/jobs/c/maruko-labs,
edengenesis-co,https://www.artstation.com/jobs/c/edengenesis-co,
kinette,https://www.artstation.com/jobs/c/kinette,
novanexuscodex,https://www.artstation.com/jobs/c/novanexuscodex,
redpah,https://www.artstation.com/jobs/c/redpah,
artstation-recruitment-crospic,https://www.artstation.com/jobs/c/artstation-recruitment-crospic,
nimbusxr,https://www.artstation.com/jobs/c/nimbusxr,
our-monuments,https://www.artstation.com/jobs/c/our-monuments,
florida-international-university,https://www.artstation.com/jobs/c/florida-international-university,
mario-nawfal,https://www.artstation.com/jobs/c/mario-nawfal,
cranestudios,https://www.artstation.com/jobs/c/cranestudios,
crane-studios,https://www.artstation.com/jobs/c/crane-studios,
komodo,https://www.artstation.com/jobs/c/komodo,
dofantasy,https://www.artstation.com/jobs/c/dofantasy,
vironic,https://www.artstation.com/jobs/c/vironic,
vibe-labs,https://www.artstation.com/jobs/c/vibe-labs,
kafi-games,https://www.artstation.com/jobs/c/kafi-games,
heart-horse-games,https://www.artstation.com/jobs/c/heart-horse-games,
spatialvibes,https://www.artstation.com/jobs/c/spatialvibes,
nightmare-odyssey,https://www.artstation.com/jobs/c/nightmare-odyssey,
scrivalab,https://www.artstation.com/jobs/c/scrivalab,
looking-lion-books,https://www.artstation.com/jobs/c/looking-lion-books,
el-elegante,https://www.artstation.com/jobs/c/el-elegante,
bloodrite-series,https://www.artstation.com/jobs/c/bloodrite-series,
none-a33f58175d1b2333,https://www.artstation.com/jobs/c/none-a33f58175d1b2333,
studiopanupuolakka,https://www.artstation.com/jobs/c/studiopanupuolakka,
tinygeckostudios,https://www.artstation.com/jobs/c/tinygeckostudios,
feelyfins,https://www.artstation.com/jobs/c/feelyfins,
lusion-world,https://www.artstation.com/jobs/c/lusion-world,
kitsunelabs,https://www.artstation.com/jobs/c/kitsunelabs,
earth-kin,https://www.artstation.com/jobs/c/earth-kin,
characterhub,https://www.artstation.com/jobs/c/characterhub,
ramjet-studios,https://www.artstation.com/jobs/c/ramjet-studios,
lakshya-digital-0378e95b98dd119b,https://www.artstation.com/jobs/c/lakshya-digital-0378e95b98dd119b,
aenara,https://www.artstation.com/jobs/c/aenara,
probablyfinehistory,https://www.artstation.com/jobs/c/probablyfinehistory,
badbatchstudio,https://www.artstation.com/jobs/c/badbatchstudio,
theportal,https://www.artstation.com/jobs/c/theportal,
textla,https://www.artstation.com/jobs/c/textla,
espressocash,https://www.artstation.com/jobs/c/espressocash,
walltopia,https://www.artstation.com/jobs/c/walltopia,
coach-cube,https://www.artstation.com/jobs/c/coach-cube,
prodigylabs,https://www.artstation.com/jobs/c/prodigylabs,
braxden-cooperation,https://www.artstation.com/jobs/c/braxden-cooperation,
minimpire,https://www.artstation.com/jobs/c/minimpire,
robjob,https://www.artstation.com/jobs/c/robjob,
solo-studio,https://www.artstation.com/jobs/c/solo-studio,
humansignal,https://www.artstation.com/jobs/c/humansignal,
aquentuk,https://www.artstation.com/jobs/c/aquentuk,
nirvana,https://www.artstation.com/jobs/c/nirvana,
callistemon-games-addf60830178a9ce,https://www.artstation.com/jobs/c/callistemon-games-addf60830178a9ce,
callistemon-games,https://www.artstation.com/jobs/c/callistemon-games,
test-company-1234,https://www.artstation.com/jobs/c/test-company-1234,
mangabooks,https://www.artstation.com/jobs/c/mangabooks,
griffy,https://www.artstation.com/jobs/c/griffy,
nivio,https://www.artstation.com/jobs/c/nivio,
auroriaverse,https://www.artstation.com/jobs/c/auroriaverse,
bluepixiestudio,https://www.artstation.com/jobs/c/bluepixiestudio,
siendo,https://www.artstation.com/jobs/c/siendo,
thepowerofthecookie,https://www.artstation.com/jobs/c/thepowerofthecookie,
snr-interactive,https://www.artstation.com/jobs/c/snr-interactive,
serendipity,https://www.artstation.com/jobs/c/serendipity,
xdreamrobo,https://www.artstation.com/jobs/c/xdreamrobo,
fctapp,https://www.artstation.com/jobs/c/fctapp,
cyyber,https://www.artstation.com/jobs/c/cyyber,
fractal-mind,https://www.artstation.com/jobs/c/fractal-mind,
stevenwolfstudio,https://www.artstation.com/jobs/c/stevenwolfstudio,
company-by-circle12352-from-2025-12-15,https://www.artstation.com/jobs/c/company-by-circle12352-from-2025-12-15,
dead-money,https://www.artstation.com/jobs/c/dead-money,
triumph-arcade,https://www.artstation.com/jobs/c/triumph-arcade,
axe-gang-games,https://www.artstation.com/jobs/c/axe-gang-games,
fluidgames,https://www.artstation.com/jobs/c/fluidgames,
about-vuly-play,https://www.artstation.com/jobs/c/about-vuly-play,
pico-play,https://www.artstation.com/jobs/c/pico-play,
reach-tech,https://www.artstation.com/jobs/c/reach-tech,
metatailor,https://www.artstation.com/jobs/c/metatailor,
silenttide,https://www.artstation.com/jobs/c/silenttide,
matrioshkagames,https://www.artstation.com/jobs/c/matrioshkagames,
arbg,https://www.artstation.com/jobs/c/arbg,
aftertouchaudio,https://www.artstation.com/jobs/c/aftertouchaudio,
brassman_actual,https://www.artstation.com/jobs/c/brassman_actual,
partee-racing,https://www.artstation.com/jobs/c/partee-racing,
comfortgames,https://www.artstation.com/jobs/c/comfortgames,
worldsfair,https://www.artstation.com/jobs/c/worldsfair,
or-fine-art,https://www.artstation.com/jobs/c/or-fine-art,
outlaws-vengeance1,https://www.artstation.com/jobs/c/outlaws-vengeance1,
cube-creatures,https://www.artstation.com/jobs/c/cube-creatures,
fictra,https://www.artstation.com/jobs/c/fictra,
find-work,https://www.artstation.com/jobs/c/find-work,
memory-ware,https://www.artstation.com/jobs/c/memory-ware,
chaseacloud,https://www.artstation.com/jobs/c/chaseacloud,
dark-and-day,https://www.artstation.com/jobs/c/dark-and-day,
niko-technologies-ou,https://www.artstation.com/jobs/c/niko-technologies-ou,
tahlvaen-studios,https://www.artstation.com/jobs/c/tahlvaen-studios,
celsys,https://www.artstation.com/jobs/c/celsys,
sbb-llc,https://www.artstation.com/jobs/c/sbb-llc,
cmy2k,https://www.artstation.com/jobs/c/cmy2k,
iron-spurs-comics,https://www.artstation.com/jobs/c/iron-spurs-comics,
jito,https://www.artstation.com/jobs/c/jito,
chillhopmusic,https://www.artstation.com/jobs/c/chillhopmusic,
brothergames,https://www.artstation.com/jobs/c/brothergames,
reality-academy,https://www.artstation.com/jobs/c/reality-academy,
lunoris-studios,https://www.artstation.com/jobs/c/lunoris-studios,
unnncd,https://www.artstation.com/jobs/c/unnncd,
ourcreativelab,https://www.artstation.com/jobs/c/ourcreativelab,
puttshack-3689c1ec5c49a836,https://www.artstation.com/jobs/c/puttshack-3689c1ec5c49a836,
puttshack,https://www.artstation.com/jobs/c/puttshack,
invisible-narratives,https://www.artstation.com/jobs/c/invisible-narratives,
wildlife_studios,https://www.artstation.com/jobs/c/wildlife_studios,
sebulsik,https://www.artstation.com/jobs/c/sebulsik,
tbd-games,https://www.artstation.com/jobs/c/tbd-games,
rfinyc,https://www.artstation.com/jobs/c/rfinyc,
lemonio,https://www.artstation.com/jobs/c/lemonio,
byanavrin,https://www.artstation.com/jobs/c/byanavrin,
topitgamestudio,https://www.artstation.com/jobs/c/topitgamestudio,
hvmtl,https://www.artstation.com/jobs/c/hvmtl,
fantactic-studios,https://www.artstation.com/jobs/c/fantactic-studios,
studio-ml,https://www.artstation.com/jobs/c/studio-ml,
notiontheory-studio,https://www.artstation.com/jobs/c/notiontheory-studio,
corp_corp,https://www.artstation.com/jobs/c/corp_corp,
kurikuma-nosite,https://www.artstation.com/jobs/c/kurikuma-nosite,
panda-mony,https://www.artstation.com/jobs/c/panda-mony,
otto-x,https://www.artstation.com/jobs/c/otto-x,
3dvr,https://www.artstation.com/jobs/c/3dvr,
heartstamp,https://www.artstation.com/jobs/c/heartstamp,
mother-games,https://www.artstation.com/jobs/c/mother-games,
fearlessvisionaryent,https://www.artstation.com/jobs/c/fearlessvisionaryent,
snug-spirits,https://www.artstation.com/jobs/c/snug-spirits,
reelplay,https://www.artstation.com/jobs/c/reelplay,
realm-guard,https://www.artstation.com/jobs/c/realm-guard,
the_outside_inn,https://www.artstation.com/jobs/c/the_outside_inn,
47one,https://www.artstation.com/jobs/c/47one,
exient-trade-company-limited,https://www.artstation.com/jobs/c/exient-trade-company-limited,
cavinx,https://www.artstation.com/jobs/c/cavinx,
zipco-international,https://www.artstation.com/jobs/c/zipco-international,
creatives-in-the-attic,https://www.artstation.com/jobs/c/creatives-in-the-attic,
gooddays-entertainment,https://www.artstation.com/jobs/c/gooddays-entertainment,
apex-talent-matchmaking,https://www.artstation.com/jobs/c/apex-talent-matchmaking,
storigami-app,https://www.artstation.com/jobs/c/storigami-app,
company-by-jonathanart112-from-2025-07-14,https://www.artstation.com/jobs/c/company-by-jonathanart112-from-2025-07-14,
greuceanuhi,https://www.artstation.com/jobs/c/greuceanuhi,
dave_a,https://www.artstation.com/jobs/c/dave_a,
iidotgold,https://www.artstation.com/jobs/c/iidotgold,
zackdfilms,https://www.artstation.com/jobs/c/zackdfilms,
ud-digital-humans,https://www.artstation.com/jobs/c/ud-digital-humans,
abandoned-factory,https://www.artstation.com/jobs/c/abandoned-factory,
winlab,https://www.artstation.com/jobs/c/winlab,
company-name85992,https://www.artstation.com/jobs/c/company-name85992,
optillusion,https://www.artstation.com/jobs/c/optillusion,
archchannelgroup,https://www.artstation.com/jobs/c/archchannelgroup,
dkp-miniatures,https://www.artstation.com/jobs/c/dkp-miniatures,
lionsharp,https://www.artstation.com/jobs/c/lionsharp,
puranu,https://www.artstation.com/jobs/c/puranu,
realmguard,https://www.artstation.com/jobs/c/realmguard,
compositing-academy,https://www.artstation.com/jobs/c/compositing-academy,
company-by-testonb3-from-2025-05-07,https://www.artstation.com/jobs/c/company-by-testonb3-from-2025-05-07,
the-10th-studio,https://www.artstation.com/jobs/c/the-10th-studio,
legion-studios,https://www.artstation.com/jobs/c/legion-studios,
oakley-productions-llc-a6722851bc9f7bdf,https://www.artstation.com/jobs/c/oakley-productions-llc-a6722851bc9f7bdf,
prisoners-of-terebellum,https://www.artstation.com/jobs/c/prisoners-of-terebellum,
the-fracture,https://www.artstation.com/jobs/c/the-fracture,
starshake-studios,https://www.artstation.com/jobs/c/starshake-studios,
to-whit-ventures,https://www.artstation.com/jobs/c/to-whit-ventures,
moonwalkers,https://www.artstation.com/jobs/c/moonwalkers,
youstay,https://www.artstation.com/jobs/c/youstay,
wirestockkkk,https://www.artstation.com/jobs/c/wirestockkkk,
ice-picklodge,https://www.artstation.com/jobs/c/ice-picklodge,
tribe-ai,https://www.artstation.com/jobs/c/tribe-ai,
vtoku,https://www.artstation.com/jobs/c/vtoku,
company-nfinite-app,https://www.artstation.com/jobs/c/company-nfinite-app,
funolio,https://www.artstation.com/jobs/c/funolio,
ikigai-games-for-citizens,https://www.artstation.com/jobs/c/ikigai-games-for-citizens,
brightstone-books,https://www.artstation.com/jobs/c/brightstone-books,
visions-of,https://www.artstation.com/jobs/c/visions-of,
help-studio,https://www.artstation.com/jobs/c/help-studio,
empty-exhibit,https://www.artstation.com/jobs/c/empty-exhibit,
gamer-robot,https://www.artstation.com/jobs/c/gamer-robot,
volley,https://www.artstation.com/jobs/c/volley,
tb-animation-llc,https://www.artstation.com/jobs/c/tb-animation-llc,
shapedude-s,https://www.artstation.com/jobs/c/shapedude-s,
itv-metavision-studios,https://www.artstation.com/jobs/c/itv-metavision-studios,
rippaverse,https://www.artstation.com/jobs/c/rippaverse,
nmz-uzh,https://www.artstation.com/jobs/c/nmz-uzh,
skytear-games,https://www.artstation.com/jobs/c/skytear-games,
creative-editing,https://www.artstation.com/jobs/c/creative-editing,
series-entertainment,https://www.artstation.com/jobs/c/series-entertainment,
jaxxon,https://www.artstation.com/jobs/c/jaxxon,
scansmatter,https://www.artstation.com/jobs/c/scansmatter,
innovibecrafter,https://www.artstation.com/jobs/c/innovibecrafter,
seacheetah2-works,https://www.artstation.com/jobs/c/seacheetah2-works,
scenix-woof,https://www.artstation.com/jobs/c/scenix-woof,
betagamesgroup,https://www.artstation.com/jobs/c/betagamesgroup,
shiloh-and-bros,https://www.artstation.com/jobs/c/shiloh-and-bros,
xyberdreams,https://www.artstation.com/jobs/c/xyberdreams,
imperial-propaganda-machine,https://www.artstation.com/jobs/c/imperial-propaganda-machine,
ajax-creative-1,https://www.artstation.com/jobs/c/ajax-creative-1,
aidyn,https://www.artstation.com/jobs/c/aidyn,
redemptionroadgames,https://www.artstation.com/jobs/c/redemptionroadgames,
kingelton,https://www.artstation.com/jobs/c/kingelton,
code-orion,https://www.artstation.com/jobs/c/code-orion,
azrsim,https://www.artstation.com/jobs/c/azrsim,
stickitkit,https://www.artstation.com/jobs/c/stickitkit,
gkoi,https://www.artstation.com/jobs/c/gkoi,
invisiblenarratives,https://www.artstation.com/jobs/c/invisiblenarratives,
yokereba,https://www.artstation.com/jobs/c/yokereba,
tempest-media,https://www.artstation.com/jobs/c/tempest-media,
white-label-customs-inc,https://www.artstation.com/jobs/c/white-label-customs-inc,
glow-art,https://www.artstation.com/jobs/c/glow-art,
borealys-games-inc,https://www.artstation.com/jobs/c/borealys-games-inc,
evolytes,https://www.artstation.com/jobs/c/evolytes,
rochester-institute-of-technology,https://www.artstation.com/jobs/c/rochester-institute-of-technology,
rivian-and-vw-group-technology-llc,https://www.artstation.com/jobs/c/rivian-and-vw-group-technology-llc,
playa3ull-games,https://www.artstation.com/jobs/c/playa3ull-games,
chaos-tree,https://www.artstation.com/jobs/c/chaos-tree,
oceanx,https://www.artstation.com/jobs/c/oceanx,
hypexr,https://www.artstation.com/jobs/c/hypexr,
loan-me-30-bucks-so-i-can-get-to-tulsa,https://www.artstation.com/jobs/c/loan-me-30-bucks-so-i-can-get-to-tulsa,
enver-de6ffd649223801a,https://www.artstation.com/jobs/c/enver-de6ffd649223801a,
mana-productions,https://www.artstation.com/jobs/c/mana-productions,
pixel-pie,https://www.artstation.com/jobs/c/pixel-pie,
anatomymovement,https://www.artstation.com/jobs/c/anatomymovement,
designbytouch-ltd,https://www.artstation.com/jobs/c/designbytouch-ltd,
goldleaf-games-llc,https://www.artstation.com/jobs/c/goldleaf-games-llc,
callie,https://www.artstation.com/jobs/c/callie,
rockstar-games-1a8e81c7e430ecc2,https://www.artstation.com/jobs/c/rockstar-games-1a8e81c7e430ecc2,
sozo-labs,https://www.artstation.com/jobs/c/sozo-labs,
arcane-fist,https://www.artstation.com/jobs/c/arcane-fist,
sketch-art-unit,https://www.artstation.com/jobs/c/sketch-art-unit,
velan-studios-174ca56ffc3cf57a,https://www.artstation.com/jobs/c/velan-studios-174ca56ffc3cf57a,
vivid-interactive,https://www.artstation.com/jobs/c/vivid-interactive,
appeal-studios-sa,https://www.artstation.com/jobs/c/appeal-studios-sa,
octo-games,https://www.artstation.com/jobs/c/octo-games,
theras-labs,https://www.artstation.com/jobs/c/theras-labs,
synty-studios,https://www.artstation.com/jobs/c/synty-studios,
transcend-studios,https://www.artstation.com/jobs/c/transcend-studios,
plyo-as,https://www.artstation.com/jobs/c/plyo-as,
the-divine-origins,https://www.artstation.com/jobs/c/the-divine-origins,
nikolaiganache9-studio,https://www.artstation.com/jobs/c/nikolaiganache9-studio,
pilot-institute,https://www.artstation.com/jobs/c/pilot-institute,
piomotion-dmcc,https://www.artstation.com/jobs/c/piomotion-dmcc,
connected-ventures,https://www.artstation.com/jobs/c/connected-ventures,
giants-software-4e8b7f4c6445a7fa,https://www.artstation.com/jobs/c/giants-software-4e8b7f4c6445a7fa,
a-stick-studio,https://www.artstation.com/jobs/c/a-stick-studio,
wirestock-087e69314918355e,https://www.artstation.com/jobs/c/wirestock-087e69314918355e,
beyond-the-screen,https://www.artstation.com/jobs/c/beyond-the-screen,
gamecode,https://www.artstation.com/jobs/c/gamecode,
ponytech-ltd,https://www.artstation.com/jobs/c/ponytech-ltd,
anatomage,https://www.artstation.com/jobs/c/anatomage,
interaction-design-foundation,https://www.artstation.com/jobs/c/interaction-design-foundation,
ikhor-labs,https://www.artstation.com/jobs/c/ikhor-labs,
strikerz-inc,https://www.artstation.com/jobs/c/strikerz-inc,
dreaming-door-studios,https://www.artstation.com/jobs/c/dreaming-door-studios,
power-meta-corp,https://www.artstation.com/jobs/c/power-meta-corp,
ajax-creative,https://www.artstation.com/jobs/c/ajax-creative,
litio-games-yaz-l-m-anonim-irketi,https://www.artstation.com/jobs/c/litio-games-yaz-l-m-anonim-irketi,
wirestock-6c216304c7a1a82d,https://www.artstation.com/jobs/c/wirestock-6c216304c7a1a82d,
traxara-robotics-inc,https://www.artstation.com/jobs/c/traxara-robotics-inc,
basement-games,https://www.artstation.com/jobs/c/basement-games,
locus-tokus,https://www.artstation.com/jobs/c/locus-tokus,
moon-beast-productions,https://www.artstation.com/jobs/c/moon-beast-productions,
brainrocket,https://www.artstation.com/jobs/c/brainrocket,
ubisoft-divertissements,https://www.artstation.com/jobs/c/ubisoft-divertissements,
bestcrmsoftware,https://www.artstation.com/jobs/c/bestcrmsoftware,
agd-ee642bc42e962da4,https://www.artstation.com/jobs/c/agd-ee642bc42e962da4,
frost-giant-studios-78f32b773c3c6bea,https://www.artstation.com/jobs/c/frost-giant-studios-78f32b773c3c6bea,
hypersonic-laboratories-10731156564c385f,https://www.artstation.com/jobs/c/hypersonic-laboratories-10731156564c385f,
hacker-labs,https://www.artstation.com/jobs/c/hacker-labs,
grove-street-games,https://www.artstation.com/jobs/c/grove-street-games,
mlitchfield,https://www.artstation.com/jobs/c/mlitchfield,
varonve,https://www.artstation.com/jobs/c/varonve,
mp-mimic-productions-gmbh,https://www.artstation.com/jobs/c/mp-mimic-productions-gmbh,
highway-west,https://www.artstation.com/jobs/c/highway-west,
gtdevice-llc,https://www.artstation.com/jobs/c/gtdevice-llc,
wirestock,https://www.artstation.com/jobs/c/wirestock,
synchro-studio,https://www.artstation.com/jobs/c/synchro-studio,
studio-hudhud,https://www.artstation.com/jobs/c/studio-hudhud,
artisan-industry,https://www.artstation.com/jobs/c/artisan-industry,
infinite-plus-sas,https://www.artstation.com/jobs/c/infinite-plus-sas,
nolabel-sp-z-o-o-2457e3e9171e16e5,https://www.artstation.com/jobs/c/nolabel-sp-z-o-o-2457e3e9171e16e5,
hidden-gem,https://www.artstation.com/jobs/c/hidden-gem,
ramos-srudio,https://www.artstation.com/jobs/c/ramos-srudio,
aura-productions,https://www.artstation.com/jobs/c/aura-productions,
mighty-8th,https://www.artstation.com/jobs/c/mighty-8th,
creators-arc-studio,https://www.artstation.com/jobs/c/creators-arc-studio,
storygrounds,https://www.artstation.com/jobs/c/storygrounds,
lost-boss,https://www.artstation.com/jobs/c/lost-boss,
novastack-inc,https://www.artstation.com/jobs/c/novastack-inc,
stationforge,https://www.artstation.com/jobs/c/stationforge,
igg-singapore-pte-ltd,https://www.artstation.com/jobs/c/igg-singapore-pte-ltd,
fashion-desing,https://www.artstation.com/jobs/c/fashion-desing,
val-creative-tech,https://www.artstation.com/jobs/c/val-creative-tech,
techclub,https://www.artstation.com/jobs/c/techclub,
story-unlikely,https://www.artstation.com/jobs/c/story-unlikely,
tropical-devs,https://www.artstation.com/jobs/c/tropical-devs,
tobiko-robo,https://www.artstation.com/jobs/c/tobiko-robo,
fruition-foundation-llc,https://www.artstation.com/jobs/c/fruition-foundation-llc,
national-university,https://www.artstation.com/jobs/c/national-university,
keywords-studios-347f9a92dda49e36,https://www.artstation.com/jobs/c/keywords-studios-347f9a92dda49e36,
sauron-industries,https://www.artstation.com/jobs/c/sauron-industries,
vlge-inc,https://www.artstation.com/jobs/c/vlge-inc,
diamond-art-king,https://www.artstation.com/jobs/c/diamond-art-king,
yu-co-950f1a46ccf5b694,https://www.artstation.com/jobs/c/yu-co-950f1a46ccf5b694,
hype-xr,https://www.artstation.com/jobs/c/hype-xr,
gatewood-studio-arts-building,https://www.artstation.com/jobs/c/gatewood-studio-arts-building,
big-and-little-game,https://www.artstation.com/jobs/c/big-and-little-game,
ovalware,https://www.artstation.com/jobs/c/ovalware,
heat-wave-visual,https://www.artstation.com/jobs/c/heat-wave-visual,
soul-sentinel-productions,https://www.artstation.com/jobs/c/soul-sentinel-productions,
earth-2050,https://www.artstation.com/jobs/c/earth-2050,
vgk,https://www.artstation.com/jobs/c/vgk,
underknown,https://www.artstation.com/jobs/c/underknown,
the-summit,https://www.artstation.com/jobs/c/the-summit,
mudtek,https://www.artstation.com/jobs/c/mudtek,
festivalfam,https://www.artstation.com/jobs/c/festivalfam,
unlisted-stealth,https://www.artstation.com/jobs/c/unlisted-stealth,
project-tempus-ltd,https://www.artstation.com/jobs/c/project-tempus-ltd,
one-more-turn-games,https://www.artstation.com/jobs/c/one-more-turn-games,
vr-arena,https://www.artstation.com/jobs/c/vr-arena,
digital-giant,https://www.artstation.com/jobs/c/digital-giant,
niraku-nextgen-enterprise,https://www.artstation.com/jobs/c/niraku-nextgen-enterprise,
cocone-europe,https://www.artstation.com/jobs/c/cocone-europe,
tomorrowsvig,https://www.artstation.com/jobs/c/tomorrowsvig,
tridimension-innovations,https://www.artstation.com/jobs/c/tridimension-innovations,
jilldelen4-studio,https://www.artstation.com/jobs/c/jilldelen4-studio,
3232-music,https://www.artstation.com/jobs/c/3232-music,
novaquark-e3a952bb77b53788,https://www.artstation.com/jobs/c/novaquark-e3a952bb77b53788,
xrvzn,https://www.artstation.com/jobs/c/xrvzn,
next-gen-scripts,https://www.artstation.com/jobs/c/next-gen-scripts,
legends-of-venari,https://www.artstation.com/jobs/c/legends-of-venari,
ai-animation-dood,https://www.artstation.com/jobs/c/ai-animation-dood,
the-domains-of-the-emperor-owl,https://www.artstation.com/jobs/c/the-domains-of-the-emperor-owl,
eq-labs,https://www.artstation.com/jobs/c/eq-labs,
j2-marketing,https://www.artstation.com/jobs/c/j2-marketing,
hazard-hunters,https://www.artstation.com/jobs/c/hazard-hunters,
live-green,https://www.artstation.com/jobs/c/live-green,
drawl,https://www.artstation.com/jobs/c/drawl,
walt-disney-imagineering,https://www.artstation.com/jobs/c/walt-disney-imagineering,
mgct,https://www.artstation.com/jobs/c/mgct,
metajungle,https://www.artstation.com/jobs/c/metajungle,
vmmersion-llc,https://www.artstation.com/jobs/c/vmmersion-llc,
pixelsourceinc,https://www.artstation.com/jobs/c/pixelsourceinc,
davisarcs-studio,https://www.artstation.com/jobs/c/davisarcs-studio,
search-for-animera,https://www.artstation.com/jobs/c/search-for-animera,
equilor,https://www.artstation.com/jobs/c/equilor,
heartcoredev,https://www.artstation.com/jobs/c/heartcoredev,
gaya,https://www.artstation.com/jobs/c/gaya,
uwu-games,https://www.artstation.com/jobs/c/uwu-games,
new-story-plus,https://www.artstation.com/jobs/c/new-story-plus,
edgewood,https://www.artstation.com/jobs/c/edgewood,
animato-productions,https://www.artstation.com/jobs/c/animato-productions,
r16interactive,https://www.artstation.com/jobs/c/r16interactive,
teddies,https://www.artstation.com/jobs/c/teddies,
freejam-ltd,https://www.artstation.com/jobs/c/freejam-ltd,
magmic-inc,https://www.artstation.com/jobs/c/magmic-inc,
new-forest-film,https://www.artstation.com/jobs/c/new-forest-film,
tales-of-us-ggmbh,https://www.artstation.com/jobs/c/tales-of-us-ggmbh,
martian-lawyers-club,https://www.artstation.com/jobs/c/martian-lawyers-club,
mrktmnge,https://www.artstation.com/jobs/c/mrktmnge,
zebra-labs,https://www.artstation.com/jobs/c/zebra-labs,
jubei-games,https://www.artstation.com/jobs/c/jubei-games,
ringtail-interactive-b8adaa833263cae9,https://www.artstation.com/jobs/c/ringtail-interactive-b8adaa833263cae9,
the-o-team,https://www.artstation.com/jobs/c/the-o-team,
cassette-group-limited,https://www.artstation.com/jobs/c/cassette-group-limited,
individual-commission,https://www.artstation.com/jobs/c/individual-commission,
bonzai-labs,https://www.artstation.com/jobs/c/bonzai-labs,
nefaish-animation,https://www.artstation.com/jobs/c/nefaish-animation,
heyy-comics,https://www.artstation.com/jobs/c/heyy-comics,
value-productions,https://www.artstation.com/jobs/c/value-productions,
aptiv-sp-z-o-o,https://www.artstation.com/jobs/c/aptiv-sp-z-o-o,
fewture-proof,https://www.artstation.com/jobs/c/fewture-proof,
six-ton-axe-games,https://www.artstation.com/jobs/c/six-ton-axe-games,
bina-studio,https://www.artstation.com/jobs/c/bina-studio,
marion-surgical,https://www.artstation.com/jobs/c/marion-surgical,
tribo-games,https://www.artstation.com/jobs/c/tribo-games,
ex-populus,https://www.artstation.com/jobs/c/ex-populus,
pandemonium-comics,https://www.artstation.com/jobs/c/pandemonium-comics,
hfv,https://www.artstation.com/jobs/c/hfv,
h-c-hadley,https://www.artstation.com/jobs/c/h-c-hadley,
on-the-march,https://www.artstation.com/jobs/c/on-the-march,
mindflair-games-ltd,https://www.artstation.com/jobs/c/mindflair-games-ltd,
avaxia-group,https://www.artstation.com/jobs/c/avaxia-group,
campfire-expeditions,https://www.artstation.com/jobs/c/campfire-expeditions,
eon-rush,https://www.artstation.com/jobs/c/eon-rush,
petricore,https://www.artstation.com/jobs/c/petricore,
futurlab-0e0eaef744ebcb68,https://www.artstation.com/jobs/c/futurlab-0e0eaef744ebcb68,
the-growing-artist,https://www.artstation.com/jobs/c/the-growing-artist,
assetbomb,https://www.artstation.com/jobs/c/assetbomb,
anirum-inc,https://www.artstation.com/jobs/c/anirum-inc,
rustyloot,https://www.artstation.com/jobs/c/rustyloot,
leeds-arts-university-85f89562729a0aee,https://www.artstation.com/jobs/c/leeds-arts-university-85f89562729a0aee,
phoenix-media-ood,https://www.artstation.com/jobs/c/phoenix-media-ood,
mindbreak-inc,https://www.artstation.com/jobs/c/mindbreak-inc,
subliminalgames,https://www.artstation.com/jobs/c/subliminalgames,
scattermesh,https://www.artstation.com/jobs/c/scattermesh,
easyaction,https://www.artstation.com/jobs/c/easyaction,
ambitious-studios,https://www.artstation.com/jobs/c/ambitious-studios,
mad-head-games-vat-108347215,https://www.artstation.com/jobs/c/mad-head-games-vat-108347215,
equestly,https://www.artstation.com/jobs/c/equestly,
qualia,https://www.artstation.com/jobs/c/qualia,
mozaic-studios,https://www.artstation.com/jobs/c/mozaic-studios,
two3-labs,https://www.artstation.com/jobs/c/two3-labs,
million-dreams-games,https://www.artstation.com/jobs/c/million-dreams-games,
snd-dev,https://www.artstation.com/jobs/c/snd-dev,
n-a-2ea05e297ed5895e,https://www.artstation.com/jobs/c/n-a-2ea05e297ed5895e,
grip-digital-s-r-o,https://www.artstation.com/jobs/c/grip-digital-s-r-o,
fox-factory-inc,https://www.artstation.com/jobs/c/fox-factory-inc,
none-none,https://www.artstation.com/jobs/c/none-none,
roy-and-charcle,https://www.artstation.com/jobs/c/roy-and-charcle,
andrealphus-games,https://www.artstation.com/jobs/c/andrealphus-games,
the-pyramid-watch,https://www.artstation.com/jobs/c/the-pyramid-watch,
scopely-careers,https://www.artstation.com/jobs/c/scopely-careers,
arkane-studios-austin,https://www.artstation.com/jobs/c/arkane-studios-austin,
flagcat,https://www.artstation.com/jobs/c/flagcat,
jit-zoo,https://www.artstation.com/jobs/c/jit-zoo,
luster-cult,https://www.artstation.com/jobs/c/luster-cult,
super-league,https://www.artstation.com/jobs/c/super-league,
mayadem-technology,https://www.artstation.com/jobs/c/mayadem-technology,
new-york-university-nyu-ny-tisch-school-of-the-arts-game-center,https://www.artstation.com/jobs/c/new-york-university-nyu-ny-tisch-school-of-the-arts-game-center,
environmental-cgi,https://www.artstation.com/jobs/c/environmental-cgi,
pixie-meta,https://www.artstation.com/jobs/c/pixie-meta,
new-tales-emeteria,https://www.artstation.com/jobs/c/new-tales-emeteria,
pool-concepts,https://www.artstation.com/jobs/c/pool-concepts,
populous,https://www.artstation.com/jobs/c/populous,
enneract,https://www.artstation.com/jobs/c/enneract,
colette-raymond-amp-co,https://www.artstation.com/jobs/c/colette-raymond-amp-co,
bitbuildr,https://www.artstation.com/jobs/c/bitbuildr,
planet-x-fx-bv,https://www.artstation.com/jobs/c/planet-x-fx-bv,
fade-visuals,https://www.artstation.com/jobs/c/fade-visuals,
comiclabx,https://www.artstation.com/jobs/c/comiclabx,
playnetic,https://www.artstation.com/jobs/c/playnetic,
studiogate,https://www.artstation.com/jobs/c/studiogate,
dream3d,https://www.artstation.com/jobs/c/dream3d,
alternate-games,https://www.artstation.com/jobs/c/alternate-games,
glorify-app,https://www.artstation.com/jobs/c/glorify-app,
piomotion,https://www.artstation.com/jobs/c/piomotion,
shining-isle-productions,https://www.artstation.com/jobs/c/shining-isle-productions,
sony-immersive-music-studios,https://www.artstation.com/jobs/c/sony-immersive-music-studios,
h3m,https://www.artstation.com/jobs/c/h3m,
julezphoto,https://www.artstation.com/jobs/c/julezphoto,
blue-whale-enterprises-llc,https://www.artstation.com/jobs/c/blue-whale-enterprises-llc,
lightcraft-technology-inc,https://www.artstation.com/jobs/c/lightcraft-technology-inc,
first-edition,https://www.artstation.com/jobs/c/first-edition,
leeds-arts-university-0ae312b4dc957e83,https://www.artstation.com/jobs/c/leeds-arts-university-0ae312b4dc957e83,
borpa-token,https://www.artstation.com/jobs/c/borpa-token,
blizzard-albany,https://www.artstation.com/jobs/c/blizzard-albany,
kamaji,https://www.artstation.com/jobs/c/kamaji,
intercept-games,https://www.artstation.com/jobs/c/intercept-games,
infinite-kingdoms-llc,https://www.artstation.com/jobs/c/infinite-kingdoms-llc,
modmagames,https://www.artstation.com/jobs/c/modmagames,
digipen-institute-of-technology,https://www.artstation.com/jobs/c/digipen-institute-of-technology,
ron-revog-inc,https://www.artstation.com/jobs/c/ron-revog-inc,
tmrw-international-services-kft,https://www.artstation.com/jobs/c/tmrw-international-services-kft,
unplay-inc,https://www.artstation.com/jobs/c/unplay-inc,
present-company,https://www.artstation.com/jobs/c/present-company,
bakerandfriends,https://www.artstation.com/jobs/c/bakerandfriends,
bad-brain-game-studios,https://www.artstation.com/jobs/c/bad-brain-game-studios,
ibloxx-studios-dmcc,https://www.artstation.com/jobs/c/ibloxx-studios-dmcc,
voidpet,https://www.artstation.com/jobs/c/voidpet,
oppai-man,https://www.artstation.com/jobs/c/oppai-man,
demodern-gmbh-cffaf0227715015e,https://www.artstation.com/jobs/c/demodern-gmbh-cffaf0227715015e,
example-studio,https://www.artstation.com/jobs/c/example-studio,
eagle-eyed-tiger,https://www.artstation.com/jobs/c/eagle-eyed-tiger,
lycan-software,https://www.artstation.com/jobs/c/lycan-software,
cliff-garten-studio,https://www.artstation.com/jobs/c/cliff-garten-studio,
ea-sports-fa5a40dec867f013,https://www.artstation.com/jobs/c/ea-sports-fa5a40dec867f013,
anduril,https://www.artstation.com/jobs/c/anduril,
1atelier,https://www.artstation.com/jobs/c/1atelier,
aot-ski,https://www.artstation.com/jobs/c/aot-ski,
sesshin,https://www.artstation.com/jobs/c/sesshin,
gloss-envision,https://www.artstation.com/jobs/c/gloss-envision,
dressx,https://www.artstation.com/jobs/c/dressx,
parabolic-studio,https://www.artstation.com/jobs/c/parabolic-studio,
1-atelier,https://www.artstation.com/jobs/c/1-atelier,
animalunae,https://www.artstation.com/jobs/c/animalunae,
jonah-philip-kaplan,https://www.artstation.com/jobs/c/jonah-philip-kaplan,
nimbleworkforce,https://www.artstation.com/jobs/c/nimbleworkforce,
snowed-in-studios,https://www.artstation.com/jobs/c/snowed-in-studios,
wizcorp,https://www.artstation.com/jobs/c/wizcorp,
ecosapien-studios,https://www.artstation.com/jobs/c/ecosapien-studios,
the-dragon-trappers-lodge-1fcc512b92362daa,https://www.artstation.com/jobs/c/the-dragon-trappers-lodge-1fcc512b92362daa,
maschinen-mensch-ug-haftungsbeschr-nkt,https://www.artstation.com/jobs/c/maschinen-mensch-ug-haftungsbeschr-nkt,
creative-doorway-08d632a187e69c6b,https://www.artstation.com/jobs/c/creative-doorway-08d632a187e69c6b,
carbonated-2e19524144db0efc,https://www.artstation.com/jobs/c/carbonated-2e19524144db0efc,
volta-studio,https://www.artstation.com/jobs/c/volta-studio,
visual-square-limited,https://www.artstation.com/jobs/c/visual-square-limited,
transperfect-gaming,https://www.artstation.com/jobs/c/transperfect-gaming,
glip,https://www.artstation.com/jobs/c/glip,
quorum,https://www.artstation.com/jobs/c/quorum,
riot-games-singapore,https://www.artstation.com/jobs/c/riot-games-singapore,
labx-nas,https://www.artstation.com/jobs/c/labx-nas,
futurlab-54ea0100265be4c4,https://www.artstation.com/jobs/c/futurlab-54ea0100265be4c4,
volka-games,https://www.artstation.com/jobs/c/volka-games,
sword-and-wand-a088707f0489e788,https://www.artstation.com/jobs/c/sword-and-wand-a088707f0489e788,
chillchat,https://www.artstation.com/jobs/c/chillchat,
lost-learning,https://www.artstation.com/jobs/c/lost-learning,
aardvark-swift-recruitment-limited,https://www.artstation.com/jobs/c/aardvark-swift-recruitment-limited,
monokel-studio,https://www.artstation.com/jobs/c/monokel-studio,
king-billy,https://www.artstation.com/jobs/c/king-billy,
parea-labs,https://www.artstation.com/jobs/c/parea-labs,
science-inc,https://www.artstation.com/jobs/c/science-inc,
new-test-studio,https://www.artstation.com/jobs/c/new-test-studio,
unbroken-studios-2,https://www.artstation.com/jobs/c/unbroken-studios-2,
mempoverse,https://www.artstation.com/jobs/c/mempoverse,
classic-racks-company,https://www.artstation.com/jobs/c/classic-racks-company,
goodplay,https://www.artstation.com/jobs/c/goodplay,
havas-people-limited,https://www.artstation.com/jobs/c/havas-people-limited,
netease-games-montreal-inc,https://www.artstation.com/jobs/c/netease-games-montreal-inc,
superduper3,https://www.artstation.com/jobs/c/superduper3,
galestorm-games,https://www.artstation.com/jobs/c/galestorm-games,
aristocrat-technologies-gimmie-games-studio,https://www.artstation.com/jobs/c/aristocrat-technologies-gimmie-games-studio,
chum-breon-s-company,https://www.artstation.com/jobs/c/chum-breon-s-company,
bou-oy,https://www.artstation.com/jobs/c/bou-oy,
novablocks,https://www.artstation.com/jobs/c/novablocks,
yuanbo-s-company,https://www.artstation.com/jobs/c/yuanbo-s-company,
enverstudio,https://www.artstation.com/jobs/c/enverstudio,
locoplayers,https://www.artstation.com/jobs/c/locoplayers,
h2vl,https://www.artstation.com/jobs/c/h2vl,
chuhai-labs,https://www.artstation.com/jobs/c/chuhai-labs,
sistemas-inmersivos-digitales,https://www.artstation.com/jobs/c/sistemas-inmersivos-digitales,
abertay-university,https://www.artstation.com/jobs/c/abertay-university,
luni-design,https://www.artstation.com/jobs/c/luni-design,
greensky-games-studio,https://www.artstation.com/jobs/c/greensky-games-studio,
test-empty-studio,https://www.artstation.com/jobs/c/test-empty-studio,
third-fiction-publishing,https://www.artstation.com/jobs/c/third-fiction-publishing,
tat-studio,https://www.artstation.com/jobs/c/tat-studio,
nicefilm,https://www.artstation.com/jobs/c/nicefilm,
holofair,https://www.artstation.com/jobs/c/holofair,
delabs,https://www.artstation.com/jobs/c/delabs,
funplus-2,https://www.artstation.com/jobs/c/funplus-2,
spectarium-games,https://www.artstation.com/jobs/c/spectarium-games,
bazelevs,https://www.artstation.com/jobs/c/bazelevs,
fortis-games-3,https://www.artstation.com/jobs/c/fortis-games-3,
fortis-games-2,https://www.artstation.com/jobs/c/fortis-games-2,
hacksaw-studios-ab,https://www.artstation.com/jobs/c/hacksaw-studios-ab,
treehouse-digital,https://www.artstation.com/jobs/c/treehouse-digital,
bax-digital-gmbh,https://www.artstation.com/jobs/c/bax-digital-gmbh,
playstation-studios-creative-arts,https://www.artstation.com/jobs/c/playstation-studios-creative-arts,
hypgames-inc,https://www.artstation.com/jobs/c/hypgames-inc,
many-hands-spc,https://www.artstation.com/jobs/c/many-hands-spc,
maduxx-inc,https://www.artstation.com/jobs/c/maduxx-inc,
the-university-of-texas-at-austin,https://www.artstation.com/jobs/c/the-university-of-texas-at-austin,
muus-collective,https://www.artstation.com/jobs/c/muus-collective,
jobs-dubaipolice-s-company,https://www.artstation.com/jobs/c/jobs-dubaipolice-s-company,
brainspark-games-ltd,https://www.artstation.com/jobs/c/brainspark-games-ltd,
resn-2,https://www.artstation.com/jobs/c/resn-2,
weta-fx-s-company,https://www.artstation.com/jobs/c/weta-fx-s-company,
robot-sunrise,https://www.artstation.com/jobs/c/robot-sunrise,
wb-games-inc,https://www.artstation.com/jobs/c/wb-games-inc,
ball-state-university,https://www.artstation.com/jobs/c/ball-state-university,
mrstudios,https://www.artstation.com/jobs/c/mrstudios,
image47-gmbh,https://www.artstation.com/jobs/c/image47-gmbh,
closer-2021-limited,https://www.artstation.com/jobs/c/closer-2021-limited,
koin-games-inc,https://www.artstation.com/jobs/c/koin-games-inc,
rr-entertainment,https://www.artstation.com/jobs/c/rr-entertainment,
sidefx-2,https://www.artstation.com/jobs/c/sidefx-2,
morning-crescent,https://www.artstation.com/jobs/c/morning-crescent,
drexel-university,https://www.artstation.com/jobs/c/drexel-university,
mass-virtual,https://www.artstation.com/jobs/c/mass-virtual,
phenotype,https://www.artstation.com/jobs/c/phenotype,
insaineack-s-company,https://www.artstation.com/jobs/c/insaineack-s-company,
redstorm-fashion-agency-t-a-brandlab-360,https://www.artstation.com/jobs/c/redstorm-fashion-agency-t-a-brandlab-360,
animo-games-studio,https://www.artstation.com/jobs/c/animo-games-studio,
maliyo-games,https://www.artstation.com/jobs/c/maliyo-games,
itech-media-solutions,https://www.artstation.com/jobs/c/itech-media-solutions,
wilder-world-2,https://www.artstation.com/jobs/c/wilder-world-2,
playrx,https://www.artstation.com/jobs/c/playrx,
runes-studio,https://www.artstation.com/jobs/c/runes-studio,
cookapps_recruit,https://www.artstation.com/jobs/c/cookapps_recruit,
sundog_games,https://www.artstation.com/jobs/c/sundog_games,
genesis,https://www.artstation.com/jobs/c/genesis,
lostproject,https://www.artstation.com/jobs/c/lostproject,
data-protocol,https://www.artstation.com/jobs/c/data-protocol,
do-ho-ltd,https://www.artstation.com/jobs/c/do-ho-ltd,
optillusion-games,https://www.artstation.com/jobs/c/optillusion-games,
great-wolf-resorts,https://www.artstation.com/jobs/c/great-wolf-resorts,
kaiko-gmbh,https://www.artstation.com/jobs/c/kaiko-gmbh,
mega-monument-studio,https://www.artstation.com/jobs/c/mega-monument-studio,
crazy-rock-limited,https://www.artstation.com/jobs/c/crazy-rock-limited,
bigger-games,https://www.artstation.com/jobs/c/bigger-games,
poly-haven,https://www.artstation.com/jobs/c/poly-haven,
leto-games,https://www.artstation.com/jobs/c/leto-games,
trellis-labs-inc,https://www.artstation.com/jobs/c/trellis-labs-inc,
laserunicorns,https://www.artstation.com/jobs/c/laserunicorns,
savvy-games-studios,https://www.artstation.com/jobs/c/savvy-games-studios,
ltb-studio,https://www.artstation.com/jobs/c/ltb-studio,
untitled-productions-amp-entertainment,https://www.artstation.com/jobs/c/untitled-productions-amp-entertainment,
university-of-north-texas,https://www.artstation.com/jobs/c/university-of-north-texas,
wild-capture-inc,https://www.artstation.com/jobs/c/wild-capture-inc,
dogubomb-inc,https://www.artstation.com/jobs/c/dogubomb-inc,
hextle,https://www.artstation.com/jobs/c/hextle,
abvacious-vibe,https://www.artstation.com/jobs/c/abvacious-vibe,
blkdnm,https://www.artstation.com/jobs/c/blkdnm,
brandcraft,https://www.artstation.com/jobs/c/brandcraft,
gameplay-galaxy-inc,https://www.artstation.com/jobs/c/gameplay-galaxy-inc,
giving-solutions,https://www.artstation.com/jobs/c/giving-solutions,
good-game-devs,https://www.artstation.com/jobs/c/good-game-devs,
roarty-digital-inc-2,https://www.artstation.com/jobs/c/roarty-digital-inc-2,
done-marketing-real-estate,https://www.artstation.com/jobs/c/done-marketing-real-estate,
methodical-games,https://www.artstation.com/jobs/c/methodical-games,
saxon-goodrick-s-company,https://www.artstation.com/jobs/c/saxon-goodrick-s-company,
nintendo-of-america-inc,https://www.artstation.com/jobs/c/nintendo-of-america-inc,
light-amp-wonder,https://www.artstation.com/jobs/c/light-amp-wonder,
thecorp,https://www.artstation.com/jobs/c/thecorp,
altigi-gmbh-new-moon-production,https://www.artstation.com/jobs/c/altigi-gmbh-new-moon-production,
sideshow,https://www.artstation.com/jobs/c/sideshow,
hidden-leaf-games-inc,https://www.artstation.com/jobs/c/hidden-leaf-games-inc,
beyond-creative-limited,https://www.artstation.com/jobs/c/beyond-creative-limited,
fragmentgames,https://www.artstation.com/jobs/c/fragmentgames,
nolabel-sp-z-o-o,https://www.artstation.com/jobs/c/nolabel-sp-z-o-o,
bruce-b-corporate-communication-gmbh,https://www.artstation.com/jobs/c/bruce-b-corporate-communication-gmbh,
wbgamesuk,https://www.artstation.com/jobs/c/wbgamesuk,
foundry-gaming-llc,https://www.artstation.com/jobs/c/foundry-gaming-llc,
ecosapiens,https://www.artstation.com/jobs/c/ecosapiens,
samantha-s-company,https://www.artstation.com/jobs/c/samantha-s-company,
artema-labs,https://www.artstation.com/jobs/c/artema-labs,
rob-s-company-2,https://www.artstation.com/jobs/c/rob-s-company-2,
nanoreality,https://www.artstation.com/jobs/c/nanoreality,
reflektor-digital,https://www.artstation.com/jobs/c/reflektor-digital,
chromatic-games-2,https://www.artstation.com/jobs/c/chromatic-games-2,
illfonic-3,https://www.artstation.com/jobs/c/illfonic-3,
fluyo,https://www.artstation.com/jobs/c/fluyo,
wallethack,https://www.artstation.com/jobs/c/wallethack,
apocalypse-studios-inc,https://www.artstation.com/jobs/c/apocalypse-studios-inc,
hyperion-realms,https://www.artstation.com/jobs/c/hyperion-realms,
edenspiel,https://www.artstation.com/jobs/c/edenspiel,
retro-hunters,https://www.artstation.com/jobs/c/retro-hunters,
dalton-r-company,https://www.artstation.com/jobs/c/dalton-r-company,
pencil-studio,https://www.artstation.com/jobs/c/pencil-studio,
adrenaline-shots-comics,https://www.artstation.com/jobs/c/adrenaline-shots-comics,
plexus,https://www.artstation.com/jobs/c/plexus,
blockcolabs,https://www.artstation.com/jobs/c/blockcolabs,
peacecity-amtoc-omnimedia,https://www.artstation.com/jobs/c/peacecity-amtoc-omnimedia,
sunchoi,https://www.artstation.com/jobs/c/sunchoi,
loric-games,https://www.artstation.com/jobs/c/loric-games,
booongo-gaming,https://www.artstation.com/jobs/c/booongo-gaming,
final-mouse,https://www.artstation.com/jobs/c/final-mouse,
encultured-ai-s-company,https://www.artstation.com/jobs/c/encultured-ai-s-company,
sunfuture,https://www.artstation.com/jobs/c/sunfuture,
very-very-spaceship,https://www.artstation.com/jobs/c/very-very-spaceship,
don-vs-dodo,https://www.artstation.com/jobs/c/don-vs-dodo,
mindwalk,https://www.artstation.com/jobs/c/mindwalk,
hivemind,https://www.artstation.com/jobs/c/hivemind,
feedmelight,https://www.artstation.com/jobs/c/feedmelight,
eiwa-ai,https://www.artstation.com/jobs/c/eiwa-ai,
k5factory,https://www.artstation.com/jobs/c/k5factory,
meld-labs-pte-ltd,https://www.artstation.com/jobs/c/meld-labs-pte-ltd,
d-wok-srl,https://www.artstation.com/jobs/c/d-wok-srl,
mxtter,https://www.artstation.com/jobs/c/mxtter,
barbro-invest-kft,https://www.artstation.com/jobs/c/barbro-invest-kft,
blackshark-ai-gmbh-2,https://www.artstation.com/jobs/c/blackshark-ai-gmbh-2,
karta-creative,https://www.artstation.com/jobs/c/karta-creative,
good-secrets-co,https://www.artstation.com/jobs/c/good-secrets-co,
jetson,https://www.artstation.com/jobs/c/jetson,
debond-protocol,https://www.artstation.com/jobs/c/debond-protocol,
blacksteam-design,https://www.artstation.com/jobs/c/blacksteam-design,
allan-hancock-college,https://www.artstation.com/jobs/c/allan-hancock-college,
techsparq,https://www.artstation.com/jobs/c/techsparq,
tom-vaillant,https://www.artstation.com/jobs/c/tom-vaillant,
inspire-art-studio,https://www.artstation.com/jobs/c/inspire-art-studio,
pixaera,https://www.artstation.com/jobs/c/pixaera,
moontech-development,https://www.artstation.com/jobs/c/moontech-development,
infinite-mana-games-ab,https://www.artstation.com/jobs/c/infinite-mana-games-ab,
take-two-interactive-2,https://www.artstation.com/jobs/c/take-two-interactive-2,
persistant-studios-popcornfx,https://www.artstation.com/jobs/c/persistant-studios-popcornfx,
rock-monk-studios,https://www.artstation.com/jobs/c/rock-monk-studios,
improbable-worlds,https://www.artstation.com/jobs/c/improbable-worlds,
stefan-s-company,https://www.artstation.com/jobs/c/stefan-s-company,
keywords-shanghai-information-technology-limited-beijing-branch,https://www.artstation.com/jobs/c/keywords-shanghai-information-technology-limited-beijing-branch,
maple-house,https://www.artstation.com/jobs/c/maple-house,
scottsdale-mint,https://www.artstation.com/jobs/c/scottsdale-mint,
3dphotoworks-tactileimages-com,https://www.artstation.com/jobs/c/3dphotoworks-tactileimages-com,
phntm,https://www.artstation.com/jobs/c/phntm,
johnny-grosh-s-company,https://www.artstation.com/jobs/c/johnny-grosh-s-company,
next-gen-dreams-3d,https://www.artstation.com/jobs/c/next-gen-dreams-3d,
alex-lewis-s-company,https://www.artstation.com/jobs/c/alex-lewis-s-company,
jaguar-land-rover,https://www.artstation.com/jobs/c/jaguar-land-rover,
rpgmatch,https://www.artstation.com/jobs/c/rpgmatch,
scattershot,https://www.artstation.com/jobs/c/scattershot,
youenn-b,https://www.artstation.com/jobs/c/youenn-b,
herculean-creations,https://www.artstation.com/jobs/c/herculean-creations,
image-flux,https://www.artstation.com/jobs/c/image-flux,
freelance-test,https://www.artstation.com/jobs/c/freelance-test,
codeway,https://www.artstation.com/jobs/c/codeway,
tinyrex-games,https://www.artstation.com/jobs/c/tinyrex-games,
milky-tea-limited,https://www.artstation.com/jobs/c/milky-tea-limited,
tooplay-internet-reklam-hizmetleri-ticaret-a-s,https://www.artstation.com/jobs/c/tooplay-internet-reklam-hizmetleri-ticaret-a-s,
beresnev-s-r-o,https://www.artstation.com/jobs/c/beresnev-s-r-o,
agrupa-global-talent,https://www.artstation.com/jobs/c/agrupa-global-talent,
the-media-school-at-indiana-university,https://www.artstation.com/jobs/c/the-media-school-at-indiana-university,
nfinite-app,https://www.artstation.com/jobs/c/nfinite-app,
chaksoft,https://www.artstation.com/jobs/c/chaksoft,
classdojo-2,https://www.artstation.com/jobs/c/classdojo-2,
sentient-art,https://www.artstation.com/jobs/c/sentient-art,
safehouse,https://www.artstation.com/jobs/c/safehouse,
spiralyze,https://www.artstation.com/jobs/c/spiralyze,
thecluworld,https://www.artstation.com/jobs/c/thecluworld,
star-sight-labs-llc,https://www.artstation.com/jobs/c/star-sight-labs-llc,
troverse,https://www.artstation.com/jobs/c/troverse,
doberman-pictures,https://www.artstation.com/jobs/c/doberman-pictures,
gamma-interactive-llc,https://www.artstation.com/jobs/c/gamma-interactive-llc,
waste-creative-2,https://www.artstation.com/jobs/c/waste-creative-2,
rivet-games-limited,https://www.artstation.com/jobs/c/rivet-games-limited,
corvus-belli-sl,https://www.artstation.com/jobs/c/corvus-belli-sl,
gallium-studios-2,https://www.artstation.com/jobs/c/gallium-studios-2,
hgroupllc,https://www.artstation.com/jobs/c/hgroupllc,
new-vorld,https://www.artstation.com/jobs/c/new-vorld,
tj3-history-llc,https://www.artstation.com/jobs/c/tj3-history-llc,
insightglobal,https://www.artstation.com/jobs/c/insightglobal,
stormy-nights-interactive-llc,https://www.artstation.com/jobs/c/stormy-nights-interactive-llc,
blue-ocean-entertainment-ag,https://www.artstation.com/jobs/c/blue-ocean-entertainment-ag,
123qwe,https://www.artstation.com/jobs/c/123qwe,
moniker-llc,https://www.artstation.com/jobs/c/moniker-llc,
azazaz,https://www.artstation.com/jobs/c/azazaz,
raw-umber-studios,https://www.artstation.com/jobs/c/raw-umber-studios,
visual-monkey,https://www.artstation.com/jobs/c/visual-monkey,
alpha-3d,https://www.artstation.com/jobs/c/alpha-3d,
xp-foundry,https://www.artstation.com/jobs/c/xp-foundry,
intouch-ltd,https://www.artstation.com/jobs/c/intouch-ltd,
procreate,https://www.artstation.com/jobs/c/procreate,
daussault-systemes-americas-corp,https://www.artstation.com/jobs/c/daussault-systemes-americas-corp,
long-lost-friends-s-company,https://www.artstation.com/jobs/c/long-lost-friends-s-company,
black-forest-games-gmbh-2,https://www.artstation.com/jobs/c/black-forest-games-gmbh-2,
mainsequence-games,https://www.artstation.com/jobs/c/mainsequence-games,
daedalic-entertainment-gmbh,https://www.artstation.com/jobs/c/daedalic-entertainment-gmbh,
barnstormer-media,https://www.artstation.com/jobs/c/barnstormer-media,
antler-interactive-ab-2,https://www.artstation.com/jobs/c/antler-interactive-ab-2,
pitch-dev-studios-s-company,https://www.artstation.com/jobs/c/pitch-dev-studios-s-company,
afrowhale,https://www.artstation.com/jobs/c/afrowhale,
stelian-s-company,https://www.artstation.com/jobs/c/stelian-s-company,
gourgion-ltd,https://www.artstation.com/jobs/c/gourgion-ltd,
uku-wtf,https://www.artstation.com/jobs/c/uku-wtf,
rockmonk-studios,https://www.artstation.com/jobs/c/rockmonk-studios,
3rd-book,https://www.artstation.com/jobs/c/3rd-book,
ucl-institute-of-education,https://www.artstation.com/jobs/c/ucl-institute-of-education,
elysium-game-studio,https://www.artstation.com/jobs/c/elysium-game-studio,
the-gang-sweden-ab,https://www.artstation.com/jobs/c/the-gang-sweden-ab,
furrow-studio,https://www.artstation.com/jobs/c/furrow-studio,
humbl-inc,https://www.artstation.com/jobs/c/humbl-inc,
miss-wolf-ag,https://www.artstation.com/jobs/c/miss-wolf-ag,
atp-club-s-company,https://www.artstation.com/jobs/c/atp-club-s-company,
unseen-tokyo,https://www.artstation.com/jobs/c/unseen-tokyo,
peanutgames,https://www.artstation.com/jobs/c/peanutgames,
matthew-s-company-2,https://www.artstation.com/jobs/c/matthew-s-company-2,
8-circuit-studios,https://www.artstation.com/jobs/c/8-circuit-studios,
crystal-dynamics-inc,https://www.artstation.com/jobs/c/crystal-dynamics-inc,
taiyaki-studio,https://www.artstation.com/jobs/c/taiyaki-studio,
silver-creek-films-s-company,https://www.artstation.com/jobs/c/silver-creek-films-s-company,
mirthful-exuberance-s-company,https://www.artstation.com/jobs/c/mirthful-exuberance-s-company,
studio-gyris,https://www.artstation.com/jobs/c/studio-gyris,
ichen-art-academy,https://www.artstation.com/jobs/c/ichen-art-academy,
future-of-film,https://www.artstation.com/jobs/c/future-of-film,
ricrym,https://www.artstation.com/jobs/c/ricrym,
logdotzip,https://www.artstation.com/jobs/c/logdotzip,
dorado-games,https://www.artstation.com/jobs/c/dorado-games,
shrapnel,https://www.artstation.com/jobs/c/shrapnel,
kai-inc,https://www.artstation.com/jobs/c/kai-inc,
superteam-games,https://www.artstation.com/jobs/c/superteam-games,
animeta-viral-ideas,https://www.artstation.com/jobs/c/animeta-viral-ideas,
unit9-ltd,https://www.artstation.com/jobs/c/unit9-ltd,
zirnworks,https://www.artstation.com/jobs/c/zirnworks,
bonsaiproducitons,https://www.artstation.com/jobs/c/bonsaiproducitons,
space-rat-studios-2,https://www.artstation.com/jobs/c/space-rat-studios-2,
yume-toys,https://www.artstation.com/jobs/c/yume-toys,
answers-in-genesis,https://www.artstation.com/jobs/c/answers-in-genesis,
global-worldwide-2,https://www.artstation.com/jobs/c/global-worldwide-2,
baya-dynamics-ltd,https://www.artstation.com/jobs/c/baya-dynamics-ltd,
project-aurora,https://www.artstation.com/jobs/c/project-aurora,
sviper-gmbh,https://www.artstation.com/jobs/c/sviper-gmbh,
where-space,https://www.artstation.com/jobs/c/where-space,
disney-media-entertainment,https://www.artstation.com/jobs/c/disney-media-entertainment,
push-gaming-2,https://www.artstation.com/jobs/c/push-gaming-2,
crowdform,https://www.artstation.com/jobs/c/crowdform,
paradigm-building-co,https://www.artstation.com/jobs/c/paradigm-building-co,
metacore-2,https://www.artstation.com/jobs/c/metacore-2,
holoride-gmbh,https://www.artstation.com/jobs/c/holoride-gmbh,
bosi-art-studios,https://www.artstation.com/jobs/c/bosi-art-studios,
syzygy-labs,https://www.artstation.com/jobs/c/syzygy-labs,
raum-visionen,https://www.artstation.com/jobs/c/raum-visionen,
gameloft-14,https://www.artstation.com/jobs/c/gameloft-14,
keen-games-gmbh,https://www.artstation.com/jobs/c/keen-games-gmbh,
quantum-works,https://www.artstation.com/jobs/c/quantum-works,
magnus-muscle,https://www.artstation.com/jobs/c/magnus-muscle,
funky-vine,https://www.artstation.com/jobs/c/funky-vine,
wolftech-visuals,https://www.artstation.com/jobs/c/wolftech-visuals,
dicesol,https://www.artstation.com/jobs/c/dicesol,
rare-ltd-2,https://www.artstation.com/jobs/c/rare-ltd-2,
rony-yitzhaki-s-company,https://www.artstation.com/jobs/c/rony-yitzhaki-s-company,
arcane-tinmen,https://www.artstation.com/jobs/c/arcane-tinmen,
quartsoft,https://www.artstation.com/jobs/c/quartsoft,
finfinag,https://www.artstation.com/jobs/c/finfinag,
wishboxmedia,https://www.artstation.com/jobs/c/wishboxmedia,
apollyon-corp,https://www.artstation.com/jobs/c/apollyon-corp,
eric-carter-s-company,https://www.artstation.com/jobs/c/eric-carter-s-company,
mint-labs,https://www.artstation.com/jobs/c/mint-labs,
national-football-league-nfl,https://www.artstation.com/jobs/c/national-football-league-nfl,
atmta-inc,https://www.artstation.com/jobs/c/atmta-inc,
srf-consulting,https://www.artstation.com/jobs/c/srf-consulting,
sky-engine-limited,https://www.artstation.com/jobs/c/sky-engine-limited,
hokk-finance,https://www.artstation.com/jobs/c/hokk-finance,
plant_street_studios,https://www.artstation.com/jobs/c/plant_street_studios,
noble-steed-games-pte-ltd,https://www.artstation.com/jobs/c/noble-steed-games-pte-ltd,
frostisen-studio,https://www.artstation.com/jobs/c/frostisen-studio,
trucefilms,https://www.artstation.com/jobs/c/trucefilms,
chibi-club,https://www.artstation.com/jobs/c/chibi-club,
teravision-games,https://www.artstation.com/jobs/c/teravision-games,
status-effect,https://www.artstation.com/jobs/c/status-effect,
studio-gobo-2,https://www.artstation.com/jobs/c/studio-gobo-2,
g4al,https://www.artstation.com/jobs/c/g4al,
wildxyz,https://www.artstation.com/jobs/c/wildxyz,
pictureplane,https://www.artstation.com/jobs/c/pictureplane,
silkroad-studios-aps,https://www.artstation.com/jobs/c/silkroad-studios-aps,
agreeya-solutions,https://www.artstation.com/jobs/c/agreeya-solutions,
iracing-com-motorsport-simulations-llc,https://www.artstation.com/jobs/c/iracing-com-motorsport-simulations-llc,
arcadiasoftware,https://www.artstation.com/jobs/c/arcadiasoftware,
sassanfar-productions,https://www.artstation.com/jobs/c/sassanfar-productions,
roboto-games,https://www.artstation.com/jobs/c/roboto-games,
geotech,https://www.artstation.com/jobs/c/geotech,
ceek,https://www.artstation.com/jobs/c/ceek,
max-mint,https://www.artstation.com/jobs/c/max-mint,
dreamwalk-llc,https://www.artstation.com/jobs/c/dreamwalk-llc,
bohemia-interactive-simulations-k-s,https://www.artstation.com/jobs/c/bohemia-interactive-simulations-k-s,
compulsion_games,https://www.artstation.com/jobs/c/compulsion_games,
55555-11111-s-company,https://www.artstation.com/jobs/c/55555-11111-s-company,
digikraft-io,https://www.artstation.com/jobs/c/digikraft-io,
grayscott,https://www.artstation.com/jobs/c/grayscott,
keen-software-house-s-r-o,https://www.artstation.com/jobs/c/keen-software-house-s-r-o,
brightsparks-studio,https://www.artstation.com/jobs/c/brightsparks-studio,
tattoo-smart,https://www.artstation.com/jobs/c/tattoo-smart,
asterious-labs-llc,https://www.artstation.com/jobs/c/asterious-labs-llc,
fury-s-company,https://www.artstation.com/jobs/c/fury-s-company,
jessica-kantor-s-company,https://www.artstation.com/jobs/c/jessica-kantor-s-company,
joepegs,https://www.artstation.com/jobs/c/joepegs,
cryptopia,https://www.artstation.com/jobs/c/cryptopia,
mattescapestudios_ab,https://www.artstation.com/jobs/c/mattescapestudios_ab,
anastasiia-maslennikowa,https://www.artstation.com/jobs/c/anastasiia-maslennikowa,
armored-storyteller,https://www.artstation.com/jobs/c/armored-storyteller,
liquidx,https://www.artstation.com/jobs/c/liquidx,
sciepro,https://www.artstation.com/jobs/c/sciepro,
chessx,https://www.artstation.com/jobs/c/chessx,
degendojonft,https://www.artstation.com/jobs/c/degendojonft,
mediacraft,https://www.artstation.com/jobs/c/mediacraft,
aquifer,https://www.artstation.com/jobs/c/aquifer,
55-s-pixels,https://www.artstation.com/jobs/c/55-s-pixels,
stovetop-holdings,https://www.artstation.com/jobs/c/stovetop-holdings,
fyx-gaming,https://www.artstation.com/jobs/c/fyx-gaming,
virtual-production-house-vancouver,https://www.artstation.com/jobs/c/virtual-production-house-vancouver,
hauzd,https://www.artstation.com/jobs/c/hauzd,
visualnoveler,https://www.artstation.com/jobs/c/visualnoveler,
cyberarts-studios,https://www.artstation.com/jobs/c/cyberarts-studios,
nextrend-gmbh,https://www.artstation.com/jobs/c/nextrend-gmbh,
wolf-pack-group,https://www.artstation.com/jobs/c/wolf-pack-group,
please-remove,https://www.artstation.com/jobs/c/please-remove,
windwalk-games,https://www.artstation.com/jobs/c/windwalk-games,
yak-inc-s-company,https://www.artstation.com/jobs/c/yak-inc-s-company,
three-towers,https://www.artstation.com/jobs/c/three-towers,
316labs,https://www.artstation.com/jobs/c/316labs,
walkerlabs,https://www.artstation.com/jobs/c/walkerlabs,
onyx-studio-pte-ltd,https://www.artstation.com/jobs/c/onyx-studio-pte-ltd,
polyworld,https://www.artstation.com/jobs/c/polyworld,
dragonfly-studio,https://www.artstation.com/jobs/c/dragonfly-studio,
astro-project,https://www.artstation.com/jobs/c/astro-project,
bold-maker-llc,https://www.artstation.com/jobs/c/bold-maker-llc,
magicaltekworld,https://www.artstation.com/jobs/c/magicaltekworld,
say-days-ago-band-s-company,https://www.artstation.com/jobs/c/say-days-ago-band-s-company,
boomtv-inc,https://www.artstation.com/jobs/c/boomtv-inc,
1minus1,https://www.artstation.com/jobs/c/1minus1,
chainmyth,https://www.artstation.com/jobs/c/chainmyth,
future-house-music,https://www.artstation.com/jobs/c/future-house-music,
warducks-4,https://www.artstation.com/jobs/c/warducks-4,
faraway,https://www.artstation.com/jobs/c/faraway,
lockheed-martin-rms,https://www.artstation.com/jobs/c/lockheed-martin-rms,
thornhenge,https://www.artstation.com/jobs/c/thornhenge,
nomads-of-korsun-project-llc,https://www.artstation.com/jobs/c/nomads-of-korsun-project-llc,
ryan-h-s-company,https://www.artstation.com/jobs/c/ryan-h-s-company,
ascend-learning-art,https://www.artstation.com/jobs/c/ascend-learning-art,
bad-billy,https://www.artstation.com/jobs/c/bad-billy,
yiliuba-art,https://www.artstation.com/jobs/c/yiliuba-art,
puga-studios-ltda,https://www.artstation.com/jobs/c/puga-studios-ltda,
watchnetwork,https://www.artstation.com/jobs/c/watchnetwork,
bitreactor,https://www.artstation.com/jobs/c/bitreactor,
mediator-media,https://www.artstation.com/jobs/c/mediator-media,
adliven,https://www.artstation.com/jobs/c/adliven,
hacksawgaming,https://www.artstation.com/jobs/c/hacksawgaming,
atelier-daruma,https://www.artstation.com/jobs/c/atelier-daruma,
tiny-wizard-studio,https://www.artstation.com/jobs/c/tiny-wizard-studio,
test-company-1,https://www.artstation.com/jobs/c/test-company-1,
inkarnate,https://www.artstation.com/jobs/c/inkarnate,
sawhorse-interactive,https://www.artstation.com/jobs/c/sawhorse-interactive,
blooket,https://www.artstation.com/jobs/c/blooket,
paradigmlost,https://www.artstation.com/jobs/c/paradigmlost,
perfect-storm-studios,https://www.artstation.com/jobs/c/perfect-storm-studios,
hololux,https://www.artstation.com/jobs/c/hololux,
mentaverse,https://www.artstation.com/jobs/c/mentaverse,
sanity-check,https://www.artstation.com/jobs/c/sanity-check,
fluffnest,https://www.artstation.com/jobs/c/fluffnest,
adliven-inc,https://www.artstation.com/jobs/c/adliven-inc,
game-circus-llc-2,https://www.artstation.com/jobs/c/game-circus-llc-2,
gamomat-development-gmbh,https://www.artstation.com/jobs/c/gamomat-development-gmbh,
natural-synthetics-inc,https://www.artstation.com/jobs/c/natural-synthetics-inc,
baamboozle,https://www.artstation.com/jobs/c/baamboozle,
my-token-space,https://www.artstation.com/jobs/c/my-token-space,
adrenu,https://www.artstation.com/jobs/c/adrenu,
darien-s-company,https://www.artstation.com/jobs/c/darien-s-company,
auntie-doge-llc,https://www.artstation.com/jobs/c/auntie-doge-llc,
valiantentertainment,https://www.artstation.com/jobs/c/valiantentertainment,
dreamsail-games-2,https://www.artstation.com/jobs/c/dreamsail-games-2,
inibuilds,https://www.artstation.com/jobs/c/inibuilds,
aggrandis-group,https://www.artstation.com/jobs/c/aggrandis-group,
bones-battalion,https://www.artstation.com/jobs/c/bones-battalion,
bring-it-on,https://www.artstation.com/jobs/c/bring-it-on,
manofspirit,https://www.artstation.com/jobs/c/manofspirit,
nft-pixel-project,https://www.artstation.com/jobs/c/nft-pixel-project,
mcfarlane-toys-tmp,https://www.artstation.com/jobs/c/mcfarlane-toys-tmp,
anybodies-inc,https://www.artstation.com/jobs/c/anybodies-inc,
stress-globe,https://www.artstation.com/jobs/c/stress-globe,
wichitastateuniversity-schoolofdigitalarts,https://www.artstation.com/jobs/c/wichitastateuniversity-schoolofdigitalarts,
tamatem-inc,https://www.artstation.com/jobs/c/tamatem-inc,
cruel-man-studio,https://www.artstation.com/jobs/c/cruel-man-studio,
the-web3-project,https://www.artstation.com/jobs/c/the-web3-project,
critical-mass,https://www.artstation.com/jobs/c/critical-mass,
customuse-ltd,https://www.artstation.com/jobs/c/customuse-ltd,
candy-valley-network-gmbh,https://www.artstation.com/jobs/c/candy-valley-network-gmbh,
christian-colletti-s-company,https://www.artstation.com/jobs/c/christian-colletti-s-company,
syn-studio-concept-art-school,https://www.artstation.com/jobs/c/syn-studio-concept-art-school,
green-campus,https://www.artstation.com/jobs/c/green-campus,
otherside-entertainment-2,https://www.artstation.com/jobs/c/otherside-entertainment-2,
test-company,https://www.artstation.com/jobs/c/test-company,
10-city,https://www.artstation.com/jobs/c/10-city,
9tales,https://www.artstation.com/jobs/c/9tales,
5daovz-company,https://www.artstation.com/jobs/c/5daovz-company,
east-side-games-group,https://www.artstation.com/jobs/c/east-side-games-group,
ironwill,https://www.artstation.com/jobs/c/ironwill,
roleverse,https://www.artstation.com/jobs/c/roleverse,
playlunch-games,https://www.artstation.com/jobs/c/playlunch-games,
mediaboostr-ltd,https://www.artstation.com/jobs/c/mediaboostr-ltd,
metatheory-inc,https://www.artstation.com/jobs/c/metatheory-inc,
heartflow,https://www.artstation.com/jobs/c/heartflow,
battlebound,https://www.artstation.com/jobs/c/battlebound,
humanoidstudios,https://www.artstation.com/jobs/c/humanoidstudios,
x-flow-ltd,https://www.artstation.com/jobs/c/x-flow-ltd,
worldwide-webb,https://www.artstation.com/jobs/c/worldwide-webb,
sky-mavis,https://www.artstation.com/jobs/c/sky-mavis,
neuroplay-therapeutics,https://www.artstation.com/jobs/c/neuroplay-therapeutics,
versus-metaverse,https://www.artstation.com/jobs/c/versus-metaverse,
metalvx,https://www.artstation.com/jobs/c/metalvx,
quiver,https://www.artstation.com/jobs/c/quiver,
playdust,https://www.artstation.com/jobs/c/playdust,
nanotribe-gmbh,https://www.artstation.com/jobs/c/nanotribe-gmbh,
fluidtrends,https://www.artstation.com/jobs/c/fluidtrends,
rivolta,https://www.artstation.com/jobs/c/rivolta,
awesomic-io,https://www.artstation.com/jobs/c/awesomic-io,
limit-break,https://www.artstation.com/jobs/c/limit-break,
conquest-of-clashers,https://www.artstation.com/jobs/c/conquest-of-clashers,
futurespace-labs-limited,https://www.artstation.com/jobs/c/futurespace-labs-limited,
gemini-sectest-s-company,https://www.artstation.com/jobs/c/gemini-sectest-s-company,
airking,https://www.artstation.com/jobs/c/airking,
indoappsec-gt,https://www.artstation.com/jobs/c/indoappsec-gt,
osso-vr,https://www.artstation.com/jobs/c/osso-vr,
epigraph-llc,https://www.artstation.com/jobs/c/epigraph-llc,
prophecy-games,https://www.artstation.com/jobs/c/prophecy-games,
brownbricks,https://www.artstation.com/jobs/c/brownbricks,
activelymike-s-company,https://www.artstation.com/jobs/c/activelymike-s-company,
blackice-studios,https://www.artstation.com/jobs/c/blackice-studios,
coegyr,https://www.artstation.com/jobs/c/coegyr,
defend-redcon,https://www.artstation.com/jobs/c/defend-redcon,
metawin,https://www.artstation.com/jobs/c/metawin,
para-bellum-wargames,https://www.artstation.com/jobs/c/para-bellum-wargames,
bulbul,https://www.artstation.com/jobs/c/bulbul,
media-school-at-indiana-university,https://www.artstation.com/jobs/c/media-school-at-indiana-university,
charlie-wu-s-company,https://www.artstation.com/jobs/c/charlie-wu-s-company,
steamforged-games-ltd,https://www.artstation.com/jobs/c/steamforged-games-ltd,
gaming-reborn-studio,https://www.artstation.com/jobs/c/gaming-reborn-studio,
robot-squid,https://www.artstation.com/jobs/c/robot-squid,
gulag,https://www.artstation.com/jobs/c/gulag,
postcard-game-studio,https://www.artstation.com/jobs/c/postcard-game-studio,
indigo-studios-llc,https://www.artstation.com/jobs/c/indigo-studios-llc,
ballast,https://www.artstation.com/jobs/c/ballast,
aether-games-inc,https://www.artstation.com/jobs/c/aether-games-inc,
virtualverse,https://www.artstation.com/jobs/c/virtualverse,
zoan-oy,https://www.artstation.com/jobs/c/zoan-oy,
orbofi,https://www.artstation.com/jobs/c/orbofi,
game_art_brain,https://www.artstation.com/jobs/c/game_art_brain,
vizcom,https://www.artstation.com/jobs/c/vizcom,
hiroshi-district,https://www.artstation.com/jobs/c/hiroshi-district,
final-strike-games-2,https://www.artstation.com/jobs/c/final-strike-games-2,
neonight,https://www.artstation.com/jobs/c/neonight,
gokudo,https://www.artstation.com/jobs/c/gokudo,
nyamakop,https://www.artstation.com/jobs/c/nyamakop,
nxrmal-art-inc,https://www.artstation.com/jobs/c/nxrmal-art-inc,
the-digital-pets-company-ltd,https://www.artstation.com/jobs/c/the-digital-pets-company-ltd,
quell-tech-ltd,https://www.artstation.com/jobs/c/quell-tech-ltd,
rockheart-studios-ab,https://www.artstation.com/jobs/c/rockheart-studios-ab,
enver-studio,https://www.artstation.com/jobs/c/enver-studio,
limitless-flight,https://www.artstation.com/jobs/c/limitless-flight,
digital-innovative-design-and-technology-center,https://www.artstation.com/jobs/c/digital-innovative-design-and-technology-center,
mocreative-pte-ltd,https://www.artstation.com/jobs/c/mocreative-pte-ltd,
timothy-dwyer-s-company,https://www.artstation.com/jobs/c/timothy-dwyer-s-company,
my_story_animated,https://www.artstation.com/jobs/c/my_story_animated,
liquidsolidstudios,https://www.artstation.com/jobs/c/liquidsolidstudios,
hezreel-robertson-studios-s-company,https://www.artstation.com/jobs/c/hezreel-robertson-studios-s-company,
reflection-games-inc,https://www.artstation.com/jobs/c/reflection-games-inc,
frame48,https://www.artstation.com/jobs/c/frame48,
1518-studios,https://www.artstation.com/jobs/c/1518-studios,
spooky-studios,https://www.artstation.com/jobs/c/spooky-studios,
genius-3d-department,https://www.artstation.com/jobs/c/genius-3d-department,
blacklist-creative,https://www.artstation.com/jobs/c/blacklist-creative,
bnr-nyc,https://www.artstation.com/jobs/c/bnr-nyc,
santa-barbara-games,https://www.artstation.com/jobs/c/santa-barbara-games,
shell-s-company,https://www.artstation.com/jobs/c/shell-s-company,
webaverse,https://www.artstation.com/jobs/c/webaverse,
toast_vr,https://www.artstation.com/jobs/c/toast_vr,
oblio,https://www.artstation.com/jobs/c/oblio,
movers-amp-shakers-nyc,https://www.artstation.com/jobs/c/movers-amp-shakers-nyc,
pixel-1,https://www.artstation.com/jobs/c/pixel-1,
the-talent-code,https://www.artstation.com/jobs/c/the-talent-code,
palindrome-interactive,https://www.artstation.com/jobs/c/palindrome-interactive,
virtual-realms-co-ltd,https://www.artstation.com/jobs/c/virtual-realms-co-ltd,
darkverse-online,https://www.artstation.com/jobs/c/darkverse-online,
nekopon-city-s-company,https://www.artstation.com/jobs/c/nekopon-city-s-company,
ideamachine-studio,https://www.artstation.com/jobs/c/ideamachine-studio,
big-head-animation,https://www.artstation.com/jobs/c/big-head-animation,
elias-tupper-s-company,https://www.artstation.com/jobs/c/elias-tupper-s-company,
seanachai-pictures,https://www.artstation.com/jobs/c/seanachai-pictures,
spasm-gaming,https://www.artstation.com/jobs/c/spasm-gaming,
griever,https://www.artstation.com/jobs/c/griever,
omer-3d,https://www.artstation.com/jobs/c/omer-3d,
movella,https://www.artstation.com/jobs/c/movella,
ironbelly-studios-inc,https://www.artstation.com/jobs/c/ironbelly-studios-inc,
animatic-media,https://www.artstation.com/jobs/c/animatic-media,
hyper-online-inc,https://www.artstation.com/jobs/c/hyper-online-inc,
atlas-bay-vr,https://www.artstation.com/jobs/c/atlas-bay-vr,
komi-games-inc,https://www.artstation.com/jobs/c/komi-games-inc,
ceg-production-services,https://www.artstation.com/jobs/c/ceg-production-services,
team21studio,https://www.artstation.com/jobs/c/team21studio,
dystians,https://www.artstation.com/jobs/c/dystians,
weta-workshop-limited,https://www.artstation.com/jobs/c/weta-workshop-limited,
ptw-international-uk-limited,https://www.artstation.com/jobs/c/ptw-international-uk-limited,
glancingeye,https://www.artstation.com/jobs/c/glancingeye,
xalter-2,https://www.artstation.com/jobs/c/xalter-2,
cosmic-forces-inc,https://www.artstation.com/jobs/c/cosmic-forces-inc,
patriots-division,https://www.artstation.com/jobs/c/patriots-division,
ethan-allen-global-inc,https://www.artstation.com/jobs/c/ethan-allen-global-inc,
skylinez,https://www.artstation.com/jobs/c/skylinez,
mintlab,https://www.artstation.com/jobs/c/mintlab,
layers-of-chaos,https://www.artstation.com/jobs/c/layers-of-chaos,
project-midas,https://www.artstation.com/jobs/c/project-midas,
crimson-sky-ltd,https://www.artstation.com/jobs/c/crimson-sky-ltd,
falcons-creative-group,https://www.artstation.com/jobs/c/falcons-creative-group,
the-hype-lab,https://www.artstation.com/jobs/c/the-hype-lab,
allure-systems,https://www.artstation.com/jobs/c/allure-systems,
miysis_srl,https://www.artstation.com/jobs/c/miysis_srl,
fueled-on-bacon-2,https://www.artstation.com/jobs/c/fueled-on-bacon-2,
cosmos-creative,https://www.artstation.com/jobs/c/cosmos-creative,
university-of-massachusetts-dartmouth,https://www.artstation.com/jobs/c/university-of-massachusetts-dartmouth,
creator-lab-inc,https://www.artstation.com/jobs/c/creator-lab-inc,
dutch-fort-trading,https://www.artstation.com/jobs/c/dutch-fort-trading,
bravestars-technology-joint-stock-company,https://www.artstation.com/jobs/c/bravestars-technology-joint-stock-company,
wildcapture,https://www.artstation.com/jobs/c/wildcapture,
peanut-hub,https://www.artstation.com/jobs/c/peanut-hub,
copy-cat-clan-nft,https://www.artstation.com/jobs/c/copy-cat-clan-nft,
fueled-on-bacon,https://www.artstation.com/jobs/c/fueled-on-bacon,
poopie-the-cat,https://www.artstation.com/jobs/c/poopie-the-cat,
pawprintproductions,https://www.artstation.com/jobs/c/pawprintproductions,
kinoproductions,https://www.artstation.com/jobs/c/kinoproductions,
vivix,https://www.artstation.com/jobs/c/vivix,
starchain-gazer,https://www.artstation.com/jobs/c/starchain-gazer,
typhur,https://www.artstation.com/jobs/c/typhur,
dreamscape,https://www.artstation.com/jobs/c/dreamscape,
growyourbase-metaventure-studios,https://www.artstation.com/jobs/c/growyourbase-metaventure-studios,
tmg-consulting,https://www.artstation.com/jobs/c/tmg-consulting,
indrasoft,https://www.artstation.com/jobs/c/indrasoft,
hyperscone-interactive,https://www.artstation.com/jobs/c/hyperscone-interactive,
brinkxr,https://www.artstation.com/jobs/c/brinkxr,
structure-fi,https://www.artstation.com/jobs/c/structure-fi,
arryn-grogan-s-company,https://www.artstation.com/jobs/c/arryn-grogan-s-company,
aetherian-studios,https://www.artstation.com/jobs/c/aetherian-studios,
koffeecup-2,https://www.artstation.com/jobs/c/koffeecup-2,
sidus-heroes-company,https://www.artstation.com/jobs/c/sidus-heroes-company,
dreamfuel-games-b-v,https://www.artstation.com/jobs/c/dreamfuel-games-b-v,
mintlabs,https://www.artstation.com/jobs/c/mintlabs,
bad-creature-society,https://www.artstation.com/jobs/c/bad-creature-society,
sharon-barela-yaoi-revolution,https://www.artstation.com/jobs/c/sharon-barela-yaoi-revolution,
slingshot-finance,https://www.artstation.com/jobs/c/slingshot-finance,
leonardo-garcia-s-company,https://www.artstation.com/jobs/c/leonardo-garcia-s-company,
gameloft-budapest,https://www.artstation.com/jobs/c/gameloft-budapest,
czepeku-ltd,https://www.artstation.com/jobs/c/czepeku-ltd,
heartsblaze,https://www.artstation.com/jobs/c/heartsblaze,
wachajack,https://www.artstation.com/jobs/c/wachajack,
agency-lab,https://www.artstation.com/jobs/c/agency-lab,
atomic-art-llc,https://www.artstation.com/jobs/c/atomic-art-llc,
krafton-santa-monica-pubg,https://www.artstation.com/jobs/c/krafton-santa-monica-pubg,
davide-erba,https://www.artstation.com/jobs/c/davide-erba,
ddiggit-jobs,https://www.artstation.com/jobs/c/ddiggit-jobs,
multinft,https://www.artstation.com/jobs/c/multinft,
betsquare,https://www.artstation.com/jobs/c/betsquare,
sockmonkey-studios,https://www.artstation.com/jobs/c/sockmonkey-studios,
well-told-entertainment,https://www.artstation.com/jobs/c/well-told-entertainment,
bungie-5,https://www.artstation.com/jobs/c/bungie-5,
imagicorps,https://www.artstation.com/jobs/c/imagicorps,
rough-draft-studios-recruiter,https://www.artstation.com/jobs/c/rough-draft-studios-recruiter,
dickies,https://www.artstation.com/jobs/c/dickies,
timberland,https://www.artstation.com/jobs/c/timberland,
the-north-face,https://www.artstation.com/jobs/c/the-north-face,
vans-jobs,https://www.artstation.com/jobs/c/vans-jobs,
bebopbee,https://www.artstation.com/jobs/c/bebopbee,
ronrevog,https://www.artstation.com/jobs/c/ronrevog,
gallium-studios,https://www.artstation.com/jobs/c/gallium-studios,
warducks-3,https://www.artstation.com/jobs/c/warducks-3,
sowlmate,https://www.artstation.com/jobs/c/sowlmate,
kuppaverse,https://www.artstation.com/jobs/c/kuppaverse,
sup-inc,https://www.artstation.com/jobs/c/sup-inc,
saloon-labs,https://www.artstation.com/jobs/c/saloon-labs,
libel-studios-sas,https://www.artstation.com/jobs/c/libel-studios-sas,
beast-burst-entertainment-jsc,https://www.artstation.com/jobs/c/beast-burst-entertainment-jsc,
moonverse-pty-ltd,https://www.artstation.com/jobs/c/moonverse-pty-ltd,
web3-studio,https://www.artstation.com/jobs/c/web3-studio,
odious-ltd,https://www.artstation.com/jobs/c/odious-ltd,
meta-sportsbook,https://www.artstation.com/jobs/c/meta-sportsbook,
3vandals,https://www.artstation.com/jobs/c/3vandals,
gritty-studio,https://www.artstation.com/jobs/c/gritty-studio,
ajion-corp,https://www.artstation.com/jobs/c/ajion-corp,
cafecosmos,https://www.artstation.com/jobs/c/cafecosmos,
tuque-games-3,https://www.artstation.com/jobs/c/tuque-games-3,
satoshis-games,https://www.artstation.com/jobs/c/satoshis-games,
trey-smith-s-company,https://www.artstation.com/jobs/c/trey-smith-s-company,
cgtrader,https://www.artstation.com/jobs/c/cgtrader,
extended-gmbh,https://www.artstation.com/jobs/c/extended-gmbh,
augminted-labs,https://www.artstation.com/jobs/c/augminted-labs,
dansy-pe-s-company,https://www.artstation.com/jobs/c/dansy-pe-s-company,
arkadium-2,https://www.artstation.com/jobs/c/arkadium-2,
nft-metaverse,https://www.artstation.com/jobs/c/nft-metaverse,
777collective,https://www.artstation.com/jobs/c/777collective,
sandfuglen-ou,https://www.artstation.com/jobs/c/sandfuglen-ou,
highstreet,https://www.artstation.com/jobs/c/highstreet,
gi-p-s-company,https://www.artstation.com/jobs/c/gi-p-s-company,
neverunknown,https://www.artstation.com/jobs/c/neverunknown,
palm-nft-studio,https://www.artstation.com/jobs/c/palm-nft-studio,
madrock-games,https://www.artstation.com/jobs/c/madrock-games,
alikhan-mexman-s-company,https://www.artstation.com/jobs/c/alikhan-mexman-s-company,
jacobs-engineering-group,https://www.artstation.com/jobs/c/jacobs-engineering-group,
to-the-sky,https://www.artstation.com/jobs/c/to-the-sky,
michael-mouyal-s-company,https://www.artstation.com/jobs/c/michael-mouyal-s-company,
impossible-objects,https://www.artstation.com/jobs/c/impossible-objects,
intellisavvy,https://www.artstation.com/jobs/c/intellisavvy,
wild-wild-west,https://www.artstation.com/jobs/c/wild-wild-west,
the-fabulous-sa,https://www.artstation.com/jobs/c/the-fabulous-sa,
eleventh-hour-games-inc,https://www.artstation.com/jobs/c/eleventh-hour-games-inc,
designschule-1-0-gmbh,https://www.artstation.com/jobs/c/designschule-1-0-gmbh,
tmrw,https://www.artstation.com/jobs/c/tmrw,
dot9-games,https://www.artstation.com/jobs/c/dot9-games,
cecilia-s-company-2,https://www.artstation.com/jobs/c/cecilia-s-company-2,
harder-online-groeien,https://www.artstation.com/jobs/c/harder-online-groeien,
cecilia-s-company,https://www.artstation.com/jobs/c/cecilia-s-company,
upstairs-games,https://www.artstation.com/jobs/c/upstairs-games,
nolimitbv,https://www.artstation.com/jobs/c/nolimitbv,
wildmeta,https://www.artstation.com/jobs/c/wildmeta,
salix-games-ltd,https://www.artstation.com/jobs/c/salix-games-ltd,
todd-ireland-s-company,https://www.artstation.com/jobs/c/todd-ireland-s-company,
nft-block,https://www.artstation.com/jobs/c/nft-block,
black-frame,https://www.artstation.com/jobs/c/black-frame,
beyondbola,https://www.artstation.com/jobs/c/beyondbola,
abgast,https://www.artstation.com/jobs/c/abgast,
private-until-interview,https://www.artstation.com/jobs/c/private-until-interview,
distillery-vfx-inc,https://www.artstation.com/jobs/c/distillery-vfx-inc,
meta-nomads,https://www.artstation.com/jobs/c/meta-nomads,
expansion-art-s-company,https://www.artstation.com/jobs/c/expansion-art-s-company,
center-for-spatial-technologies,https://www.artstation.com/jobs/c/center-for-spatial-technologies,
dwayne-walker-s-company,https://www.artstation.com/jobs/c/dwayne-walker-s-company,
vectorface,https://www.artstation.com/jobs/c/vectorface,
tesseractband,https://www.artstation.com/jobs/c/tesseractband,
clockwork-vfx,https://www.artstation.com/jobs/c/clockwork-vfx,
mikes_mods,https://www.artstation.com/jobs/c/mikes_mods,
aexlab,https://www.artstation.com/jobs/c/aexlab,
snail-games-usa,https://www.artstation.com/jobs/c/snail-games-usa,
evolution-of-gaming,https://www.artstation.com/jobs/c/evolution-of-gaming,
gkd-studios,https://www.artstation.com/jobs/c/gkd-studios,
johndemaio,https://www.artstation.com/jobs/c/johndemaio,
woven-planet-holdings-inc,https://www.artstation.com/jobs/c/woven-planet-holdings-inc,
skyweaver-horizon-blockchain-games,https://www.artstation.com/jobs/c/skyweaver-horizon-blockchain-games,
4022-novatopia,https://www.artstation.com/jobs/c/4022-novatopia,
kss-corporation,https://www.artstation.com/jobs/c/kss-corporation,
blockapescissors,https://www.artstation.com/jobs/c/blockapescissors,
weta-workshop-design-studio,https://www.artstation.com/jobs/c/weta-workshop-design-studio,
yaak-technologies,https://www.artstation.com/jobs/c/yaak-technologies,
lumion,https://www.artstation.com/jobs/c/lumion,
3k-elo,https://www.artstation.com/jobs/c/3k-elo,
crealon-media,https://www.artstation.com/jobs/c/crealon-media,
verb-labs,https://www.artstation.com/jobs/c/verb-labs,
beawesome-games,https://www.artstation.com/jobs/c/beawesome-games,
big-thursday-creative,https://www.artstation.com/jobs/c/big-thursday-creative,
behavr-inc,https://www.artstation.com/jobs/c/behavr-inc,
singleframe-ltd,https://www.artstation.com/jobs/c/singleframe-ltd,
awesomic,https://www.artstation.com/jobs/c/awesomic,
metagate,https://www.artstation.com/jobs/c/metagate,
edxn,https://www.artstation.com/jobs/c/edxn,
passiveland,https://www.artstation.com/jobs/c/passiveland,
socians,https://www.artstation.com/jobs/c/socians,
5th-column,https://www.artstation.com/jobs/c/5th-column,
arctic-lynx-games,https://www.artstation.com/jobs/c/arctic-lynx-games,
loc09-s-company,https://www.artstation.com/jobs/c/loc09-s-company,
perblue-3,https://www.artstation.com/jobs/c/perblue-3,
jesse-ozar-s-company-2,https://www.artstation.com/jobs/c/jesse-ozar-s-company-2,
billy-chehab-s-company,https://www.artstation.com/jobs/c/billy-chehab-s-company,
fashion-frens,https://www.artstation.com/jobs/c/fashion-frens,
big-moxi-games,https://www.artstation.com/jobs/c/big-moxi-games,
design-communications,https://www.artstation.com/jobs/c/design-communications,
mycroft-games,https://www.artstation.com/jobs/c/mycroft-games,
infinity-ward-austin,https://www.artstation.com/jobs/c/infinity-ward-austin,
i3_hsv,https://www.artstation.com/jobs/c/i3_hsv,
the-serpent-project,https://www.artstation.com/jobs/c/the-serpent-project,
shokair,https://www.artstation.com/jobs/c/shokair,
steamforged-games,https://www.artstation.com/jobs/c/steamforged-games,
schnell-media-gmbh,https://www.artstation.com/jobs/c/schnell-media-gmbh,
electricgobo,https://www.artstation.com/jobs/c/electricgobo,
nonkistudios,https://www.artstation.com/jobs/c/nonkistudios,
bitcoin_babes,https://www.artstation.com/jobs/c/bitcoin_babes,
nsfw-crypto-art-group,https://www.artstation.com/jobs/c/nsfw-crypto-art-group,
mirai-universe-srl,https://www.artstation.com/jobs/c/mirai-universe-srl,
hydra-enterprise-as,https://www.artstation.com/jobs/c/hydra-enterprise-as,
artfox-studio,https://www.artstation.com/jobs/c/artfox-studio,
mythiccomics,https://www.artstation.com/jobs/c/mythiccomics,
framestore-ny,https://www.artstation.com/jobs/c/framestore-ny,
aeon-xoom,https://www.artstation.com/jobs/c/aeon-xoom,
jadu-ar-inc,https://www.artstation.com/jobs/c/jadu-ar-inc,
ecopenguin,https://www.artstation.com/jobs/c/ecopenguin,
mummy-io-2,https://www.artstation.com/jobs/c/mummy-io-2,
nonfungiblelabs,https://www.artstation.com/jobs/c/nonfungiblelabs,
unloop-real-experiences-lda,https://www.artstation.com/jobs/c/unloop-real-experiences-lda,
ubisoft-chengdu,https://www.artstation.com/jobs/c/ubisoft-chengdu,
mightier-2,https://www.artstation.com/jobs/c/mightier-2,
hewlett-packard,https://www.artstation.com/jobs/c/hewlett-packard,
meshcapade,https://www.artstation.com/jobs/c/meshcapade,
metakey,https://www.artstation.com/jobs/c/metakey,
severn-river-publishing,https://www.artstation.com/jobs/c/severn-river-publishing,
never-engine,https://www.artstation.com/jobs/c/never-engine,
boneyard-entertainment,https://www.artstation.com/jobs/c/boneyard-entertainment,
mitsoftwaredotcom,https://www.artstation.com/jobs/c/mitsoftwaredotcom,
steamlabs-vr,https://www.artstation.com/jobs/c/steamlabs-vr,
dynamo-limited,https://www.artstation.com/jobs/c/dynamo-limited,
tested-media,https://www.artstation.com/jobs/c/tested-media,
player-dao,https://www.artstation.com/jobs/c/player-dao,
speech-graphics,https://www.artstation.com/jobs/c/speech-graphics,
lila-games-bangalore,https://www.artstation.com/jobs/c/lila-games-bangalore,
metasquad,https://www.artstation.com/jobs/c/metasquad,
metatravelers,https://www.artstation.com/jobs/c/metatravelers,
notorious-studios,https://www.artstation.com/jobs/c/notorious-studios,
neha-s-company,https://www.artstation.com/jobs/c/neha-s-company,
games-workshop-2,https://www.artstation.com/jobs/c/games-workshop-2,
pangolin-digital,https://www.artstation.com/jobs/c/pangolin-digital,
jpegg,https://www.artstation.com/jobs/c/jpegg,
reddoordigital,https://www.artstation.com/jobs/c/reddoordigital,
matchplay-games,https://www.artstation.com/jobs/c/matchplay-games,
caveworld,https://www.artstation.com/jobs/c/caveworld,
splinterlands,https://www.artstation.com/jobs/c/splinterlands,
studio-zubio,https://www.artstation.com/jobs/c/studio-zubio,
paris-nft,https://www.artstation.com/jobs/c/paris-nft,
fracturelabs-ou,https://www.artstation.com/jobs/c/fracturelabs-ou,
nine-worlds-studios-gmbh,https://www.artstation.com/jobs/c/nine-worlds-studios-gmbh,
z1capital,https://www.artstation.com/jobs/c/z1capital,
studio-rubin,https://www.artstation.com/jobs/c/studio-rubin,
falb-marketing,https://www.artstation.com/jobs/c/falb-marketing,
shiba-social-club,https://www.artstation.com/jobs/c/shiba-social-club,
iconiq-studios,https://www.artstation.com/jobs/c/iconiq-studios,
zd-business,https://www.artstation.com/jobs/c/zd-business,
marc-cirsovius-s-company,https://www.artstation.com/jobs/c/marc-cirsovius-s-company,
mythbringer-studios,https://www.artstation.com/jobs/c/mythbringer-studios,
brm-agency,https://www.artstation.com/jobs/c/brm-agency,
ninja-syndicate,https://www.artstation.com/jobs/c/ninja-syndicate,
bedrosians,https://www.artstation.com/jobs/c/bedrosians,
gccnft,https://www.artstation.com/jobs/c/gccnft,
yosh-studios,https://www.artstation.com/jobs/c/yosh-studios,
nerd148,https://www.artstation.com/jobs/c/nerd148,
i-apex,https://www.artstation.com/jobs/c/i-apex,
satoshi-design-s-company,https://www.artstation.com/jobs/c/satoshi-design-s-company,
monarch-gaming-llc,https://www.artstation.com/jobs/c/monarch-gaming-llc,
pilotier,https://www.artstation.com/jobs/c/pilotier,
decathlon,https://www.artstation.com/jobs/c/decathlon,
dassault-systemes-global-services-pvt-ltd,https://www.artstation.com/jobs/c/dassault-systemes-global-services-pvt-ltd,
projectnft,https://www.artstation.com/jobs/c/projectnft,
weta-workshop-3,https://www.artstation.com/jobs/c/weta-workshop-3,
kori-inu-s-company,https://www.artstation.com/jobs/c/kori-inu-s-company,
ilan-bouhadana-s-company,https://www.artstation.com/jobs/c/ilan-bouhadana-s-company,
bestforyou,https://www.artstation.com/jobs/c/bestforyou,
aether-ny,https://www.artstation.com/jobs/c/aether-ny,
open-warfare,https://www.artstation.com/jobs/c/open-warfare,
3dqr-gmbh,https://www.artstation.com/jobs/c/3dqr-gmbh,
echo-lima,https://www.artstation.com/jobs/c/echo-lima,
forbidden-studios,https://www.artstation.com/jobs/c/forbidden-studios,
sunwise-games,https://www.artstation.com/jobs/c/sunwise-games,
frost-motion,https://www.artstation.com/jobs/c/frost-motion,
blackjard-softworks,https://www.artstation.com/jobs/c/blackjard-softworks,
5590550587,https://www.artstation.com/jobs/c/5590550587,
auburn-university-at-montgomery,https://www.artstation.com/jobs/c/auburn-university-at-montgomery,
five-knights-productions,https://www.artstation.com/jobs/c/five-knights-productions,
fntastic,https://www.artstation.com/jobs/c/fntastic,
envar-entertainment-ab,https://www.artstation.com/jobs/c/envar-entertainment-ab,
libel-academy,https://www.artstation.com/jobs/c/libel-academy,
kumu-inc,https://www.artstation.com/jobs/c/kumu-inc,
jaigantic-studios,https://www.artstation.com/jobs/c/jaigantic-studios,
endless-clouds-pte-ltd,https://www.artstation.com/jobs/c/endless-clouds-pte-ltd,
wonder-dynamics,https://www.artstation.com/jobs/c/wonder-dynamics,
guzik-artworks-damian-augustyniak,https://www.artstation.com/jobs/c/guzik-artworks-damian-augustyniak,
sabertooth-motor-club,https://www.artstation.com/jobs/c/sabertooth-motor-club,
cyberverseproductions,https://www.artstation.com/jobs/c/cyberverseproductions,
crypto-art-academy-s-company,https://www.artstation.com/jobs/c/crypto-art-academy-s-company,
concept-art-house-inc-2,https://www.artstation.com/jobs/c/concept-art-house-inc-2,
archer-aviation,https://www.artstation.com/jobs/c/archer-aviation,
union-game-studios-s-company,https://www.artstation.com/jobs/c/union-game-studios-s-company,
destrobit-destrocket,https://www.artstation.com/jobs/c/destrobit-destrocket,
kombbo,https://www.artstation.com/jobs/c/kombbo,
al-boom-studios,https://www.artstation.com/jobs/c/al-boom-studios,
fox-animated-engineering,https://www.artstation.com/jobs/c/fox-animated-engineering,
earth-2,https://www.artstation.com/jobs/c/earth-2,
battledrones,https://www.artstation.com/jobs/c/battledrones,
denis-sidorov-s-company,https://www.artstation.com/jobs/c/denis-sidorov-s-company,
pierre-s-company,https://www.artstation.com/jobs/c/pierre-s-company,
broken-anvil-miniatures,https://www.artstation.com/jobs/c/broken-anvil-miniatures,
wonavic,https://www.artstation.com/jobs/c/wonavic,
midoki-ltd,https://www.artstation.com/jobs/c/midoki-ltd,
shamus-mcneil-s-company,https://www.artstation.com/jobs/c/shamus-mcneil-s-company,
a-harold-and-associates,https://www.artstation.com/jobs/c/a-harold-and-associates,
meta-blocks,https://www.artstation.com/jobs/c/meta-blocks,
braver-games,https://www.artstation.com/jobs/c/braver-games,
3dmetadesigns,https://www.artstation.com/jobs/c/3dmetadesigns,
dan-jensen-s-company,https://www.artstation.com/jobs/c/dan-jensen-s-company,
instinct-games,https://www.artstation.com/jobs/c/instinct-games,
gray_death_studios,https://www.artstation.com/jobs/c/gray_death_studios,
lucid-pixel,https://www.artstation.com/jobs/c/lucid-pixel,
nft_launch,https://www.artstation.com/jobs/c/nft_launch,
nfinite-company,https://www.artstation.com/jobs/c/nfinite-company,
big-moxi-llc,https://www.artstation.com/jobs/c/big-moxi-llc,
peter-hibberd-s-company,https://www.artstation.com/jobs/c/peter-hibberd-s-company,
golem-house-2,https://www.artstation.com/jobs/c/golem-house-2,
super7-jobs,https://www.artstation.com/jobs/c/super7-jobs,
syncreality-gmbh,https://www.artstation.com/jobs/c/syncreality-gmbh,
dogeuniverse,https://www.artstation.com/jobs/c/dogeuniverse,
totem-earth,https://www.artstation.com/jobs/c/totem-earth,
quell-tech,https://www.artstation.com/jobs/c/quell-tech,
zeyn-games,https://www.artstation.com/jobs/c/zeyn-games,
si-g-s-company,https://www.artstation.com/jobs/c/si-g-s-company,
liam-broadway-s-company,https://www.artstation.com/jobs/c/liam-broadway-s-company,
swipe-back,https://www.artstation.com/jobs/c/swipe-back,
deep-s-company,https://www.artstation.com/jobs/c/deep-s-company,
psychoactive-studios,https://www.artstation.com/jobs/c/psychoactive-studios,
three-division,https://www.artstation.com/jobs/c/three-division,
ilmfinity,https://www.artstation.com/jobs/c/ilmfinity,
lunar-hare-studios-llc,https://www.artstation.com/jobs/c/lunar-hare-studios-llc,
rotten-tendies,https://www.artstation.com/jobs/c/rotten-tendies,
dmitry-alexander-samoilov,https://www.artstation.com/jobs/c/dmitry-alexander-samoilov,
taloflow,https://www.artstation.com/jobs/c/taloflow,
immersive-ltd-2,https://www.artstation.com/jobs/c/immersive-ltd-2,
dead-mountain-gaming,https://www.artstation.com/jobs/c/dead-mountain-gaming,
space-rat-studios,https://www.artstation.com/jobs/c/space-rat-studios,
university-of-florida-digital-worlds-institute,https://www.artstation.com/jobs/c/university-of-florida-digital-worlds-institute,
active-theory-llc,https://www.artstation.com/jobs/c/active-theory-llc,
rude-robot-studios,https://www.artstation.com/jobs/c/rude-robot-studios,
silverblock-studios,https://www.artstation.com/jobs/c/silverblock-studios,
innovation-first,https://www.artstation.com/jobs/c/innovation-first,
seedworld,https://www.artstation.com/jobs/c/seedworld,
nftproject,https://www.artstation.com/jobs/c/nftproject,
cyberfox-3d-studio,https://www.artstation.com/jobs/c/cyberfox-3d-studio,
timelooper,https://www.artstation.com/jobs/c/timelooper,
youriding,https://www.artstation.com/jobs/c/youriding,
mooncolony_ltd,https://www.artstation.com/jobs/c/mooncolony_ltd,
d-c-s-company,https://www.artstation.com/jobs/c/d-c-s-company,
certified-creative-agency,https://www.artstation.com/jobs/c/certified-creative-agency,
ludufi,https://www.artstation.com/jobs/c/ludufi,
off-chain,https://www.artstation.com/jobs/c/off-chain,
valicy,https://www.artstation.com/jobs/c/valicy,
embibe,https://www.artstation.com/jobs/c/embibe,
wanna,https://www.artstation.com/jobs/c/wanna,
showdown-scholars,https://www.artstation.com/jobs/c/showdown-scholars,
playgig,https://www.artstation.com/jobs/c/playgig,
kinetic-visionjobs,https://www.artstation.com/jobs/c/kinetic-visionjobs,
diana-zhu-s-company,https://www.artstation.com/jobs/c/diana-zhu-s-company,
waterbear-cartoons,https://www.artstation.com/jobs/c/waterbear-cartoons,
b-side-games,https://www.artstation.com/jobs/c/b-side-games,
koromaru-crypto,https://www.artstation.com/jobs/c/koromaru-crypto,
sellou,https://www.artstation.com/jobs/c/sellou,
jenta_games,https://www.artstation.com/jobs/c/jenta_games,
metaverse-7,https://www.artstation.com/jobs/c/metaverse-7,
synergy-studio,https://www.artstation.com/jobs/c/synergy-studio,
unity-technologies-2,https://www.artstation.com/jobs/c/unity-technologies-2,
naolito,https://www.artstation.com/jobs/c/naolito,
qorpo,https://www.artstation.com/jobs/c/qorpo,
abnormal-persistence,https://www.artstation.com/jobs/c/abnormal-persistence,
anvil-frame-studio,https://www.artstation.com/jobs/c/anvil-frame-studio,
sd-palace,https://www.artstation.com/jobs/c/sd-palace,
bernaue,https://www.artstation.com/jobs/c/bernaue,
roll7-2,https://www.artstation.com/jobs/c/roll7-2,
starsprite,https://www.artstation.com/jobs/c/starsprite,
colonize-mars-2,https://www.artstation.com/jobs/c/colonize-mars-2,
solidicon,https://www.artstation.com/jobs/c/solidicon,
toppa,https://www.artstation.com/jobs/c/toppa,
battlefield-studios,https://www.artstation.com/jobs/c/battlefield-studios,
ck-industries-s-company,https://www.artstation.com/jobs/c/ck-industries-s-company,
mothora-game,https://www.artstation.com/jobs/c/mothora-game,
framework-games,https://www.artstation.com/jobs/c/framework-games,
meta-z-inc,https://www.artstation.com/jobs/c/meta-z-inc,
incredible-marketing,https://www.artstation.com/jobs/c/incredible-marketing,
unightllc,https://www.artstation.com/jobs/c/unightllc,
cmd-root,https://www.artstation.com/jobs/c/cmd-root,
mummy-io,https://www.artstation.com/jobs/c/mummy-io,
curedemy,https://www.artstation.com/jobs/c/curedemy,
artbycinema,https://www.artstation.com/jobs/c/artbycinema,
stratosphere-games-gmbh,https://www.artstation.com/jobs/c/stratosphere-games-gmbh,
liquid-ice-studios,https://www.artstation.com/jobs/c/liquid-ice-studios,
rivian,https://www.artstation.com/jobs/c/rivian,
httpsobmicomcareers,https://www.artstation.com/jobs/c/httpsobmicomcareers,
eduweb,https://www.artstation.com/jobs/c/eduweb,
already-been-chewed,https://www.artstation.com/jobs/c/already-been-chewed,
logicaldox-inc,https://www.artstation.com/jobs/c/logicaldox-inc,
nelia-ltd,https://www.artstation.com/jobs/c/nelia-ltd,
culturemill-recruiting,https://www.artstation.com/jobs/c/culturemill-recruiting,
wilder-world,https://www.artstation.com/jobs/c/wilder-world,
plarium_global_ltd,https://www.artstation.com/jobs/c/plarium_global_ltd,
graswald,https://www.artstation.com/jobs/c/graswald,
uppercut-games-2,https://www.artstation.com/jobs/c/uppercut-games-2,
crypto-gaming-studio,https://www.artstation.com/jobs/c/crypto-gaming-studio,
snacks-s-company,https://www.artstation.com/jobs/c/snacks-s-company,
race-sim-studio-ltd,https://www.artstation.com/jobs/c/race-sim-studio-ltd,
studio-z-3d,https://www.artstation.com/jobs/c/studio-z-3d,
amber-studio-sa,https://www.artstation.com/jobs/c/amber-studio-sa,
ves-llc,https://www.artstation.com/jobs/c/ves-llc,
17859902057,https://www.artstation.com/jobs/c/17859902057,
arena-coin,https://www.artstation.com/jobs/c/arena-coin,
black-ace-media,https://www.artstation.com/jobs/c/black-ace-media,
inertia-studios,https://www.artstation.com/jobs/c/inertia-studios,
simons-foundation,https://www.artstation.com/jobs/c/simons-foundation,
oliver-h-d-s-company,https://www.artstation.com/jobs/c/oliver-h-d-s-company,
littlebang,https://www.artstation.com/jobs/c/littlebang,
patagon-digital,https://www.artstation.com/jobs/c/patagon-digital,
starlance-studios-inc,https://www.artstation.com/jobs/c/starlance-studios-inc,
decentrato,https://www.artstation.com/jobs/c/decentrato,
crypto-bros,https://www.artstation.com/jobs/c/crypto-bros,
archvillain-games,https://www.artstation.com/jobs/c/archvillain-games,
alex-s-company-2,https://www.artstation.com/jobs/c/alex-s-company-2,
eyesout,https://www.artstation.com/jobs/c/eyesout,
subara,https://www.artstation.com/jobs/c/subara,
hackerone,https://www.artstation.com/jobs/c/hackerone,
espire-vr-pty-ltd,https://www.artstation.com/jobs/c/espire-vr-pty-ltd,
redstep,https://www.artstation.com/jobs/c/redstep,
lazygiantgames,https://www.artstation.com/jobs/c/lazygiantgames,
garmin,https://www.artstation.com/jobs/c/garmin,
fire-hose-games-2,https://www.artstation.com/jobs/c/fire-hose-games-2,
radicalmedia,https://www.artstation.com/jobs/c/radicalmedia,
dragonbaby,https://www.artstation.com/jobs/c/dragonbaby,
gecko-grenade,https://www.artstation.com/jobs/c/gecko-grenade,
kevin-s-company-5,https://www.artstation.com/jobs/c/kevin-s-company-5,
rashaad-newsome-studio,https://www.artstation.com/jobs/c/rashaad-newsome-studio,
akuma-game-studio,https://www.artstation.com/jobs/c/akuma-game-studio,
gentleman-rat-studios,https://www.artstation.com/jobs/c/gentleman-rat-studios,
gtd-scientific-inc,https://www.artstation.com/jobs/c/gtd-scientific-inc,
dexerto,https://www.artstation.com/jobs/c/dexerto,
rohn-media-gmbh,https://www.artstation.com/jobs/c/rohn-media-gmbh,
ccp_games,https://www.artstation.com/jobs/c/ccp_games,
estoty-vilnius,https://www.artstation.com/jobs/c/estoty-vilnius,
tate-design-group-llc,https://www.artstation.com/jobs/c/tate-design-group-llc,
nicolas-s-company,https://www.artstation.com/jobs/c/nicolas-s-company,
marshall,https://www.artstation.com/jobs/c/marshall,
phantasia,https://www.artstation.com/jobs/c/phantasia,
dappstudios,https://www.artstation.com/jobs/c/dappstudios,
healthscholars,https://www.artstation.com/jobs/c/healthscholars,
jazware-s-company,https://www.artstation.com/jobs/c/jazware-s-company,
animation-time,https://www.artstation.com/jobs/c/animation-time,
eveimages,https://www.artstation.com/jobs/c/eveimages,
black-chicken-studios-inc,https://www.artstation.com/jobs/c/black-chicken-studios-inc,
ggs-company,https://www.artstation.com/jobs/c/ggs-company,
star-stable-entertainment-ab,https://www.artstation.com/jobs/c/star-stable-entertainment-ab,
genesis-team,https://www.artstation.com/jobs/c/genesis-team,
bluehorizon,https://www.artstation.com/jobs/c/bluehorizon,
hdx-transmedia,https://www.artstation.com/jobs/c/hdx-transmedia,
mythic-miniatures,https://www.artstation.com/jobs/c/mythic-miniatures,
2d3dambient,https://www.artstation.com/jobs/c/2d3dambient,
zombiezebras-io,https://www.artstation.com/jobs/c/zombiezebras-io,
gray-design-studio,https://www.artstation.com/jobs/c/gray-design-studio,
cyball,https://www.artstation.com/jobs/c/cyball,
alicompany,https://www.artstation.com/jobs/c/alicompany,
grinding-gear-games-2,https://www.artstation.com/jobs/c/grinding-gear-games-2,
cyber-manufacture-co,https://www.artstation.com/jobs/c/cyber-manufacture-co,
muhammad-faisal-nazir-s-company,https://www.artstation.com/jobs/c/muhammad-faisal-nazir-s-company,
staffordshire-university,https://www.artstation.com/jobs/c/staffordshire-university,
imperialcommerce,https://www.artstation.com/jobs/c/imperialcommerce,
leo-villareal-studio-inc,https://www.artstation.com/jobs/c/leo-villareal-studio-inc,
dimension-studio-1,https://www.artstation.com/jobs/c/dimension-studio-1,
exar-studios,https://www.artstation.com/jobs/c/exar-studios,
gamigo-ag-2,https://www.artstation.com/jobs/c/gamigo-ag-2,
acgnrecruit,https://www.artstation.com/jobs/c/acgnrecruit,
netvrk,https://www.artstation.com/jobs/c/netvrk,
chainwars,https://www.artstation.com/jobs/c/chainwars,
the-electric-studios,https://www.artstation.com/jobs/c/the-electric-studios,
leartes-studios,https://www.artstation.com/jobs/c/leartes-studios,
otafest,https://www.artstation.com/jobs/c/otafest,
mediadesign-hochschule-fur-design-und-informatik-gmbh,https://www.artstation.com/jobs/c/mediadesign-hochschule-fur-design-und-informatik-gmbh,
brotherwisegames,https://www.artstation.com/jobs/c/brotherwisegames,
write-finder,https://www.artstation.com/jobs/c/write-finder,
gold-fever,https://www.artstation.com/jobs/c/gold-fever,
cardania-llc,https://www.artstation.com/jobs/c/cardania-llc,
guard-artwork,https://www.artstation.com/jobs/c/guard-artwork,
picture-wizards,https://www.artstation.com/jobs/c/picture-wizards,
lighthousehorror,https://www.artstation.com/jobs/c/lighthousehorror,
dionysuscompany-entertainment,https://www.artstation.com/jobs/c/dionysuscompany-entertainment,
imagendary,https://www.artstation.com/jobs/c/imagendary,
intelit,https://www.artstation.com/jobs/c/intelit,
lunchbox,https://www.artstation.com/jobs/c/lunchbox,
futurlab-2,https://www.artstation.com/jobs/c/futurlab-2,
gimkit,https://www.artstation.com/jobs/c/gimkit,
pencillati-studios-pvt-ltd,https://www.artstation.com/jobs/c/pencillati-studios-pvt-ltd,
wealth-digital-marketing-pty-ltd,https://www.artstation.com/jobs/c/wealth-digital-marketing-pty-ltd,
aka-virtual,https://www.artstation.com/jobs/c/aka-virtual,
igt-2,https://www.artstation.com/jobs/c/igt-2,
sparkypants-2,https://www.artstation.com/jobs/c/sparkypants-2,
soluis-group,https://www.artstation.com/jobs/c/soluis-group,
dream-syndicate,https://www.artstation.com/jobs/c/dream-syndicate,
n-ix-game-and-vr-studio,https://www.artstation.com/jobs/c/n-ix-game-and-vr-studio,
tim-rey-s-company,https://www.artstation.com/jobs/c/tim-rey-s-company,
ultraverse-games,https://www.artstation.com/jobs/c/ultraverse-games,
splitting-point-studios,https://www.artstation.com/jobs/c/splitting-point-studios,
industrial-light-amp-magic,https://www.artstation.com/jobs/c/industrial-light-amp-magic,
sigma-studios,https://www.artstation.com/jobs/c/sigma-studios,
mooner-labs,https://www.artstation.com/jobs/c/mooner-labs,
rasun-labs,https://www.artstation.com/jobs/c/rasun-labs,
greenpixel-ltd,https://www.artstation.com/jobs/c/greenpixel-ltd,
shawnee,https://www.artstation.com/jobs/c/shawnee,
riven-rock-projects,https://www.artstation.com/jobs/c/riven-rock-projects,
kohn-pedersen-fox,https://www.artstation.com/jobs/c/kohn-pedersen-fox,
73pixel,https://www.artstation.com/jobs/c/73pixel,
ourworldstudio,https://www.artstation.com/jobs/c/ourworldstudio,
digital-vikings,https://www.artstation.com/jobs/c/digital-vikings,
dungeon-in-a-box-3,https://www.artstation.com/jobs/c/dungeon-in-a-box-3,
void-elementals,https://www.artstation.com/jobs/c/void-elementals,
zoopsquid,https://www.artstation.com/jobs/c/zoopsquid,
cookapps,https://www.artstation.com/jobs/c/cookapps,
inzerodesign,https://www.artstation.com/jobs/c/inzerodesign,
let-there-be-2,https://www.artstation.com/jobs/c/let-there-be-2,
3dcs,https://www.artstation.com/jobs/c/3dcs,
raion-games-s-a,https://www.artstation.com/jobs/c/raion-games-s-a,
dreamscapers-publishing-inc,https://www.artstation.com/jobs/c/dreamscapers-publishing-inc,
aurelio-voltaire,https://www.artstation.com/jobs/c/aurelio-voltaire,
innerparakeet,https://www.artstation.com/jobs/c/innerparakeet,
simonsfoundation,https://www.artstation.com/jobs/c/simonsfoundation,
ernesto-s-company,https://www.artstation.com/jobs/c/ernesto-s-company,
splashhq,https://www.artstation.com/jobs/c/splashhq,
phil-m,https://www.artstation.com/jobs/c/phil-m,
project-change,https://www.artstation.com/jobs/c/project-change,
grim-rabbit-games,https://www.artstation.com/jobs/c/grim-rabbit-games,
robot-style-games-inc,https://www.artstation.com/jobs/c/robot-style-games-inc,
kongregate-inc,https://www.artstation.com/jobs/c/kongregate-inc,
the-bradford-hammacher-group,https://www.artstation.com/jobs/c/the-bradford-hammacher-group,
originator-inc,https://www.artstation.com/jobs/c/originator-inc,
sincere-cavalier-games,https://www.artstation.com/jobs/c/sincere-cavalier-games,
aspect-film-and-video-ltd,https://www.artstation.com/jobs/c/aspect-film-and-video-ltd,
gavyn-bryan-s-company,https://www.artstation.com/jobs/c/gavyn-bryan-s-company,
spacecowboy-games,https://www.artstation.com/jobs/c/spacecowboy-games,
maere-studios,https://www.artstation.com/jobs/c/maere-studios,
visible-body,https://www.artstation.com/jobs/c/visible-body,
rlt-inc,https://www.artstation.com/jobs/c/rlt-inc,
tianrui-zhao-s-company,https://www.artstation.com/jobs/c/tianrui-zhao-s-company,
survios-inc,https://www.artstation.com/jobs/c/survios-inc,
fvckrender,https://www.artstation.com/jobs/c/fvckrender,
evil-algorithm-llc,https://www.artstation.com/jobs/c/evil-algorithm-llc,
amazevr,https://www.artstation.com/jobs/c/amazevr,
rgentertainment,https://www.artstation.com/jobs/c/rgentertainment,
ubisoft-sydney,https://www.artstation.com/jobs/c/ubisoft-sydney,
harpercollins-publishers,https://www.artstation.com/jobs/c/harpercollins-publishers,
promethean-ai,https://www.artstation.com/jobs/c/promethean-ai,
good-dog-studios,https://www.artstation.com/jobs/c/good-dog-studios,
afro-algorithms,https://www.artstation.com/jobs/c/afro-algorithms,
mattescape-studios,https://www.artstation.com/jobs/c/mattescape-studios,
run-studios,https://www.artstation.com/jobs/c/run-studios,
wannapanda,https://www.artstation.com/jobs/c/wannapanda,
academy-of-interactive-entertainment,https://www.artstation.com/jobs/c/academy-of-interactive-entertainment,
ubisoft-osaka,https://www.artstation.com/jobs/c/ubisoft-osaka,
pixorize,https://www.artstation.com/jobs/c/pixorize,
about-dave-school,https://www.artstation.com/jobs/c/about-dave-school,
stellenausschreibungen,https://www.artstation.com/jobs/c/stellenausschreibungen,
brutal-company-llc,https://www.artstation.com/jobs/c/brutal-company-llc,
block-labs,https://www.artstation.com/jobs/c/block-labs,
the-endless-co-2,https://www.artstation.com/jobs/c/the-endless-co-2,
replica-studios,https://www.artstation.com/jobs/c/replica-studios,
rocky-mountain-college-of-art-design,https://www.artstation.com/jobs/c/rocky-mountain-college-of-art-design,
7tam,https://www.artstation.com/jobs/c/7tam,
other-world,https://www.artstation.com/jobs/c/other-world,
turn-me-royal,https://www.artstation.com/jobs/c/turn-me-royal,
dumstuff,https://www.artstation.com/jobs/c/dumstuff,
zombie-orpheus,https://www.artstation.com/jobs/c/zombie-orpheus,
garena-india-s-company,https://www.artstation.com/jobs/c/garena-india-s-company,
figurama-collectors,https://www.artstation.com/jobs/c/figurama-collectors,
chrislocho-s-company,https://www.artstation.com/jobs/c/chrislocho-s-company,
super7,https://www.artstation.com/jobs/c/super7,
7virtueswellness,https://www.artstation.com/jobs/c/7virtueswellness,
turtleme-llc,https://www.artstation.com/jobs/c/turtleme-llc,
lila-games,https://www.artstation.com/jobs/c/lila-games,
found-studio,https://www.artstation.com/jobs/c/found-studio,
mount-olympus-comics,https://www.artstation.com/jobs/c/mount-olympus-comics,
royal-division,https://www.artstation.com/jobs/c/royal-division,
toadswishers-inc,https://www.artstation.com/jobs/c/toadswishers-inc,
mimmox,https://www.artstation.com/jobs/c/mimmox,
marketscale,https://www.artstation.com/jobs/c/marketscale,
xdr-s-company,https://www.artstation.com/jobs/c/xdr-s-company,
lucky-maneki,https://www.artstation.com/jobs/c/lucky-maneki,
sjr-research-llc,https://www.artstation.com/jobs/c/sjr-research-llc,
minerva-319,https://www.artstation.com/jobs/c/minerva-319,
a4vr-gmbh,https://www.artstation.com/jobs/c/a4vr-gmbh,
nightscape,https://www.artstation.com/jobs/c/nightscape,
creator-ink,https://www.artstation.com/jobs/c/creator-ink,
lucid-games-ltd,https://www.artstation.com/jobs/c/lucid-games-ltd,
hakjak-studios,https://www.artstation.com/jobs/c/hakjak-studios,
happymushroom,https://www.artstation.com/jobs/c/happymushroom,
nex-team,https://www.artstation.com/jobs/c/nex-team,
flying-wild-hog-studios,https://www.artstation.com/jobs/c/flying-wild-hog-studios,
artstuff,https://www.artstation.com/jobs/c/artstuff,
little-red-dog-games,https://www.artstation.com/jobs/c/little-red-dog-games,
gentlegiantstudios,https://www.artstation.com/jobs/c/gentlegiantstudios,
transfr,https://www.artstation.com/jobs/c/transfr,
helio-games,https://www.artstation.com/jobs/c/helio-games,
antiquely,https://www.artstation.com/jobs/c/antiquely,
mightier,https://www.artstation.com/jobs/c/mightier,
makevision-media-ugmakevisionmakevision,https://www.artstation.com/jobs/c/makevision-media-ugmakevisionmakevision,
ikonospace,https://www.artstation.com/jobs/c/ikonospace,
ideomotor-culture-media-co-ltd,https://www.artstation.com/jobs/c/ideomotor-culture-media-co-ltd,
h-amp-m,https://www.artstation.com/jobs/c/h-amp-m,
liquid-animation,https://www.artstation.com/jobs/c/liquid-animation,
agrupaglobal,https://www.artstation.com/jobs/c/agrupaglobal,
gritworld-gmbh,https://www.artstation.com/jobs/c/gritworld-gmbh,
morehead-planetarium,https://www.artstation.com/jobs/c/morehead-planetarium,
infuse-studio-llc,https://www.artstation.com/jobs/c/infuse-studio-llc,
ossovr-s-company,https://www.artstation.com/jobs/c/ossovr-s-company,
vela-career,https://www.artstation.com/jobs/c/vela-career,
agency-mj-llc,https://www.artstation.com/jobs/c/agency-mj-llc,
tekuchi,https://www.artstation.com/jobs/c/tekuchi,
lumeto,https://www.artstation.com/jobs/c/lumeto,
levitsky-studio,https://www.artstation.com/jobs/c/levitsky-studio,
ringzero-game-studio-ltd-2,https://www.artstation.com/jobs/c/ringzero-game-studio-ltd-2,
evermore-shore,https://www.artstation.com/jobs/c/evermore-shore,
nifty-games-inc,https://www.artstation.com/jobs/c/nifty-games-inc,
embry-riddle-aeronautical-university,https://www.artstation.com/jobs/c/embry-riddle-aeronautical-university,
east-side-games-2,https://www.artstation.com/jobs/c/east-side-games-2,
simwave,https://www.artstation.com/jobs/c/simwave,
touchten,https://www.artstation.com/jobs/c/touchten,
the-multiplayer-guys,https://www.artstation.com/jobs/c/the-multiplayer-guys,
yellowfly,https://www.artstation.com/jobs/c/yellowfly,
circuitsandshields,https://www.artstation.com/jobs/c/circuitsandshields,
amazon-studios,https://www.artstation.com/jobs/c/amazon-studios,
backyard-productions,https://www.artstation.com/jobs/c/backyard-productions,
lulea-university-of-technology,https://www.artstation.com/jobs/c/lulea-university-of-technology,
workplay-labs,https://www.artstation.com/jobs/c/workplay-labs,
imerza,https://www.artstation.com/jobs/c/imerza,
distinctive-developments-ltd,https://www.artstation.com/jobs/c/distinctive-developments-ltd,
oppo-us,https://www.artstation.com/jobs/c/oppo-us,
teemu-vfx,https://www.artstation.com/jobs/c/teemu-vfx,
davigogame,https://www.artstation.com/jobs/c/davigogame,
intouch-games-ltd,https://www.artstation.com/jobs/c/intouch-games-ltd,
creative-doorway,https://www.artstation.com/jobs/c/creative-doorway,
sola-digital-arts,https://www.artstation.com/jobs/c/sola-digital-arts,
liberate-the-money,https://www.artstation.com/jobs/c/liberate-the-money,
gas-commercial,https://www.artstation.com/jobs/c/gas-commercial,
noice,https://www.artstation.com/jobs/c/noice,
stageverse,https://www.artstation.com/jobs/c/stageverse,
tesseract-studios-ou,https://www.artstation.com/jobs/c/tesseract-studios-ou,
envar-entertainment,https://www.artstation.com/jobs/c/envar-entertainment,
laescenavirtual,https://www.artstation.com/jobs/c/laescenavirtual,
university-of-tampa,https://www.artstation.com/jobs/c/university-of-tampa,
weappy,https://www.artstation.com/jobs/c/weappy,
decentraland,https://www.artstation.com/jobs/c/decentraland,
hrmagdev-s-company,https://www.artstation.com/jobs/c/hrmagdev-s-company,
outform,https://www.artstation.com/jobs/c/outform,
chengdu-legou-technology-co-ltd,https://www.artstation.com/jobs/c/chengdu-legou-technology-co-ltd,
vng-corporation,https://www.artstation.com/jobs/c/vng-corporation,
adobe-aero,https://www.artstation.com/jobs/c/adobe-aero,
datagen,https://www.artstation.com/jobs/c/datagen,
paul-montgomery,https://www.artstation.com/jobs/c/paul-montgomery,
yami-illusions-ent-llc,https://www.artstation.com/jobs/c/yami-illusions-ent-llc,
godwin-media,https://www.artstation.com/jobs/c/godwin-media,
notiontheory,https://www.artstation.com/jobs/c/notiontheory,
bimaire,https://www.artstation.com/jobs/c/bimaire,
rtfkt,https://www.artstation.com/jobs/c/rtfkt,
pocket-gems-3,https://www.artstation.com/jobs/c/pocket-gems-3,
legendary-play,https://www.artstation.com/jobs/c/legendary-play,
super-plus-ultra-llc,https://www.artstation.com/jobs/c/super-plus-ultra-llc,
gungho-online-entertainment-america-inc,https://www.artstation.com/jobs/c/gungho-online-entertainment-america-inc,
cityscape-digital,https://www.artstation.com/jobs/c/cityscape-digital,
precogstudios,https://www.artstation.com/jobs/c/precogstudios,
xmod-industries,https://www.artstation.com/jobs/c/xmod-industries,
karakter-design-studio-gmbh,https://www.artstation.com/jobs/c/karakter-design-studio-gmbh,
msg_sphere,https://www.artstation.com/jobs/c/msg_sphere,
dungeon-in-a-box-2,https://www.artstation.com/jobs/c/dungeon-in-a-box-2,
skidmoretechnologies,https://www.artstation.com/jobs/c/skidmoretechnologies,
foster-partners,https://www.artstation.com/jobs/c/foster-partners,
crowdconversionltd,https://www.artstation.com/jobs/c/crowdconversionltd,
aether-inc,https://www.artstation.com/jobs/c/aether-inc,
super_68,https://www.artstation.com/jobs/c/super_68,
3lateral,https://www.artstation.com/jobs/c/3lateral,
twinmotion,https://www.artstation.com/jobs/c/twinmotion,
cubicmotion,https://www.artstation.com/jobs/c/cubicmotion,
solent-university-southampton,https://www.artstation.com/jobs/c/solent-university-southampton,
cinesite-vfx-ltd,https://www.artstation.com/jobs/c/cinesite-vfx-ltd,
wild-blue-studios,https://www.artstation.com/jobs/c/wild-blue-studios,
rashaadnewsomestudio,https://www.artstation.com/jobs/c/rashaadnewsomestudio,
babble-tower-games,https://www.artstation.com/jobs/c/babble-tower-games,
fable-studio,https://www.artstation.com/jobs/c/fable-studio,
moon-active-2,https://www.artstation.com/jobs/c/moon-active-2,
organ-bros,https://www.artstation.com/jobs/c/organ-bros,
wrnch-2,https://www.artstation.com/jobs/c/wrnch-2,
quell,https://www.artstation.com/jobs/c/quell,
evan-w-s-company,https://www.artstation.com/jobs/c/evan-w-s-company,
protocube-reply,https://www.artstation.com/jobs/c/protocube-reply,
hit-factor-inc,https://www.artstation.com/jobs/c/hit-factor-inc,
marsrisingnetwork,https://www.artstation.com/jobs/c/marsrisingnetwork,
emblematic-group,https://www.artstation.com/jobs/c/emblematic-group,
kimjongmoon,https://www.artstation.com/jobs/c/kimjongmoon,
konologic-llc,https://www.artstation.com/jobs/c/konologic-llc,
onchainstudios,https://www.artstation.com/jobs/c/onchainstudios,
mobilaunch-labs,https://www.artstation.com/jobs/c/mobilaunch-labs,
the-fittingroom,https://www.artstation.com/jobs/c/the-fittingroom,
wild-capture,https://www.artstation.com/jobs/c/wild-capture,
colonize-mars,https://www.artstation.com/jobs/c/colonize-mars,
renderthat,https://www.artstation.com/jobs/c/renderthat,
virtual-education-systems,https://www.artstation.com/jobs/c/virtual-education-systems,
assuaged,https://www.artstation.com/jobs/c/assuaged,
jorge-paredes-md,https://www.artstation.com/jobs/c/jorge-paredes-md,
anomalous-productions,https://www.artstation.com/jobs/c/anomalous-productions,
crystal-jocelyn-potter,https://www.artstation.com/jobs/c/crystal-jocelyn-potter,
poly-fruit-studios-ltd,https://www.artstation.com/jobs/c/poly-fruit-studios-ltd,
ea-bioware-studios,https://www.artstation.com/jobs/c/ea-bioware-studios,
kwalee-ltd,https://www.artstation.com/jobs/c/kwalee-ltd,
wayray,https://www.artstation.com/jobs/c/wayray,
kodansha-vr-lab-ltd,https://www.artstation.com/jobs/c/kodansha-vr-lab-ltd,
shiny-shoe-inc,https://www.artstation.com/jobs/c/shiny-shoe-inc,
viscircle-gmbh-s-company,https://www.artstation.com/jobs/c/viscircle-gmbh-s-company,
spirit-bomb,https://www.artstation.com/jobs/c/spirit-bomb,
maidengaming,https://www.artstation.com/jobs/c/maidengaming,
smpl,https://www.artstation.com/jobs/c/smpl,
tap4fun-paris-studio,https://www.artstation.com/jobs/c/tap4fun-paris-studio,
phaser-lock-interactive-inc,https://www.artstation.com/jobs/c/phaser-lock-interactive-inc,
dream-oyun-yazilim-ve-pazarlama-a-s,https://www.artstation.com/jobs/c/dream-oyun-yazilim-ve-pazarlama-a-s,
t-me-studios,https://www.artstation.com/jobs/c/t-me-studios,
clockwork-labs,https://www.artstation.com/jobs/c/clockwork-labs,
1047-games-2,https://www.artstation.com/jobs/c/1047-games-2,
creative-doorway-llc,https://www.artstation.com/jobs/c/creative-doorway-llc,
team-17-digital-ltd-2,https://www.artstation.com/jobs/c/team-17-digital-ltd-2,
sandbox-interactive-gmbh,https://www.artstation.com/jobs/c/sandbox-interactive-gmbh,
weaver-interactive-inc,https://www.artstation.com/jobs/c/weaver-interactive-inc,
lanterne-digitale,https://www.artstation.com/jobs/c/lanterne-digitale,
hedgehog,https://www.artstation.com/jobs/c/hedgehog,
skycoach,https://www.artstation.com/jobs/c/skycoach,
beemup,https://www.artstation.com/jobs/c/beemup,
simplevfx,https://www.artstation.com/jobs/c/simplevfx,
amulet-studios,https://www.artstation.com/jobs/c/amulet-studios,
xalter,https://www.artstation.com/jobs/c/xalter,
hp-studio,https://www.artstation.com/jobs/c/hp-studio,
threaks-gmbh,https://www.artstation.com/jobs/c/threaks-gmbh,
osce-odihr,https://www.artstation.com/jobs/c/osce-odihr,
galaxy-s-grave,https://www.artstation.com/jobs/c/galaxy-s-grave,
polyient-games,https://www.artstation.com/jobs/c/polyient-games,
sprung-studios,https://www.artstation.com/jobs/c/sprung-studios,
singular-perception-srl-2,https://www.artstation.com/jobs/c/singular-perception-srl-2,
capitanos-studio,https://www.artstation.com/jobs/c/capitanos-studio,
nftxprojects,https://www.artstation.com/jobs/c/nftxprojects,
culprit-creative,https://www.artstation.com/jobs/c/culprit-creative,
torn-banner-studios-2,https://www.artstation.com/jobs/c/torn-banner-studios-2,
nikola-motor-company,https://www.artstation.com/jobs/c/nikola-motor-company,
brendan-murphy-art-llc,https://www.artstation.com/jobs/c/brendan-murphy-art-llc,
intellivision,https://www.artstation.com/jobs/c/intellivision,
daily_wire,https://www.artstation.com/jobs/c/daily_wire,
ablizmo-games,https://www.artstation.com/jobs/c/ablizmo-games,
storystorm-co,https://www.artstation.com/jobs/c/storystorm-co,
stageglass-inc,https://www.artstation.com/jobs/c/stageglass-inc,
spase-inc,https://www.artstation.com/jobs/c/spase-inc,
arbitrarily-good-productions-llc,https://www.artstation.com/jobs/c/arbitrarily-good-productions-llc,
firebyte-games-s-a,https://www.artstation.com/jobs/c/firebyte-games-s-a,
marvel-entertainment,https://www.artstation.com/jobs/c/marvel-entertainment,
ascend-learning,https://www.artstation.com/jobs/c/ascend-learning,
brainbug-ltd,https://www.artstation.com/jobs/c/brainbug-ltd,
the-bad-nomads,https://www.artstation.com/jobs/c/the-bad-nomads,
metrea_simulations,https://www.artstation.com/jobs/c/metrea_simulations,
chain-gang-entertainment,https://www.artstation.com/jobs/c/chain-gang-entertainment,
mcdaniel-college,https://www.artstation.com/jobs/c/mcdaniel-college,
golden-goose-entertainment,https://www.artstation.com/jobs/c/golden-goose-entertainment,
facebook-homepage,https://www.artstation.com/jobs/c/facebook-homepage,
actual-nerds,https://www.artstation.com/jobs/c/actual-nerds,
the-dragon-trappers-lodge,https://www.artstation.com/jobs/c/the-dragon-trappers-lodge,
stunlock-studios-ab,https://www.artstation.com/jobs/c/stunlock-studios-ab,
copenhagen-visual,https://www.artstation.com/jobs/c/copenhagen-visual,
mills-multimedia,https://www.artstation.com/jobs/c/mills-multimedia,
tic-toc-studios-inc,https://www.artstation.com/jobs/c/tic-toc-studios-inc,
wolf-boy,https://www.artstation.com/jobs/c/wolf-boy,
digital-vision-search,https://www.artstation.com/jobs/c/digital-vision-search,
playwing-ltd,https://www.artstation.com/jobs/c/playwing-ltd,
contiloe-pictures-pvt-ltd,https://www.artstation.com/jobs/c/contiloe-pictures-pvt-ltd,
gopokyo-inc,https://www.artstation.com/jobs/c/gopokyo-inc,
netspeak-games-ltd,https://www.artstation.com/jobs/c/netspeak-games-ltd,
hutch-2,https://www.artstation.com/jobs/c/hutch-2,
virtual-festival,https://www.artstation.com/jobs/c/virtual-festival,
theonlyone,https://www.artstation.com/jobs/c/theonlyone,
fitxr-limited,https://www.artstation.com/jobs/c/fitxr-limited,
medialab3dsolutions,https://www.artstation.com/jobs/c/medialab3dsolutions,
8tees-creative-agency-s-l,https://www.artstation.com/jobs/c/8tees-creative-agency-s-l,
4164344564,https://www.artstation.com/jobs/c/4164344564,
sae-institute,https://www.artstation.com/jobs/c/sae-institute,
saint-midas,https://www.artstation.com/jobs/c/saint-midas,
auburn-grace-community-church,https://www.artstation.com/jobs/c/auburn-grace-community-church,
lindsayluvzu,https://www.artstation.com/jobs/c/lindsayluvzu,
wizkids,https://www.artstation.com/jobs/c/wizkids,
elex-technology,https://www.artstation.com/jobs/c/elex-technology,
precision-os-technology,https://www.artstation.com/jobs/c/precision-os-technology,
mad-mab,https://www.artstation.com/jobs/c/mad-mab,
specto-studio,https://www.artstation.com/jobs/c/specto-studio,
dontexist-s-company,https://www.artstation.com/jobs/c/dontexist-s-company,
sinn-studio-inc,https://www.artstation.com/jobs/c/sinn-studio-inc,
limbo-game-studios,https://www.artstation.com/jobs/c/limbo-game-studios,
plan-a-collective-s-r-o,https://www.artstation.com/jobs/c/plan-a-collective-s-r-o,
brass-lion-entertainment-inc,https://www.artstation.com/jobs/c/brass-lion-entertainment-inc,
apex-systems,https://www.artstation.com/jobs/c/apex-systems,
madboxgames,https://www.artstation.com/jobs/c/madboxgames,
skydance-new-media,https://www.artstation.com/jobs/c/skydance-new-media,
bombus-vn-company-limited,https://www.artstation.com/jobs/c/bombus-vn-company-limited,
ubisoft-redlynx-2,https://www.artstation.com/jobs/c/ubisoft-redlynx-2,
frvr-studio-ursus,https://www.artstation.com/jobs/c/frvr-studio-ursus,
amazon-games-irvine,https://www.artstation.com/jobs/c/amazon-games-irvine,
amazon-games-san-diego,https://www.artstation.com/jobs/c/amazon-games-san-diego,
yashraj-s-company,https://www.artstation.com/jobs/c/yashraj-s-company,
glorious-llc,https://www.artstation.com/jobs/c/glorious-llc,
mutant-arm-studios-2,https://www.artstation.com/jobs/c/mutant-arm-studios-2,
ceph-llc-entertainment,https://www.artstation.com/jobs/c/ceph-llc-entertainment,
slizzard-studios,https://www.artstation.com/jobs/c/slizzard-studios,
wicket-gaming-ab-publ,https://www.artstation.com/jobs/c/wicket-gaming-ab-publ,
shereef-bishay-s-company,https://www.artstation.com/jobs/c/shereef-bishay-s-company,
valhalla-cats,https://www.artstation.com/jobs/c/valhalla-cats,
timberline-studio,https://www.artstation.com/jobs/c/timberline-studio,
octopi-inc,https://www.artstation.com/jobs/c/octopi-inc,
daniel-gray-s-company,https://www.artstation.com/jobs/c/daniel-gray-s-company,
jacob-s-company-2,https://www.artstation.com/jobs/c/jacob-s-company-2,
playard-studios,https://www.artstation.com/jobs/c/playard-studios,
i-am-chris-allen,https://www.artstation.com/jobs/c/i-am-chris-allen,
straight-back-games,https://www.artstation.com/jobs/c/straight-back-games,
digit-ink-w-l-l,https://www.artstation.com/jobs/c/digit-ink-w-l-l,
button-tech-uk-ltd,https://www.artstation.com/jobs/c/button-tech-uk-ltd,
tapps-games,https://www.artstation.com/jobs/c/tapps-games,
oniri-creations,https://www.artstation.com/jobs/c/oniri-creations,
jesse-ozar-s-company,https://www.artstation.com/jobs/c/jesse-ozar-s-company,
jestersden,https://www.artstation.com/jobs/c/jestersden,
soixante-circuits,https://www.artstation.com/jobs/c/soixante-circuits,
deck-nine-games-2,https://www.artstation.com/jobs/c/deck-nine-games-2,
dakota-state-university,https://www.artstation.com/jobs/c/dakota-state-university,
audiovisual-global-network-s-l,https://www.artstation.com/jobs/c/audiovisual-global-network-s-l,
genethic-film,https://www.artstation.com/jobs/c/genethic-film,
zumo-labs,https://www.artstation.com/jobs/c/zumo-labs,
clothingtech,https://www.artstation.com/jobs/c/clothingtech,
dungeoninabox,https://www.artstation.com/jobs/c/dungeoninabox,
m2duo,https://www.artstation.com/jobs/c/m2duo,
wube-software-ltd,https://www.artstation.com/jobs/c/wube-software-ltd,
roevin,https://www.artstation.com/jobs/c/roevin,
ascend-games,https://www.artstation.com/jobs/c/ascend-games,
badrad-studios,https://www.artstation.com/jobs/c/badrad-studios,
idea-planet,https://www.artstation.com/jobs/c/idea-planet,
hej-stylus-for-mac,https://www.artstation.com/jobs/c/hej-stylus-for-mac,
cosmxplorer,https://www.artstation.com/jobs/c/cosmxplorer,
bright-future-gmbh,https://www.artstation.com/jobs/c/bright-future-gmbh,
dovetail-games-2,https://www.artstation.com/jobs/c/dovetail-games-2,
house-of-blue-beans,https://www.artstation.com/jobs/c/house-of-blue-beans,
superprod-2,https://www.artstation.com/jobs/c/superprod-2,
titam,https://www.artstation.com/jobs/c/titam,
yf-link,https://www.artstation.com/jobs/c/yf-link,
larian-studios-2,https://www.artstation.com/jobs/c/larian-studios-2,
powell-tech,https://www.artstation.com/jobs/c/powell-tech,
demodern-gmbh,https://www.artstation.com/jobs/c/demodern-gmbh,
conifer-games-inc,https://www.artstation.com/jobs/c/conifer-games-inc,
electronic-arts_capital-games,https://www.artstation.com/jobs/c/electronic-arts_capital-games,
occurrent-arts,https://www.artstation.com/jobs/c/occurrent-arts,
path-and-oak,https://www.artstation.com/jobs/c/path-and-oak,
darkmatterdesign,https://www.artstation.com/jobs/c/darkmatterdesign,
facecake-marketing,https://www.artstation.com/jobs/c/facecake-marketing,
game-design-s-company,https://www.artstation.com/jobs/c/game-design-s-company,
blackshark-ai-gmbh,https://www.artstation.com/jobs/c/blackshark-ai-gmbh,
arsen-s-company,https://www.artstation.com/jobs/c/arsen-s-company,
arup_virtual,https://www.artstation.com/jobs/c/arup_virtual,
boppy-games,https://www.artstation.com/jobs/c/boppy-games,
allcorrect-group,https://www.artstation.com/jobs/c/allcorrect-group,
bravocompany-ltd,https://www.artstation.com/jobs/c/bravocompany-ltd,
antler-interactive,https://www.artstation.com/jobs/c/antler-interactive,
eurosimtec-gmbh,https://www.artstation.com/jobs/c/eurosimtec-gmbh,
zenlyapp,https://www.artstation.com/jobs/c/zenlyapp,
propeller-interactive,https://www.artstation.com/jobs/c/propeller-interactive,
custom375,https://www.artstation.com/jobs/c/custom375,
tom-lintern,https://www.artstation.com/jobs/c/tom-lintern,
motsutoys,https://www.artstation.com/jobs/c/motsutoys,
image-metrics,https://www.artstation.com/jobs/c/image-metrics,
lucky-vr-inc,https://www.artstation.com/jobs/c/lucky-vr-inc,
bootiki,https://www.artstation.com/jobs/c/bootiki,
wevidit,https://www.artstation.com/jobs/c/wevidit,
toadman-interactive-gmbh,https://www.artstation.com/jobs/c/toadman-interactive-gmbh,
redlynx-oy,https://www.artstation.com/jobs/c/redlynx-oy,
designface-gmbh,https://www.artstation.com/jobs/c/designface-gmbh,
fwsim,https://www.artstation.com/jobs/c/fwsim,
coatsink-software,https://www.artstation.com/jobs/c/coatsink-software,
zvoid-arists-s-company,https://www.artstation.com/jobs/c/zvoid-arists-s-company,
devsisters-usa,https://www.artstation.com/jobs/c/devsisters-usa,
medivis-inc,https://www.artstation.com/jobs/c/medivis-inc,
hookbang-llc,https://www.artstation.com/jobs/c/hookbang-llc,
nextechar-alexander,https://www.artstation.com/jobs/c/nextechar-alexander,
evolving-sound,https://www.artstation.com/jobs/c/evolving-sound,
the-flex-seal-family-of-products,https://www.artstation.com/jobs/c/the-flex-seal-family-of-products,
keillori,https://www.artstation.com/jobs/c/keillori,
winamax,https://www.artstation.com/jobs/c/winamax,
minimonstermayhem,https://www.artstation.com/jobs/c/minimonstermayhem,
kolibri-games-gmbh,https://www.artstation.com/jobs/c/kolibri-games-gmbh,
final-pixel,https://www.artstation.com/jobs/c/final-pixel,
nick-brouard,https://www.artstation.com/jobs/c/nick-brouard,
petrol-advertising,https://www.artstation.com/jobs/c/petrol-advertising,
bluehalo,https://www.artstation.com/jobs/c/bluehalo,
chef-studios,https://www.artstation.com/jobs/c/chef-studios,
qumaron,https://www.artstation.com/jobs/c/qumaron,
limitless-games-s-l-u,https://www.artstation.com/jobs/c/limitless-games-s-l-u,
midjiwan-ab,https://www.artstation.com/jobs/c/midjiwan-ab,
adobe-substance-3d-stager,https://www.artstation.com/jobs/c/adobe-substance-3d-stager,
sovereign-media,https://www.artstation.com/jobs/c/sovereign-media,
ucf-nicholson-school-of-communication-and-media,https://www.artstation.com/jobs/c/ucf-nicholson-school-of-communication-and-media,
ged-media,https://www.artstation.com/jobs/c/ged-media,
creadits,https://www.artstation.com/jobs/c/creadits,
niteout,https://www.artstation.com/jobs/c/niteout,
golem-house,https://www.artstation.com/jobs/c/golem-house,
index_html,https://www.artstation.com/jobs/c/index_html,
resist-games,https://www.artstation.com/jobs/c/resist-games,
global-worldwide,https://www.artstation.com/jobs/c/global-worldwide,
east-tn-state-university-dept-of-digital-media,https://www.artstation.com/jobs/c/east-tn-state-university-dept-of-digital-media,
aesir-interactive-gmbh-2,https://www.artstation.com/jobs/c/aesir-interactive-gmbh-2,
adam-kareem,https://www.artstation.com/jobs/c/adam-kareem,
steathlla,https://www.artstation.com/jobs/c/steathlla,
current-studios,https://www.artstation.com/jobs/c/current-studios,
rocket-jump-technology,https://www.artstation.com/jobs/c/rocket-jump-technology,
landonginn,https://www.artstation.com/jobs/c/landonginn,
onward-play,https://www.artstation.com/jobs/c/onward-play,
malouf-bedding,https://www.artstation.com/jobs/c/malouf-bedding,
fhd-media,https://www.artstation.com/jobs/c/fhd-media,
play-n-go-malta-ltd,https://www.artstation.com/jobs/c/play-n-go-malta-ltd,
indg-grip,https://www.artstation.com/jobs/c/indg-grip,
20-below-games,https://www.artstation.com/jobs/c/20-below-games,
unige,https://www.artstation.com/jobs/c/unige,
dropbears-games,https://www.artstation.com/jobs/c/dropbears-games,
brian-s-company-2,https://www.artstation.com/jobs/c/brian-s-company-2,
beast-miniatures,https://www.artstation.com/jobs/c/beast-miniatures,
kaon-interactive-inc,https://www.artstation.com/jobs/c/kaon-interactive-inc,
realworld-one,https://www.artstation.com/jobs/c/realworld-one,
reality-agency,https://www.artstation.com/jobs/c/reality-agency,
blackkitegames,https://www.artstation.com/jobs/c/blackkitegames,
gamehouse-original-stories-b-v,https://www.artstation.com/jobs/c/gamehouse-original-stories-b-v,
trace-studio,https://www.artstation.com/jobs/c/trace-studio,
enchantedmob-inc,https://www.artstation.com/jobs/c/enchantedmob-inc,
waste-creative,https://www.artstation.com/jobs/c/waste-creative,
the-mkg-group,https://www.artstation.com/jobs/c/the-mkg-group,
selene-models,https://www.artstation.com/jobs/c/selene-models,
artistes-folks-vfx,https://www.artstation.com/jobs/c/artistes-folks-vfx,
stellar-artisan,https://www.artstation.com/jobs/c/stellar-artisan,
action-advocacy-p-c,https://www.artstation.com/jobs/c/action-advocacy-p-c,
capitanos,https://www.artstation.com/jobs/c/capitanos,
journeyman56,https://www.artstation.com/jobs/c/journeyman56,
savvy,https://www.artstation.com/jobs/c/savvy,
robin-games,https://www.artstation.com/jobs/c/robin-games,
ugur-electronic,https://www.artstation.com/jobs/c/ugur-electronic,
clinique-chloe,https://www.artstation.com/jobs/c/clinique-chloe,
eq-games,https://www.artstation.com/jobs/c/eq-games,
immutable-2,https://www.artstation.com/jobs/c/immutable-2,
afterthought-llc,https://www.artstation.com/jobs/c/afterthought-llc,
modis-canada-inc,https://www.artstation.com/jobs/c/modis-canada-inc,
finalmouse-aimgods,https://www.artstation.com/jobs/c/finalmouse-aimgods,
bungie-older,https://www.artstation.com/jobs/c/bungie-older,
aldenstudios,https://www.artstation.com/jobs/c/aldenstudios,
double-belt,https://www.artstation.com/jobs/c/double-belt,
episteme-productions,https://www.artstation.com/jobs/c/episteme-productions,
sansar,https://www.artstation.com/jobs/c/sansar,
bearplane-llc,https://www.artstation.com/jobs/c/bearplane-llc,
ts-wieland,https://www.artstation.com/jobs/c/ts-wieland,
pelgrane-press,https://www.artstation.com/jobs/c/pelgrane-press,
fanatee-inc,https://www.artstation.com/jobs/c/fanatee-inc,
gylee,https://www.artstation.com/jobs/c/gylee,
l-idem-creative-arts-school,https://www.artstation.com/jobs/c/l-idem-creative-arts-school,
ditch-wizard-games,https://www.artstation.com/jobs/c/ditch-wizard-games,
sky_news_arabia,https://www.artstation.com/jobs/c/sky_news_arabia,
ambition-vietnam,https://www.artstation.com/jobs/c/ambition-vietnam,
re-anime,https://www.artstation.com/jobs/c/re-anime,
artifex-mundi-s-a,https://www.artstation.com/jobs/c/artifex-mundi-s-a,
jacob-s-company,https://www.artstation.com/jobs/c/jacob-s-company,
random42,https://www.artstation.com/jobs/c/random42,
adme-cy-ltd,https://www.artstation.com/jobs/c/adme-cy-ltd,
openhood-sarl,https://www.artstation.com/jobs/c/openhood-sarl,
plarium-global-ltd,https://www.artstation.com/jobs/c/plarium-global-ltd,
cp-media,https://www.artstation.com/jobs/c/cp-media,
cg-master-academy,https://www.artstation.com/jobs/c/cg-master-academy,
karuta,https://www.artstation.com/jobs/c/karuta,
double-belt-games,https://www.artstation.com/jobs/c/double-belt-games,
jq-licensing-com,https://www.artstation.com/jobs/c/jq-licensing-com,
dexmob,https://www.artstation.com/jobs/c/dexmob,
teleport-studios,https://www.artstation.com/jobs/c/teleport-studios,
michaelmaiden,https://www.artstation.com/jobs/c/michaelmaiden,
facts-dinosaurs,https://www.artstation.com/jobs/c/facts-dinosaurs,
go-figure-games,https://www.artstation.com/jobs/c/go-figure-games,
badge-8-llc,https://www.artstation.com/jobs/c/badge-8-llc,
warren-s-company,https://www.artstation.com/jobs/c/warren-s-company,
kodobolt,https://www.artstation.com/jobs/c/kodobolt,
oxford-medical-simulation,https://www.artstation.com/jobs/c/oxford-medical-simulation,
particle-gaming,https://www.artstation.com/jobs/c/particle-gaming,
weebeastie,https://www.artstation.com/jobs/c/weebeastie,
tivola-games-gmbh,https://www.artstation.com/jobs/c/tivola-games-gmbh,
fmp-studio,https://www.artstation.com/jobs/c/fmp-studio,
mrtroove,https://www.artstation.com/jobs/c/mrtroove,
3d-ambience,https://www.artstation.com/jobs/c/3d-ambience,
independent-graphic-novel,https://www.artstation.com/jobs/c/independent-graphic-novel,
_,https://www.artstation.com/jobs/c/_,
daily-wire,https://www.artstation.com/jobs/c/daily-wire,
wolffun-game,https://www.artstation.com/jobs/c/wolffun-game,
omnidrome,https://www.artstation.com/jobs/c/omnidrome,
bcc-media,https://www.artstation.com/jobs/c/bcc-media,
559204-3185,https://www.artstation.com/jobs/c/559204-3185,
scruffy-dog-creative-ltd,https://www.artstation.com/jobs/c/scruffy-dog-creative-ltd,
raider-films,https://www.artstation.com/jobs/c/raider-films,
shrinewars,https://www.artstation.com/jobs/c/shrinewars,
conceptv,https://www.artstation.com/jobs/c/conceptv,
saracen-ventures-uk-ltd,https://www.artstation.com/jobs/c/saracen-ventures-uk-ltd,
mcfarlane-toys-20,https://www.artstation.com/jobs/c/mcfarlane-toys-20,
ritz-deli-games,https://www.artstation.com/jobs/c/ritz-deli-games,
streetsmarts-vr,https://www.artstation.com/jobs/c/streetsmarts-vr,
spotzen,https://www.artstation.com/jobs/c/spotzen,
concannonart,https://www.artstation.com/jobs/c/concannonart,
benjamin-s-company,https://www.artstation.com/jobs/c/benjamin-s-company,
mindwave-ventures,https://www.artstation.com/jobs/c/mindwave-ventures,
urconduit,https://www.artstation.com/jobs/c/urconduit,
lewd-skate,https://www.artstation.com/jobs/c/lewd-skate,
nerdninjas,https://www.artstation.com/jobs/c/nerdninjas,
coyote-and-crow,https://www.artstation.com/jobs/c/coyote-and-crow,
mountaintop-studios-inc,https://www.artstation.com/jobs/c/mountaintop-studios-inc,
supersocial-inc,https://www.artstation.com/jobs/c/supersocial-inc,
larksong-entertainment-llc,https://www.artstation.com/jobs/c/larksong-entertainment-llc,
jack-porter,https://www.artstation.com/jobs/c/jack-porter,
saber-interactive-spain-s-l,https://www.artstation.com/jobs/c/saber-interactive-spain-s-l,
warducks-jobs,https://www.artstation.com/jobs/c/warducks-jobs,
spatial-cinematics,https://www.artstation.com/jobs/c/spatial-cinematics,
umbral-entertainment-2d-artist,https://www.artstation.com/jobs/c/umbral-entertainment-2d-artist,
aleanza,https://www.artstation.com/jobs/c/aleanza,
swaybox_studios,https://www.artstation.com/jobs/c/swaybox_studios,
polygonflow,https://www.artstation.com/jobs/c/polygonflow,
windwalk,https://www.artstation.com/jobs/c/windwalk,
wistone,https://www.artstation.com/jobs/c/wistone,
follow-media-sl,https://www.artstation.com/jobs/c/follow-media-sl,
forge-and-craft,https://www.artstation.com/jobs/c/forge-and-craft,
meae2,https://www.artstation.com/jobs/c/meae2,
lowiro-limited,https://www.artstation.com/jobs/c/lowiro-limited,
anifa-s-company,https://www.artstation.com/jobs/c/anifa-s-company,
addicting-games-inc,https://www.artstation.com/jobs/c/addicting-games-inc,
arcane-ermine,https://www.artstation.com/jobs/c/arcane-ermine,
paper-digital,https://www.artstation.com/jobs/c/paper-digital,
scalemail,https://www.artstation.com/jobs/c/scalemail,
ubisoft-singapore-2,https://www.artstation.com/jobs/c/ubisoft-singapore-2,
first-class-flyer,https://www.artstation.com/jobs/c/first-class-flyer,
opencommand,https://www.artstation.com/jobs/c/opencommand,
mayo-studios,https://www.artstation.com/jobs/c/mayo-studios,
ereadrone,https://www.artstation.com/jobs/c/ereadrone,
centurygame,https://www.artstation.com/jobs/c/centurygame,
bildstudios,https://www.artstation.com/jobs/c/bildstudios,
ground-studios,https://www.artstation.com/jobs/c/ground-studios,
next-games-oyj,https://www.artstation.com/jobs/c/next-games-oyj,
cmon-limited,https://www.artstation.com/jobs/c/cmon-limited,
anton-s-company,https://www.artstation.com/jobs/c/anton-s-company,
pixelloid-visual-effects-inc,https://www.artstation.com/jobs/c/pixelloid-visual-effects-inc,
lights-camera-amp-action-studios,https://www.artstation.com/jobs/c/lights-camera-amp-action-studios,
gameloft-bulgaria-ltd,https://www.artstation.com/jobs/c/gameloft-bulgaria-ltd,
pepiplay,https://www.artstation.com/jobs/c/pepiplay,
qverse-gmbh,https://www.artstation.com/jobs/c/qverse-gmbh,
fanatic-games,https://www.artstation.com/jobs/c/fanatic-games,
missouri-department-of-conservation,https://www.artstation.com/jobs/c/missouri-department-of-conservation,
paradowski-creative,https://www.artstation.com/jobs/c/paradowski-creative,
oculus-ready-at-dawn,https://www.artstation.com/jobs/c/oculus-ready-at-dawn,
ramp-usa,https://www.artstation.com/jobs/c/ramp-usa,
laymon-verta,https://www.artstation.com/jobs/c/laymon-verta,
bergeron-farms,https://www.artstation.com/jobs/c/bergeron-farms,
badger-trading,https://www.artstation.com/jobs/c/badger-trading,
jonathan-s-company,https://www.artstation.com/jobs/c/jonathan-s-company,
nat-s-company,https://www.artstation.com/jobs/c/nat-s-company,
deviation-games,https://www.artstation.com/jobs/c/deviation-games,
parity,https://www.artstation.com/jobs/c/parity,
university-of-derby,https://www.artstation.com/jobs/c/university-of-derby,
pixelmolkerei-ag,https://www.artstation.com/jobs/c/pixelmolkerei-ag,
point-13-media,https://www.artstation.com/jobs/c/point-13-media,
lisa-s-company-2,https://www.artstation.com/jobs/c/lisa-s-company-2,
zerolens,https://www.artstation.com/jobs/c/zerolens,
finalmouse,https://www.artstation.com/jobs/c/finalmouse,
mikhail-s-company,https://www.artstation.com/jobs/c/mikhail-s-company,
31st-union-games,https://www.artstation.com/jobs/c/31st-union-games,
the-descendent-llc,https://www.artstation.com/jobs/c/the-descendent-llc,
no-more-honors,https://www.artstation.com/jobs/c/no-more-honors,
100-dreams,https://www.artstation.com/jobs/c/100-dreams,
santa-monica-studio-2,https://www.artstation.com/jobs/c/santa-monica-studio-2,
videogyan-studios-pvt-ltd,https://www.artstation.com/jobs/c/videogyan-studios-pvt-ltd,
dazzle-rocks,https://www.artstation.com/jobs/c/dazzle-rocks,
c77-entertainment,https://www.artstation.com/jobs/c/c77-entertainment,
perblue-entertainment,https://www.artstation.com/jobs/c/perblue-entertainment,
mlh-touring,https://www.artstation.com/jobs/c/mlh-touring,
deep-space-systems,https://www.artstation.com/jobs/c/deep-space-systems,
fabrikagames,https://www.artstation.com/jobs/c/fabrikagames,
dave_xp,https://www.artstation.com/jobs/c/dave_xp,
redd-devil-mfg,https://www.artstation.com/jobs/c/redd-devil-mfg,
aleph-media,https://www.artstation.com/jobs/c/aleph-media,
just-wont-die-ltd,https://www.artstation.com/jobs/c/just-wont-die-ltd,
zpx,https://www.artstation.com/jobs/c/zpx,
traumacide,https://www.artstation.com/jobs/c/traumacide,
lio-s-company,https://www.artstation.com/jobs/c/lio-s-company,
lakshya-seattle,https://www.artstation.com/jobs/c/lakshya-seattle,
pubg-santa-monica,https://www.artstation.com/jobs/c/pubg-santa-monica,
nexon-3,https://www.artstation.com/jobs/c/nexon-3,
cozy-giant,https://www.artstation.com/jobs/c/cozy-giant,
scopely-games-barcelona-sl,https://www.artstation.com/jobs/c/scopely-games-barcelona-sl,
alphajayshow,https://www.artstation.com/jobs/c/alphajayshow,
inksane-bvba,https://www.artstation.com/jobs/c/inksane-bvba,
trisev,https://www.artstation.com/jobs/c/trisev,
bigbox-virtualreality,https://www.artstation.com/jobs/c/bigbox-virtualreality,
georgesnewbook,https://www.artstation.com/jobs/c/georgesnewbook,
ncsoft-vietnam,https://www.artstation.com/jobs/c/ncsoft-vietnam,
tactile_amp_games,https://www.artstation.com/jobs/c/tactile_amp_games,
pulzit-ab,https://www.artstation.com/jobs/c/pulzit-ab,
fbfx-ltd,https://www.artstation.com/jobs/c/fbfx-ltd,
imagination-technologies-ltd,https://www.artstation.com/jobs/c/imagination-technologies-ltd,
playable-worlds-inc,https://www.artstation.com/jobs/c/playable-worlds-inc,
illusionist-digital-arts-studio,https://www.artstation.com/jobs/c/illusionist-digital-arts-studio,
xcite-interacitve,https://www.artstation.com/jobs/c/xcite-interacitve,
steelworks,https://www.artstation.com/jobs/c/steelworks,
job-bristol-lead-designer-motion-graphics,https://www.artstation.com/jobs/c/job-bristol-lead-designer-motion-graphics,
3d-akademie,https://www.artstation.com/jobs/c/3d-akademie,
oben-inc,https://www.artstation.com/jobs/c/oben-inc,
noxart-games,https://www.artstation.com/jobs/c/noxart-games,
mobile-deluxe,https://www.artstation.com/jobs/c/mobile-deluxe,
crystal-design,https://www.artstation.com/jobs/c/crystal-design,
dreamlab-xr,https://www.artstation.com/jobs/c/dreamlab-xr,
jamee-s-company,https://www.artstation.com/jobs/c/jamee-s-company,
aaronsimscreative,https://www.artstation.com/jobs/c/aaronsimscreative,
medialab-3d-solutions,https://www.artstation.com/jobs/c/medialab-3d-solutions,
mythos-comics,https://www.artstation.com/jobs/c/mythos-comics,
crowfire-studios,https://www.artstation.com/jobs/c/crowfire-studios,
the-noble-collection,https://www.artstation.com/jobs/c/the-noble-collection,
question-llc,https://www.artstation.com/jobs/c/question-llc,
hero-syndrome,https://www.artstation.com/jobs/c/hero-syndrome,
fortune-cookie-wisdom,https://www.artstation.com/jobs/c/fortune-cookie-wisdom,
rice-games,https://www.artstation.com/jobs/c/rice-games,
bit-fry-game-studios-inc-2,https://www.artstation.com/jobs/c/bit-fry-game-studios-inc-2,
johnson-county-community-college,https://www.artstation.com/jobs/c/johnson-county-community-college,
immersive-ltd,https://www.artstation.com/jobs/c/immersive-ltd,
ten-square-games-s-a,https://www.artstation.com/jobs/c/ten-square-games-s-a,
flow-fire-games-ug,https://www.artstation.com/jobs/c/flow-fire-games-ug,
whataroom,https://www.artstation.com/jobs/c/whataroom,
fletcher-creates,https://www.artstation.com/jobs/c/fletcher-creates,
artech-info-systems,https://www.artstation.com/jobs/c/artech-info-systems,
anderson-platz-llc,https://www.artstation.com/jobs/c/anderson-platz-llc,
goodname-uab,https://www.artstation.com/jobs/c/goodname-uab,
satege-s-r-o,https://www.artstation.com/jobs/c/satege-s-r-o,
fusion-animation,https://www.artstation.com/jobs/c/fusion-animation,
zam-network-llc,https://www.artstation.com/jobs/c/zam-network-llc,
orcari-games,https://www.artstation.com/jobs/c/orcari-games,
teamsava,https://www.artstation.com/jobs/c/teamsava,
ahmed-s-company,https://www.artstation.com/jobs/c/ahmed-s-company,
kahoot-as,https://www.artstation.com/jobs/c/kahoot-as,
ubiquity6,https://www.artstation.com/jobs/c/ubiquity6,
unbroken-studios,https://www.artstation.com/jobs/c/unbroken-studios,
antler-interactive-ab,https://www.artstation.com/jobs/c/antler-interactive-ab,
lofirecords,https://www.artstation.com/jobs/c/lofirecords,
darcstudio,https://www.artstation.com/jobs/c/darcstudio,
art-insight,https://www.artstation.com/jobs/c/art-insight,
saber-interactive-madrid-s-l,https://www.artstation.com/jobs/c/saber-interactive-madrid-s-l,
luthor-dynamics,https://www.artstation.com/jobs/c/luthor-dynamics,
immersive-international,https://www.artstation.com/jobs/c/immersive-international,
melody-s-company,https://www.artstation.com/jobs/c/melody-s-company,
moving-dimensions,https://www.artstation.com/jobs/c/moving-dimensions,
ddtl,https://www.artstation.com/jobs/c/ddtl,
vaki-games,https://www.artstation.com/jobs/c/vaki-games,
aspect-film-and-video,https://www.artstation.com/jobs/c/aspect-film-and-video,
thq-nordic-gmbh,https://www.artstation.com/jobs/c/thq-nordic-gmbh,
amazevr-3,https://www.artstation.com/jobs/c/amazevr-3,
frankie-on-pc,https://www.artstation.com/jobs/c/frankie-on-pc,
uconndmd,https://www.artstation.com/jobs/c/uconndmd,
octolope,https://www.artstation.com/jobs/c/octolope,
hellbit-games,https://www.artstation.com/jobs/c/hellbit-games,
aspire-creative-network,https://www.artstation.com/jobs/c/aspire-creative-network,
jp-connelly-designs,https://www.artstation.com/jobs/c/jp-connelly-designs,
bohemia-interactive-a-s,https://www.artstation.com/jobs/c/bohemia-interactive-a-s,
reenbow,https://www.artstation.com/jobs/c/reenbow,
tag-comics,https://www.artstation.com/jobs/c/tag-comics,
good-job-games-bilisim-yazilim-ve-pazarlama-a-s,https://www.artstation.com/jobs/c/good-job-games-bilisim-yazilim-ve-pazarlama-a-s,
among-the-others,https://www.artstation.com/jobs/c/among-the-others,
ashley-furniture,https://www.artstation.com/jobs/c/ashley-furniture,
digital-dimension-2,https://www.artstation.com/jobs/c/digital-dimension-2,
raz-games,https://www.artstation.com/jobs/c/raz-games,
banzaigames,https://www.artstation.com/jobs/c/banzaigames,
aurelion,https://www.artstation.com/jobs/c/aurelion,
mists-of-kel-doran,https://www.artstation.com/jobs/c/mists-of-kel-doran,
katherine-s-company,https://www.artstation.com/jobs/c/katherine-s-company,
aurora-tech,https://www.artstation.com/jobs/c/aurora-tech,
wikieye,https://www.artstation.com/jobs/c/wikieye,
zombot-studio,https://www.artstation.com/jobs/c/zombot-studio,
madtwiinz,https://www.artstation.com/jobs/c/madtwiinz,
intuicode-gaming,https://www.artstation.com/jobs/c/intuicode-gaming,
let-there-be,https://www.artstation.com/jobs/c/let-there-be,
andrew-s-company,https://www.artstation.com/jobs/c/andrew-s-company,
beaumarshal,https://www.artstation.com/jobs/c/beaumarshal,
tnhh-spring-production,https://www.artstation.com/jobs/c/tnhh-spring-production,
artcraft_entertainment,https://www.artstation.com/jobs/c/artcraft_entertainment,
darewise-entertainment-2,https://www.artstation.com/jobs/c/darewise-entertainment-2,
champlain-college,https://www.artstation.com/jobs/c/champlain-college,
tomorrow-ab,https://www.artstation.com/jobs/c/tomorrow-ab,
gameloft-toronto,https://www.artstation.com/jobs/c/gameloft-toronto,
pow-wow-entertainment,https://www.artstation.com/jobs/c/pow-wow-entertainment,
garmin-international,https://www.artstation.com/jobs/c/garmin-international,
displaysweet,https://www.artstation.com/jobs/c/displaysweet,
dungeon-in-a-box,https://www.artstation.com/jobs/c/dungeon-in-a-box,
kevin-s-company-4,https://www.artstation.com/jobs/c/kevin-s-company-4,
the-circle,https://www.artstation.com/jobs/c/the-circle,
roxor-gaming,https://www.artstation.com/jobs/c/roxor-gaming,
kizny-visuals,https://www.artstation.com/jobs/c/kizny-visuals,
treasurehuntgmbh,https://www.artstation.com/jobs/c/treasurehuntgmbh,
qwerkytoys-inc,https://www.artstation.com/jobs/c/qwerkytoys-inc,
fhd-media-international,https://www.artstation.com/jobs/c/fhd-media-international,
signature,https://www.artstation.com/jobs/c/signature,
logic-nine,https://www.artstation.com/jobs/c/logic-nine,
portalone,https://www.artstation.com/jobs/c/portalone,
micronav,https://www.artstation.com/jobs/c/micronav,
cosmic-forces,https://www.artstation.com/jobs/c/cosmic-forces,
street-smarts-vr,https://www.artstation.com/jobs/c/street-smarts-vr,
platige-image-s-a,https://www.artstation.com/jobs/c/platige-image-s-a,
3blackdot,https://www.artstation.com/jobs/c/3blackdot,
retro_studios,https://www.artstation.com/jobs/c/retro_studios,
anima-res-gmbh,https://www.artstation.com/jobs/c/anima-res-gmbh,
bioware-5,https://www.artstation.com/jobs/c/bioware-5,
bukhara-media,https://www.artstation.com/jobs/c/bukhara-media,
kathawk-studios-llc,https://www.artstation.com/jobs/c/kathawk-studios-llc,
netski,https://www.artstation.com/jobs/c/netski,
v-armed-inc,https://www.artstation.com/jobs/c/v-armed-inc,
nardine-s-company,https://www.artstation.com/jobs/c/nardine-s-company,
afternow,https://www.artstation.com/jobs/c/afternow,
d2c-labs-inc,https://www.artstation.com/jobs/c/d2c-labs-inc,
niubizistudio,https://www.artstation.com/jobs/c/niubizistudio,
exod-games,https://www.artstation.com/jobs/c/exod-games,
metainteraction,https://www.artstation.com/jobs/c/metainteraction,
polypixel-design-inc,https://www.artstation.com/jobs/c/polypixel-design-inc,
binghannam-s-company,https://www.artstation.com/jobs/c/binghannam-s-company,
orcchop,https://www.artstation.com/jobs/c/orcchop,
supergenius-2,https://www.artstation.com/jobs/c/supergenius-2,
lobaki,https://www.artstation.com/jobs/c/lobaki,
warducks,https://www.artstation.com/jobs/c/warducks,
black-forest-games-gmbh,https://www.artstation.com/jobs/c/black-forest-games-gmbh,
tate-s-company,https://www.artstation.com/jobs/c/tate-s-company,
craftshop-arts-inc,https://www.artstation.com/jobs/c/craftshop-arts-inc,
turtleme,https://www.artstation.com/jobs/c/turtleme,
drew-s-company,https://www.artstation.com/jobs/c/drew-s-company,
the-madison-square-garden-company,https://www.artstation.com/jobs/c/the-madison-square-garden-company,
vertigo-studios-amsterdam,https://www.artstation.com/jobs/c/vertigo-studios-amsterdam,
volumetrica,https://www.artstation.com/jobs/c/volumetrica,
coinflip-studios,https://www.artstation.com/jobs/c/coinflip-studios,
manticore-games-jobs,https://www.artstation.com/jobs/c/manticore-games-jobs,
heatblur-simulations,https://www.artstation.com/jobs/c/heatblur-simulations,
pinnacle-solutions-inc,https://www.artstation.com/jobs/c/pinnacle-solutions-inc,
manglemorph,https://www.artstation.com/jobs/c/manglemorph,
science-visualization,https://www.artstation.com/jobs/c/science-visualization,
augiart,https://www.artstation.com/jobs/c/augiart,
baboonlab,https://www.artstation.com/jobs/c/baboonlab,
crealon-media-ab,https://www.artstation.com/jobs/c/crealon-media-ab,
luckyegg,https://www.artstation.com/jobs/c/luckyegg,
thekla-inc,https://www.artstation.com/jobs/c/thekla-inc,
katie-s-company,https://www.artstation.com/jobs/c/katie-s-company,
forsbergs-skola-ab,https://www.artstation.com/jobs/c/forsbergs-skola-ab,
demodern,https://www.artstation.com/jobs/c/demodern,
pretty-big-monster,https://www.artstation.com/jobs/c/pretty-big-monster,
a-thinking-ape-entertainment-inc,https://www.artstation.com/jobs/c/a-thinking-ape-entertainment-inc,
zaid-s-company,https://www.artstation.com/jobs/c/zaid-s-company,
pebble,https://www.artstation.com/jobs/c/pebble,
hezzl,https://www.artstation.com/jobs/c/hezzl,
techona-s-r-o,https://www.artstation.com/jobs/c/techona-s-r-o,
kinkoid-studio,https://www.artstation.com/jobs/c/kinkoid-studio,
ghostpunch-games-llc,https://www.artstation.com/jobs/c/ghostpunch-games-llc,
moov-limited,https://www.artstation.com/jobs/c/moov-limited,
aiqs-synertial,https://www.artstation.com/jobs/c/aiqs-synertial,
gaya_studios,https://www.artstation.com/jobs/c/gaya_studios,
mutant-arm-studios,https://www.artstation.com/jobs/c/mutant-arm-studios,
outstandly,https://www.artstation.com/jobs/c/outstandly,
peak-art,https://www.artstation.com/jobs/c/peak-art,
gamigo-ag,https://www.artstation.com/jobs/c/gamigo-ag,
kevin-s-company-3,https://www.artstation.com/jobs/c/kevin-s-company-3,
electronic-arts-6,https://www.artstation.com/jobs/c/electronic-arts-6,
megacosm-vr,https://www.artstation.com/jobs/c/megacosm-vr,
sideshow-collectibles,https://www.artstation.com/jobs/c/sideshow-collectibles,
shortround-limited,https://www.artstation.com/jobs/c/shortround-limited,
adidas-ag,https://www.artstation.com/jobs/c/adidas-ag,
ghost-story-games-2,https://www.artstation.com/jobs/c/ghost-story-games-2,
mark-s-company-2,https://www.artstation.com/jobs/c/mark-s-company-2,
university-of-colorado-denver,https://www.artstation.com/jobs/c/university-of-colorado-denver,
astralia,https://www.artstation.com/jobs/c/astralia,
facecake,https://www.artstation.com/jobs/c/facecake,
pt-gameloft-indonesia,https://www.artstation.com/jobs/c/pt-gameloft-indonesia,
bending-spoons,https://www.artstation.com/jobs/c/bending-spoons,
visitors-media,https://www.artstation.com/jobs/c/visitors-media,
kate-s-umbrellas,https://www.artstation.com/jobs/c/kate-s-umbrellas,
mb-motion-capture,https://www.artstation.com/jobs/c/mb-motion-capture,
foxnextgamesla,https://www.artstation.com/jobs/c/foxnextgamesla,
zoox,https://www.artstation.com/jobs/c/zoox,
konami-gaming,https://www.artstation.com/jobs/c/konami-gaming,
epicus_music,https://www.artstation.com/jobs/c/epicus_music,
oak-mountain-enterprises-llc,https://www.artstation.com/jobs/c/oak-mountain-enterprises-llc,
polygon-labs,https://www.artstation.com/jobs/c/polygon-labs,
blackpoint-design-ltd,https://www.artstation.com/jobs/c/blackpoint-design-ltd,
reimagined-works,https://www.artstation.com/jobs/c/reimagined-works,
dnart,https://www.artstation.com/jobs/c/dnart,
sharecreator,https://www.artstation.com/jobs/c/sharecreator,
factory-42,https://www.artstation.com/jobs/c/factory-42,
underdog-games,https://www.artstation.com/jobs/c/underdog-games,
sharecreators,https://www.artstation.com/jobs/c/sharecreators,
curacao,https://www.artstation.com/jobs/c/curacao,
immersed,https://www.artstation.com/jobs/c/immersed,
small-giant-games-oy,https://www.artstation.com/jobs/c/small-giant-games-oy,
hive-interactive-gmbh,https://www.artstation.com/jobs/c/hive-interactive-gmbh,
mindtrustlabs,https://www.artstation.com/jobs/c/mindtrustlabs,
capcom-co-ltd,https://www.artstation.com/jobs/c/capcom-co-ltd,
nextgenerationesports,https://www.artstation.com/jobs/c/nextgenerationesports,
new-world-interactive-llc,https://www.artstation.com/jobs/c/new-world-interactive-llc,
impulsegear,https://www.artstation.com/jobs/c/impulsegear,
givhavsho,https://www.artstation.com/jobs/c/givhavsho,
grow-better-together,https://www.artstation.com/jobs/c/grow-better-together,
zagorallc,https://www.artstation.com/jobs/c/zagorallc,
deeplocal,https://www.artstation.com/jobs/c/deeplocal,
darren-s-company-2,https://www.artstation.com/jobs/c/darren-s-company-2,
siptequila,https://www.artstation.com/jobs/c/siptequila,
hardcasecrime,https://www.artstation.com/jobs/c/hardcasecrime,
ubisoft-entertainment-india-pvt-ltd,https://www.artstation.com/jobs/c/ubisoft-entertainment-india-pvt-ltd,
dylan-glen,https://www.artstation.com/jobs/c/dylan-glen,
afactor-media,https://www.artstation.com/jobs/c/afactor-media,
john-s-company,https://www.artstation.com/jobs/c/john-s-company,
tactician-business-gaming,https://www.artstation.com/jobs/c/tactician-business-gaming,
le-campus-adn,https://www.artstation.com/jobs/c/le-campus-adn,
navid-s-company,https://www.artstation.com/jobs/c/navid-s-company,
heroic-publications-llc,https://www.artstation.com/jobs/c/heroic-publications-llc,
gearbox-software-frisco,https://www.artstation.com/jobs/c/gearbox-software-frisco,
sharecare,https://www.artstation.com/jobs/c/sharecare,
ubisoft-singapore,https://www.artstation.com/jobs/c/ubisoft-singapore,
ninezyme-ou,https://www.artstation.com/jobs/c/ninezyme-ou,
genpop-interactive,https://www.artstation.com/jobs/c/genpop-interactive,
disys,https://www.artstation.com/jobs/c/disys,
vrpatients,https://www.artstation.com/jobs/c/vrpatients,
ustwo-2,https://www.artstation.com/jobs/c/ustwo-2,
games-revolted,https://www.artstation.com/jobs/c/games-revolted,
https-ab-games-com-about-us,https://www.artstation.com/jobs/c/https-ab-games-com-about-us,
proletariatinc,https://www.artstation.com/jobs/c/proletariatinc,
jessica-s-company,https://www.artstation.com/jobs/c/jessica-s-company,
glich-gaming,https://www.artstation.com/jobs/c/glich-gaming,
junkfish-limited,https://www.artstation.com/jobs/c/junkfish-limited,
neal-analytics-llc,https://www.artstation.com/jobs/c/neal-analytics-llc,
terraform-studios,https://www.artstation.com/jobs/c/terraform-studios,
mirage-vr,https://www.artstation.com/jobs/c/mirage-vr,
gallium-artistic-services,https://www.artstation.com/jobs/c/gallium-artistic-services,
incredible-technologies,https://www.artstation.com/jobs/c/incredible-technologies,
imaworld,https://www.artstation.com/jobs/c/imaworld,
smart-me-up,https://www.artstation.com/jobs/c/smart-me-up,
storm8-inc,https://www.artstation.com/jobs/c/storm8-inc,
david-s-company-3,https://www.artstation.com/jobs/c/david-s-company-3,
project-dark-water,https://www.artstation.com/jobs/c/project-dark-water,
teamsesh,https://www.artstation.com/jobs/c/teamsesh,
darewise-entertainment,https://www.artstation.com/jobs/c/darewise-entertainment,
shawnee-state-university,https://www.artstation.com/jobs/c/shawnee-state-university,
delambe,https://www.artstation.com/jobs/c/delambe,
randstad-gaming,https://www.artstation.com/jobs/c/randstad-gaming,
mold3d-studio,https://www.artstation.com/jobs/c/mold3d-studio,
fervor,https://www.artstation.com/jobs/c/fervor,
modern-identity-inc,https://www.artstation.com/jobs/c/modern-identity-inc,
concept-art-house-inc,https://www.artstation.com/jobs/c/concept-art-house-inc,
darren-s-company,https://www.artstation.com/jobs/c/darren-s-company,
proactive-technologies-inc,https://www.artstation.com/jobs/c/proactive-technologies-inc,
cosmic-games,https://www.artstation.com/jobs/c/cosmic-games,
yaaargames,https://www.artstation.com/jobs/c/yaaargames,
stalwart,https://www.artstation.com/jobs/c/stalwart,
hominin-mind,https://www.artstation.com/jobs/c/hominin-mind,
initiative-rpg,https://www.artstation.com/jobs/c/initiative-rpg,
the-recording-arts-institute-of-saskatoon,https://www.artstation.com/jobs/c/the-recording-arts-institute-of-saskatoon,
mod-company,https://www.artstation.com/jobs/c/mod-company,
gistanam,https://www.artstation.com/jobs/c/gistanam,
tough-cookie-games,https://www.artstation.com/jobs/c/tough-cookie-games,
david-price-design,https://www.artstation.com/jobs/c/david-price-design,
lune-rouge-entertainment,https://www.artstation.com/jobs/c/lune-rouge-entertainment,
ringzero-game-studio-ltd,https://www.artstation.com/jobs/c/ringzero-game-studio-ltd,
starparty,https://www.artstation.com/jobs/c/starparty,
noahmusic,https://www.artstation.com/jobs/c/noahmusic,
ubisoft-redlynx,https://www.artstation.com/jobs/c/ubisoft-redlynx,
alex-s-company,https://www.artstation.com/jobs/c/alex-s-company,
david-s-company-2,https://www.artstation.com/jobs/c/david-s-company-2,
khaled-s-company,https://www.artstation.com/jobs/c/khaled-s-company,
the-outlook-company,https://www.artstation.com/jobs/c/the-outlook-company,
outlook-s-company,https://www.artstation.com/jobs/c/outlook-s-company,
aal-sole-trader,https://www.artstation.com/jobs/c/aal-sole-trader,
studiodecay,https://www.artstation.com/jobs/c/studiodecay,
laguna-college-of-art-design,https://www.artstation.com/jobs/c/laguna-college-of-art-design,
kinetic-vision,https://www.artstation.com/jobs/c/kinetic-vision,
magic-factory-productions,https://www.artstation.com/jobs/c/magic-factory-productions,
immersive-vr-education-plc,https://www.artstation.com/jobs/c/immersive-vr-education-plc,
lasharifilms,https://www.artstation.com/jobs/c/lasharifilms,
stardock-systems,https://www.artstation.com/jobs/c/stardock-systems,
sastrei-studios,https://www.artstation.com/jobs/c/sastrei-studios,
visualpurple,https://www.artstation.com/jobs/c/visualpurple,
wargaming-group-limited,https://www.artstation.com/jobs/c/wargaming-group-limited,
mcfarlane-toys,https://www.artstation.com/jobs/c/mcfarlane-toys,
lucid01,https://www.artstation.com/jobs/c/lucid01,
superplastic,https://www.artstation.com/jobs/c/superplastic,
brightlobe,https://www.artstation.com/jobs/c/brightlobe,
shinybox-llc,https://www.artstation.com/jobs/c/shinybox-llc,
immersivetouch,https://www.artstation.com/jobs/c/immersivetouch,
tap4fun-barcelona,https://www.artstation.com/jobs/c/tap4fun-barcelona,
imaginastudio,https://www.artstation.com/jobs/c/imaginastudio,
vital-game-studios,https://www.artstation.com/jobs/c/vital-game-studios,
ways-means,https://www.artstation.com/jobs/c/ways-means,
youtooz,https://www.artstation.com/jobs/c/youtooz,
sunya-films-llc,https://www.artstation.com/jobs/c/sunya-films-llc,
nvidia-graphics,https://www.artstation.com/jobs/c/nvidia-graphics,
vertebrae-inc,https://www.artstation.com/jobs/c/vertebrae-inc,
knock-knock-games,https://www.artstation.com/jobs/c/knock-knock-games,
brodin-studios,https://www.artstation.com/jobs/c/brodin-studios,
eastcarolinauniversity,https://www.artstation.com/jobs/c/eastcarolinauniversity,
supercar,https://www.artstation.com/jobs/c/supercar,
sturdy,https://www.artstation.com/jobs/c/sturdy,
gameloft-hungary,https://www.artstation.com/jobs/c/gameloft-hungary,
parallel-plaid,https://www.artstation.com/jobs/c/parallel-plaid,
ellie-empire,https://www.artstation.com/jobs/c/ellie-empire,
the_tony_game_a_pioneering_method_for_the_accuisition_of_music_reading_skills,https://www.artstation.com/jobs/c/the_tony_game_a_pioneering_method_for_the_accuisition_of_music_reading_skills,
sunnyside-games-2,https://www.artstation.com/jobs/c/sunnyside-games-2,
incessant_rain,https://www.artstation.com/jobs/c/incessant_rain,
tsume-sa,https://www.artstation.com/jobs/c/tsume-sa,
lightfieldlab,https://www.artstation.com/jobs/c/lightfieldlab,
rotuem,https://www.artstation.com/jobs/c/rotuem,
lanard-toys,https://www.artstation.com/jobs/c/lanard-toys,
mooncolony,https://www.artstation.com/jobs/c/mooncolony,
rs-amp-h,https://www.artstation.com/jobs/c/rs-amp-h,
ericgoff,https://www.artstation.com/jobs/c/ericgoff,
share-creators,https://www.artstation.com/jobs/c/share-creators,
luciton,https://www.artstation.com/jobs/c/luciton,
jimena-s-company,https://www.artstation.com/jobs/c/jimena-s-company,
fireoverlight,https://www.artstation.com/jobs/c/fireoverlight,
buffa-pictures,https://www.artstation.com/jobs/c/buffa-pictures,
wargaming_uk,https://www.artstation.com/jobs/c/wargaming_uk,
imangi-studios,https://www.artstation.com/jobs/c/imangi-studios,
nocturnalfx,https://www.artstation.com/jobs/c/nocturnalfx,
alden-studios,https://www.artstation.com/jobs/c/alden-studios,
rabcat-computer-graphics-gmbh,https://www.artstation.com/jobs/c/rabcat-computer-graphics-gmbh,
sector-5-digital,https://www.artstation.com/jobs/c/sector-5-digital,
toronto-film-school,https://www.artstation.com/jobs/c/toronto-film-school,
neobards-entertainment-ltd,https://www.artstation.com/jobs/c/neobards-entertainment-ltd,
playgendary,https://www.artstation.com/jobs/c/playgendary,
hmmm,https://www.artstation.com/jobs/c/hmmm,
reflect-studios,https://www.artstation.com/jobs/c/reflect-studios,
dragonlord-enterprises-inc,https://www.artstation.com/jobs/c/dragonlord-enterprises-inc,
woodbury,https://www.artstation.com/jobs/c/woodbury,
uf-digital-worlds-institute,https://www.artstation.com/jobs/c/uf-digital-worlds-institute,
vcuarts,https://www.artstation.com/jobs/c/vcuarts,
george-s-company,https://www.artstation.com/jobs/c/george-s-company,
impact-theory,https://www.artstation.com/jobs/c/impact-theory,
sas-nation,https://www.artstation.com/jobs/c/sas-nation,
kara-technologies,https://www.artstation.com/jobs/c/kara-technologies,
warcave-2,https://www.artstation.com/jobs/c/warcave-2,
game-circus-llc,https://www.artstation.com/jobs/c/game-circus-llc,
meraki,https://www.artstation.com/jobs/c/meraki,
pencilmation,https://www.artstation.com/jobs/c/pencilmation,
relax-gaming,https://www.artstation.com/jobs/c/relax-gaming,
illfonic-2,https://www.artstation.com/jobs/c/illfonic-2,
superluminal,https://www.artstation.com/jobs/c/superluminal,
kainoo-sarl,https://www.artstation.com/jobs/c/kainoo-sarl,
indiecatapult,https://www.artstation.com/jobs/c/indiecatapult,
snowball-vfx-ltd,https://www.artstation.com/jobs/c/snowball-vfx-ltd,
magical-game-studio,https://www.artstation.com/jobs/c/magical-game-studio,
sculptressfashions,https://www.artstation.com/jobs/c/sculptressfashions,
icaros-gmbh,https://www.artstation.com/jobs/c/icaros-gmbh,
cyberbeast,https://www.artstation.com/jobs/c/cyberbeast,
statmuse,https://www.artstation.com/jobs/c/statmuse,
coded_snake,https://www.artstation.com/jobs/c/coded_snake,
rosiereality,https://www.artstation.com/jobs/c/rosiereality,
wires-glasses,https://www.artstation.com/jobs/c/wires-glasses,
prproductions,https://www.artstation.com/jobs/c/prproductions,
maac-hsr-layout,https://www.artstation.com/jobs/c/maac-hsr-layout,
mimimi-productions-ug-haftungsbeschraenkt,https://www.artstation.com/jobs/c/mimimi-productions-ug-haftungsbeschraenkt,
brotherwise-games,https://www.artstation.com/jobs/c/brotherwise-games,
northwoods-interactive,https://www.artstation.com/jobs/c/northwoods-interactive,
blue-ring-games,https://www.artstation.com/jobs/c/blue-ring-games,
creative_doorway,https://www.artstation.com/jobs/c/creative_doorway,
rj-games,https://www.artstation.com/jobs/c/rj-games,
spatialandstoreno8,https://www.artstation.com/jobs/c/spatialandstoreno8,
play-games24x7-pvt-ltd,https://www.artstation.com/jobs/c/play-games24x7-pvt-ltd,
animal-logic-3,https://www.artstation.com/jobs/c/animal-logic-3,
komodoz,https://www.artstation.com/jobs/c/komodoz,
seho-s-company,https://www.artstation.com/jobs/c/seho-s-company,
vigorbiofun-studio,https://www.artstation.com/jobs/c/vigorbiofun-studio,
game_on_expertise,https://www.artstation.com/jobs/c/game_on_expertise,
airworks,https://www.artstation.com/jobs/c/airworks,
pixo-vr-llc,https://www.artstation.com/jobs/c/pixo-vr-llc,
freelance-theater,https://www.artstation.com/jobs/c/freelance-theater,
iceboy,https://www.artstation.com/jobs/c/iceboy,
arkane-studios-2,https://www.artstation.com/jobs/c/arkane-studios-2,
bradley-university,https://www.artstation.com/jobs/c/bradley-university,
thoughts-in-motion-corp,https://www.artstation.com/jobs/c/thoughts-in-motion-corp,
create-eu,https://www.artstation.com/jobs/c/create-eu,
boitata-ahmed-al-dhaheri,https://www.artstation.com/jobs/c/boitata-ahmed-al-dhaheri,
cvedia-pte-ltd,https://www.artstation.com/jobs/c/cvedia-pte-ltd,
tiny-readers-publishing,https://www.artstation.com/jobs/c/tiny-readers-publishing,
living-in-a-box-productions,https://www.artstation.com/jobs/c/living-in-a-box-productions,
umang-sth,https://www.artstation.com/jobs/c/umang-sth,
social-point-2,https://www.artstation.com/jobs/c/social-point-2,
playstack-ltd,https://www.artstation.com/jobs/c/playstack-ltd,
hugo-morton,https://www.artstation.com/jobs/c/hugo-morton,
the-fabricant,https://www.artstation.com/jobs/c/the-fabricant,
poplar-studio,https://www.artstation.com/jobs/c/poplar-studio,
swagkage,https://www.artstation.com/jobs/c/swagkage,
paintscaping,https://www.artstation.com/jobs/c/paintscaping,
wombat-studio,https://www.artstation.com/jobs/c/wombat-studio,
3dpeople,https://www.artstation.com/jobs/c/3dpeople,
full-fat-games,https://www.artstation.com/jobs/c/full-fat-games,
bossa-studios-ltd,https://www.artstation.com/jobs/c/bossa-studios-ltd,
safewayz-llc,https://www.artstation.com/jobs/c/safewayz-llc,
digital-nation-entertainment,https://www.artstation.com/jobs/c/digital-nation-entertainment,
fast-art,https://www.artstation.com/jobs/c/fast-art,
shenzhen-leiting-digital-entertainment-co-ltd,https://www.artstation.com/jobs/c/shenzhen-leiting-digital-entertainment-co-ltd,
magic-box-int-toys,https://www.artstation.com/jobs/c/magic-box-int-toys,
dark-media,https://www.artstation.com/jobs/c/dark-media,
otherworld,https://www.artstation.com/jobs/c/otherworld,
chickvidee,https://www.artstation.com/jobs/c/chickvidee,
lovepop,https://www.artstation.com/jobs/c/lovepop,
little-green-man-power-technology-ltd,https://www.artstation.com/jobs/c/little-green-man-power-technology-ltd,
mages-institute-of-excellence,https://www.artstation.com/jobs/c/mages-institute-of-excellence,
artcenter-college-of-design,https://www.artstation.com/jobs/c/artcenter-college-of-design,
bixler,https://www.artstation.com/jobs/c/bixler,
penumbra-inc-2,https://www.artstation.com/jobs/c/penumbra-inc-2,
ubisoft-belgrade,https://www.artstation.com/jobs/c/ubisoft-belgrade,
penumbra-inc,https://www.artstation.com/jobs/c/penumbra-inc,
artora-magazine,https://www.artstation.com/jobs/c/artora-magazine,
i-do-not-have-a-company,https://www.artstation.com/jobs/c/i-do-not-have-a-company,
bitloft,https://www.artstation.com/jobs/c/bitloft,
none-3,https://www.artstation.com/jobs/c/none-3,
unity-productions,https://www.artstation.com/jobs/c/unity-productions,
itchasers-company-limited,https://www.artstation.com/jobs/c/itchasers-company-limited,
ghanem-s-company,https://www.artstation.com/jobs/c/ghanem-s-company,
lucan-visuals,https://www.artstation.com/jobs/c/lucan-visuals,
enva-division,https://www.artstation.com/jobs/c/enva-division,
serebrumlab,https://www.artstation.com/jobs/c/serebrumlab,
automotive-artificial-intelligence-gmbh,https://www.artstation.com/jobs/c/automotive-artificial-intelligence-gmbh,
for-fun-labs,https://www.artstation.com/jobs/c/for-fun-labs,
diempal-productions,https://www.artstation.com/jobs/c/diempal-productions,
cat-face,https://www.artstation.com/jobs/c/cat-face,
the-sequence-group-2,https://www.artstation.com/jobs/c/the-sequence-group-2,
compoundentertainment,https://www.artstation.com/jobs/c/compoundentertainment,
mechanistry-sp-z-o-o,https://www.artstation.com/jobs/c/mechanistry-sp-z-o-o,
tommie-s-company,https://www.artstation.com/jobs/c/tommie-s-company,
jon-rafman-studios,https://www.artstation.com/jobs/c/jon-rafman-studios,
tendril-design-and-animation,https://www.artstation.com/jobs/c/tendril-design-and-animation,
dmt-inc,https://www.artstation.com/jobs/c/dmt-inc,
magnitude-3,https://www.artstation.com/jobs/c/magnitude-3,
cheese-broccoli,https://www.artstation.com/jobs/c/cheese-broccoli,
capcom-game-studio,https://www.artstation.com/jobs/c/capcom-game-studio,
nutonomy-asia-pte-ltd,https://www.artstation.com/jobs/c/nutonomy-asia-pte-ltd,
wyrd-miniatures,https://www.artstation.com/jobs/c/wyrd-miniatures,
triton-noir,https://www.artstation.com/jobs/c/triton-noir,
ferris-state-university,https://www.artstation.com/jobs/c/ferris-state-university,
sports-templates,https://www.artstation.com/jobs/c/sports-templates,
plymouth-college-of-art,https://www.artstation.com/jobs/c/plymouth-college-of-art,
defiant-studios,https://www.artstation.com/jobs/c/defiant-studios,
schematic,https://www.artstation.com/jobs/c/schematic,
hengxin-rainbow,https://www.artstation.com/jobs/c/hengxin-rainbow,
elizabeth-bell-s-company,https://www.artstation.com/jobs/c/elizabeth-bell-s-company,
games-games-4545,https://www.artstation.com/jobs/c/games-games-4545,
czarnowski,https://www.artstation.com/jobs/c/czarnowski,
asobo-studio-2,https://www.artstation.com/jobs/c/asobo-studio-2,
unit-2-games-ltd,https://www.artstation.com/jobs/c/unit-2-games-ltd,
mythology-fiction-explained,https://www.artstation.com/jobs/c/mythology-fiction-explained,
animus-interactive,https://www.artstation.com/jobs/c/animus-interactive,
avatta,https://www.artstation.com/jobs/c/avatta,
doar-ea-conteaza,https://www.artstation.com/jobs/c/doar-ea-conteaza,
oneninthmedia,https://www.artstation.com/jobs/c/oneninthmedia,
none-2,https://www.artstation.com/jobs/c/none-2,
vcom3d-inc,https://www.artstation.com/jobs/c/vcom3d-inc,
foxnext-games-la,https://www.artstation.com/jobs/c/foxnext-games-la,
shapeshifterconcepts,https://www.artstation.com/jobs/c/shapeshifterconcepts,
robinjam-ltd,https://www.artstation.com/jobs/c/robinjam-ltd,
loom-network-inc,https://www.artstation.com/jobs/c/loom-network-inc,
virtual-wonders,https://www.artstation.com/jobs/c/virtual-wonders,
blockadegames,https://www.artstation.com/jobs/c/blockadegames,
option-z,https://www.artstation.com/jobs/c/option-z,
aesir-interactive-gmbh,https://www.artstation.com/jobs/c/aesir-interactive-gmbh,
latchandkey,https://www.artstation.com/jobs/c/latchandkey,
ilion-animation-studios-2,https://www.artstation.com/jobs/c/ilion-animation-studios-2,
betsoft,https://www.artstation.com/jobs/c/betsoft,
aertistudios,https://www.artstation.com/jobs/c/aertistudios,
mitosis-games,https://www.artstation.com/jobs/c/mitosis-games,
talespin-2,https://www.artstation.com/jobs/c/talespin-2,
blend-studios,https://www.artstation.com/jobs/c/blend-studios,
leeds-arts-university,https://www.artstation.com/jobs/c/leeds-arts-university,
bear-s-company,https://www.artstation.com/jobs/c/bear-s-company,
giant-enemy-crab,https://www.artstation.com/jobs/c/giant-enemy-crab,
piczl-studios,https://www.artstation.com/jobs/c/piczl-studios,
wrkshp-2,https://www.artstation.com/jobs/c/wrkshp-2,
production-club,https://www.artstation.com/jobs/c/production-club,
ember-entertainment-limited,https://www.artstation.com/jobs/c/ember-entertainment-limited,
simpleshow,https://www.artstation.com/jobs/c/simpleshow,
wallner-productions-gmbh,https://www.artstation.com/jobs/c/wallner-productions-gmbh,
amuerte,https://www.artstation.com/jobs/c/amuerte,
plarium-michigan-studio,https://www.artstation.com/jobs/c/plarium-michigan-studio,
munkyfun,https://www.artstation.com/jobs/c/munkyfun,
juljancomputerservicefrance,https://www.artstation.com/jobs/c/juljancomputerservicefrance,
nowhere-studios,https://www.artstation.com/jobs/c/nowhere-studios,
netent-ab,https://www.artstation.com/jobs/c/netent-ab,
fantastic-yes,https://www.artstation.com/jobs/c/fantastic-yes,
access-creative-college,https://www.artstation.com/jobs/c/access-creative-college,
art-chateau,https://www.artstation.com/jobs/c/art-chateau,
terragame-studio,https://www.artstation.com/jobs/c/terragame-studio,
fox_cub_games,https://www.artstation.com/jobs/c/fox_cub_games,
3fx-inc,https://www.artstation.com/jobs/c/3fx-inc,
the-bigger-picture-films,https://www.artstation.com/jobs/c/the-bigger-picture-films,
ripndip,https://www.artstation.com/jobs/c/ripndip,
cipsoft-gmbh,https://www.artstation.com/jobs/c/cipsoft-gmbh,
new-balance-athletic-shoe-inc,https://www.artstation.com/jobs/c/new-balance-athletic-shoe-inc,
wargaming-prague-s-r-o,https://www.artstation.com/jobs/c/wargaming-prague-s-r-o,
down-smash-studios-inc,https://www.artstation.com/jobs/c/down-smash-studios-inc,
yes-fit,https://www.artstation.com/jobs/c/yes-fit,
boozallenhamilton,https://www.artstation.com/jobs/c/boozallenhamilton,
hyundai,https://www.artstation.com/jobs/c/hyundai,
koch-media-gmbh,https://www.artstation.com/jobs/c/koch-media-gmbh,
gold-hat-pictures,https://www.artstation.com/jobs/c/gold-hat-pictures,
musol-studios,https://www.artstation.com/jobs/c/musol-studios,
wec360-2,https://www.artstation.com/jobs/c/wec360-2,
madbyte-games,https://www.artstation.com/jobs/c/madbyte-games,
brick-visual-solutions-zrt,https://www.artstation.com/jobs/c/brick-visual-solutions-zrt,
locksmith-animation-ltd,https://www.artstation.com/jobs/c/locksmith-animation-ltd,
buddeez,https://www.artstation.com/jobs/c/buddeez,
quantumgiant,https://www.artstation.com/jobs/c/quantumgiant,
icon-firecrest,https://www.artstation.com/jobs/c/icon-firecrest,
aftermath-production,https://www.artstation.com/jobs/c/aftermath-production,
hazelight-2,https://www.artstation.com/jobs/c/hazelight-2,
electronic-arts-shanghai,https://www.artstation.com/jobs/c/electronic-arts-shanghai,
iotech-sarl,https://www.artstation.com/jobs/c/iotech-sarl,
h-force-gaming,https://www.artstation.com/jobs/c/h-force-gaming,
skemmi,https://www.artstation.com/jobs/c/skemmi,
liquid-development-2,https://www.artstation.com/jobs/c/liquid-development-2,
glasseggdigitalmedia,https://www.artstation.com/jobs/c/glasseggdigitalmedia,
unit-2-games,https://www.artstation.com/jobs/c/unit-2-games,
ctrlpurple,https://www.artstation.com/jobs/c/ctrlpurple,
nutaku-publishing,https://www.artstation.com/jobs/c/nutaku-publishing,
jim-bond-productions,https://www.artstation.com/jobs/c/jim-bond-productions,
ruke-inc,https://www.artstation.com/jobs/c/ruke-inc,
pixel-squad-ltd,https://www.artstation.com/jobs/c/pixel-squad-ltd,
staramba-se,https://www.artstation.com/jobs/c/staramba-se,
dddidi,https://www.artstation.com/jobs/c/dddidi,
gamermats,https://www.artstation.com/jobs/c/gamermats,
netease-games-4,https://www.artstation.com/jobs/c/netease-games-4,
indg-3,https://www.artstation.com/jobs/c/indg-3,
gian-creations,https://www.artstation.com/jobs/c/gian-creations,
1001-steps,https://www.artstation.com/jobs/c/1001-steps,
paradox-interactive_old,https://www.artstation.com/jobs/c/paradox-interactive_old,
blt-communications,https://www.artstation.com/jobs/c/blt-communications,
good-looking-richard,https://www.artstation.com/jobs/c/good-looking-richard,
superhippo,https://www.artstation.com/jobs/c/superhippo,
the-endless-co,https://www.artstation.com/jobs/c/the-endless-co,
ubisoft-srl-ro3597311,https://www.artstation.com/jobs/c/ubisoft-srl-ro3597311,
proximity-games,https://www.artstation.com/jobs/c/proximity-games,
dark-light-publishing,https://www.artstation.com/jobs/c/dark-light-publishing,
mel-s-company,https://www.artstation.com/jobs/c/mel-s-company,
angelavinci,https://www.artstation.com/jobs/c/angelavinci,
seismic-games-3,https://www.artstation.com/jobs/c/seismic-games-3,
impulse-gear,https://www.artstation.com/jobs/c/impulse-gear,
gulfstream-aerospace,https://www.artstation.com/jobs/c/gulfstream-aerospace,
roger-pictures,https://www.artstation.com/jobs/c/roger-pictures,
bolb,https://www.artstation.com/jobs/c/bolb,
aquament-ent,https://www.artstation.com/jobs/c/aquament-ent,
radical-convergence,https://www.artstation.com/jobs/c/radical-convergence,
pure-arts,https://www.artstation.com/jobs/c/pure-arts,
ytubi,https://www.artstation.com/jobs/c/ytubi,
ethan-carter-inc,https://www.artstation.com/jobs/c/ethan-carter-inc,
virtualrealms,https://www.artstation.com/jobs/c/virtualrealms,
far-side-games,https://www.artstation.com/jobs/c/far-side-games,
vienna-paint,https://www.artstation.com/jobs/c/vienna-paint,
lpx-digital-inc,https://www.artstation.com/jobs/c/lpx-digital-inc,
sofa-social,https://www.artstation.com/jobs/c/sofa-social,
freakinware,https://www.artstation.com/jobs/c/freakinware,
stimulated-inc,https://www.artstation.com/jobs/c/stimulated-inc,
games2win,https://www.artstation.com/jobs/c/games2win,
grafisch-lyceum-utrecht,https://www.artstation.com/jobs/c/grafisch-lyceum-utrecht,
out-collector-figures,https://www.artstation.com/jobs/c/out-collector-figures,
a-chronicle-of-misdeeds,https://www.artstation.com/jobs/c/a-chronicle-of-misdeeds,
icon-art-design,https://www.artstation.com/jobs/c/icon-art-design,
wearrus-ltd,https://www.artstation.com/jobs/c/wearrus-ltd,
serge-ramelli,https://www.artstation.com/jobs/c/serge-ramelli,
virtual-room,https://www.artstation.com/jobs/c/virtual-room,
clovr-studios,https://www.artstation.com/jobs/c/clovr-studios,
readysetz-llc,https://www.artstation.com/jobs/c/readysetz-llc,
psyonix-rocketleague,https://www.artstation.com/jobs/c/psyonix-rocketleague,
moore-college-of-art-design-2,https://www.artstation.com/jobs/c/moore-college-of-art-design-2,
gamecredits-doo,https://www.artstation.com/jobs/c/gamecredits-doo,
faber-courtial-gbr,https://www.artstation.com/jobs/c/faber-courtial-gbr,
game-credits-doo,https://www.artstation.com/jobs/c/game-credits-doo,
snowcastle-games-2,https://www.artstation.com/jobs/c/snowcastle-games-2,
vishva-bahu,https://www.artstation.com/jobs/c/vishva-bahu,
inside-the-box-board-games-llp,https://www.artstation.com/jobs/c/inside-the-box-board-games-llp,
griffith-university,https://www.artstation.com/jobs/c/griffith-university,
janeious,https://www.artstation.com/jobs/c/janeious,
clarissa-castro-centeno,https://www.artstation.com/jobs/c/clarissa-castro-centeno,
chris-litwin-photography,https://www.artstation.com/jobs/c/chris-litwin-photography,
netent-poland-sp-zoo,https://www.artstation.com/jobs/c/netent-poland-sp-zoo,
alice-blue,https://www.artstation.com/jobs/c/alice-blue,
evermore-shores,https://www.artstation.com/jobs/c/evermore-shores,
automaton,https://www.artstation.com/jobs/c/automaton,
peter-s-company-2,https://www.artstation.com/jobs/c/peter-s-company-2,
vrtuality,https://www.artstation.com/jobs/c/vrtuality,
electronic-arts-4,https://www.artstation.com/jobs/c/electronic-arts-4,
nyu-tisch,https://www.artstation.com/jobs/c/nyu-tisch,
gear-inc,https://www.artstation.com/jobs/c/gear-inc,
mr-x-inc,https://www.artstation.com/jobs/c/mr-x-inc,
awexo,https://www.artstation.com/jobs/c/awexo,
city-state-entertainment-llc,https://www.artstation.com/jobs/c/city-state-entertainment-llc,
indg-2,https://www.artstation.com/jobs/c/indg-2,
fx-animation-barcelona-3d-film-school,https://www.artstation.com/jobs/c/fx-animation-barcelona-3d-film-school,
labster,https://www.artstation.com/jobs/c/labster,
igotcha-studios,https://www.artstation.com/jobs/c/igotcha-studios,
ubisoft-studios-srl,https://www.artstation.com/jobs/c/ubisoft-studios-srl,
edge-case-games-ltd,https://www.artstation.com/jobs/c/edge-case-games-ltd,
legendary-games,https://www.artstation.com/jobs/c/legendary-games,
chemical_x_industries,https://www.artstation.com/jobs/c/chemical_x_industries,
infected-gmbh,https://www.artstation.com/jobs/c/infected-gmbh,
spatialand,https://www.artstation.com/jobs/c/spatialand,
topdigital,https://www.artstation.com/jobs/c/topdigital,
syndrome-studio,https://www.artstation.com/jobs/c/syndrome-studio,
pure-imagination-studios-inc,https://www.artstation.com/jobs/c/pure-imagination-studios-inc,
coventry-university,https://www.artstation.com/jobs/c/coventry-university,
electronic_arts,https://www.artstation.com/jobs/c/electronic_arts,
snap-ukraine,https://www.artstation.com/jobs/c/snap-ukraine,
company-virtuallylive,https://www.artstation.com/jobs/c/company-virtuallylive,
dhruva-interactive,https://www.artstation.com/jobs/c/dhruva-interactive,
yoh-services-llc,https://www.artstation.com/jobs/c/yoh-services-llc,
wooga-2,https://www.artstation.com/jobs/c/wooga-2,
alcock-games,https://www.artstation.com/jobs/c/alcock-games,
t-bull-s-a,https://www.artstation.com/jobs/c/t-bull-s-a,
rough-draft-studios-inc,https://www.artstation.com/jobs/c/rough-draft-studios-inc,
nouripictures,https://www.artstation.com/jobs/c/nouripictures,
concrete-software,https://www.artstation.com/jobs/c/concrete-software,
hex-entertainment,https://www.artstation.com/jobs/c/hex-entertainment,
tangent_games,https://www.artstation.com/jobs/c/tangent_games,
jzmk-partners,https://www.artstation.com/jobs/c/jzmk-partners,
edi-effetti-digitali-italiani,https://www.artstation.com/jobs/c/edi-effetti-digitali-italiani,
beier-virtual-architecture,https://www.artstation.com/jobs/c/beier-virtual-architecture,
virtuosgames-france,https://www.artstation.com/jobs/c/virtuosgames-france,
bron-animation-inc,https://www.artstation.com/jobs/c/bron-animation-inc,
mlb-network,https://www.artstation.com/jobs/c/mlb-network,
massey-university,https://www.artstation.com/jobs/c/massey-university,
ubisoft-9,https://www.artstation.com/jobs/c/ubisoft-9,
uab-silforma,https://www.artstation.com/jobs/c/uab-silforma,
starsign-games,https://www.artstation.com/jobs/c/starsign-games,
twonerds,https://www.artstation.com/jobs/c/twonerds,
symmetric-games,https://www.artstation.com/jobs/c/symmetric-games,
eagle-gryphon-games,https://www.artstation.com/jobs/c/eagle-gryphon-games,
blind-squirrel-entertainment-inc,https://www.artstation.com/jobs/c/blind-squirrel-entertainment-inc,
thalamus-digital-publishing,https://www.artstation.com/jobs/c/thalamus-digital-publishing,
powerhouse-animation-studios-inc-2,https://www.artstation.com/jobs/c/powerhouse-animation-studios-inc-2,
moniker-inc,https://www.artstation.com/jobs/c/moniker-inc,
weida-3d,https://www.artstation.com/jobs/c/weida-3d,
pikcells,https://www.artstation.com/jobs/c/pikcells,
nway-america-llc,https://www.artstation.com/jobs/c/nway-america-llc,
bsn-sports,https://www.artstation.com/jobs/c/bsn-sports,
maclord-artisian,https://www.artstation.com/jobs/c/maclord-artisian,
mindzenith-productions,https://www.artstation.com/jobs/c/mindzenith-productions,
prizmiq,https://www.artstation.com/jobs/c/prizmiq,
redemption-road-games,https://www.artstation.com/jobs/c/redemption-road-games,
numerologist-com,https://www.artstation.com/jobs/c/numerologist-com,
blackstone-studios-dubai,https://www.artstation.com/jobs/c/blackstone-studios-dubai,
tsume-art,https://www.artstation.com/jobs/c/tsume-art,
gamehouse-ehv,https://www.artstation.com/jobs/c/gamehouse-ehv,
trendy-entertainment-inc,https://www.artstation.com/jobs/c/trendy-entertainment-inc,
genies,https://www.artstation.com/jobs/c/genies,
drawn-from-valor,https://www.artstation.com/jobs/c/drawn-from-valor,
microsoft-2,https://www.artstation.com/jobs/c/microsoft-2,
in-vellum-productions,https://www.artstation.com/jobs/c/in-vellum-productions,
seismic-games-la,https://www.artstation.com/jobs/c/seismic-games-la,
electronic-arts-3,https://www.artstation.com/jobs/c/electronic-arts-3,
colormass,https://www.artstation.com/jobs/c/colormass,
clae-co,https://www.artstation.com/jobs/c/clae-co,
bound-publishing,https://www.artstation.com/jobs/c/bound-publishing,
kalquelord,https://www.artstation.com/jobs/c/kalquelord,
teksystems,https://www.artstation.com/jobs/c/teksystems,
sargon-s-company,https://www.artstation.com/jobs/c/sargon-s-company,
jonnymelabo-productions,https://www.artstation.com/jobs/c/jonnymelabo-productions,
van-metre-homes,https://www.artstation.com/jobs/c/van-metre-homes,
bioware-4,https://www.artstation.com/jobs/c/bioware-4,
trust-ani,https://www.artstation.com/jobs/c/trust-ani,
renderstorm,https://www.artstation.com/jobs/c/renderstorm,
innova-champion-discs,https://www.artstation.com/jobs/c/innova-champion-discs,
steel-monkeys,https://www.artstation.com/jobs/c/steel-monkeys,
otherly-productions,https://www.artstation.com/jobs/c/otherly-productions,
super-su,https://www.artstation.com/jobs/c/super-su,
pixelberrystudios,https://www.artstation.com/jobs/c/pixelberrystudios,
allegorithmic,https://www.artstation.com/jobs/c/allegorithmic,
amirani-media,https://www.artstation.com/jobs/c/amirani-media,
prototitan,https://www.artstation.com/jobs/c/prototitan,
cardboard-console,https://www.artstation.com/jobs/c/cardboard-console,
romero-games-ltd,https://www.artstation.com/jobs/c/romero-games-ltd,
mindshow,https://www.artstation.com/jobs/c/mindshow,
balich-worldwide-shows,https://www.artstation.com/jobs/c/balich-worldwide-shows,
abrandcompany,https://www.artstation.com/jobs/c/abrandcompany,
brud,https://www.artstation.com/jobs/c/brud,
ninesixtynine_3d_staffing,https://www.artstation.com/jobs/c/ninesixtynine_3d_staffing,
boulder-media-2,https://www.artstation.com/jobs/c/boulder-media-2,
intervoke,https://www.artstation.com/jobs/c/intervoke,
doudougames,https://www.artstation.com/jobs/c/doudougames,
w-r-k-s-games,https://www.artstation.com/jobs/c/w-r-k-s-games,
aquent-games,https://www.artstation.com/jobs/c/aquent-games,
proletariat-inc,https://www.artstation.com/jobs/c/proletariat-inc,
the-digital-tattoo-shop,https://www.artstation.com/jobs/c/the-digital-tattoo-shop,
booldermoddiea,https://www.artstation.com/jobs/c/booldermoddiea,
bonepixel,https://www.artstation.com/jobs/c/bonepixel,
sheffield-hallam-university,https://www.artstation.com/jobs/c/sheffield-hallam-university,
blackdrop-studio,https://www.artstation.com/jobs/c/blackdrop-studio,
fifth-storey-animation,https://www.artstation.com/jobs/c/fifth-storey-animation,
mirage-game-studios,https://www.artstation.com/jobs/c/mirage-game-studios,
cview_studios,https://www.artstation.com/jobs/c/cview_studios,
vikas,https://www.artstation.com/jobs/c/vikas,
circadence,https://www.artstation.com/jobs/c/circadence,
trick-3d,https://www.artstation.com/jobs/c/trick-3d,
bluhole-pubg,https://www.artstation.com/jobs/c/bluhole-pubg,
panda-ltd,https://www.artstation.com/jobs/c/panda-ltd,
vankrupt-games,https://www.artstation.com/jobs/c/vankrupt-games,
agrisymphony,https://www.artstation.com/jobs/c/agrisymphony,
bare-entertainment,https://www.artstation.com/jobs/c/bare-entertainment,
pasargadsaze,https://www.artstation.com/jobs/c/pasargadsaze,
wekthor-sro,https://www.artstation.com/jobs/c/wekthor-sro,
flipside5,https://www.artstation.com/jobs/c/flipside5,
dreamatik-entertainment,https://www.artstation.com/jobs/c/dreamatik-entertainment,
g5_games,https://www.artstation.com/jobs/c/g5_games,
bandai-namco-singapore,https://www.artstation.com/jobs/c/bandai-namco-singapore,
chance6-studios-inc,https://www.artstation.com/jobs/c/chance6-studios-inc,
dgbhn,https://www.artstation.com/jobs/c/dgbhn,
prologueimmersive,https://www.artstation.com/jobs/c/prologueimmersive,
pixomondo-2,https://www.artstation.com/jobs/c/pixomondo-2,
wrkshp,https://www.artstation.com/jobs/c/wrkshp,
studio-25-decor,https://www.artstation.com/jobs/c/studio-25-decor,
hexenbuch-gmbh,https://www.artstation.com/jobs/c/hexenbuch-gmbh,
hangar-b-productions,https://www.artstation.com/jobs/c/hangar-b-productions,
neoscape,https://www.artstation.com/jobs/c/neoscape,
gameloft-sea,https://www.artstation.com/jobs/c/gameloft-sea,
christian-lindquist,https://www.artstation.com/jobs/c/christian-lindquist,
puydufou-international,https://www.artstation.com/jobs/c/puydufou-international,
hogg-publishing,https://www.artstation.com/jobs/c/hogg-publishing,
na3am,https://www.artstation.com/jobs/c/na3am,
jagex-games-studio,https://www.artstation.com/jobs/c/jagex-games-studio,
phil-johnson,https://www.artstation.com/jobs/c/phil-johnson,
apex-realm-entertainment-2,https://www.artstation.com/jobs/c/apex-realm-entertainment-2,
test-inc,https://www.artstation.com/jobs/c/test-inc,
tonk-tonk-games,https://www.artstation.com/jobs/c/tonk-tonk-games,
1st-ave-machine,https://www.artstation.com/jobs/c/1st-ave-machine,
electronic-arts-burnaby,https://www.artstation.com/jobs/c/electronic-arts-burnaby,
bootleggers,https://www.artstation.com/jobs/c/bootleggers,
salesforce-test,https://www.artstation.com/jobs/c/salesforce-test,
10tons-ltd,https://www.artstation.com/jobs/c/10tons-ltd,
yuvalaloni,https://www.artstation.com/jobs/c/yuvalaloni,
digit-game-studios-2,https://www.artstation.com/jobs/c/digit-game-studios-2,
alamiya,https://www.artstation.com/jobs/c/alamiya,
florida-r-d,https://www.artstation.com/jobs/c/florida-r-d,
highrise-inc,https://www.artstation.com/jobs/c/highrise-inc,
talespin,https://www.artstation.com/jobs/c/talespin,
university-of-north-carolina-chapel-hill,https://www.artstation.com/jobs/c/university-of-north-carolina-chapel-hill,
midy,https://www.artstation.com/jobs/c/midy,
visform,https://www.artstation.com/jobs/c/visform,
paladin-studios-2,https://www.artstation.com/jobs/c/paladin-studios-2,
mika-mobile-inc,https://www.artstation.com/jobs/c/mika-mobile-inc,
willow-creek-press,https://www.artstation.com/jobs/c/willow-creek-press,
the-thinking-monkey,https://www.artstation.com/jobs/c/the-thinking-monkey,
vicarious-visions,https://www.artstation.com/jobs/c/vicarious-visions,
labrodex,https://www.artstation.com/jobs/c/labrodex,
blondbimbobitchcorp,https://www.artstation.com/jobs/c/blondbimbobitchcorp,
golden-rat-studios,https://www.artstation.com/jobs/c/golden-rat-studios,
dhstudios,https://www.artstation.com/jobs/c/dhstudios,
standing-stone-games,https://www.artstation.com/jobs/c/standing-stone-games,
deep-silver-volition,https://www.artstation.com/jobs/c/deep-silver-volition,
foster-corp,https://www.artstation.com/jobs/c/foster-corp,
daybreak-game-company-llc,https://www.artstation.com/jobs/c/daybreak-game-company-llc,
hamzanaimi,https://www.artstation.com/jobs/c/hamzanaimi,
edgedimension,https://www.artstation.com/jobs/c/edgedimension,
uriel-s-company,https://www.artstation.com/jobs/c/uriel-s-company,
tmp-international,https://www.artstation.com/jobs/c/tmp-international,
cghell,https://www.artstation.com/jobs/c/cghell,
milk-and-honey-brand,https://www.artstation.com/jobs/c/milk-and-honey-brand,
redleaf-press,https://www.artstation.com/jobs/c/redleaf-press,
paragon-pictures,https://www.artstation.com/jobs/c/paragon-pictures,
d-s-company,https://www.artstation.com/jobs/c/d-s-company,
dice-la,https://www.artstation.com/jobs/c/dice-la,
team-17-digital-ltd,https://www.artstation.com/jobs/c/team-17-digital-ltd,
nooby-island,https://www.artstation.com/jobs/c/nooby-island,
real-sandbox,https://www.artstation.com/jobs/c/real-sandbox,
sanzaru_games_inc,https://www.artstation.com/jobs/c/sanzaru_games_inc,
animaticmedia,https://www.artstation.com/jobs/c/animaticmedia,
apelsin-games,https://www.artstation.com/jobs/c/apelsin-games,
dambuster-studios-ltd,https://www.artstation.com/jobs/c/dambuster-studios-ltd,
uullc,https://www.artstation.com/jobs/c/uullc,
singular-perception-srl,https://www.artstation.com/jobs/c/singular-perception-srl,
pragmatix,https://www.artstation.com/jobs/c/pragmatix,
qc-games-inc,https://www.artstation.com/jobs/c/qc-games-inc,
dr-panda-limited,https://www.artstation.com/jobs/c/dr-panda-limited,
sixense,https://www.artstation.com/jobs/c/sixense,
chariotainment,https://www.artstation.com/jobs/c/chariotainment,
kopla-games,https://www.artstation.com/jobs/c/kopla-games,
24-seven,https://www.artstation.com/jobs/c/24-seven,
sproing-interactive-media-gmbh,https://www.artstation.com/jobs/c/sproing-interactive-media-gmbh,
visions-found,https://www.artstation.com/jobs/c/visions-found,
painted-earth-skin-care,https://www.artstation.com/jobs/c/painted-earth-skin-care,
xsolla-usa-inc,https://www.artstation.com/jobs/c/xsolla-usa-inc,
8i-labs,https://www.artstation.com/jobs/c/8i-labs,
apex-realm-entertainment,https://www.artstation.com/jobs/c/apex-realm-entertainment,
noir-caesar,https://www.artstation.com/jobs/c/noir-caesar,
dicela-ea,https://www.artstation.com/jobs/c/dicela-ea,
good-catch-games,https://www.artstation.com/jobs/c/good-catch-games,
los-osos,https://www.artstation.com/jobs/c/los-osos,
oathbreaker,https://www.artstation.com/jobs/c/oathbreaker,
pound-sand,https://www.artstation.com/jobs/c/pound-sand,
streak-productions-inc,https://www.artstation.com/jobs/c/streak-productions-inc,
turbosquid-inc,https://www.artstation.com/jobs/c/turbosquid-inc,
sakura-sky-media,https://www.artstation.com/jobs/c/sakura-sky-media,
a-thinking-ape-technologies-ltd,https://www.artstation.com/jobs/c/a-thinking-ape-technologies-ltd,
brittconnnecting,https://www.artstation.com/jobs/c/brittconnnecting,
dotbunny,https://www.artstation.com/jobs/c/dotbunny,
pixo-group,https://www.artstation.com/jobs/c/pixo-group,
kierstenjackson,https://www.artstation.com/jobs/c/kierstenjackson,
swihartstudios,https://www.artstation.com/jobs/c/swihartstudios,
gameloft-barcelona,https://www.artstation.com/jobs/c/gameloft-barcelona,
buying-direct-limited,https://www.artstation.com/jobs/c/buying-direct-limited,
fireproof_games,https://www.artstation.com/jobs/c/fireproof_games,
gazia-games,https://www.artstation.com/jobs/c/gazia-games,
frogue-games,https://www.artstation.com/jobs/c/frogue-games,
floodgate-games,https://www.artstation.com/jobs/c/floodgate-games,
rusty-anvil,https://www.artstation.com/jobs/c/rusty-anvil,
askralph,https://www.artstation.com/jobs/c/askralph,
pixela-labs,https://www.artstation.com/jobs/c/pixela-labs,
certain-affinity-old,https://www.artstation.com/jobs/c/certain-affinity-old,
axyzdesign,https://www.artstation.com/jobs/c/axyzdesign,
simulated-culture-llc,https://www.artstation.com/jobs/c/simulated-culture-llc,
practicalmagic,https://www.artstation.com/jobs/c/practicalmagic,
lunar-animation,https://www.artstation.com/jobs/c/lunar-animation,
the-last-kind,https://www.artstation.com/jobs/c/the-last-kind,
imagination-international,https://www.artstation.com/jobs/c/imagination-international,
sumo-video-games-pvt-ltd,https://www.artstation.com/jobs/c/sumo-video-games-pvt-ltd,
magifamilia,https://www.artstation.com/jobs/c/magifamilia,
university-of-bolton,https://www.artstation.com/jobs/c/university-of-bolton,
ministry-of-games,https://www.artstation.com/jobs/c/ministry-of-games,
ryzinart,https://www.artstation.com/jobs/c/ryzinart,
powerhouse-animation-studios-inc,https://www.artstation.com/jobs/c/powerhouse-animation-studios-inc,
griggs-company-llc,https://www.artstation.com/jobs/c/griggs-company-llc,
snoozin-squatch-productions-llc,https://www.artstation.com/jobs/c/snoozin-squatch-productions-llc,
australiaesports,https://www.artstation.com/jobs/c/australiaesports,
norwich_university_of_the_arts,https://www.artstation.com/jobs/c/norwich_university_of_the_arts,
onew-technology-pte-ltd,https://www.artstation.com/jobs/c/onew-technology-pte-ltd,
marxent,https://www.artstation.com/jobs/c/marxent,
first-contact-entertainment,https://www.artstation.com/jobs/c/first-contact-entertainment,
maspast,https://www.artstation.com/jobs/c/maspast,
montrealartstudios1234,https://www.artstation.com/jobs/c/montrealartstudios1234,
nerve-s-company,https://www.artstation.com/jobs/c/nerve-s-company,
impulsonic-inc,https://www.artstation.com/jobs/c/impulsonic-inc,
impulsonic,https://www.artstation.com/jobs/c/impulsonic,
creart,https://www.artstation.com/jobs/c/creart,
poliigon,https://www.artstation.com/jobs/c/poliigon,
cm-labs-simulations-inc,https://www.artstation.com/jobs/c/cm-labs-simulations-inc,
applied-minds-llc,https://www.artstation.com/jobs/c/applied-minds-llc,
avalanche-studios-ny,https://www.artstation.com/jobs/c/avalanche-studios-ny,
technicolor_india,https://www.artstation.com/jobs/c/technicolor_india,
can0n,https://www.artstation.com/jobs/c/can0n,
vaynermedia,https://www.artstation.com/jobs/c/vaynermedia,
visi-art-creation,https://www.artstation.com/jobs/c/visi-art-creation,
motionacademy,https://www.artstation.com/jobs/c/motionacademy,
doublefineprod,https://www.artstation.com/jobs/c/doublefineprod,
gree-melbourne,https://www.artstation.com/jobs/c/gree-melbourne,
aaron-sims-creative,https://www.artstation.com/jobs/c/aaron-sims-creative,
zeo-alliance,https://www.artstation.com/jobs/c/zeo-alliance,
northfront,https://www.artstation.com/jobs/c/northfront,
polygonbay,https://www.artstation.com/jobs/c/polygonbay,
derivco,https://www.artstation.com/jobs/c/derivco,
heartquake,https://www.artstation.com/jobs/c/heartquake,
magpie-games,https://www.artstation.com/jobs/c/magpie-games,
sonny-ash,https://www.artstation.com/jobs/c/sonny-ash,
kalejandram,https://www.artstation.com/jobs/c/kalejandram,
classcraft,https://www.artstation.com/jobs/c/classcraft,
bluehole-ginno-games,https://www.artstation.com/jobs/c/bluehole-ginno-games,
timmystudios,https://www.artstation.com/jobs/c/timmystudios,
lastyearthegame,https://www.artstation.com/jobs/c/lastyearthegame,
storyworld-productions-ltd,https://www.artstation.com/jobs/c/storyworld-productions-ltd,
patrycja,https://www.artstation.com/jobs/c/patrycja,
lego-systemt-a-s,https://www.artstation.com/jobs/c/lego-systemt-a-s,
the-imaginati-studios-s-company,https://www.artstation.com/jobs/c/the-imaginati-studios-s-company,
norwich-university-of-the-arts,https://www.artstation.com/jobs/c/norwich-university-of-the-arts,
ubisoft-sofia,https://www.artstation.com/jobs/c/ubisoft-sofia,
ascendant-studios-llc,https://www.artstation.com/jobs/c/ascendant-studios-llc,
aurora44,https://www.artstation.com/jobs/c/aurora44,
raiiken,https://www.artstation.com/jobs/c/raiiken,
griffon-apparel,https://www.artstation.com/jobs/c/griffon-apparel,
voidbee,https://www.artstation.com/jobs/c/voidbee,
realis-multimedia-tech-co-ltd,https://www.artstation.com/jobs/c/realis-multimedia-tech-co-ltd,
plaion-gmbh-deep-silver,https://www.artstation.com/jobs/c/plaion-gmbh-deep-silver,
quantummechanix,https://www.artstation.com/jobs/c/quantummechanix,
wargaming-europe-sas,https://www.artstation.com/jobs/c/wargaming-europe-sas,
codemasters-studios-sdn-bhd,https://www.artstation.com/jobs/c/codemasters-studios-sdn-bhd,
for-orchestra,https://www.artstation.com/jobs/c/for-orchestra,
diy,https://www.artstation.com/jobs/c/diy,
wibbu,https://www.artstation.com/jobs/c/wibbu,
ubisoft-international-hq,https://www.artstation.com/jobs/c/ubisoft-international-hq,
survivor-studios,https://www.artstation.com/jobs/c/survivor-studios,
reachrobotics,https://www.artstation.com/jobs/c/reachrobotics,
arenanet-llc,https://www.artstation.com/jobs/c/arenanet-llc,
axis-animation,https://www.artstation.com/jobs/c/axis-animation,
amplitudestudios-company,https://www.artstation.com/jobs/c/amplitudestudios-company,
rockstar-games-nyc,https://www.artstation.com/jobs/c/rockstar-games-nyc,
black-hog,https://www.artstation.com/jobs/c/black-hog,
jon-rafman,https://www.artstation.com/jobs/c/jon-rafman,
sparxvirtuos,https://www.artstation.com/jobs/c/sparxvirtuos,
emacompany,https://www.artstation.com/jobs/c/emacompany,
elizabeth-s-company,https://www.artstation.com/jobs/c/elizabeth-s-company,
trojan-horse-unicorn,https://www.artstation.com/jobs/c/trojan-horse-unicorn,
reloadstudios-job,https://www.artstation.com/jobs/c/reloadstudios-job,
mercuri-urval,https://www.artstation.com/jobs/c/mercuri-urval,
funplusgame,https://www.artstation.com/jobs/c/funplusgame,
ululab,https://www.artstation.com/jobs/c/ululab,
bongfish-gmbh-2,https://www.artstation.com/jobs/c/bongfish-gmbh-2,
michigan-state-university,https://www.artstation.com/jobs/c/michigan-state-university,
toyumi,https://www.artstation.com/jobs/c/toyumi,
the-rogue-initiative,https://www.artstation.com/jobs/c/the-rogue-initiative,
seismic-games,https://www.artstation.com/jobs/c/seismic-games,
nabiyev,https://www.artstation.com/jobs/c/nabiyev,
gymcraft,https://www.artstation.com/jobs/c/gymcraft,
otakuboy,https://www.artstation.com/jobs/c/otakuboy,
blue-byte-gmbh,https://www.artstation.com/jobs/c/blue-byte-gmbh,
hardsuit_labs,https://www.artstation.com/jobs/c/hardsuit_labs,
cloud-imperium-games-2,https://www.artstation.com/jobs/c/cloud-imperium-games-2,
gimmie-games,https://www.artstation.com/jobs/c/gimmie-games,
ninjatheorycareers,https://www.artstation.com/jobs/c/ninjatheorycareers,
ballistiq-digital,https://www.artstation.com/jobs/c/ballistiq-digital,
kong-studios-inc,https://www.artstation.com/jobs/c/kong-studios-inc,
legioncreativegroup,https://www.artstation.com/jobs/c/legioncreativegroup,
particle.city,https://www.artstation.com/jobs/c/particle.city,
hero-5,https://www.artstation.com/jobs/c/hero-5,
secret-sorcery-limited,https://www.artstation.com/jobs/c/secret-sorcery-limited,
unity technologies,https://www.artstation.com/jobs/c/unity technologies,
synergy88-digital,https://www.artstation.com/jobs/c/synergy88-digital,
playstudios-asia,https://www.artstation.com/jobs/c/playstudios-asia,
activision-publishing,https://www.artstation.com/jobs/c/activision-publishing,
liga-01-computerfilm,https://www.artstation.com/jobs/c/liga-01-computerfilm,
sony-playstation-usa,https://www.artstation.com/jobs/c/sony-playstation-usa,
www.gamingheads.com,https://www.artstation.com/jobs/c/www.gamingheads.com,
food-mexico-y-yo-food-mexico-and-me,https://www.artstation.com/jobs/c/food-mexico-y-yo-food-mexico-and-me,
holospark,https://www.artstation.com/jobs/c/holospark,
eneractive-entertainment,https://www.artstation.com/jobs/c/eneractive-entertainment,
walt_disney_animation_studios,https://www.artstation.com/jobs/c/walt_disney_animation_studios,
gameloft-vietnam,https://www.artstation.com/jobs/c/gameloft-vietnam,
nuclear-division,https://www.artstation.com/jobs/c/nuclear-division,
industrial-light-magic-uk,https://www.artstation.com/jobs/c/industrial-light-magic-uk,
jaunt-vr,https://www.artstation.com/jobs/c/jaunt-vr,
double-fine-productions-inc,https://www.artstation.com/jobs/c/double-fine-productions-inc,
redlynx-a-ubisoft-studio,https://www.artstation.com/jobs/c/redlynx-a-ubisoft-studio,
glu-mobile-2,https://www.artstation.com/jobs/c/glu-mobile-2,
ludomade,https://www.artstation.com/jobs/c/ludomade,
codehatch-corp,https://www.artstation.com/jobs/c/codehatch-corp,
steven-campbell,https://www.artstation.com/jobs/c/steven-campbell,
gameloft-paris,https://www.artstation.com/jobs/c/gameloft-paris,
supergenius,https://www.artstation.com/jobs/c/supergenius,
treasurehunt,https://www.artstation.com/jobs/c/treasurehunt,
king-stockholm,https://www.artstation.com/jobs/c/king-stockholm,
creazn-studio,https://www.artstation.com/jobs/c/creazn-studio,
jibjab-media-inc,https://www.artstation.com/jobs/c/jibjab-media-inc,
jim-s-company,https://www.artstation.com/jobs/c/jim-s-company,
technicolorcreativestudios,https://www.artstation.com/jobs/c/technicolorcreativestudios,
tuque-games-inc,https://www.artstation.com/jobs/c/tuque-games-inc,
aeria-games-europe-gmbh,https://www.artstation.com/jobs/c/aeria-games-europe-gmbh,
beta-test-the-movie,https://www.artstation.com/jobs/c/beta-test-the-movie,
rivadigital,https://www.artstation.com/jobs/c/rivadigital,
the-forge-studios,https://www.artstation.com/jobs/c/the-forge-studios,
enfold,https://www.artstation.com/jobs/c/enfold,
innov8te,https://www.artstation.com/jobs/c/innov8te,
dassault-systemes-3dexcite-gmbh,https://www.artstation.com/jobs/c/dassault-systemes-3dexcite-gmbh,
gentle-giant-ltd,https://www.artstation.com/jobs/c/gentle-giant-ltd,
motive-studios,https://www.artstation.com/jobs/c/motive-studios,
learning-yogi,https://www.artstation.com/jobs/c/learning-yogi,
black-beacon,https://www.artstation.com/jobs/c/black-beacon,
foundry-42-cloud-imperium-games-uk,https://www.artstation.com/jobs/c/foundry-42-cloud-imperium-games-uk,
ubisoft-kiev,https://www.artstation.com/jobs/c/ubisoft-kiev,
fireforge-games,https://www.artstation.com/jobs/c/fireforge-games,
sentio-ltd,https://www.artstation.com/jobs/c/sentio-ltd,
spotlight-online-gaming,https://www.artstation.com/jobs/c/spotlight-online-gaming,
netease-games-3,https://www.artstation.com/jobs/c/netease-games-3,
gameloft-madrid,https://www.artstation.com/jobs/c/gameloft-madrid,
na3m-games,https://www.artstation.com/jobs/c/na3m-games,
srushti-vfx,https://www.artstation.com/jobs/c/srushti-vfx,
popboom,https://www.artstation.com/jobs/c/popboom,
antal-international,https://www.artstation.com/jobs/c/antal-international,
tabtale,https://www.artstation.com/jobs/c/tabtale,
double-negative-visual-effects-2,https://www.artstation.com/jobs/c/double-negative-visual-effects-2,
alphawave-games,https://www.artstation.com/jobs/c/alphawave-games,
just-funny-games,https://www.artstation.com/jobs/c/just-funny-games,
oxygentec,https://www.artstation.com/jobs/c/oxygentec,
buf-canada,https://www.artstation.com/jobs/c/buf-canada,
double-take-llc,https://www.artstation.com/jobs/c/double-take-llc,
forged-line-ltd,https://www.artstation.com/jobs/c/forged-line-ltd,
longtu-game,https://www.artstation.com/jobs/c/longtu-game,
macflai-games,https://www.artstation.com/jobs/c/macflai-games,
reloaded-games,https://www.artstation.com/jobs/c/reloaded-games,
shin-kaneda-team,https://www.artstation.com/jobs/c/shin-kaneda-team,
the-mill-us,https://www.artstation.com/jobs/c/the-mill-us,
bioware-2,https://www.artstation.com/jobs/c/bioware-2,
stompy-bot-productions,https://www.artstation.com/jobs/c/stompy-bot-productions,
nodbrim-interactive,https://www.artstation.com/jobs/c/nodbrim-interactive,
benoit-s-company,https://www.artstation.com/jobs/c/benoit-s-company,
matrix-global,https://www.artstation.com/jobs/c/matrix-global,
sketchfab,https://www.artstation.com/jobs/c/sketchfab,
genera-games,https://www.artstation.com/jobs/c/genera-games,
arenanet-talent,https://www.artstation.com/jobs/c/arenanet-talent,
era-project,https://www.artstation.com/jobs/c/era-project,
pennypop,https://www.artstation.com/jobs/c/pennypop,
winko-games,https://www.artstation.com/jobs/c/winko-games,
aardvark-swift,https://www.artstation.com/jobs/c/aardvark-swift,
block-9,https://www.artstation.com/jobs/c/block-9,
paper-seven-ltd,https://www.artstation.com/jobs/c/paper-seven-ltd,
killer-film-festival,https://www.artstation.com/jobs/c/killer-film-festival,
hasani-studios,https://www.artstation.com/jobs/c/hasani-studios,
vansh-games,https://www.artstation.com/jobs/c/vansh-games,
ashtarak-kat,https://www.artstation.com/jobs/c/ashtarak-kat,
mikros-image-canada,https://www.artstation.com/jobs/c/mikros-image-canada,
keytoon-animation-studios,https://www.artstation.com/jobs/c/keytoon-animation-studios,
oriental-dreamworks,https://www.artstation.com/jobs/c/oriental-dreamworks,
lm-werks,https://www.artstation.com/jobs/c/lm-werks,
filmmore,https://www.artstation.com/jobs/c/filmmore,
razor-edge-games,https://www.artstation.com/jobs/c/razor-edge-games,
yager-development-gmbh,https://www.artstation.com/jobs/c/yager-development-gmbh,
watermint-studios,https://www.artstation.com/jobs/c/watermint-studios,
sva-games-inc,https://www.artstation.com/jobs/c/sva-games-inc,
quickspin,https://www.artstation.com/jobs/c/quickspin,
helpful-bear-productions,https://www.artstation.com/jobs/c/helpful-bear-productions,
trixter-film,https://www.artstation.com/jobs/c/trixter-film,
markus-s-company,https://www.artstation.com/jobs/c/markus-s-company,
jake-s-company,https://www.artstation.com/jobs/c/jake-s-company,
art-craft-entertainment,https://www.artstation.com/jobs/c/art-craft-entertainment,
rob-s-company,https://www.artstation.com/jobs/c/rob-s-company,
fixdigital,https://www.artstation.com/jobs/c/fixdigital,
ian-s-company,https://www.artstation.com/jobs/c/ian-s-company,
gameloft-new-zealand,https://www.artstation.com/jobs/c/gameloft-new-zealand,
sarah-s-company,https://www.artstation.com/jobs/c/sarah-s-company,
muzaffar-s-company,https://www.artstation.com/jobs/c/muzaffar-s-company,
superbitmachine,https://www.artstation.com/jobs/c/superbitmachine,
jette-s-company,https://www.artstation.com/jobs/c/jette-s-company,
method-studios-la,https://www.artstation.com/jobs/c/method-studios-la,
moving-reflection-production,https://www.artstation.com/jobs/c/moving-reflection-production,
jay-s-company-2,https://www.artstation.com/jobs/c/jay-s-company-2,
lucy-s-company,https://www.artstation.com/jobs/c/lucy-s-company,
petronela-s-company,https://www.artstation.com/jobs/c/petronela-s-company,
heather-s-company,https://www.artstation.com/jobs/c/heather-s-company,
marcelo-s-company,https://www.artstation.com/jobs/c/marcelo-s-company,
rovio-entertainment-ltd,https://www.artstation.com/jobs/c/rovio-entertainment-ltd,
virpi-s-company,https://www.artstation.com/jobs/c/virpi-s-company,
islania-s-company,https://www.artstation.com/jobs/c/islania-s-company,
sofaworks,https://www.artstation.com/jobs/c/sofaworks,
stan-s-company,https://www.artstation.com/jobs/c/stan-s-company,
crytek-gmbh,https://www.artstation.com/jobs/c/crytek-gmbh,
colin-s-company,https://www.artstation.com/jobs/c/colin-s-company,
katharina-s-company,https://www.artstation.com/jobs/c/katharina-s-company,
machine-zone-san-diego,https://www.artstation.com/jobs/c/machine-zone-san-diego,
fenrir-studios,https://www.artstation.com/jobs/c/fenrir-studios,
sara-s-company,https://www.artstation.com/jobs/c/sara-s-company,
qasim-s-company,https://www.artstation.com/jobs/c/qasim-s-company,
thom-s-company,https://www.artstation.com/jobs/c/thom-s-company,
peter-s-company,https://www.artstation.com/jobs/c/peter-s-company,
justine-s-company,https://www.artstation.com/jobs/c/justine-s-company,
florian-s-company,https://www.artstation.com/jobs/c/florian-s-company,
henry-s-company,https://www.artstation.com/jobs/c/henry-s-company,
ben-s-company-3,https://www.artstation.com/jobs/c/ben-s-company-3,
sergio-s-company,https://www.artstation.com/jobs/c/sergio-s-company,
jaime-s-company,https://www.artstation.com/jobs/c/jaime-s-company,
chris-s-company-2,https://www.artstation.com/jobs/c/chris-s-company-2,
juan-s-company,https://www.artstation.com/jobs/c/juan-s-company,
julian-s-company,https://www.artstation.com/jobs/c/julian-s-company,
moore-college-of-art-design,https://www.artstation.com/jobs/c/moore-college-of-art-design,
sketchy-panda-games,https://www.artstation.com/jobs/c/sketchy-panda-games,
habitat-studios,https://www.artstation.com/jobs/c/habitat-studios,
riva-digital,https://www.artstation.com/jobs/c/riva-digital,
daniel-s-company,https://www.artstation.com/jobs/c/daniel-s-company,
sven-s-company,https://www.artstation.com/jobs/c/sven-s-company,
michael-s-company,https://www.artstation.com/jobs/c/michael-s-company,
supercombo,https://www.artstation.com/jobs/c/supercombo,
whitemoon-dreams-inc,https://www.artstation.com/jobs/c/whitemoon-dreams-inc,
steven-s-company,https://www.artstation.com/jobs/c/steven-s-company,
mark-s-company,https://www.artstation.com/jobs/c/mark-s-company,
nick-s-company,https://www.artstation.com/jobs/c/nick-s-company,
jeff-s-company-2,https://www.artstation.com/jobs/c/jeff-s-company-2,
sidonie-s-company,https://www.artstation.com/jobs/c/sidonie-s-company,
joel-s-company,https://www.artstation.com/jobs/c/joel-s-company,
matt-s-company,https://www.artstation.com/jobs/c/matt-s-company,
joshua-s-company-2,https://www.artstation.com/jobs/c/joshua-s-company-2,
caroline-s-company,https://www.artstation.com/jobs/c/caroline-s-company,
lvl6,https://www.artstation.com/jobs/c/lvl6,
outdated,https://www.artstation.com/jobs/c/outdated,
ronald-s-company,https://www.artstation.com/jobs/c/ronald-s-company,
top-free-games,https://www.artstation.com/jobs/c/top-free-games,
reel-fx-inc,https://www.artstation.com/jobs/c/reel-fx-inc,
zhuo-s-company,https://www.artstation.com/jobs/c/zhuo-s-company,
european-recruitment,https://www.artstation.com/jobs/c/european-recruitment,
technicolor-india-pvt-ltd,https://www.artstation.com/jobs/c/technicolor-india-pvt-ltd,
perfect-world-entertaiment,https://www.artstation.com/jobs/c/perfect-world-entertaiment,
christian-s-company,https://www.artstation.com/jobs/c/christian-s-company,
arun-s-company,https://www.artstation.com/jobs/c/arun-s-company,
carrie-s-company,https://www.artstation.com/jobs/c/carrie-s-company,
laura-s-company-2,https://www.artstation.com/jobs/c/laura-s-company-2,
machine-zone-germany-gmbh,https://www.artstation.com/jobs/c/machine-zone-germany-gmbh,
matthew-s-company,https://www.artstation.com/jobs/c/matthew-s-company,
chantal-s-company,https://www.artstation.com/jobs/c/chantal-s-company,
lisa-s-company,https://www.artstation.com/jobs/c/lisa-s-company,
guerrilla-games-2,https://www.artstation.com/jobs/c/guerrilla-games-2,
charles-arthur-s-company,https://www.artstation.com/jobs/c/charles-arthur-s-company,
christophe-s-company,https://www.artstation.com/jobs/c/christophe-s-company,
ariel-s-company,https://www.artstation.com/jobs/c/ariel-s-company,
anh-s-company,https://www.artstation.com/jobs/c/anh-s-company,
luiz-s-company,https://www.artstation.com/jobs/c/luiz-s-company,
jennipher-s-company,https://www.artstation.com/jobs/c/jennipher-s-company,
laura-s-company,https://www.artstation.com/jobs/c/laura-s-company,
fredrik-s-company,https://www.artstation.com/jobs/c/fredrik-s-company,
cheryl-s-company,https://www.artstation.com/jobs/c/cheryl-s-company,
petra-s-company,https://www.artstation.com/jobs/c/petra-s-company,
brian-s-company,https://www.artstation.com/jobs/c/brian-s-company,
kevin-s-company-2,https://www.artstation.com/jobs/c/kevin-s-company-2,
nicola-s-company,https://www.artstation.com/jobs/c/nicola-s-company,
digital-furnace-games,https://www.artstation.com/jobs/c/digital-furnace-games,
jeff-s-company,https://www.artstation.com/jobs/c/jeff-s-company,
scott-s-company,https://www.artstation.com/jobs/c/scott-s-company,
rajeev-s-company,https://www.artstation.com/jobs/c/rajeev-s-company,
phosphor-games,https://www.artstation.com/jobs/c/phosphor-games,
oculus,https://www.artstation.com/jobs/c/oculus,
funforge,https://www.artstation.com/jobs/c/funforge,
bob-s-company,https://www.artstation.com/jobs/c/bob-s-company,
ryan-s-company,https://www.artstation.com/jobs/c/ryan-s-company,
marina-a-s-company,https://www.artstation.com/jobs/c/marina-a-s-company,
steve-s-company,https://www.artstation.com/jobs/c/steve-s-company,
david-s-company,https://www.artstation.com/jobs/c/david-s-company,
all-star-media-fz-llc,https://www.artstation.com/jobs/c/all-star-media-fz-llc,
kylie-s-company,https://www.artstation.com/jobs/c/kylie-s-company,
stacey-s-company,https://www.artstation.com/jobs/c/stacey-s-company,
jo-s-company,https://www.artstation.com/jobs/c/jo-s-company,
ben-s-company-2,https://www.artstation.com/jobs/c/ben-s-company-2,
jeremy-s-company,https://www.artstation.com/jobs/c/jeremy-s-company,
jay-s-company,https://www.artstation.com/jobs/c/jay-s-company,
daniel-clark-associates,https://www.artstation.com/jobs/c/daniel-clark-associates,
first-4-figures,https://www.artstation.com/jobs/c/first-4-figures,
jonas-s-company,https://www.artstation.com/jobs/c/jonas-s-company,
redpencil-art-studio,https://www.artstation.com/jobs/c/redpencil-art-studio,
crush-s-company,https://www.artstation.com/jobs/c/crush-s-company,
cass-s-company,https://www.artstation.com/jobs/c/cass-s-company,
presentcreative,https://www.artstation.com/jobs/c/presentcreative,
chabert-s-company,https://www.artstation.com/jobs/c/chabert-s-company,
bruce-s-company,https://www.artstation.com/jobs/c/bruce-s-company,
rollickin,https://www.artstation.com/jobs/c/rollickin,
bill-s-company,https://www.artstation.com/jobs/c/bill-s-company,
claude-s-company,https://www.artstation.com/jobs/c/claude-s-company,
danielpwade,https://www.artstation.com/jobs/c/danielpwade,
ronen-s-company,https://www.artstation.com/jobs/c/ronen-s-company,
kingdom-death,https://www.artstation.com/jobs/c/kingdom-death,
dreamlords-digital,https://www.artstation.com/jobs/c/dreamlords-digital,
west-studio,https://www.artstation.com/jobs/c/west-studio,
alessandro-s-company,https://www.artstation.com/jobs/c/alessandro-s-company,
cgahub,https://www.artstation.com/jobs/c/cgahub,
joshua-s-company,https://www.artstation.com/jobs/c/joshua-s-company,
kd-s-company,https://www.artstation.com/jobs/c/kd-s-company,
luke-s-company,https://www.artstation.com/jobs/c/luke-s-company,
gavin-s-company,https://www.artstation.com/jobs/c/gavin-s-company,
crush-visual,https://www.artstation.com/jobs/c/crush-visual,
baj-s-company,https://www.artstation.com/jobs/c/baj-s-company,
iskander-s-company,https://www.artstation.com/jobs/c/iskander-s-company,
dominic-s-company,https://www.artstation.com/jobs/c/dominic-s-company,
giovanni-s-company,https://www.artstation.com/jobs/c/giovanni-s-company,
jesse-s-company,https://www.artstation.com/jobs/c/jesse-s-company,
kevin-s-company,https://www.artstation.com/jobs/c/kevin-s-company,
