# FILA DA EUROPA (+ Oceania), colhida do gamedevmap em 08/09 a pedido do Vini.
# 4148 estudios unicos em 23 valores de pais. 2495 a campanha nunca tocou (nome nem dominio);
# 2072 desses tambem estao em escopo (tipo com time de arte).
# Colheita: https://www.gamedevmap.com/index.php?location=&country=<Pais>&state=&city=&query=&type=&start=<1|101|201|...>&count=100
#
# TRES ARMADILHAS MEDIDAS NESTA COLHEITA:
# (1) PAGINACAO NAO E page=. E start= com count=. Prova medida hoje na Suecia:
#     start=1   -> "10 Chambers" ... "Coldwood Interactive"
#     start=101 -> "Collecting Smiles" ... "Frostrok"   (nomes DIFERENTES, pagina de verdade)
#     page=2    -> "10 Chambers" ... "Coldwood Interactive"  (IDENTICA a pagina 1, armadilha)
#     Com page= a Suecia teria virado 100 estudios em vez de 644.
# (2) http:// PURO FALHA NESTE AMBIENTE (a ponte local responde "use CONNECT" e devolve 400 com
#     corpo vazio, fazendo o site parecer morto). Sempre https://.
# (3) O REINO UNIDO NAO EXISTE COMO UM PAIS SO no gamedevmap. country=United Kingdom devolve
#     apenas 17 residuos. O Reino Unido esta partido em England (790), Scotland (101), Wales (27)
#     e Northern Ireland (21) = 939. Quem pedir so "United Kingdom" perde 922 estudios.
#     Pela mesma logica a Tchequia e "Czechia", nao "Czech Republic" (que devolve zero).
# (4 - de 06/09, ainda vale) pagina de menos de 10 KB nao e pais vazio, e o firewall GoDaddy
#     recusando o IP. Espere 20s e repita.
#
# ORDENACAO: por densidade de cidade (Londres, Estocolmo, Helsinque, Copenhague, Malmo, Dublin,
# Berlim, Hamburgo, Munique, Paris, Bordeaux, Montpellier, Amsterda, Varsovia, Cracovia, Barcelona,
# Madri, Praga, Lisboa, Milao), depois pais e nome.
#
# COLUNAS: nome,tipo,cidade,estado,pais,site,conhecido,escopo,triagem
#   conhecido: NOVO | ja conhecido (painel/csv) | ja na fila gamedevmap 06/09
#   escopo:    em-escopo | fora-de-escopo (Investment, Organization, Health, School, Recruiting...)
#   triagem:   nao-triado | o veredito da triagem de 08/09 quando houve
nome,tipo,cidade,estado,pais,site,conhecido,escopo,triagem
1CC Games,Developer,London,London,England,https://www.1ccgames.com/,NOVO,em-escopo,porta-ok:https://www.1ccgames.com
8Floor,Developer,London,London,England,https://8floor.net/,NOVO,em-escopo,porta-ok:https://8floor.net/careers
Aartform Games,Developer,London,London,England,http://www.aartformgames.com/,NOVO,em-escopo,porta-ok:https://www.aartformgames.com
Acureus,Developer,London,London,England,https://acureus.com/,NOVO,em-escopo,porta-ok:https://acureus.com
Ada Eden,Developer,London,London,England,https://www.1001nights.ai/,NOVO,em-escopo,porta-ok:https://www.1001nights.ai
Alibi Games,Publisher,London,London,England,https://alibi.games/,NOVO,fora-de-escopo,nao-triado
Amazon Games,Developer,London,London,England,https://amazongames.com/,NOVO,em-escopo,porta-ok:https://amazongames.com/careers
Amplified Games,Publisher,London,London,England,https://www.amplified.games/,NOVO,fora-de-escopo,nao-triado
Amused Sloth,Developer,London,London,England,http://amusedsloth.com/,NOVO,em-escopo,porta-sem-resposta
Anji Games,Developer,London,London,England,https://anjimo.github.io/,NOVO,em-escopo,porta-sem-resposta
Arcadia Gaming Partners,Investment,London,London,England,https://www.arcadiagames.vc/,NOVO,fora-de-escopo,nao-triado
ATAY GAMES,Mobile,London,London,England,https://ataygames.com/,NOVO,em-escopo,porta-ok:https://ataygames.com
Autumn Pioneer,Developer,London,London,England,https://autumnpioneer.com/,NOVO,em-escopo,porta-ok:https://autumnpioneer.com
Avokiddo,Mobile,London,London,England,https://avokiddo.com/,NOVO,em-escopo,porta-sem-resposta
Balderton Capital,Investment,London,London,England,https://www.balderton.com/,NOVO,fora-de-escopo,nao-triado
Bare Mettle Entertainment,Developer,London,London,England,https://www.baremettle.com/,NOVO,em-escopo,porta-ok:https://www.baremettle.com
Beard Envy Games,Microstudio,London,London,England,https://www.beardenvy.co.uk/,NOVO,em-escopo,porta-ok:https://www.beardenvy.co.uk
Beatnik Games,Developer,London,London,England,https://www.beatnikgames.co.uk/,NOVO,em-escopo,porta-sem-resposta
Beautiful Game Studios (Square-Enix Europe),Developer,London,London,England,http://eu.square-enix.com/en,NOVO,em-escopo,porta-ok:https://eu.square-enix.com/en/careers
Bellyflop Games,Developer,London,London,England,http://bellyflopgames.com/,NOVO,em-escopo,porta-sem-resposta
Beyond the Pixels,Developer,London,London,England,https://beyond-the-pixels.com/,NOVO,em-escopo,porta-ok:https://beyond-the-pixels.com
Big Pig Studios,Developer,London,London,England,https://www.bigpigstudios.com/,NOVO,em-escopo,porta-ok:https://www.bigpigstudios.com
BigSeed Studio,Developer,London,London,England,https://bigseedstudio.itch.io/,NOVO,em-escopo,porta-ok:https://bigseedstudio.itch.io
Bithell Games,Developer,London,London,England,https://bithellgames.com/,NOVO,em-escopo,porta-ok:https://bithellgames.com
Blue Dot Games,Developer and Publisher,London,London,England,https://www.bluedotgames.com/,NOVO,em-escopo,porta-sem-resposta
Blue Gravity Studios,Developer,London,London,England,https://gravity.blue/,NOVO,em-escopo,porta-sem-resposta
Bocata Games,Developer,London,London,England,https://bocatagames.com/,NOVO,em-escopo,porta-ok:https://bocatagames.com
Bossa Games (News Corp/Shine),Online,London,London,England,https://bossastudios.com/,ja conhecido (painel/csv),em-escopo,"site vivo, porta de carreiras nao localizada no HTML"
Brain Rack Games,Developer,London,London,England,https://brainrackgames.com/,NOVO,em-escopo,porta-ok:https://brainrackgames.com/careers
Brain Seal,Developer,London,London,England,https://brainseal.com/,NOVO,em-escopo,porta-ok:https://brainseal.com
BrainsparkGames,Serious Games,London,London,England,https://brainsparkgames.com/,NOVO,em-escopo,porta-ok:https://brainsparkgames.com
Capcom Entertainment Europe,Publisher,London,London,England,https://capcom-europe.com/,NOVO,fora-de-escopo,nao-triado
Casual Brothers,Developer,London,London,England,https://www.casualbrothers.com/,NOVO,em-escopo,VAGA VIVA 3D Artists/Animators/VFX (form proprio) - sem veto escrito
Cat Commandos,Extended Reality (XR),London,London,England,https://www.catcommandos.com/,NOVO,em-escopo,porta-ok:https://www.catcommandos.com/careers
Chorus Worldwide,Publisher,London,London,England,https://chorusworldwide.biz/,NOVO,fora-de-escopo,nao-triado
Chucklefish,Developer and Publisher,London,London,England,https://chucklefish.org/,ja conhecido (painel/csv),em-escopo,porta-ok:https://chucklefish.org/about/#jobs
Ci Games,Developer and Publisher,London,London,England,https://cigames.com/,ja conhecido (painel/csv),em-escopo,"quadro Teamtailor vivo, nenhuma vaga da disciplina (Senior Producer, Chief Accountant, Cinematic Animator)"
Climax Studios (Keywords),Developer,London,London,England,https://www.climaxstudios.com/,NOVO,em-escopo,porta-ok:https://www.climaxstudios.com
Cloak and Dagger Games,Developer,London,London,England,https://cadgames.weebly.com/,NOVO,em-escopo,porta-ok:https://cadgames.weebly.com
Coal Supper,Developer,London,London,England,https://coalsupper.com/,NOVO,em-escopo,porta-ok:https://coalsupper.com
Colossal Games,Developer,London,London,England,https://www.colossalgames.co.uk/,NOVO,em-escopo,porta-ok:https://www.colossalgames.co.uk
com2us,Mobile,London,London,England,https://www.com2us.com,NOVO,em-escopo,porta-ok:https://www.com2us.com/careers
Conradical Games,Developer,London,London,England,https://conradicalgames.netlify.app,NOVO,em-escopo,porta-ok:https://conradicalgames.netlify.app/careers
Curve Digital,Developer and Publisher,London,London,England,https://www.curve-digital.com,ja conhecido (painel/csv),em-escopo,"site vivo, porta de carreiras nao localizada no HTML"
Curve Games (Nazara Technologies),Publisher,London,London,England,https://curvegames.com/,ja conhecido (painel/csv),fora-de-escopo,nao-triado
Curve Studios,Publisher,London,London,England,https://curvegames.com/,ja conhecido (painel/csv),fora-de-escopo,nao-triado
Dark Math Games,Developer,London,London,England,https://xxxnightshift.game/,NOVO,em-escopo,porta-sem-resposta
Digital Matters,Publisher,London,London,England,https://www.digitalmatterspublishing.com,NOVO,fora-de-escopo,nao-triado
Distractionware,Developer,London,London,England,https://www.distractionware.com,NOVO,em-escopo,porta-ok:https://www.distractionware.com
Door407,Developer,London,London,England,https://door407.com/,NOVO,em-escopo,porta-ok:https://door407.com
Drake Star Partners,Investment,London,London,England,https://www.drakestar.com/,NOVO,fora-de-escopo,nao-triado
Draknek & Friends,Developer,London,London,England,https://www.monsterexpedition.com,NOVO,em-escopo,porta-ok:https://www.monsterexpedition.com
Dream Games,Mobile,London,London,England,https://www.dreamgames.com/,ja conhecido (painel/csv),em-escopo,porta-ok:https://www.dreamgames.com/careers
Drest,Mobile,London,London,England,https://drest.com/,NOVO,em-escopo,porta-ok:https://drest.com/careers
EightyEight Games,Mobile,London,London,England,https://www.eightyeightgames.com,NOVO,em-escopo,porta-ok:https://www.eightyeightgames.com
Electric Saint,Developer,London,London,England,https://electricsaint.co.uk/,NOVO,em-escopo,porta-ok:https://electricsaint.co.uk
Electrolyte Games,Microstudio,London,London,England,https://www.electrolyte.co.uk,NOVO,em-escopo,porta-ok:https://www.electrolyte.co.uk
EMK Capital,Investment,London,London,England,https://www.emkcapital.com/,NOVO,fora-de-escopo,nao-triado
Endless Investments,Investment,London,London,England,https://www.endlessglobal.com/endless-investments,NOVO,fora-de-escopo,nao-triado
Engage VR,Extended Reality (XR),London,London,England,https://www.engagevr.io,NOVO,em-escopo,porta-ok:https://www.engagevr.io/careers
Enlight Software,Developer,London,London,England,https://www.enlight.com,NOVO,em-escopo,porta-ok:https://www.enlight.com
Epic Games,Developer and Publisher,London,London,England,https://epicgames.com/,ja conhecido (painel/csv),em-escopo,"site vivo, porta de carreiras nao localizada no HTML"
Episod Studio,Developer,London,London,England,https://www.episod.studio/,NOVO,em-escopo,porta-ok:https://www.episod.studio
Eteo Games,Developer,London,London,England,https://www.eteogames.com/,NOVO,em-escopo,porta-ok:https://www.eteogames.com
Evening Star,Developer,London,London,England,https://www.eveningstar.studio,NOVO,em-escopo,porta-ok:https://www.eveningstar.studio
Everguild,Developer,London,London,England,https://everguild.com/,ja na fila gamedevmap 06/09,em-escopo,porta-sem-resposta
Failbetter Games,Developer,London,London,England,https://www.failbettergames.com,NOVO,em-escopo,porta-ok:https://www.failbettergames.com/jobs
Fallen Flag Studios,Developer,London,London,England,https://www.fallenflagstudio.com,NOVO,em-escopo,porta-ok:https://www.fallenflagstudio.com
FanStudio,Developer,London,London,England,https://www.fanstudio.co.uk,NOVO,em-escopo,"form aberto permanente com opcao 3D Artist, sem vaga datada"
Fenris Creations,Online,London,London,England,https://ccpgames.com/,NOVO,em-escopo,porta-ok:https://ccpgames.com/careers
Feral Interactive,Publisher,London,London,England,https://www.feral.co.uk,NOVO,fora-de-escopo,nao-triado
Field of Vision,Extended Reality (XR),London,London,England,https://fieldof.vision/,NOVO,em-escopo,porta-ok:https://fieldof.vision
Firefly Studios,Developer,London,London,England,https://www.fireflyworlds.com,NOVO,em-escopo,porta-ok:https://www.fireflyworlds.com/careers
Fireshine Games (Enad Global 7),Publisher,London,London,England,https://fireshinegames.co.uk/,NOVO,fora-de-escopo,nao-triado
Fit XR,Extended Reality (XR),London,London,England,https://www.fitxr.com,NOVO,em-escopo,porta-ok:https://www.fitxr.com/careers
Floating Origin Interactive,Developer,London,London,England,https://www.floatingorigininteractive.com/,NOVO,em-escopo,porta-ok:https://www.floatingorigininteractive.com
Foam Sword Games,Mobile,London,London,England,https://www.foamswordgames.com,NOVO,em-escopo,porta-sem-resposta
Formation Games,Developer,London,London,England,https://formation.games/,NOVO,em-escopo,porta-ok:https://formation.games/careers
Foulball Hangover,Developer,London,London,England,https://foulballhangover.com/,NOVO,em-escopo,porta-ok:https://foulballhangover.com/jobs
Fourfold Games,Developer,London,London,England,https://fourfold.co/,NOVO,em-escopo,porta-ok:https://fourfold.co
Fumb Games,Mobile,London,London,England,https://fumb.games/,NOVO,em-escopo,porta-ok:https://fumb.games/careers
Fundamentally Games,Publisher,London,London,England,https://www.fundamentally.games,NOVO,fora-de-escopo,nao-triado
FundamentalVR,Serious Games,London,London,England,https://fundamentalsurgery.com/,NOVO,em-escopo,porta-sem-resposta
Fusebox Games (Nazara),Developer,London,London,England,https://fuseboxgames.com/,NOVO,em-escopo,porta-ok:https://fuseboxgames.com/careers
Future Games of London (Ubisoft),Mobile,London,London,England,https://www.futuregamesoflondon.com,NOVO,em-escopo,porta-ok:https://www.futuregamesoflondon.com/careers
Gaijin Entertainment,Developer,London,London,England,https://www.gaijinent.com,ja conhecido (painel/csv),em-escopo,VAGA VIVA Lead Material & Texture Artist (form proprio) - sem veto escrito; OFERECE realocacao; ja no painel PORTAIS
Galatico Studios,Developer,London,London,England,https://www.galaticostudios.co.uk/,NOVO,em-escopo,porta-ok:https://www.galaticostudios.co.uk
GamelabUK,Developer,London,London,England,https://www.gamelabuk.com,NOVO,em-escopo,porta-sem-resposta
Gameloft,Mobile,London,London,England,https://www.gameloft.com,ja conhecido (painel/csv),em-escopo,"quadro SmartRecruiters vivo com 44 vagas, nenhuma de personagem/modelagem na Europa"
Games Co London,Publisher,London,London,England,https://www.gamescolondon.com,NOVO,fora-de-escopo,nao-triado
Games London,Organization,London,London,England,https://games.london/,NOVO,fora-de-escopo,nao-triado
Games London Accelerator,Incubator/Accelerator,London,London,England,https://games.london/accelerator/,NOVO,fora-de-escopo,nao-triado
GamesAid,Organization,London,London,England,https://www.gamesaid.org/,NOVO,fora-de-escopo,nao-triado
gamoola,Developer,London,London,England,https://www.gamoola.com/,NOVO,em-escopo,porta-ok:https://www.gamoola.com
George Batchelor,Developer,London,London,England,https://www.georgebatchelor.com,NOVO,em-escopo,porta-ok:https://www.georgebatchelor.com
GestureTek Health,Health,London,London,England,https://www.gesturetekhealth.com,NOVO,fora-de-escopo,nao-triado
Ghost Citadel,Mobile,London,London,England,https://ghostcitadel.com/,NOVO,em-escopo,porta-ok:https://ghostcitadel.com
GigXR,Serious Games,London,London,England,https://gigxr.com/,NOVO,em-escopo,porta-ok:https://gigxr.com
Gizmo Garden,Developer,London,London,England,https://gizmo.garden/,NOVO,em-escopo,porta-ok:https://gizmo.garden
Goldhawk Interactive,Developer,London,London,England,https://www.goldhawkinteractive.com,NOVO,em-escopo,porta-sem-resposta
Gram Games (Zynga),Mobile,London,London,England,https://www.gram.gs,NOVO,em-escopo,porta-ok:https://www.gram.gs
Green Man Gaming,Developer and Publisher,London,London,England,http://www.corporate.greenmangaming.com/,NOVO,em-escopo,porta-ok:https://www.corporate.greenmangaming.com/careers
Grumpy Rhino Games,Mobile,London,London,England,https://www.grumpyrhinogames.com/,NOVO,em-escopo,porta-ok:https://www.grumpyrhinogames.com
Hand Circus,Developer,London,London,England,https://www.handcircus.com,NOVO,em-escopo,porta-ok:https://www.handcircus.com/careers
Hidden Place,Developer,London,London,England,https://hiddenplace.games,NOVO,em-escopo,porta-ok:https://hiddenplace.games/careers
Hiro Capital,Investment,London,London,England,https://hiro.capital/,NOVO,fora-de-escopo,nao-triado
Hobo Interactive,Developer,London,London,England,https://hobointeractive.com/,NOVO,em-escopo,porta-sem-resposta
Hole in the Sleeve Game Studios,Developer,London,London,England,https://www.holeinthesleevegamestudios.com/,NOVO,em-escopo,"Character Artist e da EQUIPE, nao vaga"
Hollow Ponds,Developer,London,London,England,http://thehollowponds.com/,NOVO,em-escopo,porta-ok:https://thehollowponds.com
Hound Picked Games,Publisher,London,London,England,https://www.houndpicked.com,NOVO,fora-de-escopo,nao-triado
Humble Grove,Developer,London,London,England,https://www.humblegrove.com,NOVO,em-escopo,porta-ok:https://www.humblegrove.com
Hundred Star Games,Developer,London,London,England,https://hundredstar.games/,NOVO,em-escopo,porta-ok:https://hundredstar.games
Huskrafts,Microstudio,London,London,England,https://huskrafts.com/,NOVO,em-escopo,porta-ok:https://huskrafts.com
Hutch Games,Mobile,London,London,England,https://hutch.io,NOVO,em-escopo,porta-ok:https://hutch.io/careers
IGDA England - London,Organization,London,London,England,https://igda.org/chapters/united-kingdom-london/,NOVO,fora-de-escopo,nao-triado
IMMERSIV GAMES,Developer,London,London,England,https://immersivgames.com/,NOVO,em-escopo,porta-sem-resposta
Improbable Games UK,Developer,London,London,England,https://www.improbable.io,NOVO,em-escopo,porta-ok:https://www.improbable.io/careers
Infinity Vector,Developer,London,London,England,https://infinityvector.com/,NOVO,em-escopo,"as mencoes a Environment Artist sao apresentacao do time, nao vaga"
Interior Night,Developer,London,London,England,https://www.interiornight.com,NOVO,em-escopo,vaga Mid-Senior Environment Artist 9 meses - VETO ESCRITO: UK based candidate e right to work in the UK
Jump Over the Age,Developer,London,London,England,https://www.jumpovertheage.com,NOVO,em-escopo,"Character Artist e credito de jogo, nao vaga"
Juno Capital Partners,Investment,London,London,England,https://junocapitalpartners.com/,NOVO,fora-de-escopo,nao-triado
Kayabros,Microstudio,London,London,England,https://kayabros.itch.io/,NOVO,em-escopo,porta-ok:https://kayabros.itch.io
Kedoo Entertainment,Publisher,London,London,England,https://www.kedoo.com,NOVO,fora-de-escopo,nao-triado
Kepler Interactive,Publisher,London,London,England,https://www.kepler-interactive.com,NOVO,fora-de-escopo,nao-triado
Kestrel Games,Developer,London,London,England,https://kestrelgames.com/,NOVO,em-escopo,porta-ok:https://kestrelgames.com
Kid Onion Studio,Developer,London,London,England,https://rivertailsthegame.com/,ja na fila gamedevmap 06/09,em-escopo,"site vivo, porta de carreiras nao localizada no HTML"
Kindred Spirit Games,Developer,London,London,England,https://kindredspiritgames.com/,NOVO,em-escopo,porta-ok:https://kindredspiritgames.com
King.com (Activision),Mobile,London,London,England,https://www.king.com,NOVO,em-escopo,porta-ok:https://www.king.com
Koffeecup,Developer,London,London,England,https://www.koffeecup.net/,NOVO,em-escopo,porta-ok:https://www.koffeecup.net
Kowloon Nights,Investment,London,London,England,https://www.kowloonnights.com/,NOVO,fora-de-escopo,nao-triado
Lambic Studios,Microstudio,London,London,England,https://lambicstudios.com/,NOVO,em-escopo,porta-ok:https://lambicstudios.com
LAVABIRD,Developer,London,London,England,https://lavabird.games/,NOVO,em-escopo,porta-ok:https://lavabird.games
Liquid City,Extended Reality (XR),London,London,England,https://liquid.city/,NOVO,em-escopo,porta-ok:https://liquid.city/careers
Little Orbit,Publisher,London,London,England,https://www.littleorbit.com,NOVO,fora-de-escopo,nao-triado
Lunar Division (Bithell Games),Publisher,London,London,England,https://lunardivision.net/,NOVO,fora-de-escopo,nao-triado
Lunaris Games,Developer,London,London,England,https://lunarisgames.itch.io/,NOVO,em-escopo,porta-ok:https://lunarisgames.itch.io
Lvp,Investment,London,London,England,https://londonvp.com/,NOVO,fora-de-escopo,nao-triado
Marmalade Game Studio,Developer,London,London,England,https://www.marmaladegamestudio.com,ja conhecido (painel/csv),em-escopo,porta-ok:https://www.marmaladegamestudio.com/careers
Maze Theory,Extended Reality (XR),London,London,England,https://www.maze-theory.com,NOVO,em-escopo,porta-ok:https://www.maze-theory.com/careers
Mediatonic,Developer,London,London,England,https://www.mediatonicgames.com,ja na fila gamedevmap 06/09,em-escopo,porta-ok:https://www.mediatonicgames.com/careers
Mercury Game Studio,Developer,London,London,England,https://www.mercurygamestudio.com/,NOVO,em-escopo,porta-ok:https://www.mercurygamestudio.com
Micazook,Mobile,London,London,England,https://www.micazook.com,NOVO,em-escopo,porta-ok:https://www.micazook.com/careers
Microsoft Lift London,Mobile,London,London,England,https://www.microsoft.com/games,NOVO,em-escopo,porta-ok:https://www.microsoft.com/games/careers
milktooth,Microstudio,London,London,England,https://www.milktooth.dev/,NOVO,em-escopo,porta-ok:https://www.milktooth.dev
Milo Games,Developer,London,London,England,https://milo-games.weebly.com/,NOVO,em-escopo,porta-ok:https://milo-games.weebly.com
Mind Candy,Mobile,London,London,England,https://www.mindcandy.com,NOVO,em-escopo,porta-ok:https://www.mindcandy.com
Mindthunk,Developer,London,London,England,https://mindthunk.com/,NOVO,em-escopo,porta-sem-resposta
Miniclip,Mobile,London,London,England,https://www.miniclip.com,NOVO,em-escopo,porta-ok:https://www.miniclip.com/careers
Mode 7,Developer,London,London,England,https://www.mode7.games/,NOVO,em-escopo,porta-ok:https://www.mode7.games
Modern Wolf,Publisher,London,London,England,https://www.modernwolf.net,NOVO,fora-de-escopo,nao-triado
Moon Active,Mobile,London,London,England,https://moonactive.com/,NOVO,em-escopo,porta-ok:https://moonactive.com/careers
Moonbug Entertainment,Developer,London,London,England,https://moonbug.com/,ja conhecido (painel/csv),em-escopo,porta-ok:https://www.moonbug.com/careers
MoonHub,Serious Games,London,London,England,https://www.themoonhub.com,NOVO,em-escopo,porta-ok:https://www.themoonhub.com
NaturalMotion Games (Zynga),Developer,London,London,England,https://naturalmotion.com/,ja conhecido (painel/csv),em-escopo,"quadro greenhouse vivo, 4 vagas, nenhuma da disciplina"
Nerial,Developer,London,London,England,https://www.nerial.co.uk/,NOVO,em-escopo,porta-ok:https://www.nerial.co.uk/careers
Netspeak Games,Developer,London,London,England,https://www.netspeakgames.com,NOVO,em-escopo,porta-ok:https://www.netspeakgames.com
Newfangled Games,Developer,London,London,England,https://www.newfangled.games,NOVO,em-escopo,porta-ok:https://www.newfangled.games
Nexus Studios,Developer,London,London,England,https://www.nexusstudios.com,ja conhecido (painel/csv),em-escopo,porta-ok:https://nexusstudios.com/
Niantic,Extended Reality (XR),London,London,England,https://nianticlabs.com/,NOVO,em-escopo,"quadro Greenhouse (scopely) vivo com 3D Artist junior/senior/lead em Barcelona - 3D generico de mobile, prioridade MEDIA"
Niffler,Developer and Publisher,London,London,England,http://www.niffler.co.uk/,NOVO,em-escopo,porta-sem-resposta
Nitrome,Online,London,London,England,https://www.nitrome.com,NOVO,em-escopo,porta-ok:https://www.nitrome.com/jobs/
NotGames,Developer,London,London,England,https://notgames.co.uk/,NOVO,em-escopo,porta-ok:https://notgames.co.uk/jobs
Odd Tales,Developer,London,London,England,https://www.oddtales.net,NOVO,em-escopo,porta-ok:https://www.oddtales.net
OKRE,Investment,London,London,England,https://okre.org/,NOVO,fora-de-escopo,nao-triado
Omeda Studios,Online,London,London,England,https://predecessorgame.com/,NOVO,em-escopo,porta-ok:https://predecessorgame.com
Onion Soup Interactive,Developer,London,London,England,https://www.onionsoupinteractive.com/,NOVO,em-escopo,porta-ok:https://www.onionsoupinteractive.com
Orbifold Software,Developer,London,London,England,https://orbifoldsoftware.com/,NOVO,em-escopo,porta-sem-resposta
Outfit7,Mobile,London,London,England,https://outfit7.com/,NOVO,em-escopo,porta-ok:https://outfit7.com/careers
outofthebit,Mobile,London,London,England,https://www.outofthebit.com,NOVO,em-escopo,porta-ok:https://www.outofthebit.com
Oxalis Games,Developer,London,London,England,https://oxalis.games/,NOVO,em-escopo,porta-ok:https://oxalis.games
Panic Barn!,Developer,London,London,England,https://www.panicbarn.com,NOVO,em-escopo,porta-ok:https://www.panicbarn.com
Panic Stations,Developer,London,London,England,https://www.panicstations.com/,NOVO,em-escopo,porta-ok:https://www.panicstations.com
Party for Introverts,Developer,London,London,England,https://partyforintroverts.com/,NOVO,em-escopo,porta-ok:https://partyforintroverts.com
Payload Studios,Developer,London,London,England,https://payloadstudios.com/,ja conhecido (painel/csv),em-escopo,"site vivo, porta de carreiras nao localizada no HTML"
Perp Games,Publisher,London,London,England,https://perpgames.com/,NOVO,fora-de-escopo,nao-triado
PES Productions Europe (Konami),Developer,London,London,England,https://www.konami.com,NOVO,em-escopo,porta-ok:https://www.konami.com
Pixel Spill,Developer,London,London,England,https://pixelspill.games/,NOVO,em-escopo,porta-ok:https://pixelspill.games
Pixel Trickery,Microstudio,London,London,England,http://www.pixeltrickerygames.com/,NOVO,em-escopo,porta-ok:https://www.pixeltrickerygames.com
Pixion Games,Mobile,London,London,England,https://www.pixiongames.com,NOVO,em-escopo,porta-ok:https://www.pixiongames.com/careers
Pixward Games,Developer,London,London,England,https://pixward-games.com/,NOVO,em-escopo,porta-ok:https://pixward-games.com/careers
PlanetPlay,Organization,London,London,England,https://planetplay.com/,NOVO,fora-de-escopo,nao-triado
Playdeo,Mobile,London,London,England,https://www.playdeo.co.uk,NOVO,em-escopo,porta-ok:https://www.playdeo.co.uk/careers
Playerthree,Developer,London,London,England,https://www.playerthree.com,NOVO,em-escopo,porta-sem-resposta
Playstack,Publisher,London,London,England,https://playstack.com/,NOVO,fora-de-escopo,nao-triado
Playwing,Mobile,London,London,England,https://www.playwing.com,NOVO,em-escopo,porta-sem-resposta
Poncle,Developer,London,London,England,https://poncle.games/,NOVO,em-escopo,porta-ok:https://poncle.games
Portkey Games (Warner Brothers Games),Mobile,London,London,England,https://www.portkeygames.com,NOVO,em-escopo,porta-ok:https://www.portkeygames.com
Postceramic Technology,Developer,London,London,England,https://postceramic.co.uk,NOVO,em-escopo,porta-ok:https://postceramic.co.uk
Preloaded,Developer,London,London,England,https://www.preloaded.com,NOVO,em-escopo,porta-ok:https://www.preloaded.com
Product Madness United Kingdom (Aristocrat),Mobile,London,London,England,https://productmadness.com/,NOVO,em-escopo,porta-ok:https://productmadness.com/careers
Psytec Games,Extended Reality (XR),London,London,England,https://www.psytecgames.com,NOVO,em-escopo,porta-ok:https://www.psytecgames.com/careers
QXR Studios,Extended Reality (XR),London,London,England,https://qxrstudios.com/,NOVO,em-escopo,porta-ok:https://qxrstudios.com
RapidEyeMovers,Developer,London,London,England,https://rapideyemovers.com/,NOVO,em-escopo,porta-ok:https://rapideyemovers.com
Reality Lab: London,Extended Reality (XR),London,London,England,https://www.realitylab.london,NOVO,em-escopo,porta-ok:https://www.realitylab.london
Robust Games,Developer,London,London,England,https://www.robust.games/,NOVO,em-escopo,porta-ok:https://www.robust.games
Rockstar International,Publisher,London,London,England,https://www.rockstargames.com,ja conhecido (painel/csv),fora-de-escopo,nao-triado
Rockstar London,Developer,London,London,England,https://www.rockstargames.com/,ja conhecido (painel/csv),em-escopo,porta-ok:https://www.rockstargames.com/careers
Rocksteady Studios (Warner Brothers Games),Developer,London,London,England,https://www.rocksteadyltd.com/,ja conhecido (painel/csv),em-escopo,porta-ok:https://www.rocksteadyltd.com/careers/
Roundtable Interactive,Developer and Publisher,London,London,England,https://outrightgames.com/,NOVO,em-escopo,porta-sem-resposta
Roundtable Interactive Group,Investment,London,London,England,https://roundtableinteractive.com/,NOVO,fora-de-escopo,nao-triado
Scopely,Publisher,London,London,England,https://www.scopely.com,ja conhecido (painel/csv),fora-de-escopo,nao-triado
Secret Sauce,Publisher,London,London,England,https://thesecretsauce.uk/,NOVO,fora-de-escopo,nao-triado
Sectordub,Developer,London,London,England,https://www.pikuniku.net,NOVO,em-escopo,porta-ok:https://www.pikuniku.net
SFB Games,Developer,London,London,England,https://sfbgames.com/,NOVO,em-escopo,porta-ok:https://sfbgames.com
Sharkmob,Developer,London,London,England,https://www.sharkmob.com,ja conhecido (painel/csv),em-escopo,quadro teamtailor em dominio proprio (https://career.sharkmob.com) - sem vaga da disciplina hoje
Shedworks,Developer,London,London,England,https://www.shed-works.co.uk,NOVO,em-escopo,porta-sem-resposta
Sigil Initiative,Developer,London,London,England,https://www.fringeplanetgame.com,NOVO,em-escopo,porta-sem-resposta
Silver Rain Games,Developer,London,London,England,https://www.silverraingames.com,NOVO,em-escopo,porta-ok:https://www.silverraingames.com
Singer Studios,Extended Reality (XR),London,London,England,https://singerstudios.co.uk/,NOVO,em-escopo,porta-ok:https://singerstudios.co.uk/jobs
Six to Start,Mobile,London,London,England,https://zrx.app/,NOVO,em-escopo,porta-ok:https://zrx.app
Solar Sail Games,Developer,London,London,England,http://solarsailgames.com/,NOVO,em-escopo,porta-sem-resposta
Sony Computer Entertainment London Studio,Developer,London,London,England,http://www.worldwidestudios.net/london,NOVO,em-escopo,porta-sem-resposta
Sports Interactive,Developer,London,London,England,https://www.sigames.com,NOVO,em-escopo,porta-ok:https://www.sigames.com/careers
Sporty Group,Investment,London,London,England,https://sportygroup.com/,NOVO,fora-de-escopo,nao-triado
Square Enix Limited,Publisher,London,London,England,https://www.square-enix.com,NOVO,fora-de-escopo,nao-triado
Square Enix London Studios,Publisher,London,London,England,https://www.eidos.com,NOVO,fora-de-escopo,nao-triado
SquarePlay Games,Developer,London,London,England,https://squareplaygames.com/,NOVO,em-escopo,"vagas de freelance - VETO ESCRITO: We are looking for UK-based, freelancers"
State of Play,Online,London,London,England,https://www.stateofplaygames.com,NOVO,em-escopo,porta-ok:https://www.stateofplaygames.com
Stick Sports,Mobile,London,London,England,https://www.sticksports.com,NOVO,em-escopo,porta-ok:https://www.sticksports.com
Studio Morgan,Developer,London,London,England,https://www.studiomorgan.games/,NOVO,em-escopo,porta-ok:https://www.studiomorgan.games
Studio Wife,Microstudio,London,London,England,https://www.studiowife.com/,NOVO,em-escopo,porta-ok:https://www.studiowife.com
Sundawn Studios,Developer,London,London,England,https://www.sundawnstudios.com/,NOVO,em-escopo,porta-ok:https://www.sundawnstudios.com
Sunday Studios,Microstudio,London,London,England,https://www.sundaystudios.co.uk/,NOVO,em-escopo,porta-ok:https://www.sundaystudios.co.uk/careers
SUPER HYPER MEGA,Developer,London,London,England,https://superhypermega.studio/,NOVO,em-escopo,porta-ok:https://superhypermega.studio
Super Rare Games,Developer and Publisher,London,London,England,https://superraregames.com/,NOVO,em-escopo,porta-ok:https://superraregames.com
Super Rare Originals,Publisher,London,London,England,https://superraregames.com/collections/originals,NOVO,fora-de-escopo,nao-triado
Supercell London,Mobile,London,London,England,https://spaceapegames.com/,NOVO,em-escopo,porta-ok:https://spaceapegames.com/careers
Supersolid,Developer,London,London,England,https://www.supersolid.com,NOVO,em-escopo,porta-ok:https://www.supersolid.com/careers
Tahla and Jack Co,Developer,London,London,England,https://talhaandjack.co/,NOVO,em-escopo,porta-ok:https://talhaandjack.co
Take 2 Interactive UK,Publisher,London,London,England,https://www.take2games.com/,NOVO,fora-de-escopo,nao-triado
Takeaway Reality,Extended Reality (XR),London,London,England,https://www.takeaway-reality.com/,NOVO,em-escopo,porta-ok:https://www.takeaway-reality.com
Talha & Jack Co,Microstudio,London,London,England,https://talhaandjack.co/,NOVO,em-escopo,porta-ok:https://talhaandjack.co
tann,Microstudio,London,London,England,https://tann.itch.io/,NOVO,em-escopo,porta-ok:https://tann.itch.io
Tara Gaming Limited,Developer,London,London,England,https://taragaming.com/,NOVO,em-escopo,porta-ok:https://taragaming.com/careers
Team Artichoke,Developer,London,London,England,https://teamartichoke.com/,NOVO,em-escopo,porta-ok:https://teamartichoke.com
Team FOLON,Developer,London,London,England,https://fallout4london.com/,NOVO,em-escopo,3D artists sao modders voluntarios - descarte
Ted Sterchi,Developer,London,London,England,https://www.ted.zone,NOVO,em-escopo,porta-sem-resposta
Terahard,Mobile,London,London,England,https://www.terahard.org,NOVO,em-escopo,porta-ok:https://www.terahard.org
The Bitmap Brothers (Rebellion),Mobile,London,London,England,https://www.rebellion.com,NOVO,em-escopo,porta-ok:https://www.rebellion.com/careers
The CoLab,Publisher,London,London,England,https://www.thecolabgames.com/,NOVO,fora-de-escopo,nao-triado
The Hollow Ponds,Developer,London,London,England,http://www.thehollowponds.com/,NOVO,em-escopo,porta-ok:https://www.thehollowponds.com
The Irregular Corportion (Epic),Publisher,London,London,England,https://www.theirregularcorporation.com,NOVO,fora-de-escopo,nao-triado
The Pokemon Company International,Developer,London,London,England,https://www.pokemon.com,ja na fila gamedevmap 06/09,em-escopo,"site vivo, porta de carreiras nao localizada no HTML"
The Secret Games Company,Developer,London,London,England,https://www.secretgamescompany.com,NOVO,em-escopo,porta-ok:https://www.secretgamescompany.com
The Third Floor,Extended Reality (XR),London,London,England,https://www.thethirdfloorinc.com,ja conhecido (painel/csv),em-escopo,porta-ok:https://thethirdfloorinc.com/careers/
TigerRoll Studios,Developer,London,London,England,https://tigerrollstudios.co.uk/,NOVO,em-escopo,porta-ok:https://tigerrollstudios.co.uk
TikiPod,Developer,London,London,England,https://www.tikipod.com,NOVO,em-escopo,porta-ok:https://www.tikipod.com
Tonic Games Group,Publisher,London,London,England,https://www.tonicgames.com,NOVO,fora-de-escopo,nao-triado
Tower Studios,Mobile,London,London,England,https://www.tower-studios.co.uk,NOVO,em-escopo,porta-ok:https://www.tower-studios.co.uk
Trailmix Games,Mobile,London,London,England,https://www.trailmixgames.com,NOVO,em-escopo,porta-ok:https://www.trailmixgames.com/careers
Triangular Pixels,Extended Reality (XR),London,London,England,https://www.triangularpixels.net,ja conhecido (painel/csv),em-escopo,porta-ok:https://www.triangularpixels.net/jobs
Tributary Games,Developer,London,London,England,https://www.tributary.games/,NOVO,em-escopo,porta-ok:https://www.tributary.games
Triple Dragon,Investment,London,London,England,https://tripledragon.co.uk/,NOVO,fora-de-escopo,nao-triado
Tripledot Studios,Mobile,London,London,England,https://tripledotstudios.com/,ja na fila gamedevmap 06/09,em-escopo,porta-ok:https://www.tripledotstudios.com/
Twin Swans,Developer,London,London,England,https://twinswans.homerun.co/,ja conhecido (painel/csv),em-escopo,"site vivo, porta de carreiras nao localizada no HTML"
UK Games Talent and Finance,Incubator/Accelerator,London,London,England,https://ukgtf.org/,NOVO,fora-de-escopo,nao-triado
UK Interactive Entertainment (Ukie),Organization,London,London,England,https://ukie.org.uk/,NOVO,fora-de-escopo,nao-triado
UKIYO Publishing,Publisher,London,London,England,https://ukiyo-publishing.com/,NOVO,fora-de-escopo,nao-triado
UMA Games,Developer,London,London,England,https://uma.games/,NOVO,em-escopo,"3D artist e da EQUIPE, nao vaga"
Under the Stairs,Developer,London,London,England,https://underthestairs.studio/,NOVO,em-escopo,porta-sem-resposta
Underdog,Developer,London,London,England,https://underdog.ltd/#home,ja na fila gamedevmap 06/09,em-escopo,"site vivo, porta de carreiras nao localizada no HTML"
Unit9,Developer,London,London,England,https://www.unit9.com,NOVO,em-escopo,porta-ok:https://www.unit9.com
United JOY,Social,London,London,England,http://unitedjoy.com/,NOVO,em-escopo,porta-sem-resposta
ustwo,Developer,London,London,England,https://www.ustwo.com,ja conhecido (painel/csv),em-escopo,porta-ok:https://ustwo.com/join-us/
Variable State,Developer,London,London,England,https://variablestate.com/,NOVO,em-escopo,porta-ok:https://variablestate.com/careers
Village Studio Games,Developer,London,London,England,https://village-studio.com/,NOVO,em-escopo,porta-ok:https://village-studio.com
Villainous Game Studio,Developer,London,London,England,https://villainous.games/,NOVO,em-escopo,porta-ok:https://villainous.games
Virtually Live,Extended Reality (XR),London,London,England,https://www.virtuallylive.com,NOVO,em-escopo,porta-ok:https://www.virtuallylive.com
Virtually Sports,Developer,London,London,England,https://virtuallysports.com/,NOVO,em-escopo,porta-ok:https://virtuallysports.com
Voodoo,Mobile,London,London,England,https://voodoo.io/,NOVO,em-escopo,"quadro Lever vivo, nenhuma vaga da disciplina (Art Director, Game Artist, Marketing Video Artist, UI/UX)"
Warp Digital,Developer,London,London,England,https://www.warpdigital.com,NOVO,em-escopo,porta-sem-resposta
Weather Factory,Developer,London,London,England,https://www.weatherfactory.biz,NOVO,em-escopo,porta-ok:https://www.weatherfactory.biz
Whatboy Games,Developer,London,London,England,https://www.whatboy.com,NOVO,em-escopo,porta-ok:https://www.whatboy.com
White Star Capital,Investment,London,London,England,https://whitestarcapital.com/,NOVO,fora-de-escopo,nao-triado
ZA/UM Studio,Developer,London,London,England,https://zaumstudio.com/,NOVO,em-escopo,porta-ok:https://zaumstudio.com
Zwift,Developer,London,London,England,https://zwift.com/,NOVO,em-escopo,"Greenhouse: 5 vagas, nenhuma de arte 3D"
Zynga,Mobile,London,London,England,https://zynga.com/,NOVO,em-escopo,porta-ok:https://zynga.com/careers
Alvera Studios,Developer,London,London,United Kingdom,https://alverastudios.com/,ja conhecido (painel/csv),em-escopo,"site vivo, porta de carreiras nao localizada no HTML"
Aquila Interactive,Developer and Publisher,London,London,United Kingdom,https://aquilainteractive.io/,ja na fila gamedevmap 06/09,em-escopo,porta-ok:https://aquilainteractive.io/careers
BerserkBoy Games,Developer,London,London,United Kingdom,https://berserkboygames.com/,ja na fila gamedevmap 06/09,em-escopo,"site vivo, porta de carreiras nao localizada no HTML"
Birdmask Studio,Developer,London,London,United Kingdom,https://birdmaskstudio.itch.io/,ja na fila gamedevmap 06/09,em-escopo,"site vivo, porta de carreiras nao localizada no HTML"
Broken Spaceship,Developer,London,London,United Kingdom,https://www.brokenspaceship.com/,ja na fila gamedevmap 06/09,em-escopo,"site vivo, porta de carreiras nao localizada no HTML"
Broxcorp,Developer,London,London,United Kingdom,https://broxcorp.com/,ja na fila gamedevmap 06/09,em-escopo,porta-sem-resposta
Calligram Studio,Developer,London,London,United Kingdom,https://calligramstudio.com/,ja na fila gamedevmap 06/09,em-escopo,"site vivo, porta de carreiras nao localizada no HTML"
Emona Capital,Investment,London,London,United Kingdom,https://www.emonacapital.com/,NOVO,fora-de-escopo,nao-triado
Enchanted Arcade,Developer,London,London,United Kingdom,https://www.enchantedarcade.com/,ja na fila gamedevmap 06/09,em-escopo,porta-ok:https://www.enchantedarcade.com/joinus
FOXBOY Productions,Developer,London,London,United Kingdom,https://www.foxboyproductions.com/,ja na fila gamedevmap 06/09,em-escopo,"site vivo, porta de carreiras nao localizada no HTML"
Many Cats Studios,Developer,London,London,United Kingdom,https://www.manycats.uk/,ja na fila gamedevmap 06/09,em-escopo,"site vivo, porta de carreiras nao localizada no HTML"
Offroad Games,Developer,London,London,United Kingdom,https://offroadgames.co/,ja conhecido (painel/csv),em-escopo,porta-ok:https://offroadgames.co/join-us.html
RubberBand Games,Developer,London,London,United Kingdom,https://www.rubberbandgames.com/,ja conhecido (painel/csv),em-escopo,porta-ok:https://www.rubberbandgames.com/careers/
vladkudas,,London,London,United Kingdom,https://vladkudas.games/,NOVO,em-escopo,porta-ok:https://vladkudas.games
10 Chambers,Developer,Stockholm,Stockholm,Sweden,https://10chambers.com/,ja conhecido (painel/csv),em-escopo,quadro teamtailor em dominio proprio (https://careers.10chambers.com) - sem vaga da disciplina hoje
2Play Studios,Developer,Stockholm,Stockholm,Sweden,http://2play.se,ja na fila gamedevmap 06/09,em-escopo,"site vivo, porta de carreiras nao localizada no HTML"
A Small Game,Mobile,Stockholm,Stockholm,Sweden,https://www.asmallgame.com/,NOVO,em-escopo,porta-ok:https://www.asmallgame.com
Adventure Party Games,Developer,Stockholm,Stockholm,Sweden,https://www.adventurepartygames.com/,ja na fila gamedevmap 06/09,em-escopo,quadro teamtailor em dominio proprio (https://careers.adventurepartygames.com) - sem vaga da disciplina hoje
Antediluvian Interactive,Developer,Stockholm,Stockholm,Sweden,https://antediluvianinteractive.com/,ja na fila gamedevmap 06/09,em-escopo,porta-sem-resposta
Aonic,Developer and Publisher,Stockholm,Stockholm,Sweden,https://aonic.co/,ja na fila gamedevmap 06/09,em-escopo,quadro teamtailor em dominio proprio (https://careers.aonic.co) - sem vaga da disciplina hoje
Apprope,Mobile,Stockholm,Stockholm,Sweden,https://apprope.com/,NOVO,em-escopo,porta-ok:https://apprope.com
Arcticmill,Mobile,Stockholm,Stockholm,Sweden,https://www.arcticmill.com/,NOVO,em-escopo,porta-ok:https://www.arcticmill.com/careers
Ark Island Studio,Microstudio,Stockholm,Stockholm,Sweden,https://www.arkislandstudio.com/,NOVO,em-escopo,porta-ok:https://www.arkislandstudio.com
Arrowhead Game Studios,Developer,Stockholm,Stockholm,Sweden,https://arrowheadgamestudios.com/,ja conhecido (painel/csv),em-escopo,quadro teamtailor em dominio proprio (https://jobs.arrowheadgamestudios.com) - sem vaga da disciplina hoje
Atvis,Serious Games,Stockholm,Stockholm,Sweden,https://atvis.com/,NOVO,em-escopo,porta-ok:https://atvis.com
Aurora Punks,Developer and Publisher,Stockholm,Stockholm,Sweden,https://www.aurorapunks.com/,ja conhecido (painel/csv),em-escopo,"site vivo, porta de carreiras nao localizada no HTML"
Avalanche Studios Group,Developer,Stockholm,Stockholm,Sweden,https://avalanchestudios.com/,ja conhecido (painel/csv),em-escopo,porta-ok:https://avalanchestudios.com/careers
Axolot Games,Developer and Publisher,Stockholm,Stockholm,Sweden,https://axolotgames.com/,ja conhecido (painel/csv),em-escopo,"quadro teamtailor vivo, 2 vagas, nenhuma da disciplina"
Ballistic Pork,Developer,Stockholm,Stockholm,Sweden,https://ballisticpork.se/,ja na fila gamedevmap 06/09,em-escopo,porta-sem-resposta
Bambino Games,Mobile,Stockholm,Stockholm,Sweden,https://www.bambinogames.com/,NOVO,em-escopo,porta-ok:https://www.bambinogames.com
Bandai Namco Entertainment Nordic,Publisher,Stockholm,Stockholm,Sweden,https://en.bandainamcoent.eu/,NOVO,fora-de-escopo,nao-triado
BandanaKid Games,Developer,Stockholm,Stockholm,Sweden,https://www.bandanakid.com/,ja na fila gamedevmap 06/09,em-escopo,"site vivo, porta de carreiras nao localizada no HTML"
Bandit Island Games,Developer,Stockholm,Stockholm,Sweden,https://www.bandit-island.com/,ja conhecido (painel/csv),em-escopo,porta-ok:https://www.bandit-island.com/careers
Battle Camp (Safe Lane Gaming),Mobile,Stockholm,Stockholm,Sweden,https://www.battlecamp.com/,NOVO,em-escopo,porta-ok:https://www.battlecamp.com
Behold Ventures,Investment,Stockholm,Stockholm,Sweden,https://behold.vc/,NOVO,fora-de-escopo,nao-triado
Beyond Frames Entertainment,Developer and Publisher,Stockholm,Stockholm,Sweden,https://beyondframes.com/,ja conhecido (painel/csv),em-escopo,quadro teamtailor em dominio proprio (https://jobs.beyondframes.com) - sem vaga da disciplina hoje
Black Voyage Games,Developer,Stockholm,Stockholm,Sweden,https://blackvoyagegames.com/,ja na fila gamedevmap 06/09,em-escopo,"site vivo, porta de carreiras nao localizada no HTML"
Blue Scarab Entertainment,Developer,Stockholm,Stockholm,Sweden,https://bluescarab.com/,ja na fila gamedevmap 06/09,em-escopo,"site vivo, porta de carreiras nao localizada no HTML"
Bright Gambit,Investment,Stockholm,Stockholm,Sweden,https://brightgambit.com/,NOVO,fora-de-escopo,nao-triado
Burning Planet Digital,Microstudio,Stockholm,Stockholm,Sweden,https://www.burningplanet.se/,NOVO,em-escopo,porta-sem-resposta
Caketown Interactive,Publisher,Stockholm,Stockholm,Sweden,https://www.caketowninteractive.com/,NOVO,fora-de-escopo,nao-triado
Chessiverse,Online,Stockholm,Stockholm,Sweden,https://chessiverse.com/,NOVO,em-escopo,porta-ok:https://chessiverse.com/careers
Chief Rebel,Online,Stockholm,Stockholm,Sweden,https://chiefrebel.com/,NOVO,em-escopo,porta-ok:https://chiefrebel.com
Coffee Stain North,Developer,Stockholm,Stockholm,Sweden,https://coffeestain.com/studios/coffee-stain-north,ja conhecido (painel/csv),em-escopo,quadro teamtailor em dominio proprio (https://jobs.coffeestain.com) - sem vaga da disciplina hoje
Coffee Stain Publishing,Publisher,Stockholm,Stockholm,Sweden,https://coffeestain.com/studios/coffee-stain-publishing/,NOVO,fora-de-escopo,nao-triado
Coldwood Interactive,Developer,Stockholm,Stockholm,Sweden,https://coldwood.com/,ja na fila gamedevmap 06/09,em-escopo,"o quadro que a pagina carrega e o do grupo Stillfront; unica de 3D e Lead 3D Environment Artist em Berlim - ambiente, MEDIA"
Collecting Smiles,Microstudio,Stockholm,Stockholm,Sweden,https://collectingsmiles.com/,NOVO,em-escopo,porta-ok:https://collectingsmiles.com
Cortopia Studios,Extended Reality (XR),Stockholm,Stockholm,Sweden,https://cortopia.com/,NOVO,em-escopo,porta-sem-resposta
Cosmico,Developer,Stockholm,Stockholm,Sweden,https://www.cosmicogames.com/,ja conhecido (painel/csv),em-escopo,lista SENIOR 3D ARTIST e ENVIRONMENT ARTIST sem descricao nem data; candidatura pelo formulario /contact
Counterspell,Developer,Stockholm,Stockholm,Sweden,https://www.counterspellstudios.com/,ja conhecido (painel/csv),em-escopo,"site vivo, porta de carreiras nao localizada no HTML"
Crackshell,Developer,Stockholm,Stockholm,Sweden,https://crackshell.dk/,ja na fila gamedevmap 06/09,em-escopo,"site vivo, porta de carreiras nao localizada no HTML"
Dark Riviera,Developer,Stockholm,Stockholm,Sweden,https://www.darkriviera.com/,ja na fila gamedevmap 06/09,em-escopo,"site vivo, porta de carreiras nao localizada no HTML"
Darkened Theater Studios,Developer,Stockholm,Stockholm,Sweden,https://www.darkenedtheaterstudios.com/,ja na fila gamedevmap 06/09,em-escopo,"site vivo, porta de carreiras nao localizada no HTML"
Dataspelsbranschen,Organization,Stockholm,Stockholm,Sweden,https://dataspelsbranschen.se/,NOVO,fora-de-escopo,nao-triado
Decaying Games,Microstudio,Stockholm,Stockholm,Sweden,https://www.decaying.games/,NOVO,em-escopo,porta-ok:https://www.decaying.games
Defold Foundation,Organization,Stockholm,Stockholm,Sweden,https://defold.com/,NOVO,fora-de-escopo,nao-triado
Devm Games,Microstudio,Stockholm,Stockholm,Sweden,https://www.devm-games.com/,NOVO,em-escopo,porta-ok:https://www.devm-games.com
DICE (Electronic Arts),Developer,Stockholm,Stockholm,Sweden,https://dice.se/,ja na fila gamedevmap 06/09,em-escopo,porta-ok:https://www.dice.se/careers
Digital Agents Interactive,Serious Games,Stockholm,Stockholm,Sweden,https://www.digitalagents.in,NOVO,em-escopo,porta-ok:https://www.digitalagents.in
Digital Exception Sthlm,Microstudio,Stockholm,Stockholm,Sweden,http://www.digitalexception.com,NOVO,em-escopo,porta-sem-resposta
Draconic Interactive,Developer,Stockholm,Stockholm,Sweden,https://draconicinteractive.com/,ja conhecido (painel/csv),em-escopo,porta-ok:https://www.draconicinteractive.com/join-us
EA Stockholm (Electronic Arts),Publisher,Stockholm,Stockholm,Sweden,https://ea.com/,ja conhecido (painel/csv),fora-de-escopo,nao-triado
Eagle Games Sweden,Mobile,Stockholm,Stockholm,Sweden,https://eaglegamesswedenab.com/,NOVO,em-escopo,porta-ok:https://eaglegamesswedenab.com
edyoutec,Developer,Stockholm,Stockholm,Sweden,https://edyoutec.com/,ja na fila gamedevmap 06/09,em-escopo,"site vivo, porta de carreiras nao localizada no HTML"
Elda Entertainment,Publisher,Stockholm,Stockholm,Sweden,https://www.elda-entertainment.com/,NOVO,fora-de-escopo,nao-triado
Eldring Games,Microstudio,Stockholm,Stockholm,Sweden,https://www.eldring.se/,NOVO,em-escopo,porta-ok:https://www.eldring.se
Elemental Games,Developer,Stockholm,Stockholm,Sweden,https://elemental.games/,ja na fila gamedevmap 06/09,em-escopo,"site vivo, porta de carreiras nao localizada no HTML"
Embark Studios,Developer,Stockholm,Stockholm,Sweden,https://www.embark-studios.com,ja conhecido (painel/csv),em-escopo,"vaga Environment Artist (Teamtailor, 24/06) - ambiente, prioridade MEDIA"
Enad Global 7,Developer and Publisher,Stockholm,Stockholm,Sweden,https://www.enadglobal7.com/,NOVO,em-escopo,porta-ok:https://www.enadglobal7.com
Envar Games,Developer,Stockholm,Stockholm,Sweden,https://www.envarstudio.com/,ja na fila gamedevmap 06/09,em-escopo,"vaga Senior 3D Environment Artist (Teamtailor, 31/08) - ambiente, prioridade MEDIA; sem veto escrito"
Envar Publishing,Publisher,Stockholm,Stockholm,Sweden,https://www.envarstudio.com/publishing,NOVO,fora-de-escopo,nao-triado
Epic Games,Developer and Publisher,Stockholm,Stockholm,Sweden,https://epicgames.com/,ja conhecido (painel/csv),em-escopo,"site vivo, porta de carreiras nao localizada no HTML"
European Games Developer Federation (EGDF),Organization,Stockholm,Stockholm,Sweden,https://www.egdf.eu/,NOVO,fora-de-escopo,nao-triado
Evergreen IT,Microstudio,Stockholm,Stockholm,Sweden,https://www.evergreen-it.se/,NOVO,em-escopo,porta-sem-resposta
Evil Landfall,Publisher,Stockholm,Stockholm,Sweden,https://landfall.se/,ja conhecido (painel/csv),fora-de-escopo,nao-triado
ExoCorp,Mobile,Stockholm,Stockholm,Sweden,https://www.exocorp.space/,NOVO,em-escopo,porta-ok:https://www.exocorp.space
Expansive Worlds (Avalanche Studios Group),Developer,Stockholm,Stockholm,Sweden,https://avalanchestudios.com/divisions/expansive-worlds,ja na fila gamedevmap 06/09,em-escopo,porta-ok:https://avalanchestudios.com/careers
Experiment 101 (THQ Nordic),Developer,Stockholm,Stockholm,Sweden,https://experiment101.com/,ja conhecido (painel/csv),em-escopo,"site vivo, porta de carreiras nao localizada no HTML"
Fast Travel Games,Developer and Publisher,Stockholm,Stockholm,Sweden,https://www.fasttravelgames.com,ja conhecido (painel/csv),em-escopo,porta-ok:https://www.fasttravelgames.com/career
Fatshark,Developer,Stockholm,Stockholm,Sweden,https://www.fatshark.se,ja conhecido (painel/csv),em-escopo,"site vivo, porta de carreiras nao localizada no HTML"
Filimundus,Developer,Stockholm,Stockholm,Sweden,https://www.filimundus.se,ja na fila gamedevmap 06/09,em-escopo,porta-ok:https://filimundus.se/jobba-med-oss/
Filmic Studios,Extended Reality (XR),Stockholm,Stockholm,Sweden,https://filmicstudios.se/,ja conhecido (painel/csv),em-escopo,"site vivo, porta de carreiras nao localizada no HTML"
FJRD Interactive,Developer,Stockholm,Stockholm,Sweden,https://www.fjrdinteractive.com,ja na fila gamedevmap 06/09,em-escopo,"site vivo, porta de carreiras nao localizada no HTML"
Flip For Fate,Developer,Stockholm,Stockholm,Sweden,https://flipforfate.com/,ja na fila gamedevmap 06/09,em-escopo,"site vivo, porta de carreiras nao localizada no HTML"
Fragbite,Developer and Publisher,Stockholm,Stockholm,Sweden,https://fragbitegroup.com/,ja na fila gamedevmap 06/09,em-escopo,porta-sem-resposta
Friendly Foe Games,Developer,Stockholm,Stockholm,Sweden,https://www.friendlyfoe.se/,ja conhecido (painel/csv),em-escopo,"site vivo, porta de carreiras nao localizada no HTML"
Frostbite (Electronic Arts),Developer,Stockholm,Stockholm,Sweden,https://www.ea.com/frostbite,ja conhecido (painel/csv),em-escopo,porta-ok:https://www.ea.com/frostbite/join-us
Frostrok,Developer,Stockholm,Stockholm,Sweden,https://www.frostrok.com/,ja na fila gamedevmap 06/09,em-escopo,porta-ok:https://www.frostrok.com/careers
Frozen Dev,Developer,Stockholm,Stockholm,Sweden,https://frozendev.com/,ja na fila gamedevmap 06/09,em-escopo,"site vivo, porta de carreiras nao localizada no HTML"
Fula Fisken,Developer,Stockholm,Stockholm,Sweden,https://www.fulafisken.se,ja na fila gamedevmap 06/09,em-escopo,porta-ok:https://fulafisken.se/careers
Full Rogue,Microstudio,Stockholm,Stockholm,Sweden,https://fullrogue.net/,NOVO,em-escopo,porta-ok:https://fullrogue.net
FunRock,Mobile,Stockholm,Stockholm,Sweden,https://www.funrock.com,NOVO,em-escopo,porta-sem-resposta
G5 Entertainment,Developer and Publisher,Stockholm,Stockholm,Sweden,https://www.g5e.com,ja conhecido (painel/csv),em-escopo,porta-ok:https://jobs.g5.com/
GamersGate,Publisher,Stockholm,Stockholm,Sweden,https://www.gamersgate.com,NOVO,fora-de-escopo,nao-triado
Gamethrill,Developer,Stockholm,Stockholm,Sweden,https://gamethrill.se/,ja na fila gamedevmap 06/09,em-escopo,"site vivo, porta de carreiras nao localizada no HTML"
GeoGuessr,Developer,Stockholm,Stockholm,Sweden,https://www.geoguessr.com/,ja na fila gamedevmap 06/09,em-escopo,quadro teamtailor em dominio proprio (https://career.geoguessr.com) - sem vaga da disciplina hoje
GOALS,Developer,Stockholm,Stockholm,Sweden,https://studio.playgoals.com/,ja na fila gamedevmap 06/09,em-escopo,"site vivo, porta de carreiras nao localizada no HTML"
Golf Dreams,Microstudio,Stockholm,Stockholm,Sweden,https://golfdreams.app/,NOVO,em-escopo,porta-ok:https://golfdreams.app
Good Night Brave Warrior,Microstudio,Stockholm,Stockholm,Sweden,http://www.gnbw.com/,NOVO,em-escopo,porta-sem-resposta
Green Leap Games,Developer,Stockholm,Stockholm,Sweden,https://www.greenleapgames.com/,ja na fila gamedevmap 06/09,em-escopo,"site vivo, porta de carreiras nao localizada no HTML"
Gro Play Digital,Mobile,Stockholm,Stockholm,Sweden,https://groplay.com/,NOVO,em-escopo,porta-sem-resposta
gumi Sweden,Online,Stockholm,Stockholm,Sweden,https://www.gu3.co.jp,NOVO,em-escopo,porta-ok:https://www.gu3.co.jp
Hama Studios,Microstudio,Stockholm,Stockholm,Sweden,https://www.hama-studios.com/,NOVO,em-escopo,porta-ok:https://www.hama-studios.com
Hazelight,Developer,Stockholm,Stockholm,Sweden,https://www.hazelight.se,ja na fila gamedevmap 06/09,em-escopo,quadro teamtailor em dominio proprio (https://careers.hazelight.se) - sem vaga da disciplina hoje
Hexfront,Developer,Stockholm,Stockholm,Sweden,https://hexfrontgames.com/,ja na fila gamedevmap 06/09,em-escopo,"site vivo, porta de carreiras nao localizada no HTML"
Hitbox Games,Developer,Stockholm,Stockholm,Sweden,https://www.hitboxgames.se/,ja conhecido (painel/csv),em-escopo,"site vivo, porta de carreiras nao localizada no HTML"
HVNT Entertainment,Extended Reality (XR),Stockholm,Stockholm,Sweden,https://www.hvnt.com/,NOVO,em-escopo,porta-ok:https://www.hvnt.com/careers
Hyperspeed Entertainment,Developer,Stockholm,Stockholm,Sweden,https://hyperspeed.se/,ja na fila gamedevmap 06/09,em-escopo,"site vivo, porta de carreiras nao localizada no HTML"
Ichigoichie,Developer,Stockholm,Stockholm,Sweden,https://ichigoichie.games/,ja na fila gamedevmap 06/09,em-escopo,porta-ok:https://ichigoichie.games/en/jobs/
IDUN Interactive,Developer,Stockholm,Stockholm,Sweden,https://iduninteractive.com/,ja na fila gamedevmap 06/09,em-escopo,"site vivo, porta de carreiras nao localizada no HTML"
iorama Studio,Mobile,Stockholm,Stockholm,Sweden,https://iorama.studio/,NOVO,em-escopo,porta-ok:https://iorama.studio
ISBIT Games,Developer,Stockholm,Stockholm,Sweden,https://isbitgames.com/,ja na fila gamedevmap 06/09,em-escopo,"site vivo, porta de carreiras nao localizada no HTML"
Jammerdal Games,Developer,Stockholm,Stockholm,Sweden,https://decrepitgame.com/,ja na fila gamedevmap 06/09,em-escopo,"site vivo, porta de carreiras nao localizada no HTML"
Jaramba (albert Group),Serious Games,Stockholm,Stockholm,Sweden,https://www.jaramba.se/,NOVO,em-escopo,porta-ok:https://www.jaramba.se
Jumpgate,Developer and Publisher,Stockholm,Stockholm,Sweden,https://jumpgategames.se/,ja na fila gamedevmap 06/09,em-escopo,porta-ok:https://jumpgategames.se/en/careers/
Kavalri Games,Mobile,Stockholm,Stockholm,Sweden,https://www.kavalrigames.com,NOVO,em-escopo,porta-ok:https://www.kavalrigames.com
Kedoo Entertainment,Publisher,Stockholm,Stockholm,Sweden,https://www.kedoo.com,NOVO,fora-de-escopo,nao-triado
Keepsake Games,Developer,Stockholm,Stockholm,Sweden,https://www.keepsake.games,ja na fila gamedevmap 06/09,em-escopo,"site vivo, porta de carreiras nao localizada no HTML"
King.com (Activision),Mobile,Stockholm,Stockholm,Sweden,https://www.king.com,NOVO,em-escopo,porta-ok:https://www.king.com
Koch Media,Publisher,Stockholm,Stockholm,Sweden,https://www.kochmedia.com,NOVO,fora-de-escopo,nao-triado
Kreator Studios,Developer,Stockholm,Stockholm,Sweden,https://kreatorgroup.se/,ja na fila gamedevmap 06/09,em-escopo,"site vivo, porta de carreiras nao localizada no HTML"
Landfall Games,Developer,Stockholm,Stockholm,Sweden,https://www.landfall.se,ja conhecido (painel/csv),em-escopo,"site vivo, porta de carreiras nao localizada no HTML"
Laser Rabbit,Microstudio,Stockholm,Stockholm,Sweden,https://www.themagicianshand.com/,NOVO,em-escopo,porta-sem-resposta
Lightbulb Crew,Developer,Stockholm,Stockholm,Sweden,https://lightbulbcrew.fr/,NOVO,em-escopo,porta-ok:https://lightbulbcrew.fr/jobs
Lucky Lady Games,Developer,Stockholm,Stockholm,Sweden,https://ladyluckgames.io/,NOVO,em-escopo,porta-sem-resposta
Lukas Lundin,Microstudio,Stockholm,Stockholm,Sweden,https://www.honeymancer.com/,NOVO,em-escopo,porta-ok:https://www.honeymancer.com
MAG Interactive,Mobile,Stockholm,Stockholm,Sweden,https://www.maginteractive.com,NOVO,em-escopo,porta-ok:https://www.maginteractive.com
Magneticlake,Developer,Stockholm,Stockholm,Sweden,https://www.magneticlake.com/,NOVO,em-escopo,porta-ok:https://www.magneticlake.com/careers
Maximum Entertainment,Publisher,Stockholm,Stockholm,Sweden,https://maximument.com/,NOVO,fora-de-escopo,nao-triado
Megabit Publishing (Aonic),Publisher,Stockholm,Stockholm,Sweden,https://megabit-publishing.com/,NOVO,fora-de-escopo,nao-triado
Mibi Games,Microstudio,Stockholm,Stockholm,Sweden,https://mibigames.com/,NOVO,em-escopo,porta-ok:https://mibigames.com
Midjiwan,Developer,Stockholm,Stockholm,Sweden,https://midjiwan.com/,NOVO,em-escopo,porta-ok:https://midjiwan.com
Might & Delight,Developer,Stockholm,Stockholm,Sweden,https://www.mightanddelight.com,ja conhecido (painel/csv),em-escopo,"site vivo, porta de carreiras nao localizada no HTML"
Might and Delight,Developer,Stockholm,Stockholm,Sweden,https://www.mightanddelight.com,ja conhecido (painel/csv),em-escopo,"site vivo, porta de carreiras nao localizada no HTML"
Mobile Pie,Mobile,Stockholm,Stockholm,Sweden,https://www.mobilepie.com,NOVO,em-escopo,porta-ok:https://www.mobilepie.com
Modern Times Group (MTG),Mobile,Stockholm,Stockholm,Sweden,https://www.mtg.com/,NOVO,em-escopo,porta-ok:https://www.mtg.com
Modoyo,Developer,Stockholm,Stockholm,Sweden,https://modoyo.com/,NOVO,em-escopo,porta-ok:https://modoyo.com/careers
Mojang Studios (Xbox Game Studios),Developer,Stockholm,Stockholm,Sweden,https://www.minecraft.net/,NOVO,em-escopo,porta-ok:https://www.minecraft.net
Moon Mode,Extended Reality (XR),Stockholm,Stockholm,Sweden,https://moonmode.com/,NOVO,em-escopo,porta-sem-resposta
Mooncat Games,Publisher,Stockholm,Stockholm,Sweden,https://mooncat.games/,NOVO,fora-de-escopo,nao-triado
Morgondag Software Development,Microstudio,Stockholm,Stockholm,Sweden,https://morgondag.io/,NOVO,em-escopo,porta-ok:https://morgondag.io
Motvind Studios,Microstudio,Stockholm,Stockholm,Sweden,https://www.motvindstudios.com/,NOVO,em-escopo,porta-ok:https://www.motvindstudios.com
MuddyPixel,Microstudio,Stockholm,Stockholm,Sweden,https://www.muddypixel.com/,NOVO,em-escopo,porta-ok:https://www.muddypixel.com
Nampa Design,Mobile,Stockholm,Stockholm,Sweden,https://www.nampadesign.com/,NOVO,em-escopo,porta-ok:https://www.nampadesign.com
Neat Corporation,Extended Reality (XR),Stockholm,Stockholm,Sweden,https://www.neatcorporation.com,NOVO,em-escopo,porta-ok:https://www.neatcorporation.com
Neuston,Developer,Stockholm,Stockholm,Sweden,https://www.neuston.io/,NOVO,em-escopo,porta-ok:https://www.neuston.io/jobs
Noodleloop,Developer,Stockholm,Stockholm,Sweden,https://www.noodleloop.games/,NOVO,em-escopo,porta-ok:https://www.noodleloop.games
Nordic Forest Games,Health,Stockholm,Stockholm,Sweden,https://nordicforestgames.com/,NOVO,fora-de-escopo,nao-triado
Nordlight Games,Developer,Stockholm,Stockholm,Sweden,https://www.nordlight.io/,NOVO,em-escopo,porta-ok:https://www.nordlight.io
North Modding Company,Developer,Stockholm,Stockholm,Sweden,https://www.northmoddingcompany.com/,NOVO,em-escopo,porta-ok:https://www.northmoddingcompany.com
Northerner Games,Developer and Publisher,Stockholm,Stockholm,Sweden,https://www.northernergames.com/,NOVO,em-escopo,porta-sem-resposta
Odd Raven,Extended Reality (XR),Stockholm,Stockholm,Sweden,https://oddravenstudios.com/,NOVO,em-escopo,porta-sem-resposta
Off-Leash Interactive,Developer,Stockholm,Stockholm,Sweden,https://offleashinteractive.se/,NOVO,em-escopo,porta-ok:https://offleashinteractive.se
Oldways Studios,Developer,Stockholm,Stockholm,Sweden,https://oldwaysstudios.com/,NOVO,em-escopo,porta-ok:https://oldwaysstudios.com/careers
Omino Games,Developer,Stockholm,Stockholm,Sweden,https://www.ominogames.com/,NOVO,em-escopo,porta-ok:https://www.ominogames.com
One Potato Kingdom,Online,Stockholm,Stockholm,Sweden,https://onepotatokingdom.gumroad.com/,NOVO,em-escopo,porta-ok:https://onepotatokingdom.gumroad.com
Orsak Verkan,Developer,Stockholm,Stockholm,Sweden,https://www.orsakverkan.com/,ja na fila gamedevmap 06/09,em-escopo,"site vivo, porta de carreiras nao localizada no HTML"
Outbreak Studios,Developer,Stockholm,Stockholm,Sweden,https://www.outbreakstudios.se/,ja na fila gamedevmap 06/09,em-escopo,"site vivo, porta de carreiras nao localizada no HTML"
Overkill Software (Starbreeze),Developer,Stockholm,Stockholm,Sweden,https://www.overkillsoftware.com,ja na fila gamedevmap 06/09,em-escopo,porta-ok:https://www.starbreeze.com/careers/
Palebits,Microstudio,Stockholm,Stockholm,Sweden,https://palebits.com/,NOVO,em-escopo,porta-ok:https://palebits.com
Palomar Games,Microstudio,Stockholm,Stockholm,Sweden,https://www.palomargames.com/,ja conhecido (painel/csv),em-escopo,"site vivo, porta de carreiras nao localizada no HTML"
PAN Vision,Publisher,Stockholm,Stockholm,Sweden,https://www.panvision.com,NOVO,fora-de-escopo,nao-triado
Paperplay Games,Mobile,Stockholm,Stockholm,Sweden,https://www.paperplaygames.com/,NOVO,em-escopo,porta-ok:https://www.paperplaygames.com
Paradox Interactive,Developer and Publisher,Stockholm,Stockholm,Sweden,https://www.paradoxinteractive.com/,ja conhecido (painel/csv),em-escopo,"quadro teamtailor vivo, 18 vagas, nenhuma da disciplina"
Perfect Random,Developer,Stockholm,Stockholm,Sweden,https://perfectrandom.se/,ja na fila gamedevmap 06/09,em-escopo,"site vivo, porta de carreiras nao localizada no HTML"
Pixel Night,Developer,Stockholm,Stockholm,Sweden,https://www.empathygame.org,ja na fila gamedevmap 06/09,em-escopo,"site vivo, porta de carreiras nao localizada no HTML"
Pixel Tales,Developer,Stockholm,Stockholm,Sweden,https://www.pixeltales.com/,ja na fila gamedevmap 06/09,em-escopo,"site vivo, porta de carreiras nao localizada no HTML"
Playcap Angel Investors,Investment,Stockholm,Stockholm,Sweden,https://www.playcap.gg/,NOVO,fora-de-escopo,nao-triado
Plink&Plonk Studio,Microstudio,Stockholm,Stockholm,Sweden,https://www.plink-plonk.com/,NOVO,em-escopo,"procura 2D/3D Artists mas VOLUNTARIO, sem pagamento - descarte"
Pointless Games,Developer,Stockholm,Stockholm,Sweden,https://www.pointlessgames.net/,ja na fila gamedevmap 06/09,em-escopo,"site vivo, porta de carreiras nao localizada no HTML"
Polarcade,Mobile,Stockholm,Stockholm,Sweden,https://polarcade.com/,NOVO,em-escopo,porta-ok:https://polarcade.com
Pounce Light,Developer,Stockholm,Stockholm,Sweden,https://pouncelight.games/,ja na fila gamedevmap 06/09,em-escopo,"site vivo, porta de carreiras nao localizada no HTML"
Punkzilla,Developer,Stockholm,Stockholm,Sweden,https://www.combodevils.com/,ja na fila gamedevmap 06/09,em-escopo,"site vivo, porta de carreiras nao localizada no HTML"
Pusselbit Games,Microstudio,Stockholm,Stockholm,Sweden,https://www.pusselbitgames.com/,NOVO,em-escopo,porta-ok:https://www.pusselbitgames.com
Puzzlebox Studios,Mobile,Stockholm,Stockholm,Sweden,https://www.puzzlebox.se/,NOVO,em-escopo,porta-ok:https://www.puzzlebox.se
QDE Studio,Mobile,Stockholm,Stockholm,Sweden,https://qdestudio.com/,NOVO,em-escopo,porta-sem-resposta
Quel Solaar,Microstudio,Stockholm,Stockholm,Sweden,https://www.quelsolaar.com/,NOVO,em-escopo,porta-ok:https://www.quelsolaar.com
Rabbits Foot Studios,Extended Reality (XR),Stockholm,Stockholm,Sweden,https://www.rabbitsfootstudios.se/,NOVO,em-escopo,porta-ok:https://www.rabbitsfootstudios.se/careers
Radical Sunset,Microstudio,Stockholm,Stockholm,Sweden,https://radicalsunset.com/,NOVO,em-escopo,porta-sem-resposta
Raketspel,Mobile,Stockholm,Stockholm,Sweden,https://raketspel.se/,NOVO,em-escopo,porta-ok:https://raketspel.se
Raw Fury,Publisher,Stockholm,Stockholm,Sweden,https://www.rawfury.com,NOVO,fora-de-escopo,nao-triado
Razzleberries,Developer,Stockholm,Stockholm,Sweden,https://razzleberri.es/,ja na fila gamedevmap 06/09,em-escopo,porta-sem-resposta
Re-koup,Publisher,Stockholm,Stockholm,Sweden,https://re-koup.com/,NOVO,fora-de-escopo,nao-triado
Really Interactive,Extended Reality (XR),Stockholm,Stockholm,Sweden,https://really-interactive.se/,NOVO,em-escopo,porta-ok:https://really-interactive.se
Recycled Humans,Developer,Stockholm,Stockholm,Sweden,https://recycledhumans.ai/,ja na fila gamedevmap 06/09,em-escopo,"site vivo, porta de carreiras nao localizada no HTML"
Red Rose Interactive,Developer,Stockholm,Stockholm,Sweden,https://redroseinteractive.weebly.com/,ja na fila gamedevmap 06/09,em-escopo,"site vivo, porta de carreiras nao localizada no HTML"
Refold Games,Developer and Publisher,Stockholm,Stockholm,Sweden,https://www.refold.io/,ja na fila gamedevmap 06/09,em-escopo,porta-ok:https://www.refold.io/index.html#JOBS
Remedy Entertainment,Developer,Stockholm,Stockholm,Sweden,https://www.remedygames.com/,NOVO,em-escopo,porta-ok:https://www.remedygames.com/careers
Resolution Games,Developer and Publisher,Stockholm,Stockholm,Sweden,https://resolutiongames.com/,ja conhecido (painel/csv),em-escopo,quadro teamtailor em dominio proprio (https://jobs.resolutiongames.com) - sem vaga da disciplina hoje
Ricpau Studios,Microstudio,Stockholm,Stockholm,Sweden,https://ricpau.com/,NOVO,em-escopo,porta-sem-resposta
Rift Consulting,Developer and Publisher,Stockholm,Stockholm,Sweden,https://www.riftgaming.gg/,ja na fila gamedevmap 06/09,em-escopo,quadro teamtailor em dominio proprio (https://jobs.riftgaming.gg) - sem vaga da disciplina hoje
Rightsized Games,Developer,Stockholm,Stockholm,Sweden,https://www.rightsizedgames.com/,ja na fila gamedevmap 06/09,em-escopo,"site vivo, porta de carreiras nao localizada no HTML"
RimeLime,Developer,Stockholm,Stockholm,Sweden,http://rimelime.com/,ja na fila gamedevmap 06/09,em-escopo,porta-sem-resposta
Robtop Games,Mobile,Stockholm,Stockholm,Sweden,https://www.robtopgames.com,NOVO,em-escopo,porta-ok:https://www.robtopgames.com
Rock A Role Games,Developer,Stockholm,Stockholm,Sweden,https://www.rockarolegames.com/,ja na fila gamedevmap 06/09,em-escopo,"site vivo, porta de carreiras nao localizada no HTML"
Roden Games,Developer,Stockholm,Stockholm,Sweden,https://rodengames.com/,ja na fila gamedevmap 06/09,em-escopo,porta-ok:https://rodengames.com/jobs
Roro,Mobile,Stockholm,Stockholm,Sweden,https://rorointeractive.com/,NOVO,em-escopo,porta-ok:https://rorointeractive.com/jobs
Rovio Stockholm,Mobile,Stockholm,Stockholm,Sweden,https://rovio.com/,NOVO,em-escopo,porta-ok:https://rovio.com/careers
Rusty Pug Entertainment,Developer,Stockholm,Stockholm,Sweden,https://rustypug.com/,ja na fila gamedevmap 06/09,em-escopo,"site vivo, porta de carreiras nao localizada no HTML"
Rymdfall,Developer,Stockholm,Stockholm,Sweden,https://rymdfall.com/,ja na fila gamedevmap 06/09,em-escopo,"site vivo, porta de carreiras nao localizada no HTML"
Safe Lane Gaming,Mobile,Stockholm,Stockholm,Sweden,https://safelanegaming.com/,NOVO,em-escopo,porta-ok:https://safelanegaming.com/careers
Sailing Bears Studio,Developer,Stockholm,Stockholm,Sweden,https://sailingbear.com/,ja na fila gamedevmap 06/09,em-escopo,"site vivo, porta de carreiras nao localizada no HTML"
Scion Studios,Developer,Stockholm,Stockholm,Sweden,https://www.scionstudios.se/,ja na fila gamedevmap 06/09,em-escopo,porta-sem-resposta
Sequel Games,Mobile,Stockholm,Stockholm,Sweden,https://www.sequel.games/,NOVO,em-escopo,porta-ok:https://www.sequel.games
Shaping Games,Microstudio,Stockholm,Stockholm,Sweden,https://www.shapinggames.com/,NOVO,em-escopo,porta-ok:https://www.shapinggames.com
Short Circuit Studios,Developer,Stockholm,Stockholm,Sweden,https://www.shortcircuitstudio.com/,ja na fila gamedevmap 06/09,em-escopo,porta-ok:https://www.shortcircuitstudio.com/career
Simple Magic Studios,Developer,Stockholm,Stockholm,Sweden,https://simplemagicstudios.com/,ja na fila gamedevmap 06/09,em-escopo,"site vivo, porta de carreiras nao localizada no HTML"
Sleipner Games,Developer,Stockholm,Stockholm,Sweden,https://sleipnergames.com/,ja na fila gamedevmap 06/09,em-escopo,"site vivo, porta de carreiras nao localizada no HTML"
Snowprint Studios,Developer,Stockholm,Stockholm,Sweden,https://snowprintstudios.com/,ja conhecido (painel/csv),em-escopo,"VAGA VIVA Senior 3D Character Artist (Teamtailor em dominio proprio, publicada 08/09) - sem veto escrito; hibrido 2 dias em Estocolmo"
Spelkraft,Microstudio,Stockholm,Stockholm,Sweden,https://www.spelkraft.com/,NOVO,em-escopo,porta-ok:https://www.spelkraft.com
Spintop Ventures,Investment,Stockholm,Stockholm,Sweden,https://spintopventures.com/,NOVO,fora-de-escopo,nao-triado
Square Dreams,Developer,Stockholm,Stockholm,Sweden,https://www.squaredreamsmc.com/,ja na fila gamedevmap 06/09,em-escopo,"site vivo, porta de carreiras nao localizada no HTML"
Star Stable,Online,Stockholm,Stockholm,Sweden,https://www.starstable.com,ja conhecido (painel/csv),em-escopo,"site vivo, porta de carreiras nao localizada no HTML"
Starbreeze Studios,Developer,Stockholm,Stockholm,Sweden,https://www.starbreeze.com,ja conhecido (painel/csv),em-escopo,quadro teamtailor em dominio proprio (https://jobs.starbreeze.com) - sem vaga da disciplina hoje
Sticky Games,Microstudio,Stockholm,Stockholm,Sweden,https://www.sticky.games/,NOVO,em-escopo,porta-ok:https://www.sticky.games
Stillfront Group,Developer,Stockholm,Stockholm,Sweden,https://stillfront.com/,ja na fila gamedevmap 06/09,em-escopo,"quadro Teamtailor vivo; a unica de 3D e Lead 3D Environment Artist (m/f/d) em Berlim, pela Sandbox Interactive - ambiente, prioridade MEDIA"
Studio 555,Developer,Stockholm,Stockholm,Sweden,https://studio555.io/,ja na fila gamedevmap 06/09,em-escopo,"site vivo, porta de carreiras nao localizada no HTML"
Stugan,Incubator/Accelerator,Stockholm,Stockholm,Sweden,https://www.stugan.com/,NOVO,fora-de-escopo,nao-triado
SULLY,Developer,Stockholm,Stockholm,Sweden,https://linktr.ee/artofsully,ja na fila gamedevmap 06/09,em-escopo,porta-ok:https://linktr.ee/s/about/careers
Surgical Science,Serious Games,Stockholm,Stockholm,Sweden,https://surgicalscience.com/,NOVO,em-escopo,porta-ok:https://surgicalscience.com
Sutur,Microstudio,Stockholm,Stockholm,Sweden,https://www.sutur.io/,NOVO,em-escopo,porta-ok:https://www.sutur.io
Swedish Games Industry,Organization,Stockholm,Stockholm,Sweden,https://www.swedishgamesindustry.com,NOVO,fora-de-escopo,nao-triado
Tale Maker Productions,Developer,Stockholm,Stockholm,Sweden,https://talemaker.se/,ja na fila gamedevmap 06/09,em-escopo,porta-sem-resposta
Tappily,Mobile,Stockholm,Stockholm,Sweden,http://tappily.se/,NOVO,em-escopo,porta-sem-resposta
TENSTACK,Developer,Stockholm,Stockholm,Sweden,https://tenstackstudios.com/,ja na fila gamedevmap 06/09,em-escopo,porta-ok:https://discord.com/careers
Ternios,Mobile,Stockholm,Stockholm,Sweden,https://ternios.neocities.org/,NOVO,em-escopo,porta-ok:https://ternios.neocities.org
The Gang,Social,Stockholm,Stockholm,Sweden,https://www.thegang.io,NOVO,em-escopo,porta-ok:https://www.thegang.io/careers
The GD Studio,Developer,Stockholm,Stockholm,Sweden,https://www.diabotical.com,ja na fila gamedevmap 06/09,em-escopo,"site vivo, porta de carreiras nao localizada no HTML"
The Mindball Company,Developer,Stockholm,Stockholm,Sweden,https://www.mindball.se/,ja na fila gamedevmap 06/09,em-escopo,porta-sem-resposta
Thespian,Extended Reality (XR),Stockholm,Stockholm,Sweden,https://thespian.se/,NOVO,em-escopo,porta-sem-resposta
Three Friends,Publisher,Stockholm,Stockholm,Sweden,https://threefriends.com/,NOVO,fora-de-escopo,nao-triado
Thriving Ventures,Developer,Stockholm,Stockholm,Sweden,https://thrivingventures.com/,ja na fila gamedevmap 06/09,em-escopo,porta-ok:https://thrivingventures.com/careers
Tiny Nomads,Microstudio,Stockholm,Stockholm,Sweden,https://tiny-nomads.itch.io/,NOVO,em-escopo,porta-ok:https://tiny-nomads.itch.io
Toca Boca (Spin Master),Mobile,Stockholm,Stockholm,Sweden,https://www.tocaboca.com/,ja conhecido (painel/csv),em-escopo,porta-ok:https://www.tocaboca.com/careers
Toppluva,Mobile,Stockholm,Stockholm,Sweden,https://www.toppluva.com,NOVO,em-escopo,porta-ok:https://www.toppluva.com
Tribe Studio,Serious Games,Stockholm,Stockholm,Sweden,https://www.tribestudio.se/,NOVO,em-escopo,porta-ok:https://www.tribestudio.se
TTK Games,Developer,Stockholm,Stockholm,Sweden,https://ttkgames.com/,ja na fila gamedevmap 06/09,em-escopo,porta-ok:https://ttkgames.com/careers/
Ubisoft Stockholm,Developer and Publisher,Stockholm,Stockholm,Sweden,https://stockholm.ubisoft.com/,ja na fila gamedevmap 06/09,em-escopo,Lead Character Artist de Malmo (SmartRecruiters 744000144027102) - JA CONHECIDA no painel
Unity Technologies Sweden,Developer,Stockholm,Stockholm,Sweden,https://unity.com/,NOVO,em-escopo,porta-ok:https://unity.com/careers
Unleash the Giraffe,Developer,Stockholm,Stockholm,Sweden,https://unleash-the-giraffe.itch.io/,NOVO,em-escopo,porta-ok:https://unleash-the-giraffe.itch.io
Valiant Game Studio,Developer,Stockholm,Stockholm,Sweden,https://www.valiant.se,NOVO,em-escopo,porta-ok:https://www.valiant.se
Vanilla Sky Productions,Microstudio,Stockholm,Stockholm,Sweden,https://www.vanillaskyproductions.com/,NOVO,em-escopo,porta-ok:https://www.vanillaskyproductions.com
Villa Gorilla,Developer,Stockholm,Stockholm,Sweden,https://villa-gorilla.com/,NOVO,em-escopo,porta-ok:https://villa-gorilla.com/careers
Visiontrick Media,Microstudio,Stockholm,Stockholm,Sweden,https://www.visiontrick.com/,NOVO,em-escopo,porta-ok:https://www.visiontrick.com
Warm Kitten Games,Developer,Stockholm,Stockholm,Sweden,https://www.warmkitten.com,NOVO,em-escopo,porta-sem-resposta
Warpzone Studios,Developer,Stockholm,Stockholm,Sweden,https://www.warpzonestudios.com,NOVO,em-escopo,porta-ok:https://www.warpzonestudios.com/careers/
Westre Games,Microstudio,Stockholm,Stockholm,Sweden,https://landfall.se/,ja conhecido (painel/csv),em-escopo,"site vivo, porta de carreiras nao localizada no HTML"
Wilnyl Games,Microstudio,Stockholm,Stockholm,Sweden,https://landfall.se/,ja conhecido (painel/csv),em-escopo,"site vivo, porta de carreiras nao localizada no HTML"
Woodhill Interactive,Microstudio,Stockholm,Stockholm,Sweden,https://ortenwasthecase.com/,NOVO,em-escopo,porta-sem-resposta
Wrong Organ,Developer,Stockholm,Stockholm,Sweden,https://wrongorgan.com/,NOVO,em-escopo,porta-ok:https://wrongorgan.com
Ztar Games,Developer,Stockholm,Stockholm,Sweden,https://www.ztargames.com/,NOVO,em-escopo,porta-sem-resposta
Aniway,Mobile,Helsinki,Uusimaa,Finland,https://aniway.com/,NOVO,em-escopo,porta-ok:https://aniway.com
Antihero Studios,Mobile,Helsinki,Uusimaa,Finland,https://antiherostudios.com/,NOVO,em-escopo,porta-ok:https://antiherostudios.com
BIT ODD,Mobile,Helsinki,Uusimaa,Finland,https://bit-odd.com/,NOVO,em-escopo,porta-ok:https://bit-odd.com
Bugbear Entertainment (THQ Nordic),Developer,Helsinki,Uusimaa,Finland,http://bugbeargames.com/,ja conhecido (painel/csv),em-escopo,porta-sem-resposta
Channel 37,Developer,Helsinki,Uusimaa,Finland,https://www.channel37.co/,ja conhecido (painel/csv),em-escopo,"site vivo, porta de carreiras nao localizada no HTML"
Coquito Games,Developer,Helsinki,Helsinki,Finland,https://coquitogames.com/,ja na fila gamedevmap 06/09,em-escopo,"site vivo, porta de carreiras nao localizada no HTML"
Cornfox & Brothers,Developer,Helsinki,Uusimaa,Finland,https://www.cornfox.com/,ja conhecido (painel/csv),em-escopo,"site vivo, porta de carreiras nao localizada no HTML"
Cosmic Division,Developer,Helsinki,Uusimaa,Finland,https://www.cosmicdivision.com/,ja conhecido (painel/csv),em-escopo,"site vivo, porta de carreiras nao localizada no HTML"
Dodreams,Mobile,Helsinki,Uusimaa,Finland,https://www.dodreams.com/,NOVO,em-escopo,porta-ok:https://www.dodreams.com
DragonBox Finland,Serious Games,Helsinki,Uusimaa,Finland,https://www.dragonbox.fi,NOVO,em-escopo,porta-ok:https://www.dragonbox.fi
End-All Entertainment,Developer,Helsinki,Uusimaa,Finland,https://paradigmisland.blog/,ja na fila gamedevmap 06/09,em-escopo,"site vivo, porta de carreiras nao localizada no HTML"
Epic Games,Developer and Publisher,Helsinki,Uusimaa,Finland,https://epicgames.com/,ja conhecido (painel/csv),em-escopo,"site vivo, porta de carreiras nao localizada no HTML"
Everywear Games,Mobile,Helsinki,Uusimaa,Finland,https://www.everyweargames.com,NOVO,em-escopo,porta-ok:https://www.everyweargames.com/jobs
Frogmind,Mobile,Helsinki,Uusimaa,Finland,http://www.frogmindgames.com,NOVO,em-escopo,porta-sem-resposta
Frozenbyte,Developer,Helsinki,Uusimaa,Finland,https://www.frozenbyte.com,ja conhecido (painel/csv),em-escopo,"candidatura espontanea por email, sem vaga datada; declara que nao ha trabalho remoto e o candidato precisa se mudar para Helsinque"
Fun Academy,Serious Games,Helsinki,Uusimaa,Finland,https://www.funacademy.fi,NOVO,em-escopo,porta-ok:https://www.funacademy.fi
Futureplay,Mobile,Helsinki,Uusimaa,Finland,https://www.futureplaygames.com,NOVO,em-escopo,porta-ok:https://www.futureplaygames.com/careers
Grip Studios Interactive,Developer,Helsinki,Uusimaa,Finland,http://www.gripstudios.com,ja na fila gamedevmap 06/09,em-escopo,"site vivo, porta de carreiras nao localizada no HTML"
Hempuli,Developer,Helsinki,Uusimaa,Finland,https://www.hempuli.com,ja na fila gamedevmap 06/09,em-escopo,"site vivo, porta de carreiras nao localizada no HTML"
HouseMarque,Developer,Helsinki,Uusimaa,Finland,https://www.housemarque.com,NOVO,em-escopo,quadro Greenhouse vazio hoje - a Lead Character Artist indexada caiu
Huuuge Games,Mobile,Helsinki,Uusimaa,Finland,https://huuugegames.com/,NOVO,em-escopo,"quadro Recruitee vivo, 7 vagas, nenhuma de arte"
IGDA Finland,Organization,Helsinki,Uusimaa,Finland,https://www.igda.fi,NOVO,fora-de-escopo,nao-triado
Jetdogs Studio,Mobile,Helsinki,Uusimaa,Finland,https://www.jetdogs.com/,NOVO,em-escopo,porta-ok:https://www.jetdogs.com
Joinplay Games,Developer,Helsinki,Uusimaa,Finland,https://www.joinplaygames.com,ja conhecido (painel/csv),em-escopo,"site vivo, porta de carreiras nao localizada no HTML"
Kuuasema,Developer,Helsinki,Uusimaa,Finland,https://www.kuuasema.com,ja conhecido (painel/csv),em-escopo,porta-ok:https://www.kuuasema.com/career-at-kuuasema/
Lightheart Entertainment,Mobile,Helsinki,Uusimaa,Finland,https://www.lightheart.games,NOVO,em-escopo,porta-ok:https://www.lightheart.games
Living Game Intelligence Network,Incubator/Accelerator,Helsinki,Uusimaa,Finland,https://www.lgin.fi/,NOVO,fora-de-escopo,nao-triado
Loiste Interactive,Developer,Helsinki,Uusimaa,Finland,https://loisteinteractive.com/en/index.html,ja na fila gamedevmap 06/09,em-escopo,"site vivo, porta de carreiras nao localizada no HTML"
Lyra Creative,Developer,Helsinki,Uusimaa,Finland,https://lyra-creative.com/,ja na fila gamedevmap 06/09,em-escopo,"site vivo, porta de carreiras nao localizada no HTML"
Mainframe Industries,Online,Helsinki,Uusimaa,Finland,https://themainframe.com/,ja conhecido (painel/csv),em-escopo,porta-ok:https://themainframe.com/careers
Metacore,Mobile,Helsinki,Uusimaa,Finland,https://www.metacoregames.com,NOVO,em-escopo,quadro Greenhouse EU com total:0 - a 3D Character Artist indexada caiu
Moon Loot Games (Netflix),Mobile,Helsinki,Uusimaa,Finland,https://netflix.com/,ja conhecido (painel/csv),em-escopo,porta-ok:https://jobs.netflix.com/
Mopeful Games,Microstudio,Helsinki,Uusimaa,Finland,https://www.fashionpolicesquad.com/,NOVO,em-escopo,porta-ok:https://www.fashionpolicesquad.com
Murska Digital,Microstudio,Helsinki,Uusimaa,Finland,https://murska.digital/,NOVO,em-escopo,porta-ok:https://murska.digital
Neogames,Organization,Helsinki,Uusimaa,Finland,https://neogames.fi/,NOVO,fora-de-escopo,nao-triado
Next Games (Netflix),Mobile,Helsinki,Uusimaa,Finland,https://www.nextgames.com,NOVO,em-escopo,porta-ok:https://www.nextgames.com/careers
Nitro Games,Developer,Helsinki,Uusimaa,Finland,https://www.nitrogames.com,ja conhecido (painel/csv),em-escopo,porta-ok:https://nitrogames.careers.haileyhr.app/
Nolla Games,Developer,Helsinki,Uusimaa,Finland,https://www.nollagames.com,ja na fila gamedevmap 06/09,em-escopo,"site vivo, porta de carreiras nao localizada no HTML"
Palringo,Mobile,Helsinki,Uusimaa,Finland,https://www.palringo.com,NOVO,em-escopo,porta-ok:https://www.palringo.com/careers
Panzerdog,Developer,Helsinki,Uusimaa,Finland,https://www.panzerdog.com,ja na fila gamedevmap 06/09,em-escopo,"site vivo, porta de carreiras nao localizada no HTML"
Part Time Monkey,Developer,Helsinki,Uusimaa,Finland,https://www.parttimemonkey.com,ja na fila gamedevmap 06/09,em-escopo,"site vivo, porta de carreiras nao localizada no HTML"
Playstack,Publisher,Helsinki,Uusimaa,Finland,https://playstack.com/,NOVO,fora-de-escopo,nao-triado
Playtika,Mobile,Helsinki,Uusimaa,Finland,https://www.playtika.com/,NOVO,em-escopo,porta-ok:https://www.playtika.com/careers
Quicksave Interactive,Social,Helsinki,Uusimaa,Finland,https://quicksave.fi/,NOVO,em-escopo,porta-sem-resposta
Reality Crisis,Mobile,Helsinki,Uusimaa,Finland,https://realitycrisis.io/,NOVO,em-escopo,porta-ok:https://realitycrisis.io
Red Lynx (Ubisoft),Mobile,Helsinki,Uusimaa,Finland,https://www.redlynx.com,NOVO,em-escopo,porta-ok:https://www.redlynx.com/careers
Redly Games,Mobile,Helsinki,Uusimaa,Finland,https://www.redlygames.com/,NOVO,em-escopo,porta-ok:https://www.redlygames.com
Return Entertainment,Online,Helsinki,Uusimaa,Finland,https://returnentertainment.com/,NOVO,em-escopo,porta-sem-resposta
Sandsoft Games,Developer and Publisher,Helsinki,Uusimaa,Finland,https://sandsoft.com/,ja na fila gamedevmap 06/09,em-escopo,porta-ok:https://sandsoft.com/careers-at-sandsoft/
Secret Exit,Developer,Helsinki,Uusimaa,Finland,http://secretexit.com/,ja na fila gamedevmap 06/09,em-escopo,porta-sem-resposta
Shiver Games,Developer,Helsinki,Uusimaa,Finland,https://www.shivergames.com,NOVO,em-escopo,porta-ok:https://www.shivergames.com
Sisu Game Ventures,Investment,Helsinki,Helsinki,Finland,https://sisu.vc/,NOVO,fora-de-escopo,nao-triado
Small Giant Games (Zynga),Developer,Helsinki,Uusimaa,Finland,https://smallgiantgames.com/,NOVO,em-escopo,porta-sem-resposta
Snowprint Studios,Mobile,Helsinki,Uusimaa,Finland,https://www.snowprintstudios.com,ja conhecido (painel/csv),em-escopo,"VAGA VIVA Senior 3D Character Artist (Teamtailor em dominio proprio, publicada 08/09) - sem veto escrito; hibrido 2 dias em Estocolmo"
Soihtu DTx,Health,Helsinki,Uusimaa,Finland,https://soihtudtx.com/,NOVO,fora-de-escopo,nao-triado
Still Running,Developer,Helsinki,Uusimaa,Finland,https://stillrunning.fi/,NOVO,em-escopo,porta-ok:https://stillrunning.fi
Studio 555,Developer,Helsinki,Uusimaa,Finland,https://studio555.io/,ja na fila gamedevmap 06/09,em-escopo,"site vivo, porta de carreiras nao localizada no HTML"
Sulake Labs,Online,Helsinki,Uusimaa,Finland,https://www.sulake.com,NOVO,em-escopo,porta-ok:https://www.sulake.com
Supercell,Online,Helsinki,Uusimaa,Finland,https://supercell.com/,ja conhecido (painel/csv),em-escopo,porta-ok:https://supercell.com/en/careers/living-shanghai/
Supercell Investments,Investment,Helsinki,Helsinki,Finland,https://investments.supercell.com/,NOVO,fora-de-escopo,nao-triado
Superplus Games,Mobile,Helsinki,Uusimaa,Finland,https://www.superplusgames.com,NOVO,em-escopo,porta-ok:https://www.superplusgames.com
Sustainable Games Alliance,Organization,Helsinki,Uusimaa,Finland,https://sustainablegamesalliance.org/,NOVO,fora-de-escopo,nao-triado
Tensori,Developer,Helsinki,Uusimaa,Finland,https://tensori.fi/,NOVO,em-escopo,porta-ok:https://tensori.fi
Tracktwenty Studio (Electronic Arts),Mobile,Helsinki,Uusimaa,Finland,https://www.ea.com/ea-studios/tracktwenty,ja conhecido (painel/csv),em-escopo,porta-ok:https://www.ea.com/ea-studios/tracktwenty/careers
Utu Studios,Developer,Helsinki,Uusimaa,Finland,https://utustudios.com/,NOVO,em-escopo,porta-ok:https://utustudios.com
Woblyware,Mobile,Helsinki,Uusimaa,Finland,http://woblyware.com/,NOVO,em-escopo,porta-sem-resposta
ZOAN,Extended Reality (XR),Helsinki,Uusimaa,Finland,https://zoan.com/,NOVO,em-escopo,porta-ok:https://zoan.com/jobs
5th Planet Games,Mobile,Copenhagen,Oresund,Denmark,https://www.5thplanetgames.com,NOVO,em-escopo,porta-ok:https://www.5thplanetgames.com
"Benjamin ""ThingOnItsOwn"" Hauer",Microstudio,Copenhagen,Oresund,Denmark,https://thingonitsown.itch.io/,NOVO,em-escopo,porta-ok:https://thingonitsown.itch.io
BetaDwarf,Developer,Copenhagen,Oresund,Denmark,https://betadwarf.com/,ja conhecido (painel/csv),em-escopo,"quadro bamboohr vivo, 2 vagas, nenhuma da disciplina"
Bolverk Games,Extended Reality (XR),Copenhagen,Oresund,Denmark,https://www.bolverkgames.com/,NOVO,em-escopo,porta-ok:https://www.bolverkgames.com
Campfire Cabal (THQ Nordic),Developer,Copenhagen,Oresund,Denmark,https://campfirecabal.com/,ja conhecido (painel/csv),em-escopo,quadro morto: topo diz We currently have no open positions e os textos de arte tem prazo de 2022
Carlsen Games,Developer,Copenhagen,Oresund,Denmark,https://carlsengames.com/,ja na fila gamedevmap 06/09,em-escopo,"site vivo, porta de carreiras nao localizada no HTML"
Copenhagen Game Collective,Organization,Copenhagen,Oresund,Denmark,https://www.copenhagengamecollective.org,NOVO,fora-de-escopo,nao-triado
Corner Studio Games,Developer,Copenhagen,Oresund,Denmark,https://cornerstudiogames.com/,ja na fila gamedevmap 06/09,em-escopo,"site vivo, porta de carreiras nao localizada no HTML"
Crinkle Cut Games,Developer,Copenhagen,Oresund,Denmark,https://crinklecutgames.com/,ja na fila gamedevmap 06/09,em-escopo,"site vivo, porta de carreiras nao localizada no HTML"
Flashbulb Games,Developer,Copenhagen,Oresund,Denmark,https://flashbulbgames.com/,ja conhecido (painel/csv),em-escopo,"site vivo, porta de carreiras nao localizada no HTML"
Flatponies (VRUnicorns),Developer,Copenhagen,Oresund,Denmark,https://flatponies.com/,ja na fila gamedevmap 06/09,em-escopo,"site vivo, porta de carreiras nao localizada no HTML"
Framebunker,Developer,Copenhagen,Oresund,Denmark,https://www.framebunker.com,ja na fila gamedevmap 06/09,em-escopo,"site vivo, porta de carreiras nao localizada no HTML"
frecle,Developer,Copenhagen,Oresund,Denmark,https://www.frecle.net,ja na fila gamedevmap 06/09,em-escopo,"site vivo, porta de carreiras nao localizada no HTML"
Game Swing,Developer,Copenhagen,Oresund,Denmark,https://www.game-swing.com,ja na fila gamedevmap 06/09,em-escopo,porta-ok:https://www.game-swing.com/jobs/
GameClub,Publisher,Copenhagen,Oresund,Denmark,https://www.gameclub.io,NOVO,fora-de-escopo,nao-triado
Gameloft,Mobile,Copenhagen,Oresund,Denmark,https://www.gameloft.com,ja conhecido (painel/csv),em-escopo,"quadro SmartRecruiters vivo com 44 vagas, nenhuma de personagem/modelagem na Europa"
Games Denmark,Organization,Copenhagen,Oresund,Denmark,https://gamesdenmark.dk/,NOVO,fora-de-escopo,nao-triado
Gears for Breakfast,Developer,Copenhagen,Oresund,Denmark,https://gearsforbreakfast.com/,ja na fila gamedevmap 06/09,em-escopo,"site vivo, porta de carreiras nao localizada no HTML"
Geometric Interactive,Developer,Copenhagen,Oresund,Denmark,https://geometricinteractive.com/,ja conhecido (painel/csv),em-escopo,porta-ok:https://geometricinteractive.com/jobs/
Ghost Ship Games (Coffee Stain),Developer,Copenhagen,Oresund,Denmark,https://ghostship.dk/,ja conhecido (painel/csv),em-escopo,quadro teamtailor em dominio proprio (https://jobs.ghostship.dk) - sem vaga da disciplina hoje
Grynsoft,Microstudio,Copenhagen,Oresund,Denmark,https://www.grynsoft.com/,NOVO,em-escopo,porta-ok:https://www.grynsoft.com
Guppyworks,Developer,Copenhagen,Oresund,Denmark,https://www.guppyworks.com,ja na fila gamedevmap 06/09,em-escopo,"site vivo, porta de carreiras nao localizada no HTML"
Half Past Yellow,Developer,Copenhagen,Oresund,Denmark,https://halfpastyellow.com/,ja na fila gamedevmap 06/09,em-escopo,porta-ok:https://halfpastyellow.com/jobs/
House on Fire,Developer,Copenhagen,Oresund,Denmark,https://houseonfire.dk,ja na fila gamedevmap 06/09,em-escopo,"site vivo, porta de carreiras nao localizada no HTML"
Hovgaard Games,Developer,Copenhagen,Oresund,Denmark,https://hovgaard.com/,ja na fila gamedevmap 06/09,em-escopo,"site vivo, porta de carreiras nao localizada no HTML"
Hutlihut Games,Developer,Copenhagen,Oresund,Denmark,https://hutlihut.dk/,ja na fila gamedevmap 06/09,em-escopo,porta-ok:https://hutlihut.dk/#Jobs
Indoor Sunglasses,Developer,Copenhagen,Oresund,Denmark,https://mind-diver.com/,ja na fila gamedevmap 06/09,em-escopo,"site vivo, porta de carreiras nao localizada no HTML"
Invisible Walls (Amplifier Game Invest),Developer,Copenhagen,Oresund,Denmark,https://invisiblewalls.co/,ja conhecido (painel/csv),em-escopo,quadro teamtailor em dominio proprio (https://jobs.invisiblewalls.co) - sem vaga da disciplina hoje
IO Interactive,Developer,Copenhagen,Oresund,Denmark,https://ioi.dk/,ja conhecido (painel/csv),em-escopo,"quadro Teamtailor (apply.ioi.dk) vivo com 1 vaga (HR Consultant), nenhuma de arte; estudio ja trabalhado pela campanha"
JoyPac,Publisher,Copenhagen,Oresund,Denmark,http://joypacgames.com/,NOVO,fora-de-escopo,nao-triado
Klassefilm,Developer,Copenhagen,Oresund,Denmark,https://www.klassefilm.dk,ja na fila gamedevmap 06/09,em-escopo,porta-ok:https://klassefilm.dk/
Light Brick Studio,Developer,Copenhagen,Oresund,Denmark,https://www.lightbrick.com,ja conhecido (painel/csv),em-escopo,porta-ok:https://www.lightbrick.com/jobs
Lost Umbrella Games,Developer,Copenhagen,Oresund,Denmark,https://lostumbrellagames.com/,ja na fila gamedevmap 06/09,em-escopo,"site vivo, porta de carreiras nao localizada no HTML"
MeetinVR,Extended Reality (XR),Copenhagen,Oresund,Denmark,https://www.meetinvr.com,NOVO,em-escopo,porta-sem-resposta
Moonmen Games,Developer,Copenhagen,Oresund,Denmark,https://www.moonmengames.com,ja na fila gamedevmap 06/09,em-escopo,"site vivo, porta de carreiras nao localizada no HTML"
MovieStarPlanet,Online,Copenhagen,Oresund,Denmark,https://corporate.moviestarplanet.com,NOVO,em-escopo,porta-ok:https://corporate.moviestarplanet.com/careers
MP2 Games,Developer and Publisher,Copenhagen,Oresund,Denmark,https://mp2.dk/,ja conhecido (painel/csv),em-escopo,"site vivo, porta de carreiras nao localizada no HTML"
Napnok Games,Social,Copenhagen,Oresund,Denmark,https://napnokgames.com/,ja conhecido (painel/csv),em-escopo,porta-ok:https://napnokgames.com/all-jobs/
Neon Aurelius,Developer,Copenhagen,Oresund,Denmark,https://neonaurelius.com/,ja na fila gamedevmap 06/09,em-escopo,"site vivo, porta de carreiras nao localizada no HTML"
Northplay,Developer,Copenhagen,Oresund,Denmark,https://www.northplay.co/,ja conhecido (painel/csv),em-escopo,"site vivo, porta de carreiras nao localizada no HTML"
Other Tales,Developer,Copenhagen,Oresund,Denmark,https://www.othertalesinteractive.com,ja na fila gamedevmap 06/09,em-escopo,"site vivo, porta de carreiras nao localizada no HTML"
Playdead,Developer,Copenhagen,Oresund,Denmark,https://www.playdead.com,ja conhecido (painel/csv),em-escopo,VAGA VIVA Experienced Material and Texture Artist (Breezy) - JA ENVIADA em 06/09
Raw Power Games,Developer,Copenhagen,Oresund,Denmark,https://rawpowergames.com/,ja conhecido (painel/csv),em-escopo,"quadro teamtailor vivo, 2 vagas, nenhuma da disciplina"
Rovio Copenhagen,Mobile,Copenhagen,Oresund,Denmark,https://rovio.com/,NOVO,em-escopo,porta-ok:https://rovio.com/careers
Rune Vision,Developer,Copenhagen,Oresund,Denmark,https://www.runevision.com,ja na fila gamedevmap 06/09,em-escopo,"site vivo, porta de carreiras nao localizada no HTML"
Savivo,Developer,Copenhagen,Oresund,Denmark,http://www.savivo.com/,ja na fila gamedevmap 06/09,em-escopo,"site vivo, porta de carreiras nao localizada no HTML"
Serious Games Interactive,Serious Games,Copenhagen,Oresund,Denmark,https://www.seriousgames.net/da/,NOVO,em-escopo,porta-ok:https://www.seriousgames.net/da/jobs
Silkroad Studios,Developer,Copenhagen,Oresund,Denmark,https://silkroadstudios.net/,ja conhecido (painel/csv),em-escopo,porta-ok:https://silkroadstudios.net/jobs/
SYBO,Mobile,Copenhagen,Oresund,Denmark,https://www.sybogames.com,ja conhecido (painel/csv),em-escopo,"quadro teamtailor vivo, 5 vagas, nenhuma da disciplina"
Tactile Games,Mobile,Copenhagen,Oresund,Denmark,https://www.tactilegames.com,NOVO,em-escopo,porta-ok:https://www.tactilegames.com/careers
The Outer Zone,Developer,Copenhagen,Oresund,Denmark,https://theouterzone.itch.io/,ja na fila gamedevmap 06/09,em-escopo,"site vivo, porta de carreiras nao localizada no HTML"
Throughline Games,Developer,Copenhagen,Oresund,Denmark,https://www.throughlinegames.com,ja na fila gamedevmap 06/09,em-escopo,porta-ok:https://www.throughlinegames.com/careers
Triband,Developer,Copenhagen,Oresund,Denmark,https://www.triband.net,ja conhecido (painel/csv),em-escopo,vaga Senior Game Artist em Copenhague exige nivel expert em arte VETORIAL (Illustrator) com 3D low-poly secundario - descarte de disciplina
Trophy Games,Developer,Copenhagen,Oresund,Denmark,https://www.trophy-games.com,ja na fila gamedevmap 06/09,em-escopo,porta-ok:https://www.trophy-games.com/careers
Unity Technologies,Developer,Copenhagen,Oresund,Denmark,https://www.unity3d.com,ja na fila gamedevmap 06/09,em-escopo,porta-ok:https://unity.com/careers
Virsabi,Serious Games,Copenhagen,Oresund,Denmark,https://virsabi.com/,NOVO,em-escopo,porta-ok:https://virsabi.com/careers
VRUnicorns,Extended Reality (XR),Copenhagen,Oresund,Denmark,https://www.vrunicorns.com,NOVO,em-escopo,porta-ok:https://www.vrunicorns.com
Wombo Games,Developer,Copenhagen,Oresund,Denmark,https://www.wombogames.com/,ja na fila gamedevmap 06/09,em-escopo,"site vivo, porta de carreiras nao localizada no HTML"
A Million Flies,Microstudio,Malmo,Scania,Sweden,https://www.amillionflies.com/,NOVO,em-escopo,porta-ok:https://www.amillionflies.com
Act None,Mobile,Malmo,Scania,Sweden,https://www.actnone.com/,NOVO,em-escopo,porta-ok:https://www.actnone.com
Aldgard Studio,Developer,Malmo,Scania,Sweden,https://studio.aldgard.se/,ja na fila gamedevmap 06/09,em-escopo,porta-ok:https://studio.aldgard.se/careers
Apog Labs,Developer,Malmo,Scania,Sweden,https://www.apoglabs.com/,ja conhecido (painel/csv),em-escopo,porta-ok (recruitee detectado): https://www.apoglabs.com/join
Avalanche Studios Group,Developer,Malmo,Scania,Sweden,https://avalanchestudios.com/,ja conhecido (painel/csv),em-escopo,porta-ok:https://avalanchestudios.com/careers
Bloom & Gloom Games,Developer,Malmo,Scania,Sweden,https://www.bloomandgloom.games/,ja na fila gamedevmap 06/09,em-escopo,porta-ok:https://www.bloomandgloom.games/jobs
Bloom and Gloom,Developer,Malmo,Scania,Sweden,https://www.bloomandgloom.games/,ja na fila gamedevmap 06/09,em-escopo,porta-ok:https://www.bloomandgloom.games/jobs
Carry Castle,Developer,Malmo,Scania,Sweden,https://carrycastle.se/,ja na fila gamedevmap 06/09,em-escopo,"site vivo, porta de carreiras nao localizada no HTML"
Chimera Garden Games,Microstudio,Malmo,Scania,Sweden,https://chimeragarden.com/,NOVO,em-escopo,porta-ok:https://chimeragarden.com
Codeborn,Microstudio,Malmo,Scania,Sweden,https://codeborn.se/,NOVO,em-escopo,porta-ok:https://codeborn.se
Confoxing,Microstudio,Malmo,Scania,Sweden,https://confoxing.eu/,NOVO,em-escopo,porta-ok:https://confoxing.eu
Cross Reality,Extended Reality (XR),Malmo,Scania,Sweden,https://crossreality.se/,NOVO,em-escopo,porta-ok:https://crossreality.se/careers
Dead Astronauts,Developer,Malmo,Scania,Sweden,https://deadastronauts.games/,ja conhecido (painel/csv),em-escopo,"site vivo, porta de carreiras nao localizada no HTML"
DeadToast Entertainment,Developer,Malmo,Scania,Sweden,https://www.deadtoast.com,ja na fila gamedevmap 06/09,em-escopo,"site vivo, porta de carreiras nao localizada no HTML"
Diatomic,Microstudio,Malmo,Scania,Sweden,https://diatomicstudios.com/,NOVO,em-escopo,porta-ok:https://diatomicstudios.com
Divine Robot,Serious Games,Malmo,Scania,Sweden,https://divinerobot.com/,NOVO,em-escopo,porta-ok:https://divinerobot.com
Donut Games,Mobile,Malmo,Scania,Sweden,https://www.donutgames.com/,NOVO,em-escopo,porta-ok:https://www.donutgames.com
Dunderbit,Microstudio,Malmo,Scania,Sweden,https://www.dunderbit.com/,NOVO,em-escopo,porta-ok:https://www.dunderbit.com
EB Studio,Developer,Malmo,Scania,Sweden,https://www.ernstborg.studio/,ja na fila gamedevmap 06/09,em-escopo,sem vaga aberta: o fim da pagina diz We have no open positions at this time; Material Artist e Prop Artist sao descricoes de arquivo. Porta espontanea por email e OFERECE ajuda de realocacao
Elsewhere Entertainment,Developer,Malmo,Scania,Sweden,https://www.activision.com/elsewhere,ja na fila gamedevmap 06/09,em-escopo,porta-ok:https://careers.activision.com/Elsewhere
Everywhen Games,Mobile,Malmo,Scania,Sweden,https://everywhen.games/,NOVO,em-escopo,porta-ok:https://everywhen.games
Flotsam Interactive,Developer,Malmo,Scania,Sweden,https://flotsaminteractive.com/,ja na fila gamedevmap 06/09,em-escopo,"site vivo, porta de carreiras nao localizada no HTML"
Folded Fox,Developer,Malmo,Scania,Sweden,https://www.foldedfox.games/,ja na fila gamedevmap 06/09,em-escopo,"site vivo, porta de carreiras nao localizada no HTML"
Frogsong Studios,Developer,Malmo,Scania,Sweden,https://frogsong-studios.com/,ja na fila gamedevmap 06/09,em-escopo,"site vivo, porta de carreiras nao localizada no HTML"
Game Habitat,Organization,Malmo,Scania,Sweden,https://gamehabitat.se/,NOVO,fora-de-escopo,nao-triado
Gameflame,Microstudio,Malmo,Scania,Sweden,https://www.gameflame.se/,NOVO,em-escopo,porta-ok:https://www.gameflame.se
Grapefrukt,Microstudio,Malmo,Scania,Sweden,https://grapefrukt.com/,NOVO,em-escopo,porta-ok:https://grapefrukt.com
Haenir Studio,Developer,Malmo,Scania,Sweden,https://haenir.studio/,ja na fila gamedevmap 06/09,em-escopo,"site vivo, porta de carreiras nao localizada no HTML"
Hazel Interval,Developer,Malmo,Scania,Sweden,https://www.hazelinterval.com/,ja na fila gamedevmap 06/09,em-escopo,"site vivo, porta de carreiras nao localizada no HTML"
Icehelm,Developer,Malmo,Scania,Sweden,https://www.icehelm.com,ja na fila gamedevmap 06/09,em-escopo,"site vivo, porta de carreiras nao localizada no HTML"
Illusion Labs,Mobile,Malmo,Scania,Sweden,https://illusionlabs.com/,NOVO,em-escopo,porta-ok:https://illusionlabs.com
Illwinter Game Design,Microstudio,Malmo,Scania,Sweden,https://www.illwinter.com/,NOVO,em-escopo,porta-sem-resposta
Imaginative Ones,Developer,Malmo,Scania,Sweden,https://imaginativeones.com/,ja na fila gamedevmap 06/09,em-escopo,"site vivo, porta de carreiras nao localizada no HTML"
Impact Unified,Developer,Malmo,Scania,Sweden,https://www.impactunified.com/,ja na fila gamedevmap 06/09,em-escopo,"site vivo, porta de carreiras nao localizada no HTML"
IO Interactive,Developer,Malmo,Scania,Sweden,https://ioi.dk/,ja conhecido (painel/csv),em-escopo,"quadro Teamtailor (apply.ioi.dk) vivo com 1 vaga (HR Consultant), nenhuma de arte; estudio ja trabalhado pela campanha"
Kaguya Project,Developer and Publisher,Malmo,Scania,Sweden,https://www.kaguyaproject.com/,ja na fila gamedevmap 06/09,em-escopo,"site vivo, porta de carreiras nao localizada no HTML"
King.com (Activision),Mobile,Malmo,Scania,Sweden,https://www.king.com,NOVO,em-escopo,porta-ok:https://www.king.com
Leripa,Serious Games,Malmo,Scania,Sweden,https://www.leripa.se/,NOVO,em-escopo,porta-ok:https://www.leripa.se
Longhand Electric,Microstudio,Malmo,Scania,Sweden,https://www.overlooktrail.com/,NOVO,em-escopo,porta-sem-resposta
Magnetic Games,Mobile,Malmo,Scania,Sweden,https://mgtc.dev/,NOVO,em-escopo,porta-ok:https://mgtc.dev
Massive Entertainment (Ubisoft),Developer,Malmo,Scania,Sweden,https://www.massive.se,NOVO,em-escopo,Character Artist de Malmo indexada aparece como EXPIRED
Mediocre,Mobile,Malmo,Scania,Sweden,https://www.mediocre.se,NOVO,em-escopo,porta-ok:https://www.mediocre.se
Midnight Hub,Developer,Malmo,Scania,Sweden,https://www.midnighthub.com,NOVO,em-escopo,porta-ok:https://www.midnighthub.com/jobs
Minc,Investment,Malmo,Scania,Sweden,https://www.minc.se/,NOVO,fora-de-escopo,nao-triado
Nena Innovation,Developer,Malmo,Scania,Sweden,https://nena.se/,NOVO,em-escopo,porta-ok:https://nena.se
Neon Noroshi,Developer and Publisher,Malmo,Scania,Sweden,https://www.neonnoroshi.com/,NOVO,em-escopo,porta-ok:https://www.neonnoroshi.com
Not My Jeans,Developer,Malmo,Scania,Sweden,https://www.notmyjeans.com/,NOVO,em-escopo,porta-ok:https://www.notmyjeans.com
PapaQuark,Mobile,Malmo,Scania,Sweden,https://papaquark.itch.io/,NOVO,em-escopo,porta-ok:https://papaquark.itch.io
Plausible Concept,Developer,Malmo,Scania,Sweden,https://www.plausibleconcept.com,ja na fila gamedevmap 06/09,em-escopo,"site vivo, porta de carreiras nao localizada no HTML"
Psychic Sidekick,Developer,Malmo,Scania,Sweden,https://www.psychic-sidekick.com/,ja na fila gamedevmap 06/09,em-escopo,porta-ok:https://www.psychic-sidekick.com/careers
Rashidi Interactive,Microstudio,Malmo,Scania,Sweden,https://rashidiinteractive.com/,NOVO,em-escopo,porta-ok:https://rashidiinteractive.com
Redikod,Developer,Malmo,Scania,Sweden,https://www.redikod.com,ja na fila gamedevmap 06/09,em-escopo,"site vivo, porta de carreiras nao localizada no HTML"
Section 9 Interactive,Developer,Malmo,Scania,Sweden,https://www.section9interactive.com/,ja na fila gamedevmap 06/09,em-escopo,"site vivo, porta de carreiras nao localizada no HTML"
Serious Games Interactive,Serious Games,Malmo,Scania,Sweden,https://www.seriousgames.net/da/,NOVO,em-escopo,porta-ok:https://www.seriousgames.net/da/jobs
Sharkmob,Developer,Malmo,Scania,Sweden,https://www.sharkmob.com,ja conhecido (painel/csv),em-escopo,quadro teamtailor em dominio proprio (https://career.sharkmob.com) - sem vaga da disciplina hoje
She Was Such a Good Horse,Developer,Malmo,Scania,Sweden,https://shewassuchagoodhorse.com/,ja na fila gamedevmap 06/09,em-escopo,"site vivo, porta de carreiras nao localizada no HTML"
Simogo,Developer,Malmo,Scania,Sweden,https://www.simogo.com,ja na fila gamedevmap 06/09,em-escopo,porta-sem-resposta
Snapbreak Games,Publisher,Malmo,Scania,Sweden,https://www.snapbreak.com/,NOVO,fora-de-escopo,nao-triado
Star Vault,Online,Malmo,Scania,Sweden,https://www.starvault.se,NOVO,em-escopo,porta-ok:https://www.starvault.se
Systemic Reaction (Avalanche Studios Group),Developer,Malmo,Scania,Sweden,https://avalanchestudios.com/divisions/systemic-reaction/,ja na fila gamedevmap 06/09,em-escopo,porta-ok:https://avalanchestudios.com/careers
Tarsier Studios (Embracer Group),Developer,Malmo,Scania,Sweden,https://www.tarsier.se,ja conhecido (painel/csv),em-escopo,porta-ok:https://tarsier.se/jobs/
The Sleeping Machine,Developer,Malmo,Scania,Sweden,http://www.thedreammachine.se/,ja na fila gamedevmap 06/09,em-escopo,"site vivo, porta de carreiras nao localizada no HTML"
Thunderful Malmo,Developer and Publisher,Malmo,Scania,Sweden,https://thunderfulgames.com/,ja na fila gamedevmap 06/09,em-escopo,porta-ok:https://thunderfulgames.careers.haileyhr.app/
Tinyhag Games,Microstudio,Malmo,Scania,Sweden,https://tinyhag.com/,NOVO,em-escopo,porta-ok:https://tinyhag.com
Tuxedo Labs,Developer,Malmo,Scania,Sweden,https://tuxedolabs.com/,ja na fila gamedevmap 06/09,em-escopo,"site vivo, porta de carreiras nao localizada no HTML"
VoDoo Studios,Microstudio,Malmo,Scania,Sweden,https://vodoostudios.com/,NOVO,em-escopo,porta-ok:https://vodoostudios.com
Vreski,Microstudio,Malmo,Scania,Sweden,https://vreski.se/,NOVO,em-escopo,porta-ok:https://vreski.se
WhyKev,Developer,Malmo,Scania,Sweden,https://whykev.com/,NOVO,em-escopo,porta-ok:https://whykev.com
Wounded Bird Games,Microstudio,Malmo,Scania,Sweden,https://woundedbirdgames.com/,NOVO,em-escopo,porta-ok:https://woundedbirdgames.com
Yotsuba Interactive (Neon Noroshi),Publisher,Malmo,Scania,Sweden,https://www.neonnoroshi.com/,NOVO,fora-de-escopo,nao-triado
Activision Dublin,Developer and Publisher,Dublin,Leinster,Ireland,https://activision.com/,ja na fila gamedevmap 06/09,em-escopo,porta-ok:https://careers.activision.com/
Balor Games,Publisher,Dublin,Leinster,Ireland,https://balorgames.com/,NOVO,fora-de-escopo,nao-triado
Berry Bite,Developer,Dublin,Leinster,Ireland,https://berrybitegames.com/,ja na fila gamedevmap 06/09,em-escopo,"site vivo, porta de carreiras nao localizada no HTML"
Biscuit Factory Games,Developer,Dublin,Leinster,Ireland,https://www.biscuitfactorygames.com/,ja na fila gamedevmap 06/09,em-escopo,porta-ok:https://www.biscuitfactorygames.com/work-with-us
Black Shamrock (Virtuos),Developer,Dublin,Leinster,Ireland,https://www.black-shamrock.com/,ja conhecido (painel/csv),em-escopo,"a mencao a Lead Environment Artist e depoimento de funcionario, nao vaga"
Bluebear,Mobile,Dublin,Leinster,Ireland,https://bluebear.ie/,NOVO,em-escopo,porta-ok:https://bluebear.ie
Boon Studios,Mobile,Dublin,Leinster,Ireland,https://boon.ie/,NOVO,em-escopo,porta-ok:https://boon.ie/careers
Bura Games,Online,Dublin,Leinster,Ireland,https://www.bura.games/,NOVO,em-escopo,porta-ok:https://www.bura.games
Day Off Interactive,Developer,Dublin,Leinster,Ireland,https://dayoff.ie/,ja conhecido (painel/csv),em-escopo,"site vivo, porta de carreiras nao localizada no HTML"
Demonware (Activision),Developer and Publisher,Dublin,Leinster,Ireland,https://www.demonware.net/,ja na fila gamedevmap 06/09,em-escopo,"site vivo, porta de carreiras nao localizada no HTML"
DIGIT Game Studios (Scopely),Developer,Dublin,Leinster,Ireland,https://www.scopely.com/,ja conhecido (painel/csv),em-escopo,porta-ok:https://careers.scopely.com/us/en
Dreamfeel,Developer,Dublin,Leinster,Ireland,https://dreamfeel.ie/,ja na fila gamedevmap 06/09,em-escopo,"site vivo, porta de carreiras nao localizada no HTML"
Electric Square (Keywords),Developer,Dublin,Leinster,Ireland,https://electricsquare.com/,ja conhecido (painel/csv),em-escopo,porta-ok:https://electricsquare.com/come-join-us/
Fierce Fun,Developer,Dublin,Leinster,Ireland,https://www.fiercefun.com,ja na fila gamedevmap 06/09,em-escopo,"site vivo, porta de carreiras nao localizada no HTML"
Final Game Studio,Mobile,Dublin,Leinster,Ireland,https://www.finalgamestudio.com,NOVO,em-escopo,porta-ok:https://www.finalgamestudio.com
Frogwares,Developer,Dublin,Leinster,Ireland,https://www.frogwares.com,ja na fila gamedevmap 06/09,em-escopo,porta-ok:https://frogwares.com/careers
Gambrinous,Developer,Dublin,Leinster,Ireland,http://www.gambrinous.com,ja na fila gamedevmap 06/09,em-escopo,porta-sem-resposta
Idle Burch,Developer,Dublin,Leinster,Ireland,http://idlebirch.com/,ja na fila gamedevmap 06/09,em-escopo,porta-ok:https://idlebirch.com/careers
Imirt,Organization,Dublin,Leinster,Ireland,https://www.imirt.ie,NOVO,fora-de-escopo,nao-triado
Larian Studios,Developer,Dublin,Leinster,Ireland,https://www.larian.com,ja conhecido (painel/csv),em-escopo,"Character Artist - Open Application (Lever): banco de talentos, nao e requisicao datada"
LoPoly Games,Microstudio,Dublin,Leinster,Ireland,https://cosmicbren.com/,NOVO,em-escopo,porta-ok:https://cosmicbren.com
Neon Doctrine,Publisher,Dublin,Leinster,Ireland,https://www.neondoctrine.com/,NOVO,fora-de-escopo,nao-triado
Outlier,Developer,Dublin,Leinster,Ireland,https://www.outlier.games/,NOVO,em-escopo,porta-ok:https://www.outlier.games/jobs
Pewter Games,Developer,Dublin,Leinster,Ireland,https://www.pewtergamesstudios.com,ja na fila gamedevmap 06/09,em-escopo,"site vivo, porta de carreiras nao localizada no HTML"
Playrix,Mobile,Dublin,Leinster,Ireland,https://playrix.com/,ja conhecido (painel/csv),em-escopo,porta-ok:https://playrix.com/careers
Renxo,Publisher,Dublin,Leinster,Ireland,https://www.renxo.eu/,NOVO,fora-de-escopo,nao-triado
RetroNeo Games,Developer,Dublin,Leinster,Ireland,https://www.retroneogames.com,ja na fila gamedevmap 06/09,em-escopo,porta-ok:https://retroneogames.com/gamedevcareers/
Rhino Games,Developer,Dublin,Leinster,Ireland,https://www.rhinogames.ie/,ja na fila gamedevmap 06/09,em-escopo,porta-sem-resposta
Riot Games,Online,Dublin,Leinster,Ireland,https://www.riotgames.com,ja conhecido (painel/csv),em-escopo,porta-ok:https://www.riotgames.com/en
Scarecrow Studio,Developer and Publisher,Dublin,Leinster,Ireland,https://www.scarecrow-studio.com,ja na fila gamedevmap 06/09,em-escopo,porta-ok:https://scarecrow-studio.com/careers/
Social Quantum,Mobile,Dublin,Leinster,Ireland,https://www.socialquantum.com,NOVO,em-escopo,porta-ok:https://www.socialquantum.com
Space Lion Studios,Microstudio,Dublin,Leinster,Ireland,https://space-lion-studios.itch.io/,NOVO,em-escopo,porta-ok:https://space-lion-studios.itch.io
Story Toys,Developer,Dublin,Leinster,Ireland,https://www.storytoys.com,ja na fila gamedevmap 06/09,em-escopo,"site vivo, porta de carreiras nao localizada no HTML"
The Pokemon Company International,Developer,Dublin,Leinster,Ireland,https://www.pokemon.com,ja na fila gamedevmap 06/09,em-escopo,"site vivo, porta de carreiras nao localizada no HTML"
Touch Press,Publisher,Dublin,Leinster,Ireland,https://www.touchpress.com,NOVO,fora-de-escopo,nao-triado
Vela Games,Developer,Dublin,Leinster,Ireland,https://vela.games/,NOVO,em-escopo,porta-ok:https://vela.games/careers
Viridian Software,Developer,Dublin,Leinster,Ireland,https://www.viridiansoftware.com,ja na fila gamedevmap 06/09,em-escopo,"site vivo, porta de carreiras nao localizada no HTML"
VOID Interactive,Developer,Dublin,Leinster,Ireland,https://voidinteractive.net/,ja conhecido (painel/csv),em-escopo,"quadro bamboohr vivo, 2 vagas, nenhuma da disciplina"
Wildlife Studios,Mobile,Dublin,Leinster,Ireland,https://wildlifestudios.com/,NOVO,em-escopo,porta-ok:https://wildlifestudios.com/careers
5th Planet Games,Mobile,Berlin,Berlin,Germany,https://www.5thplanetgames.com,NOVO,em-escopo,porta-ok:https://www.5thplanetgames.com
Aeria Games,Online,Berlin,Berlin,Germany,https://aeriagames.net/,NOVO,em-escopo,porta-ok:https://aeriagames.net
ALDAMAMI GAMES,Microstudio,Berlin,Berlin,Germany,https://aldamami-games.itch.io/,NOVO,em-escopo,porta-ok:https://aldamami-games.itch.io
Anomaly Games,Developer,Berlin,Berlin,Germany,https://fermi-paradox.com/,ja na fila gamedevmap 06/09,em-escopo,"site vivo, porta de carreiras nao localizada no HTML"
AppLovin,Mobile,Berlin,Berlin,Germany,https://applovin.com,NOVO,em-escopo,porta-ok:https://applovin.com/careers
Beyond Bytes,Serious Games,Berlin,Berlin,Germany,https://www.beyond-bytes.com/de/,NOVO,em-escopo,porta-ok:https://www.beyond-bytes.com/de
Bigpoint (Yoozoo),Online,Berlin,Berlin,Germany,https://bigpoint.net/,NOVO,em-escopo,porta-ok:https://bigpoint.net
Black Pants Game Studio,Developer,Berlin,Berlin,Germany,https://www.blackpants.de/,ja na fila gamedevmap 06/09,em-escopo,"site vivo, porta de carreiras nao localizada no HTML"
Bleak Mill Games,Developer,Berlin,Berlin,Germany,https://bleakmill.com/,ja na fila gamedevmap 06/09,em-escopo,"site vivo, porta de carreiras nao localizada no HTML"
Blue Backpack,Developer,Berlin,Berlin,Germany,https://bluebackpackgames.com/,ja conhecido (painel/csv),em-escopo,porta-ok:https://bluebackpackgames.com/#jobs
BoomByte Games (InGame Group),Mobile,Berlin,Berlin,Germany,https://www.boombytegames.com/,NOVO,em-escopo,porta-ok:https://www.boombytegames.com
btf (bildundtonfabrik),Developer,Berlin,Berlin,Germany,https://btf.de/,ja na fila gamedevmap 06/09,em-escopo,porta-ok (personio detectado): https://btf.de/
Butter By the Fish,Microstudio,Berlin,Berlin,Germany,https://www.butterbythefish.com/,NOVO,em-escopo,porta-ok:https://www.butterbythefish.com
Byterockers’ Games,Developer and Publisher,Berlin,Berlin,Germany,https://byterockers.games/,ja conhecido (painel/csv),em-escopo,porta-ok:https://www.byterockers.games/jobs
Crafting Legends,Developer,Berlin,Berlin,Germany,https://www.craftinglegends.com/,ja na fila gamedevmap 06/09,em-escopo,"site vivo, porta de carreiras nao localizada no HTML"
Crowdpark,Online,Berlin,Berlin,Germany,https://www.crowdpark.com,NOVO,em-escopo,porta-sem-resposta
Crunchy Leaf Games,Developer and Publisher,Berlin,Berlin,Germany,http://crunchyleafgames.com/,ja na fila gamedevmap 06/09,em-escopo,"site vivo, porta de carreiras nao localizada no HTML"
Dead Idle Games,Microstudio,Berlin,Berlin,Germany,https://laurahunt.itch.io/,NOVO,em-escopo,porta-ok:https://laurahunt.itch.io
DECA Games (Embracer Group),Publisher,Berlin,Berlin,Germany,https://decagames.com/,NOVO,fora-de-escopo,nao-triado
Deep Sky Games Coop,Developer,Berlin,Berlin,Germany,https://deepskygames.com/,ja na fila gamedevmap 06/09,em-escopo,"site vivo, porta de carreiras nao localizada no HTML"
Dopavision,Health,Berlin,Berlin,Germany,https://dopavision.com/,NOVO,fora-de-escopo,nao-triado
Drake Star Partners,Investment,Berlin,Berlin,Germany,https://www.drakestar.com/,NOVO,fora-de-escopo,nao-triado
edyoutec,Developer,Berlin,Berlin,Germany,https://edyoutec.com/,ja na fila gamedevmap 06/09,em-escopo,"site vivo, porta de carreiras nao localizada no HTML"
Emberstorm Entertainment,Developer,Berlin,Berlin,Germany,https://emberstorm.de/,ja conhecido (painel/csv),em-escopo,"site vivo, porta de carreiras nao localizada no HTML"
Epic Games,Developer and Publisher,Berlin,Berlin,Germany,https://epicgames.com/,ja conhecido (painel/csv),em-escopo,"site vivo, porta de carreiras nao localizada no HTML"
Etermax,Mobile,Berlin,Berlin,Germany,https://www.etermax.com,NOVO,em-escopo,porta-ok:https://www.etermax.com/careers
Exit VR,Extended Reality (XR),Berlin,Berlin,Germany,https://www.exit-vr.de,NOVO,em-escopo,porta-sem-resposta
Findling Games,Developer,Berlin,Berlin,Germany,https://findlinggames.com/,ja na fila gamedevmap 06/09,em-escopo,"site vivo, porta de carreiras nao localizada no HTML"
Finitude,Developer,Berlin,Berlin,Germany,https://www.finitude.dev/,ja na fila gamedevmap 06/09,em-escopo,porta-ok:https://www.finitude.dev/careers/
Flow Fire Games,Developer,Berlin,Berlin,Germany,https://www.flowfiregames.com/,ja conhecido (painel/csv),em-escopo,"site vivo, porta de carreiras nao localizada no HTML"
Fox and Sheep,Mobile,Berlin,Berlin,Germany,https://www.foxandsheep.com,NOVO,em-escopo,porta-ok:https://www.foxandsheep.com/jobs
Friedemann,Developer,Berlin,Berlin,Germany,https://allmenroeder.com/,ja na fila gamedevmap 06/09,em-escopo,"site vivo, porta de carreiras nao localizada no HTML"
Gameloft,Mobile,Berlin,Berlin,Germany,https://www.gameloft.com,ja conhecido (painel/csv),em-escopo,"quadro SmartRecruiters vivo com 44 vagas, nenhuma de personagem/modelagem na Europa"
Gamigo,Mobile,Berlin,Berlin,Germany,https://www.gamigo.com,NOVO,em-escopo,porta-sem-resposta
Ghostbutter,Developer,Berlin,Berlin,Germany,https://www.ghostbutter.com,ja na fila gamedevmap 06/09,em-escopo,"site vivo, porta de carreiras nao localizada no HTML"
Grizzly Games,Microstudio,Berlin,Berlin,Germany,https://www.grizzly-games.com/,NOVO,em-escopo,porta-ok:https://www.grizzly-games.com
gumi Germany,Online,Berlin,Berlin,Germany,https://www.gu3.co.jp,NOVO,em-escopo,porta-ok:https://www.gu3.co.jp
Happy Brocc Games,Microstudio,Berlin,Berlin,Germany,https://www.happybroccoligames.com/,NOVO,em-escopo,porta-ok:https://www.happybroccoligames.com/jobs
Happy Broccoli Games,Developer,Berlin,Berlin,Germany,https://www.happybroccoligames.com,ja na fila gamedevmap 06/09,em-escopo,porta-ok:https://www.happybroccoligames.com/jobs
Happy Tuesday,Developer,Berlin,Berlin,Germany,http://happy-tuesday.com/,ja na fila gamedevmap 06/09,em-escopo,porta-sem-resposta
Hidden Folks,Developer,Berlin,Berlin,Germany,https://hiddenfolks.com/,ja na fila gamedevmap 06/09,em-escopo,porta-ok:https://hiddenfolks.com/careers/
Honig Studios,Developer,Berlin,Berlin,Germany,https://www.honigstudios.com,ja na fila gamedevmap 06/09,em-escopo,porta-sem-resposta
IGDA Berlin,Organization,Berlin,Berlin,Germany,https://igda.org/chapters/germany-berlin/,NOVO,fora-de-escopo,nao-triado
Inbetween Games,Developer,Berlin,Berlin,Germany,https://inbetweengames.itch.io/,ja na fila gamedevmap 06/09,em-escopo,"site vivo, porta de carreiras nao localizada no HTML"
Information Superhighway Games,Microstudio,Berlin,Berlin,Germany,https://microlandia.city/,NOVO,em-escopo,porta-ok:https://microlandia.city/careers
Inoutbox,Developer,Berlin,Berlin,Germany,https://inoutbox.games/,ja na fila gamedevmap 06/09,em-escopo,"site vivo, porta de carreiras nao localizada no HTML"
Ion Lands,Developer,Berlin,Berlin,Germany,https://phoninghome.net/,ja na fila gamedevmap 06/09,em-escopo,"site vivo, porta de carreiras nao localizada no HTML"
it Matters Games,Mobile,Berlin,Berlin,Germany,https://www.itmattersgames.com,NOVO,em-escopo,porta-ok:https://www.itmattersgames.com
Jam City,Mobile,Berlin,Berlin,Germany,https://www.jamcity.com,ja conhecido (painel/csv),em-escopo,"quadro lever vivo, 18 vagas, nenhuma da disciplina"
Jo-Mei Games,Developer,Berlin,Berlin,Germany,https://www.jo-mei.com,ja conhecido (painel/csv),em-escopo,"site vivo, porta de carreiras nao localizada no HTML"
King.com (Activision),Mobile,Berlin,Berlin,Germany,https://www.king.com,NOVO,em-escopo,porta-ok:https://www.king.com
Klang Games,Developer,Berlin,Berlin,Germany,https://www.klang-games.com,ja conhecido (painel/csv),em-escopo,porta-ok:https://www.klang-games.com/careers
Kolibri Games,Mobile,Berlin,Berlin,Germany,https://kolibrigames.com/,NOVO,em-escopo,porta-ok:https://kolibrigames.com
Lenja Kaufman / Findling Games,Microstudio,Berlin,Berlin,Germany,https://findlinggames.com/,NOVO,em-escopo,porta-ok:https://findlinggames.com
Lessmore (Miniclip),Mobile,Berlin,Berlin,Germany,https://lessmore.games/,NOVO,em-escopo,porta-ok:https://lessmore.games
Little Bat Games,Developer,Berlin,Berlin,Germany,https://littlebat.games/,ja conhecido (painel/csv),em-escopo,porta-ok:https://littlebat.games/jobs/
Maschinen-Mensch,Developer,Berlin,Berlin,Germany,https://www.maschinen-mensch.com,ja na fila gamedevmap 06/09,em-escopo,"site vivo, porta de carreiras nao localizada no HTML"
Megagon Industries,Developer,Berlin,Berlin,Germany,https://megagonindustries.com/,ja conhecido (painel/csv),em-escopo,"site vivo, porta de carreiras nao localizada no HTML"
Moonlit Games,Developer,Berlin,Berlin,Germany,https://www.moonlitgames.io/,ja na fila gamedevmap 06/09,em-escopo,porta-ok:https://www.moonlitgames.io/careers
Moonlite Games,Mobile,Berlin,Berlin,Germany,https://www.moonlitgames.io/,NOVO,em-escopo,porta-ok:https://www.moonlitgames.io/careers
Morphcat Games,Developer,Berlin,Berlin,Germany,http://www.morphcat.de/,ja na fila gamedevmap 06/09,em-escopo,"site vivo, porta de carreiras nao localizada no HTML"
Mostly Games,Developer,Berlin,Berlin,Germany,https://mostlygames.gg/,ja na fila gamedevmap 06/09,em-escopo,porta-ok:https://mostlygames.gg/
My.Games,Online,Berlin,Berlin,Germany,https://my.games,NOVO,em-escopo,porta-ok:https://my.games/careers
Noctiluca,Developer,Berlin,Berlin,Germany,https://noctilucagames.com/,ja na fila gamedevmap 06/09,em-escopo,porta-sem-resposta
Noio,Developer,Berlin,Berlin,Germany,https://www.noio.nl,ja na fila gamedevmap 06/09,em-escopo,"site vivo, porta de carreiras nao localizada no HTML"
Out of the Box Games,Developer,Berlin,Berlin,Germany,https://www.ootbg.com/,ja na fila gamedevmap 06/09,em-escopo,"site vivo, porta de carreiras nao localizada no HTML"
Paintbucket Games,Mobile,Berlin,Berlin,Germany,https://www.paintbucket.de,NOVO,em-escopo,porta-ok:https://www.paintbucket.de/jobs
Pixonic,Mobile,Berlin,Berlin,Germany,https://pixonic.com/,NOVO,em-escopo,porta-ok:https://pixonic.com
PLAION,Publisher,Berlin,Berlin,Germany,https://plaion.com/,NOVO,fora-de-escopo,nao-triado
Point Blank Games,Developer,Berlin,Berlin,Germany,http://www.point-blank-games.com/,ja na fila gamedevmap 06/09,em-escopo,porta-sem-resposta
Popcore (Take-Two Interactive Software),Mobile,Berlin,Berlin,Germany,https://popcore.com/,ja conhecido (painel/csv),em-escopo,porta-ok:https://popcore.com/careers
Riot Games,Online,Berlin,Berlin,Germany,https://www.riotgames.com,ja conhecido (painel/csv),em-escopo,porta-ok:https://www.riotgames.com/en
Saftladen,Organization,Berlin,Berlin,Germany,https://www.saftladen.berlin,NOVO,fora-de-escopo,nao-triado
Sandbox Interactive (Stillfront Group),Online,Berlin,Berlin,Germany,https://sandboxinteractive.teamtailor.com/,ja conhecido (painel/csv),em-escopo,"vaga Lead 3D Environment Artist - sem veto escrito; ambiente, prioridade MEDIA"
Schleuder Games,Microstudio,Berlin,Berlin,Germany,https://schleuder.games/,NOVO,em-escopo,porta-ok:https://schleuder.games
Sentiment Games,Developer,Berlin,Berlin,Germany,https://sentimentgames.com/,NOVO,em-escopo,porta-ok:https://sentimentgames.com
Serious Bros,Developer,Berlin,Berlin,Germany,https://www.imagineearth.info,NOVO,em-escopo,porta-ok:https://www.imagineearth.info
Sidekick Publishing,Publisher,Berlin,Berlin,Germany,https://sidekickpublishing.com/,NOVO,fora-de-escopo,nao-triado
silvergames.com,Publisher,Berlin,Berlin,Germany,https://www.silvergames.com/,NOVO,fora-de-escopo,nao-triado
Six Foot,Developer and Publisher,Berlin,Berlin,Germany,https://www.6ft.com,NOVO,em-escopo,porta-ok:https://www.6ft.com/careers
Skylab Interactive,Developer,Berlin,Berlin,Germany,https://www.skylabinteractive.com/,NOVO,em-escopo,porta-ok:https://www.skylabinteractive.com
Snowprint Studios,Mobile,Berlin,Berlin,Germany,https://www.snowprintstudios.com,ja conhecido (painel/csv),em-escopo,"VAGA VIVA Senior 3D Character Artist (Teamtailor em dominio proprio, publicada 08/09) - sem veto escrito; hibrido 2 dias em Estocolmo"
SOFTGAMES,Mobile,Berlin,Berlin,Germany,https://www.softgames.de,NOVO,em-escopo,porta-ok:https://www.softgames.de/careers
Spaces of Play,Developer,Berlin,Berlin,Germany,https://www.spacesofplay.com,NOVO,em-escopo,porta-ok:https://www.spacesofplay.com
Starberry Games,Mobile,Berlin,Berlin,Germany,https://starberry.games/,NOVO,em-escopo,porta-ok:https://starberry.games/careers
Stellar Cartography Interactive,Developer,Berlin,Berlin,Germany,https://stellarcartography.online/,NOVO,em-escopo,porta-ok:https://stellarcartography.online
Stratosphere Games,Mobile,Berlin,Berlin,Germany,https://www.stratosphere-games.com,NOVO,em-escopo,Personio: so QA Tester e candidatura espontanea
Studio Firlefanz,Developer,Berlin,Berlin,Germany,https://studiofirlefanz.com/,NOVO,em-escopo,porta-sem-resposta
Studio Nachtwerk,Microstudio,Berlin,Berlin,Germany,https://studionachtwerk.com/,NOVO,em-escopo,porta-sem-resposta
Sven Ahlgrimm,Developer,Berlin,Berlin,Germany,https://oddada.com/,NOVO,em-escopo,porta-ok:https://oddada.com
Swift Games (Ares Interactive),Mobile,Berlin,Berlin,Germany,https://www.swift-games.com/,NOVO,em-escopo,porta-sem-resposta
Tarock Interactive,Developer,Berlin,Berlin,Germany,https://www.tarock-interactive.com/,NOVO,em-escopo,porta-ok:https://www.tarock-interactive.com
The German Games Industry Association (game),Organization,Berlin,Berlin,Germany,https://www.game.de/en/,NOVO,fora-de-escopo,nao-triado
Thoughtfish,Developer,Berlin,Berlin,Germany,https://thoughtfish.de/,NOVO,em-escopo,porta-ok:https://thoughtfish.de/careers
Tiny Crocodile Studios,Developer,Berlin,Berlin,Germany,https://www.tinycrocodilestudios.de,NOVO,em-escopo,porta-ok:https://www.tinycrocodilestudios.de
Torpor Games,Developer,Berlin,Berlin,Germany,https://www.torporgames.com/,NOVO,em-escopo,porta-ok:https://www.torporgames.com
Toukana,Developer,Berlin,Berlin,Germany,https://toukana.itch.io,NOVO,em-escopo,porta-ok:https://toukana.itch.io
Twisted Fingers Games,Developer,Berlin,Berlin,Germany,https://www.twistedfingersgames.com,NOVO,em-escopo,porta-ok:https://www.twistedfingersgames.com
Ubisoft Berlin,Developer and Publisher,Berlin,Berlin,Germany,https://berlin.ubisoft.com/,NOVO,em-escopo,porta-ok:https://berlin.ubisoft.com/careers
Voodoo,Mobile,Berlin,Berlin,Germany,https://voodoo.io/,NOVO,em-escopo,"quadro Lever vivo, nenhuma vaga da disciplina (Art Director, Game Artist, Marketing Video Artist, UI/UX)"
Voya Games,Mobile,Berlin,Berlin,Germany,https://www.voya.games/,NOVO,em-escopo,porta-ok:https://www.voya.games
Wargaming Germany,Mobile,Berlin,Berlin,Germany,https://wargaming.com/,ja conhecido (painel/csv),em-escopo,unica vaga de personagem do quadro Greenhouse e a 3D Character Artist de Nicosia - JA CONHECIDA no painel
waza! Games,Developer,Berlin,Berlin,Germany,https://www.wazagames.com,NOVO,em-escopo,porta-sem-resposta
Wooga,Online,Berlin,Berlin,Germany,https://www.wooga.com,NOVO,em-escopo,porta-ok:https://www.wooga.com/jobs
Yager Development,Developer,Berlin,Berlin,Germany,https://yager.de/,NOVO,em-escopo,porta-ok:https://yager.de/careers
Amberdive Interactive,Developer,Hamburg,Metropolregion Hamburg,Germany,https://amberdive-interactive.com/,ja conhecido (painel/csv),em-escopo,"site vivo, porta de carreiras nao localizada no HTML"
Bad Monkee,Mobile,Hamburg,Metropolregion Hamburg,Germany,https://badmonkee.de/,NOVO,em-escopo,porta-sem-resposta
Barrell Roll Games,Developer,Hamburg,Metropolregion Hamburg,Germany,https://barrelrollgames.com/,ja na fila gamedevmap 06/09,em-escopo,porta-ok:https://barrelrollgames.com/career/
Bigpoint (Yoozoo),Online,Hamburg,Metropolregion Hamburg,Germany,https://bigpoint.net/,NOVO,em-escopo,porta-ok:https://bigpoint.net
BrutalHack,Developer,Hamburg,Metropolregion Hamburg,Germany,https://www.brutalhack.com/,ja na fila gamedevmap 06/09,em-escopo,"site vivo, porta de carreiras nao localizada no HTML"
Buckfish Games,Microstudio,Hamburg,Metropolregion Hamburg,Germany,https://buckfish.itch.io/,NOVO,em-escopo,porta-ok:https://buckfish.itch.io
Bytro Labs,Online,Hamburg,Metropolregion Hamburg,Germany,https://bytro.com/,NOVO,em-escopo,porta-ok:https://bytro.com/careers
Cannons and Sparrows Creative Studio,Developer,Hamburg,Metropolregion Hamburg,Germany,https://www.cannonsandsparrows.com/,ja conhecido (painel/csv),em-escopo,porta-ok:https://www.cannonsandsparrows.com/jobs
Capcom Entertainment Deutschland,Publisher,Hamburg,Metropolregion Hamburg,Germany,https://capcom-europe.com/,NOVO,fora-de-escopo,nao-triado
Curio Compass,Developer,Hamburg,Metropolregion Hamburg,Germany,https://curiocompass.carrd.co/,ja na fila gamedevmap 06/09,em-escopo,"site vivo, porta de carreiras nao localizada no HTML"
Curvature Games,Extended Reality (XR),Hamburg,Metropolregion Hamburg,Germany,https://curvaturegames.com/,NOVO,em-escopo,porta-ok:https://curvaturegames.com
Daedalic Entertainment,Developer and Publisher,Hamburg,Metropolregion Hamburg,Germany,https://daedalic.com/,ja conhecido (painel/csv),em-escopo,"site vivo, porta de carreiras nao localizada no HTML"
Deck13 Interactive,Developer,Hamburg,Hesse,Germany,https://www.deck13.com,ja conhecido (painel/csv),em-escopo,"quadro personio vivo, 5 vagas, nenhuma da disciplina"
Distant Blue,Developer,Hamburg,Metropolregion Hamburg,Germany,https://fadingskies.com/,ja na fila gamedevmap 06/09,em-escopo,"site vivo, porta de carreiras nao localizada no HTML"
Duck n’ Run Games,Microstudio,Hamburg,Metropolregion Hamburg,Germany,https://duck-n-run-games.itch.io/,NOVO,em-escopo,porta-ok:https://duck-n-run-games.itch.io
Fishlabs,Developer,Hamburg,Metropolregion Hamburg,Germany,https://fishlabs.de/,ja na fila gamedevmap 06/09,em-escopo,porta-ok:https://fishlabs.de/careers
GameCity Hamburg,Organization,Hamburg,Metropolregion Hamburg,Germany,https://gamecity-hamburg.de/,NOVO,fora-de-escopo,nao-triado
gamecity:Hamburg,Organization,Hamburg,Metropolregion Hamburg,Germany,https://www.gamecity-hamburg.com,NOVO,fora-de-escopo,nao-triado
Games Lift Incubator,Incubator/Accelerator,Hamburg,Metropolregion Hamburg,Germany,https://gamecity-hamburg.de/incubator/,NOVO,fora-de-escopo,nao-triado
gameXcite (Jumpgate),Developer,Hamburg,Metropolregion Hamburg,Germany,https://www.gamexcite.de/,ja na fila gamedevmap 06/09,em-escopo,porta-ok:https://www.gamexcite.de/jobs
Gamigo,Online,Hamburg,Metropolregion Hamburg,Germany,https://www.gamigo.com,NOVO,em-escopo,porta-sem-resposta
GoodGame Studios,Online,Hamburg,Metropolregion Hamburg,Germany,https://goodgamestudios.com/,NOVO,em-escopo,porta-ok:https://goodgamestudios.com
Hexagon Game Labs,Online,Hamburg,Metropolregion Hamburg,Germany,https://www.hexagongamelabs.com,NOVO,em-escopo,porta-ok:https://www.hexagongamelabs.com
InnoGames,Developer and Publisher,Hamburg,Metropolregion Hamburg,Germany,https://www.innogames.com,ja na fila gamedevmap 06/09,em-escopo,"quadro lever vivo, 6 vagas, nenhuma da disciplina"
Kalypso Media Mobile,Developer and Publisher,Hamburg,Metropolregion Hamburg,Germany,https://www.kalypsomedia.com,ja na fila gamedevmap 06/09,em-escopo,porta-ok:https://www.kalypsomedia.com/jobs
LITE Games,Online,Hamburg,Metropolregion Hamburg,Germany,https://www.lite.games/,NOVO,em-escopo,porta-ok:https://www.lite.games/jobs
Mathilde Hoffmann,Developer,Hamburg,Metropolregion Hamburg,Germany,https://oddada.com/,ja na fila gamedevmap 06/09,em-escopo,"site vivo, porta de carreiras nao localizada no HTML"
MBL Development,Developer,Hamburg,Metropolregion Hamburg,Germany,https://www.mbldev.com,ja na fila gamedevmap 06/09,em-escopo,"site vivo, porta de carreiras nao localizada no HTML"
Mobile Bits,Developer,Hamburg,Metropolregion Hamburg,Germany,https://www.mobilebits.de,ja na fila gamedevmap 06/09,em-escopo,"site vivo, porta de carreiras nao localizada no HTML"
Moi Rai Games,Developer,Hamburg,Metropolregion Hamburg,Germany,https://www.moi-rai.com/,ja na fila gamedevmap 06/09,em-escopo,"site vivo, porta de carreiras nao localizada no HTML"
Mooneye Studios,Developer and Publisher,Hamburg,Metropolregion Hamburg,Germany,https://mooneyestudios.com/,ja na fila gamedevmap 06/09,em-escopo,porta-ok:https://mooneyestudios.com/jobs/
New Moon Production,Developer,Hamburg,Metropolregion Hamburg,Germany,https://newmoonproduction.com/,ja na fila gamedevmap 06/09,em-escopo,porta-ok:https://newmoonproduction.com/careers/
Niantic,Extended Reality (XR),Hamburg,Metropolregion Hamburg,Germany,https://nianticlabs.com/,NOVO,em-escopo,"quadro Greenhouse (scopely) vivo com 3D Artist junior/senior/lead em Barcelona - 3D generico de mobile, prioridade MEDIA"
Osmotic Studios,Developer,Hamburg,Metropolregion Hamburg,Germany,https://osmoticstudios.com/,ja na fila gamedevmap 06/09,em-escopo,"site vivo, porta de carreiras nao localizada no HTML"
Overhype Studios,Developer,Hamburg,Metropolregion Hamburg,Germany,https://www.battlebrothersgame.com,ja conhecido (painel/csv),em-escopo,"site vivo, porta de carreiras nao localizada no HTML"
Pipapo Games,Developer,Hamburg,Metropolregion Hamburg,Germany,https://pipapo.games/,ja na fila gamedevmap 06/09,em-escopo,"site vivo, porta de carreiras nao localizada no HTML"
Pixelpizza,Developer,Hamburg,Metropolregion Hamburg,Germany,https://www.pixelpizza.de,ja na fila gamedevmap 06/09,em-escopo,"site vivo, porta de carreiras nao localizada no HTML"
Playa Games,Developer,Hamburg,Metropolregion Hamburg,Germany,https://playa-games.com/,ja conhecido (painel/csv),em-escopo,porta-ok:https://playa-games.com/career/index.html
Pop Rocket Games,Publisher,Hamburg,Metropolregion Hamburg,Germany,https://www.poprocket.com,NOVO,fora-de-escopo,nao-triado
Positive Impact Games,Developer,Hamburg,Metropolregion Hamburg,Germany,https://positive-games.com/,ja na fila gamedevmap 06/09,em-escopo,"site vivo, porta de carreiras nao localizada no HTML"
Radiation Blue,Developer,Hamburg,Metropolregion Hamburg,Germany,https://www.radiationblue.com,ja na fila gamedevmap 06/09,em-escopo,"site vivo, porta de carreiras nao localizada no HTML"
Rockfish Games,Developer,Hamburg,Metropolregion Hamburg,Germany,https://rockfishgames.wordpress.com/,NOVO,em-escopo,porta-ok:https://rockfishgames.wordpress.com
Rose Engine,Online,Hamburg,Metropolregion Hamburg,Germany,https://rose-engine.org/,NOVO,em-escopo,porta-ok:https://rose-engine.org
Skaule,Developer,Hamburg,Metropolregion Hamburg,Germany,https://skaule.com/,NOVO,em-escopo,porta-ok:https://skaule.com
Slime King Games,Developer,Hamburg,Metropolregion Hamburg,Germany,https://slimekinggames.com/,NOVO,em-escopo,porta-ok:https://slimekinggames.com
Splitscreen Studios,Online,Hamburg,Metropolregion Hamburg,Germany,https://www.splitscreenstudios.com,NOVO,em-escopo,porta-ok:https://www.splitscreenstudios.com
Stillfront Group,Developer,Hamburg,Metropolregion Hamburg,Germany,https://stillfront.com/,ja na fila gamedevmap 06/09,em-escopo,"quadro Teamtailor vivo; a unica de 3D e Lead 3D Environment Artist (m/f/d) em Berlim, pela Sandbox Interactive - ambiente, prioridade MEDIA"
Super Good Games,Publisher,Hamburg,Metropolregion Hamburg,Germany,https://supergoodgames.com/,NOVO,fora-de-escopo,nao-triado
Supyrb,Mobile,Hamburg,Metropolregion Hamburg,Germany,https://www.supyrb.com,NOVO,em-escopo,porta-ok:https://www.supyrb.com/careers
Symmetry Break,Developer,Hamburg,Metropolregion Hamburg,Germany,https://symmetrybreak.com/,NOVO,em-escopo,porta-ok:https://symmetrybreak.com
Symmetry Break Studios,Developer,Hamburg,Metropolregion Hamburg,Germany,https://symmetrybreak.com/en/,NOVO,em-escopo,porta-ok:https://symmetrybreak.com/en
ThinMatrix,Microstudio,Hamburg,Metropolregion Hamburg,Germany,https://equilinox.com/,NOVO,em-escopo,porta-ok:https://equilinox.com
Threaks,Developer,Hamburg,Metropolregion Hamburg,Germany,https://threaks.com/,NOVO,em-escopo,porta-ok:https://threaks.com
Tiny Roar,Developer,Hamburg,Metropolregion Hamburg,Germany,https://tinyroar.de/,NOVO,em-escopo,porta-ok:https://tinyroar.de/jobs
Tivola (Jumpgate),Developer and Publisher,Hamburg,Metropolregion Hamburg,Germany,https://www.tivola.de,NOVO,em-escopo,porta-ok:https://www.tivola.de
XYRALITY,Online,Hamburg,Metropolregion Hamburg,Germany,https://xyrality.com/,NOVO,em-escopo,porta-ok:https://xyrality.com
Aesir Interactive,Developer,Munich,Bayern,Germany,https://aesir-interactive.com/,ja conhecido (painel/csv),em-escopo,"quadro personio vivo, 12 vagas, nenhuma da disciplina"
Amazon Games,Developer,Munich,Bayern,Germany,https://amazongames.com/,NOVO,em-escopo,porta-ok:https://amazongames.com/careers
Bonus Level Entertainment,Publisher,Munich,Bayern,Germany,https://bonuslevel.com/,NOVO,fora-de-escopo,nao-triado
Bulkhead Darkhorse,Developer,Munich,Bayern,Germany,https://bulkhead.com/,ja conhecido (painel/csv),em-escopo,quadro teamtailor em dominio proprio (https://careers.bulkhead.com) - sem vaga da disciplina hoje
Chimera Entertainment,Developer,Munich,Bayern,Germany,https://chimera-entertainment.com/,ja conhecido (painel/csv),em-escopo,porta-ok:https://chimera-entertainment.com/career/
Cobalt Lane,Developer,Munich,Bayern,Germany,https://cobalt-lane.com/,ja conhecido (painel/csv),em-escopo,"site vivo, porta de carreiras nao localizada no HTML"
CodePEAS,Developer,Munich,Bayern,Germany,https://codepeas.itch.io/,ja na fila gamedevmap 06/09,em-escopo,"site vivo, porta de carreiras nao localizada no HTML"
Delightex,Extended Reality (XR),Munich,Bayern,Germany,https://www.delightex.com,NOVO,em-escopo,porta-ok:https://www.delightex.com
Dev-Zoo,Microstudio,Munich,Bayern,Germany,https://dev-zoo.net/,NOVO,em-escopo,porta-ok:https://dev-zoo.net
Dionic Software,Developer,Munich,Bayern,Germany,https://dionicsoftware.com/,ja na fila gamedevmap 06/09,em-escopo,Lead 3D Artist FECHADA e com veto escrito: people living in and able to work in Germany
Drake Star Partners,Investment,Munich,Bayern,Germany,https://www.drakestar.com/,NOVO,fora-de-escopo,nao-triado
EMK Capital,Investment,Munich,Bayern,Germany,https://www.emkcapital.com/,NOVO,fora-de-escopo,nao-triado
eXplore Studio,Developer,Munich,Bayern,Germany,https://explorestudiogames.com/,ja na fila gamedevmap 06/09,em-escopo,"site vivo, porta de carreiras nao localizada no HTML"
FDG Entertainment,Developer and Publisher,Munich,Bayern,Germany,https://fdg-entertainment.com/,ja na fila gamedevmap 06/09,em-escopo,porta-ok:https://www.fdg-entertainment.com/jobs/
Grimlore Games (THQ Nordic),Developer,Munich,Bayern,Germany,https://www.grimloregames.com,ja conhecido (painel/csv),em-escopo,"vaga (Senior/Principal) Environment Artist (m/f/d) - ambiente, MEDIA; sem veto de residencia e OFERECE remoto total: EU applicants will be fulltime employees, externals will work on a service agreement basis"
Hologate,Extended Reality (XR),Munich,Bayern,Germany,https://www.hologate.com,NOVO,em-escopo,porta-ok:https://www.hologate.com/jobs
Icebird Studios,Developer,Munich,Bayern,Germany,http://icebird-studios.com/,ja na fila gamedevmap 06/09,em-escopo,"site vivo, porta de carreiras nao localizada no HTML"
Innoactive,Serious Games,Munich,Bayern,Germany,https://www.innoactive.de,NOVO,em-escopo,porta-sem-resposta
Irox Games,Developer,Munich,Bayern,Germany,https://irox-games.com/,ja na fila gamedevmap 06/09,em-escopo,"site vivo, porta de carreiras nao localizada no HTML"
Koch Media,Publisher,Munich,Bayern,Germany,https://www.kochmedia.com,NOVO,fora-de-escopo,nao-triado
L-F Studio,Developer,Munich,Bayern,Germany,https://l-f.studio/,ja na fila gamedevmap 06/09,em-escopo,porta-ok:https://l-f.studio/
MegaZebra,Developer,Munich,Bayern,Germany,https://www.megazebra.com,NOVO,em-escopo,porta-ok:https://www.megazebra.com/careers
Mimimi Productions,Developer,Munich,Bayern,Germany,https://www.mimimi.games,ja na fila gamedevmap 06/09,em-escopo,porta-ok:https://www.mimimi.games/#team-jobs
Mixtvision Games Publishing,Developer and Publisher,Munich,Bayern,Germany,https://mixtvision.de/,ja na fila gamedevmap 06/09,em-escopo,"site vivo, porta de carreiras nao localizada no HTML"
Morphicon,Online,Munich,Bayern,Germany,https://www.mamorgames.com/de,NOVO,em-escopo,porta-ok:https://www.mamorgames.com/de/careers
Potato Games Studio,Developer,Munich,Bayern,Germany,,ja na fila gamedevmap 06/09,em-escopo,porta-sem-resposta
Prime Matter (PLAION),Developer,Munich,Bayern,Germany,https://primematter.gg/,ja na fila gamedevmap 06/09,em-escopo,porta-sem-resposta
Reality Twist,Developer,Munich,Bayern,Germany,https://www.reality-twist.com,ja na fila gamedevmap 06/09,em-escopo,porta-ok:https://reality-twist.com/careers
RealmForge Studios,Developer,Munich,Bayern,Germany,http://www.realmforgestudios.com/,ja na fila gamedevmap 06/09,em-escopo,porta-sem-resposta
remote control productions,Organization,Munich,Bayern,Germany,https://rcp.family/,NOVO,fora-de-escopo,nao-triado
Salmi Games,Extended Reality (XR),Munich,Bayern,Germany,https://salmi.de/,NOVO,em-escopo,porta-ok:https://salmi.de/jobs
Schine,Developer,Munich,Bayern,Germany,https://www.star-made.org,NOVO,em-escopo,porta-ok:https://www.star-made.org/careers
SenAm Games,Developer,Munich,Bayern,Germany,https://www.senam-games.com/,NOVO,em-escopo,porta-ok:https://www.senam-games.com
Shin'en,Developer,Munich,Bayern,Germany,https://www.shinen.com,NOVO,em-escopo,porta-ok:https://www.shinen.com/jobs
Shin'en Multimedia,Developer,Munich,Bayern,Germany,https://www.shinen.com,NOVO,em-escopo,porta-ok:https://www.shinen.com/jobs
Take 2 Interactive,Publisher,Munich,Bayern,Germany,https://www.take2games.com/,NOVO,fora-de-escopo,nao-triado
Team STEP,Developer,Munich,Bayern,Germany,https://teamstep.io/,NOVO,em-escopo,porta-ok:https://teamstep.io
Thera Bytes,Health,Munich,Bayern,Germany,https://therabytes.de/,NOVO,fora-de-escopo,nao-triado
ThreeDee,Serious Games,Munich,Bayern,Germany,https://threedee.de/,NOVO,em-escopo,porta-ok:https://threedee.de/careers
Travian Games,Online,Munich,Bayern,Germany,https://www.traviangames.com,NOVO,em-escopo,porta-ok:https://www.traviangames.com
Travian Publishing,Publisher,Munich,Bayern,Germany,https://www.traviangames.de/de/unternehmen/publishing.html,NOVO,fora-de-escopo,nao-triado
Welevel,Developer,Munich,Bayern,Germany,https://welevel.com/,NOVO,em-escopo,porta-ok:https://welevel.com/jobs
Wolpertinger Games,Developer,Munich,Bayern,Germany,https://wolpertingergames.com/,NOVO,em-escopo,porta-ok:https://wolpertingergames.com
5pm Studio,Developer,Paris,Ile-de-France,France,https://playmemoriapolis.com/,NOVO,em-escopo,porta-ok:https://playmemoriapolis.com
8SEC,Mobile,Paris,Ile-de-France,France,https://8sec.games/,NOVO,em-escopo,porta-sem-resposta
Adictiz,Mobile,Paris,Ile-de-France,France,https://adictiz.com/,NOVO,em-escopo,porta-ok:https://adictiz.com
Agooloo Studios,Mobile,Paris,Ile-de-France,France,https://oupasav.com/,NOVO,em-escopo,porta-ok:https://oupasav.com
Alven,Investment,Paris,Ile-de-France,France,https://alven.co/,NOVO,fora-de-escopo,nao-triado
Amazon Games,Developer,Paris,Ile-de-France,France,https://amazongames.com/,NOVO,em-escopo,porta-ok:https://amazongames.com/careers
Amplitude Studios,Developer,Paris,Ile-de-France,France,https://www.amplitude-studios.com/,NOVO,em-escopo,porta-ok:https://www.amplitude-studios.com
Anklebreaker Studio,Developer,Paris,Ile-de-France,France,https://www.anklebreaker-studio.com/,NOVO,em-escopo,porta-ok:https://www.anklebreaker-studio.com/careers
ARC System Works Europe,Publisher,Paris,Ile-de-France,France,https://www.arcsystemworks.fr/,NOVO,fora-de-escopo,nao-triado
Atari,Publisher,Paris,Ile-de-France,France,https://atari.com/,NOVO,fora-de-escopo,nao-triado
Atlas V,Extended Reality (XR),Paris,Ile-de-France,France,https://atlasv.io/,NOVO,em-escopo,porta-ok:https://atlasv.io/careers
Backlight,Extended Reality (XR),Paris,Ile-de-France,France,https://backlight.fr/,NOVO,em-escopo,porta-ok:https://backlight.fr
Bastinus Rex,Microstudio,Paris,Ile-de-France,France,https://bastinus-rex.itch.io/,NOVO,em-escopo,porta-ok:https://bastinus-rex.itch.io
Bethesda Softworks (Zenimax Media),Publisher,Paris,Ile-de-France,France,https://bethesda.net/,NOVO,fora-de-escopo,nao-triado
Black Sheep Studio,Developer,Paris,Ile-de-France,France,http://www.blacksheep-studio.com/,NOVO,em-escopo,porta-sem-resposta
Breakpoint Games,Developer,Paris,Ile-de-France,France,https://www.breakpoint-games.com/,NOVO,em-escopo,porta-ok:https://www.breakpoint-games.com
Capital Games,Organization,Paris,Ile-de-France,France,https://capital-games.org/,NOVO,fora-de-escopo,nao-triado
Carpool Studio,Developer,Paris,Ile-de-France,France,https://carpoolstudio.com/,NOVO,em-escopo,porta-ok:https://carpoolstudio.com
Celsius Online,Developer,Paris,Ile-de-France,France,https://www.celsius-online.com/,NOVO,em-escopo,porta-ok:https://www.celsius-online.com
Club Sandwich,Developer,Paris,Ile-de-France,France,https://clubsandwich.itch.io/,NOVO,em-escopo,porta-ok:https://clubsandwich.itch.io
Cosmografik,Developer,Paris,Ile-de-France,France,https://cosmografik.itch.io/,NOVO,em-escopo,porta-ok:https://cosmografik.itch.io
Cow Cat Games,Developer,Paris,Ile-de-France,France,https://www.cowcatgames.com/,NOVO,em-escopo,porta-ok:https://www.cowcatgames.com
Crimson Tales,Developer,Paris,Ile-de-France,France,https://onirismthegame.com/,NOVO,em-escopo,porta-ok:https://onirismthegame.com
Darjeeling,Developer,Paris,Ile-de-France,France,https://darjeelingprod.com/,NOVO,em-escopo,porta-ok:https://darjeelingprod.com
Days of Wonder,Developer,Paris,Ile-de-France,France,https://daysofwonder.com/,NOVO,em-escopo,porta-ok:https://daysofwonder.com
DONTNOD Entertainment,Developer and Publisher,Paris,Ile-de-France,France,https://dont-nod.com/,NOVO,em-escopo,SmartRecruiters: so candidaturas espontaneas
DotEmu,Developer and Publisher,Paris,Ile-de-France,France,https://www.dotemu.com/,NOVO,em-escopo,porta-ok:https://www.dotemu.com/jobs
Double Jack,Extended Reality (XR),Paris,Ile-de-France,France,http://www.doublejack.io/,NOVO,em-escopo,porta-ok:https://www.doublejack.io
Drake Star Partners,Investment,Paris,Ile-de-France,France,https://www.drakestar.com/,NOVO,fora-de-escopo,nao-triado
Dreamcentury,Online,Paris,Ile-de-France,France,https://www.dreamcentury.com,NOVO,em-escopo,porta-ok:https://www.dreamcentury.com
Eko Software,Developer,Paris,Ile-de-France,France,http://www.ekosystem.com/,NOVO,em-escopo,porta-sem-resposta
Ekosystem,Developer,Paris,Ile-de-France,France,http://www.ekosystem.com/,NOVO,em-escopo,porta-sem-resposta
EMK Capital,Investment,Paris,Ile-de-France,France,https://www.emkcapital.com/,NOVO,fora-de-escopo,nao-triado
Eugen Systems,Developer,Paris,Ile-de-France,France,https://www.eugensystems.com,NOVO,em-escopo,porta-ok:https://www.eugensystems.com
Excurio,Extended Reality (XR),Paris,Ile-de-France,France,https://www.excurio.com/,NOVO,em-escopo,porta-ok:https://www.excurio.com
F4 Group,Developer,Paris,Ile-de-France,France,https://www.f4-group.com,NOVO,em-escopo,porta-ok:https://www.f4-group.com
Farsky Interactive,Developer,Paris,Ile-de-France,France,https://www.farskyinteractive.com,NOVO,em-escopo,porta-ok:https://www.farskyinteractive.com
Firesquid,Developer and Publisher,Paris,Ile-de-France,France,https://firesquid.games/,NOVO,em-escopo,porta-ok:https://firesquid.games/careers
Focus Entertainment,Publisher,Paris,Ile-de-France,France,https://focus-entmt.com/,NOVO,fora-de-escopo,nao-triado
Focus Home Interactive,Publisher,Paris,Ile-de-France,France,https://www.focus-home.com,NOVO,fora-de-escopo,nao-triado
Frog Collective,Developer,Paris,Ile-de-France,France,http://frog-collective.com/,NOVO,em-escopo,porta-sem-resposta
Gameloft,Mobile,Paris,Ile-de-France,France,https://www.gameloft.com,ja conhecido (painel/csv),em-escopo,"quadro SmartRecruiters vivo com 44 vagas, nenhuma de personagem/modelagem na Europa"
Gaminho,Mobile,Paris,Ile-de-France,France,https://www.gaminho.com,NOVO,em-escopo,porta-ok:https://www.gaminho.com
Globz,Mobile,Paris,Ile-de-France,France,http://globz.com/,NOVO,em-escopo,porta-ok:https://globz.com
Green Panda Games,Developer and Publisher,Paris,Ile-de-France,France,https://www.greenpandagames.com,NOVO,em-escopo,porta-ok:https://www.greenpandagames.com
Homa Games,Mobile,Paris,Ile-de-France,France,https://homagames.com/,NOVO,em-escopo,porta-ok:https://homagames.com/careers
Honeyfrost,Developer,Paris,Ile-de-France,France,https://honeyfrost.net/,NOVO,em-escopo,porta-ok:https://honeyfrost.net
Ikimasho,Extended Reality (XR),Paris,Ile-de-France,France,http://www.ikimasho.games/,NOVO,em-escopo,porta-sem-resposta
Immersive Factory,Serious Games,Paris,Ile-de-France,France,https://www.immersivefactory.com,NOVO,em-escopo,porta-ok:https://www.immersivefactory.com/jobs
Innerspace VR,Extended Reality (XR),Paris,Ile-de-France,France,https://www.innerspacevr.com,NOVO,em-escopo,porta-ok:https://www.innerspacevr.com
int13,Mobile,Paris,Ile-de-France,France,http://int13.net/,NOVO,em-escopo,porta-sem-resposta
IoPixel,Mobile,Paris,Ile-de-France,France,https://iopixel.com/,NOVO,em-escopo,porta-ok:https://iopixel.com
Irregular Shapes,Developer,Paris,Ile-de-France,France,https://irregular-shapes.com/,NOVO,em-escopo,porta-ok:https://irregular-shapes.com
isCool Entertainment,Mobile,Paris,Ile-de-France,France,https://www.iscoolentertainment.com,NOVO,em-escopo,porta-ok:https://www.iscoolentertainment.com/careers
ITIC Game,Developer,Paris,Ile-de-France,France,https://game.itic.uz/,NOVO,em-escopo,porta-sem-resposta
James Bang,Microstudio,Paris,Ile-de-France,France,https://www.james-bang.com,NOVO,em-escopo,porta-ok:https://www.james-bang.com/careers
Kameha Ventures,Investment,Paris,Ile-de-France,France,https://www.kameha.vc/,NOVO,fora-de-escopo,nao-triado
KineQuantum,Health,Paris,Ile-de-France,France,https://www.kinequantum.com,NOVO,fora-de-escopo,nao-triado
Konami France,Publisher,Paris,Ile-de-France,France,https://www.konami.com,NOVO,fora-de-escopo,nao-triado
Kwalee,Developer and Publisher,Paris,Ile-de-France,France,https://kwalee.com,ja na fila gamedevmap 06/09,em-escopo,"quadro lever vivo, 6 vagas, nenhuma da disciplina"
La Belle Games,Microstudio,Paris,Ile-de-France,France,https://www.labellegames.com/,NOVO,em-escopo,porta-ok:https://www.labellegames.com
La Grange,Developer,Paris,Ile-de-France,France,https://lagrange-studio.com/,NOVO,em-escopo,porta-sem-resposta
La Moutarde,Developer,Paris,Ile-de-France,France,https://www.lamoutarde.io,NOVO,em-escopo,porta-ok:https://www.lamoutarde.io
Lapsus Games,Developer,Paris,Ile-de-France,France,https://lapsusgames.com/,NOVO,em-escopo,porta-sem-resposta
Le Cartel Studio,Microstudio,Paris,Ile-de-France,France,https://lecartelstudio.fr/,NOVO,em-escopo,porta-ok:https://lecartelstudio.fr/careers
Lightbulb Crew,Developer,Paris,Ile-de-France,France,https://lightbulbcrew.fr/,NOVO,em-escopo,porta-ok:https://lightbulbcrew.fr/jobs
Little Workshop,Developer,Paris,Ile-de-France,France,https://www.littleworkshop.fr/,NOVO,em-escopo,porta-ok:https://www.littleworkshop.fr
Lizardcube,Developer,Paris,Ile-de-France,France,https://www.lizardcube.com/,NOVO,em-escopo,porta-ok:https://www.lizardcube.com
LOLTap,Mobile,Paris,Ile-de-France,France,https://loltap.com/,NOVO,em-escopo,porta-ok:https://loltap.com
Lucid Realities Studio,Extended Reality (XR),Paris,Ile-de-France,France,https://www.lucidrealities.studio,NOVO,em-escopo,porta-ok:https://www.lucidrealities.studio
MadBox,Mobile,Paris,Ile-de-France,France,https://madbox.io/,NOVO,em-escopo,vaga 3D Marketing Artist - VETO ESCRITO: nao aberta a relocacao; e fora da disciplina
Mana Cube,Mobile,Paris,Ile-de-France,France,https://www.facebook.com/ManaCube,NOVO,em-escopo,porta-ok:https://www.facebook.com/ManaCube
manzalab,Developer,Paris,Ile-de-France,France,https://www.manzalab.com,NOVO,em-escopo,porta-ok:https://www.manzalab.com/jobs
Masseka Game Studio,Developer,Paris,Ile-de-France,France,https://masseka-game-studio.com/,NOVO,em-escopo,porta-ok:https://masseka-game-studio.com
Migami,Developer,Paris,Ile-de-France,France,http://the-mig-page.wifeo.com/,NOVO,em-escopo,porta-sem-resposta
Monochrome Paris,Developer,Paris,Ile-de-France,France,https://www.monochrome.paris/,NOVO,em-escopo,porta-sem-resposta
Mudita Games,Developer,Paris,Ile-de-France,France,https://mudita.games/,NOVO,em-escopo,porta-sem-resposta
NAGA Publishing,Publisher,Paris,Ile-de-France,France,https://www.naga-agency.com/,NOVO,fora-de-escopo,nao-triado
NanoPiko,Developer,Paris,Ile-de-France,France,https://www.nanopiko.com,NOVO,em-escopo,porta-ok:https://www.nanopiko.com
Netcore Games,Developer,Paris,Ile-de-France,France,https://te4.org/,NOVO,em-escopo,porta-ok:https://te4.org
Nevrax,Developer,Paris,Ile-de-France,France,https://ryzom.com/,NOVO,em-escopo,porta-ok:https://ryzom.com/careers
Not a Shark Company,Publisher,Paris,Ile-de-France,France,https://www.notashark.com/,NOVO,fora-de-escopo,nao-triado
Novaquark,Developer,Paris,Ile-de-France,France,https://www.novaquark.com/,NOVO,em-escopo,porta-ok:https://www.novaquark.com
Novelab,Developer,Paris,Ile-de-France,France,https://novelab.io/,NOVO,em-escopo,porta-ok:https://novelab.io
Ocelot Society,Developer,Paris,Ile-de-France,France,https://ocelotsociety.itch.io/,NOVO,em-escopo,porta-ok:https://ocelotsociety.itch.io
Oh BiBi,Developer,Paris,Ile-de-France,France,https://www.ohbibi.com,NOVO,em-escopo,porta-ok:https://www.ohbibi.com/careers
Opus Major,Developer,Paris,Ile-de-France,France,https://www.opusmajor.io/,NOVO,em-escopo,"mencao a Senior 3D Character Artist e da EQUIPE, nao vaga"
Oribtal VIews,Extended Reality (XR),Paris,Ile-de-France,France,https://www.orbitalviews.com,NOVO,em-escopo,porta-ok:https://www.orbitalviews.com
Paradox Interactive,Developer and Publisher,Paris,Ile-de-France,France,https://www.paradoxinteractive.com/,ja conhecido (painel/csv),em-escopo,"quadro teamtailor vivo, 18 vagas, nenhuma da disciplina"
Parallel Studio,Extended Reality (XR),Paris,Ile-de-France,France,https://www.parallel-studio.com,NOVO,em-escopo,porta-ok:https://www.parallel-studio.com
Pastagames,Developer,Paris,Ile-de-France,France,https://www.pastagames.com/,NOVO,em-escopo,porta-ok:https://www.pastagames.com
Persistant Studios,Developer,Paris,Ile-de-France,France,https://www.persistant.fr,NOVO,em-escopo,porta-sem-resposta
Pinpin Team,Developer,Paris,Ile-de-France,France,https://www.pinpinteam.com,ja conhecido (painel/csv),em-escopo,porta-ok:https://www.pinpinteam.com/careers
PixCapital,Investment,Paris,Ile-de-France,France,https://pixcapital.vc/,NOVO,fora-de-escopo,nao-triado
Pixel Wizards,Developer,Paris,Ile-de-France,France,https://www.pixel-wizards.com,NOVO,em-escopo,porta-sem-resposta
Playrion,Developer,Paris,Ile-de-France,France,https://www.playrion.com,NOVO,em-escopo,porta-ok:https://www.playrion.com
Playsoft Games,Developer,Paris,Ile-de-France,France,https://www.playsoftgames.com,ja na fila gamedevmap 06/09,em-escopo,porta-ok:https://playsoftgames.com/wp-content/themes/playsoft/css/page-careers.css
Playtouch,Developer,Paris,Ile-de-France,France,https://playtouch.net/,NOVO,em-escopo,porta-ok:https://playtouch.net
Plug In Digital,Publisher,Paris,Ile-de-France,France,https://www.plugindigital.com,NOVO,fora-de-escopo,nao-triado
Pretty Simple Games,Online,Paris,Ile-de-France,France,https://www.prettysimplegames.com,NOVO,em-escopo,porta-sem-resposta
PulluP Entertainment,Publisher,Paris,Ile-de-France,France,https://pullupent.com/,NOVO,fora-de-escopo,nao-triado
Quantic Dream,Developer and Publisher,Paris,Ile-de-France,France,https://www.quanticdream.com,ja conhecido (painel/csv),em-escopo,"quadro lever vivo, 3 vagas, nenhuma da disciplina"
Ragequit Corporation,Developer,Paris,Ile-de-France,France,https://www.facebook.com/ragequitcorp/,NOVO,em-escopo,porta-ok:https://www.facebook.com/ragequitcorp
Red Art Games,Developer and Publisher,Paris,Ile-de-France,France,https://redartgames.com/,NOVO,em-escopo,porta-ok:https://redartgames.com
Reissad Studio,Developer,Paris,Ile-de-France,France,https://reissad.com/,NOVO,em-escopo,porta-ok:https://reissad.com/careers
Skrice,Developer,Paris,Ile-de-France,France,https://skrice.com/,NOVO,em-escopo,"mencao a 3D character modeling e de servico, nao vaga"
Sleepy Mill Studio,Developer,Paris,Ile-de-France,France,https://sleepymillstudio.com/,NOVO,em-escopo,porta-ok:https://sleepymillstudio.com
Sloclap (Kepler Interactive),Online,Paris,Ile-de-France,France,https://www.sloclap.com,ja conhecido (painel/csv),em-escopo,"quadro teamtailor vivo, 1 vagas, nenhuma da disciplina"
Sony Computer Entertainment France,Publisher,Paris,Ile-de-France,France,https://www.playstation.com/fr-fr/,NOVO,fora-de-escopo,nao-triado
Sylvain Seccia,Developer,Paris,Ile-de-France,France,https://www.seccia.com,NOVO,em-escopo,porta-ok:https://www.seccia.com
Syndicat National Du Jeu Video (SNJV),Organization,Paris,Ile-de-France,France,http://snjv.org/,NOVO,fora-de-escopo,nao-triado
Tactical Adventures,Developer,Paris,Ile-de-France,France,https://www.tactical-adventures.com,ja conhecido (painel/csv),em-escopo,porta-ok:https://www.tactical-adventures.com/#Jobs
Tap4Fun France,Mobile,Paris,Ile-de-France,France,https://www.tap4fun.com,NOVO,em-escopo,porta-ok:https://www.tap4fun.com
Tapnation,Publisher,Paris,Ile-de-France,France,https://www.tap-nation.io,NOVO,fora-de-escopo,nao-triado
Tara Gaming,Developer,Paris,Ile-de-France,France,https://taragaming.com/,NOVO,em-escopo,porta-ok:https://taragaming.com/careers
The Arcade Crew,Publisher,Paris,Ile-de-France,France,https://www.thearcadecrew.com/,NOVO,fora-de-escopo,nao-triado
The Game Atelier,Mobile,Paris,Ile-de-France,France,https://www.game-atelier.com,NOVO,em-escopo,porta-ok:https://www.game-atelier.com/careers
The Pixel Hunt,Mobile,Paris,Ile-de-France,France,https://www.thepixelhunt.com,NOVO,em-escopo,porta-ok:https://www.thepixelhunt.com
THQ Nordic France,Publisher,Paris,Ile-de-France,France,https://www.thqnordic.com,NOVO,fora-de-escopo,nao-triado
Tindalos Interactive,Developer,Paris,Ile-de-France,France,https://tindalos-interactive.com/,ja conhecido (painel/csv),em-escopo,"site vivo, porta de carreiras nao localizada no HTML"
TOTEM Studio,Developer,Paris,Ile-de-France,France,https://www.totm-studio.fr,NOVO,em-escopo,porta-ok:https://www.totm-studio.fr
Twin Sails Interactive (Asmodee),Publisher,Paris,Ile-de-France,France,https://twin-sails.com/,NOVO,fora-de-escopo,nao-triado
Two Tiny Dice,Developer,Paris,Ile-de-France,France,https://twotinydice.com/,NOVO,em-escopo,porta-ok:https://twotinydice.com
Ubisoft Paris,Developer and Publisher,Paris,Ile-de-France,France,https://www.ubisoft.com,ja conhecido (painel/csv),em-escopo,porta-ok:https://www.ubisoft.com/en-us
Vhalenn,Developer,Paris,Ile-de-France,France,https://vhalenn.github.io/,NOVO,em-escopo,porta-ok:https://vhalenn.github.io
Voodoo,Mobile,Paris,Ile-de-France,France,https://voodoo.io/,NOVO,em-escopo,"quadro Lever vivo, nenhuma vaga da disciplina (Art Director, Game Artist, Marketing Video Artist, UI/UX)"
Voxler (Embracer Group),Developer,Paris,Ile-de-France,France,https://voxler.fr/,NOVO,em-escopo,porta-ok:https://voxler.fr
White Star Capital,Investment,Paris,Ile-de-France,France,https://whitestarcapital.com/,NOVO,fora-de-escopo,nao-triado
Wild Factor,Developer,Paris,Ile-de-France,France,https://www.wildfactor.net,NOVO,em-escopo,porta-ok:https://www.wildfactor.net
Witty Wings,Developer,Paris,Ile-de-France,France,https://www.wittywings.fr,NOVO,em-escopo,porta-ok:https://www.wittywings.fr
XiLabs Smartgaming,Developer,Paris,Ile-de-France,France,https://xilabs.fr/,NOVO,em-escopo,porta-ok:https://xilabs.fr
Yamago,Developer,Paris,Ile-de-France,France,https://yamago.net/,NOVO,em-escopo,porta-ok:https://yamago.net/careers
Yorf Studio,Mobile,Paris,Ile-de-France,France,https://yorfstudio.com/,NOVO,em-escopo,"2D/3D artist e da EQUIPE, nao vaga"
Yukim,Developer,Paris,Ile-de-France,France,https://linktr.ee/yukimdev,NOVO,em-escopo,porta-ok:https://linktr.ee/yukimdev
ZDT Studio,Developer,Paris,Ile-de-France,France,https://zedrimetim.com/,NOVO,em-escopo,porta-ok:https://zedrimetim.com/careers
Zero Games Studios,Developer,Paris,Ile-de-France,France,https://zerogamesstudios.com/,NOVO,em-escopo,"pagina lista Character Artist como disciplina, nao como vaga aberta"
Anarkis Gaming,Developer,Bordeaux,Nouvelle-Aquitaine,France,https://anarkisgaming.com/,NOVO,em-escopo,porta-ok:https://anarkisgaming.com
Asobo Studio,Developer,Bordeaux,Nouvelle-Aquitaine,France,https://asobostudio.com/,ja conhecido (painel/csv),em-escopo,"VAGA VIVA Character Artist H/F em Bordeaux (Lever EU, 32k-47k EUR) - JA NO PAINEL com o mesmo uuid"
Big Bad Wolf,Developer,Bordeaux,Nouvelle-Aquitaine,France,https://bigbadwolf-studio.com/,ja conhecido (painel/csv),em-escopo,porta-ok:https://www.bigbadwolf-studio.com/jobs-01
Brain Up Studio,Extended Reality (XR),Bordeaux,Nouvelle-Aquitaine,France,https://www.brainup-studio.com/,NOVO,em-escopo,porta-ok:https://www.brainup-studio.com/jobs
Bureau 81,Developer,Bordeaux,Nouvelle-Aquitaine,France,https://bureau81.com/,NOVO,em-escopo,porta-ok:https://bureau81.com/careers
Darenn Keller,Developer,Bordeaux,Nouvelle-Aquitaine,France,https://darenn.github.io/linktree/,NOVO,em-escopo,porta-ok:https://darenn.github.io/linktree
Deepnight Games,Developer,Bordeaux,Nouvelle-Aquitaine,France,https://deepnight.net/,NOVO,em-escopo,porta-ok:https://deepnight.net
Evil Empire Studio,Developer,Bordeaux,Nouvelle-Aquitaine,France,https://evilempirestudio.com/,NOVO,em-escopo,porta-ok:https://evilempirestudio.com
Goloso Games,Developer,Bordeaux,Nouvelle-Aquitaine,France,https://golosogames.com/,NOVO,em-escopo,porta-ok:https://golosogames.com
Headbang Club,Developer,Bordeaux,Nouvelle-Aquitaine,France,https://www.headbang.club,NOVO,em-escopo,porta-ok:https://www.headbang.club
Ishtar Games,Developer,Bordeaux,Nouvelle-Aquitaine,France,https://www.ishtar.games,NOVO,em-escopo,porta-sem-resposta
Motion Twin,Mobile,Bordeaux,Nouvelle-Aquitaine,France,https://motiontwin.com/,NOVO,em-escopo,porta-ok:https://motiontwin.com
Nocturne Games,Developer,Bordeaux,Nouvelle-Aquitaine,France,https://www.nocturnegames.com/,NOVO,em-escopo,porta-ok:https://www.nocturnegames.com
Nova-box,Developer,Bordeaux,Nouvelle-Aquitaine,France,https://nova-box.com/,NOVO,em-escopo,porta-ok:https://nova-box.com
Onibi,Developer,Bordeaux,Nouvelle-Aquitaine,France,https://www.onibi.gg/,NOVO,em-escopo,porta-ok:https://www.onibi.gg/careers
ORAGEgames,Developer,Bordeaux,Nouvelle-Aquitaine,France,https://orage-games.com/,NOVO,em-escopo,porta-ok:https://orage-games.com
pataya,Microstudio,Bordeaux,Nouvelle-Aquitaine,France,https://pataya.itch.io/,NOVO,em-escopo,porta-ok:https://pataya.itch.io
Playwing,Mobile,Bordeaux,Nouvelle-Aquitaine,France,https://www.playwing.com,NOVO,em-escopo,porta-sem-resposta
shinypix,Mobile,Bordeaux,Nouvelle-Aquitaine,France,https://www.shinypix.com,NOVO,em-escopo,porta-ok:https://www.shinypix.com
Shiro Games,Developer,Bordeaux,Nouvelle-Aquitaine,France,https://www.shirogames.com,NOVO,em-escopo,porta-ok:https://www.shirogames.com/careers
SimforHealth,Health,Bordeaux,Nouvelle-Aquitaine,France,https://www.simforhealth.fr,NOVO,fora-de-escopo,nao-triado
Sweet Nitro,Online,Bordeaux,Nouvelle-Aquitaine,France,https://www.sweetnitro.com/en,NOVO,em-escopo,porta-ok:https://www.sweetnitro.com/en/careers
The Moon Pirates,Developer,Bordeaux,Nouvelle-Aquitaine,France,https://linktr.ee/themoonpirates,NOVO,em-escopo,porta-ok:https://linktr.ee/themoonpirates
Ubisoft Bordeaux,Developer and Publisher,Bordeaux,Nouvelle-Aquitaine,France,https://www.ubisoft.com,ja conhecido (painel/csv),em-escopo,porta-ok:https://www.ubisoft.com/en-us
Umanimation,Developer,Bordeaux,Nouvelle-Aquitaine,France,https://umanimation.com/,NOVO,em-escopo,porta-ok:https://umanimation.com
Alt Shift,Mobile,Montpellier,Occitanie,France,https://altshift.fr/,NOVO,em-escopo,porta-ok:https://altshift.fr
Artisan Studios,Developer,Montpellier,Occitanie,France,https://artisangamestudios.com/,NOVO,em-escopo,porta-ok:https://artisangamestudios.com
BBlack Studio,Developer,Montpellier,Occitanie,France,https://bblackstudio.com/,NOVO,em-escopo,porta-ok:https://bblackstudio.com
BlueTwelve Studio,Developer,Montpellier,Occitanie,France,https://hk-devblog.com/,ja conhecido (painel/csv),em-escopo,porta-ok:https://hk-devblog.com/category/jobs/programming/
Curapy,Serious Games,Montpellier,Occitanie,France,https://www.curapy.com,NOVO,em-escopo,porta-sem-resposta
Dear Villagers,Publisher,Montpellier,Occitanie,France,https://www.dearvillagers.com,NOVO,fora-de-escopo,nao-triado
Digixart Entertainment,Developer,Montpellier,Occitanie,France,https://digixart.com/,NOVO,em-escopo,porta-ok:https://digixart.com
Exalted Studio,Mobile,Montpellier,Occitanie,France,https://www.exaltedstudio.com,NOVO,em-escopo,porta-ok:https://www.exaltedstudio.com
La Moutarde,Developer,Montpellier,Occitanie,France,https://www.lamoutarde.io,NOVO,em-escopo,porta-ok:https://www.lamoutarde.io
Magic Design Studios,Developer,Montpellier,Occitanie,France,https://www.magicdesignstudios.com,NOVO,em-escopo,porta-ok:https://www.magicdesignstudios.com
Montpellier Game Lab,Incubator/Accelerator,Montpellier,Occitanie,France,https://www.montpelliergamelab.com/,NOVO,fora-de-escopo,nao-triado
Oudidon,Developer,Montpellier,Occitanie,France,https://www.bafl-game.com,NOVO,em-escopo,porta-ok:https://www.bafl-game.com
PID Games,Publisher,Montpellier,Occitanie,France,https://www.pidgames.com,NOVO,fora-de-escopo,nao-triado
Pirogue Studio,Mobile,Montpellier,Occitanie,France,https://www.pirogue-studio.com,NOVO,em-escopo,porta-ok:https://www.pirogue-studio.com
Pixel Reef,Developer,Montpellier,Occitanie,France,https://www.pixelreef.fr,NOVO,em-escopo,porta-ok:https://www.pixelreef.fr
Plane Toast,Developer,Montpellier,Occitanie,France,https://planetoast.com/,NOVO,em-escopo,porta-ok:https://planetoast.com
Sandfall Interactive,Developer,Montpellier,Occitanie,France,https://www.sandfall.co/,ja conhecido (painel/csv),em-escopo,porta-ok:https://www.sandfall.co/careers
Sideways Experiments,Mobile,Montpellier,Occitanie,France,https://sideways-experiments.com/,NOVO,em-escopo,porta-ok:https://sideways-experiments.com/careers
Splashteam,Developer,Montpellier,Occitanie,France,https://www.splashteam-games.com,NOVO,em-escopo,porta-ok:https://www.splashteam-games.com
Swing Swing Submarine,Developer,Montpellier,Occitanie,France,https://swingswingsubmarine.com/,NOVO,em-escopo,porta-ok:https://swingswingsubmarine.com
The Game Bakers,Developer,Montpellier,Occitanie,France,https://www.thegamebakers.com,NOVO,em-escopo,porta-ok:https://www.thegamebakers.com/jobs
Ubisoft Montpellier,Developer and Publisher,Montpellier,Occitanie,France,https://www.ubisoft.com,ja conhecido (painel/csv),em-escopo,porta-ok:https://www.ubisoft.com/en-us
Unexpected Studio,Developer,Montpellier,Occitanie,France,https://www.unexpected-studio.com,NOVO,em-escopo,porta-ok:https://www.unexpected-studio.com
Wild Sheep Studio,Developer,Montpellier,Occitanie,France,https://wildsheepstudio.com/,NOVO,em-escopo,"mencao a Character Artist e da EQUIPE, nao vaga"
WillGreen Studio,Microstudio,Montpellier,Occitanie,France,https://www.willgreenstudio.com/,NOVO,em-escopo,porta-ok:https://www.willgreenstudio.com
Active Theory,Developer,Amsterdam,Noord-Holland,Netherlands,https://activetheory.net/,ja na fila gamedevmap 06/09,em-escopo,porta-ok:https://activetheory.net/careers
Adriaan de Jongh,Developer,Amsterdam,Noord-Holland,Netherlands,https://adriaan.games/,ja na fila gamedevmap 06/09,em-escopo,porta-ok:https://adriaan.games/jobs
Arc Games,Publisher,Amsterdam,Noord-Holland,Netherlands,https://arcgames.com/,NOVO,fora-de-escopo,nao-triado
Artificial Core,Developer and Publisher,Amsterdam,Noord-Holland,Netherlands,https://artificialcore.com/,ja na fila gamedevmap 06/09,em-escopo,porta-ok:https://artificialcore.com/careers
Azerion,Developer and Publisher,Amsterdam,Noord-Holland,Netherlands,https://azerion.com/,ja na fila gamedevmap 06/09,em-escopo,"site vivo, porta de carreiras nao localizada no HTML"
Black Cube Games,Developer,Amsterdam,Noord-Holland,Netherlands,https://blackcubegames.com/,ja conhecido (painel/csv),em-escopo,"site vivo, porta de carreiras nao localizada no HTML"
Blender Studio,Developer,Amsterdam,Noord-Holland,Netherlands,https://studio.blender.org/,ja na fila gamedevmap 06/09,em-escopo,"site vivo, porta de carreiras nao localizada no HTML"
Bohemia Interactive,Developer and Publisher,Amsterdam,Noord-Holland,Netherlands,https://www.bohemia.net/,ja conhecido (painel/csv),em-escopo,porta-ok:https://careers.bohemia.net/en
Caboodle Games,Publisher,Amsterdam,Noord-Holland,Netherlands,https://www.caboodle.games/,NOVO,fora-de-escopo,nao-triado
Chronix Pulse,Developer,Amsterdam,Noord-Holland,Netherlands,https://chronixpulse.com/,ja na fila gamedevmap 06/09,em-escopo,"site vivo, porta de carreiras nao localizada no HTML"
CoolGames,Developer,Amsterdam,Noord-Holland,Netherlands,https://www.coolgames.com,ja na fila gamedevmap 06/09,em-escopo,porta-ok:https://www.coolgames.com/careers/
Copper Coin,Microstudio,Amsterdam,Noord-Holland,Netherlands,https://www.coppercoin.nl/,NOVO,em-escopo,porta-ok:https://www.coppercoin.nl
Daum Games Europe,Online,Amsterdam,Noord-Holland,Netherlands,https://www.blackdesertonline.com,NOVO,em-escopo,porta-ok:https://www.blackdesertonline.com/careers
Degoma Games,Developer,Amsterdam,Noord-Holland,Netherlands,https://www.degoma.net/,ja na fila gamedevmap 06/09,em-escopo,porta-ok:https://www.degoma.net/work-with-us
EMK Capital,Investment,Amsterdam,Noord-Holland,Netherlands,https://www.emkcapital.com/,NOVO,fora-de-escopo,nao-triado
Gamious,Developer,Amsterdam,Noord-Holland,Netherlands,https://www.gamious.com,ja conhecido (painel/csv),em-escopo,porta-ok:https://gamious.com/jobs/
Ghoul School Games,Developer,Amsterdam,Noord-Holland,Netherlands,https://www.ghoulschool.games/,ja na fila gamedevmap 06/09,em-escopo,"site vivo, porta de carreiras nao localizada no HTML"
Good Shephard Entertainment,Publisher,Amsterdam,Noord-Holland,Netherlands,https://www.goodshepherd.games,NOVO,fora-de-escopo,nao-triado
Grimmwyrd Studios,Developer,Amsterdam,Noord-Holland,Netherlands,https://www.grimmwyrdstudios.com/,ja na fila gamedevmap 06/09,em-escopo,"site vivo, porta de carreiras nao localizada no HTML"
Guerilla Games (Sony),Developer,Amsterdam,Noord-Holland,Netherlands,https://www.guerrilla-games.com,ja na fila gamedevmap 06/09,em-escopo,porta-ok:https://www.guerrilla-games.com/join
Hackshield,Serious Games,Amsterdam,Noord-Holland,Netherlands,https://nl.joinhackshield.com/en,NOVO,em-escopo,porta-ok:https://nl.joinhackshield.com/en
Huuuge Games,Mobile,Amsterdam,Noord-Holland,Netherlands,https://huuugegames.com/,NOVO,em-escopo,"quadro Recruitee vivo, 7 vagas, nenhuma de arte"
Ijsfontein,Developer,Amsterdam,Noord-Holland,Netherlands,https://www.ijsfontein.nl,ja na fila gamedevmap 06/09,em-escopo,"site vivo, porta de carreiras nao localizada no HTML"
Knights Peak Interactive (My.Games),Publisher,Amsterdam,Noord-Holland,Netherlands,https://knightspeak.com/,NOVO,fora-de-escopo,nao-triado
Konafa Games,Developer,Amsterdam,Noord-Holland,Netherlands,https://www.konafagames.com/,ja na fila gamedevmap 06/09,em-escopo,"site vivo, porta de carreiras nao localizada no HTML"
Laton Ventures,Investment,Amsterdam,Noord-Holland,Netherlands,https://laton.vc/,NOVO,fora-de-escopo,nao-triado
Lente,Developer,Amsterdam,Noord-Holland,Netherlands,https://lente.me/,NOVO,em-escopo,porta-ok:https://lente.me
Little Chicken Game Company,Developer,Amsterdam,Noord-Holland,Netherlands,https://www.littlechicken.nl,ja conhecido (painel/csv),em-escopo,so ESTAGIOS (3D Artist Internship) mais candidatura espontanea por email - fora do nivel senior
Ludomotion,Developer,Amsterdam,Noord-Holland,Netherlands,https://www.ludomotion.com,ja conhecido (painel/csv),em-escopo,"site vivo, porta de carreiras nao localizada no HTML"
My.Games,Online,Amsterdam,Noord-Holland,Netherlands,https://my.games,NOVO,em-escopo,porta-ok:https://my.games/careers
Ninja VR,Extended Reality (XR),Amsterdam,Noord-Holland,Netherlands,http://ninja-vr.com/wp_ninja/,NOVO,em-escopo,porta-sem-resposta
Pixel Doors,Developer,Amsterdam,Noord-Holland,Netherlands,https://www.pixeldoors.com/,ja na fila gamedevmap 06/09,em-escopo,"site vivo, porta de carreiras nao localizada no HTML"
PLAYERUNKNOWN Productions,Developer,Amsterdam,Noord-Holland,Netherlands,https://playerunknownproductions.net/,ja conhecido (painel/csv),em-escopo,quadro teamtailor em dominio proprio (https://careers.playerunknownproductions.net) - sem vaga da disciplina hoje
Playtika,Mobile,Amsterdam,Noord-Holland,Netherlands,https://www.playtika.com/,NOVO,em-escopo,porta-ok:https://www.playtika.com/careers
Poki,Online,Amsterdam,Noord-Holland,Netherlands,https://poki.com/,NOVO,em-escopo,porta-ok:https://poki.com
Radical Graphics Studio,Developer,Amsterdam,Noord-Holland,Netherlands,https://www.radicalgraphics.nl,ja na fila gamedevmap 06/09,em-escopo,porta-ok:https://www.radicalgraphics.nl/careers
Resistance Studio,Developer,Amsterdam,Noord-Holland,Netherlands,https://www.resistancestudio.com,ja na fila gamedevmap 06/09,em-escopo,"site vivo, porta de carreiras nao localizada no HTML"
Rusty Lake,Developer,Amsterdam,Noord-Holland,Netherlands,https://www.rustylake.com/,ja na fila gamedevmap 06/09,em-escopo,porta-ok:https://www.rustylake.com/jobs/
Second Maze Studios,Publisher,Amsterdam,Noord-Holland,Netherlands,https://www.secondmaze.com/,NOVO,fora-de-escopo,nao-triado
Speculative Agency,Developer,Amsterdam,Noord-Holland,Netherlands,https://www.allwillrise.com/,ja na fila gamedevmap 06/09,em-escopo,"site vivo, porta de carreiras nao localizada no HTML"
Studio Interlude,Developer,Amsterdam,Noord-Holland,Netherlands,https://studiointerlude.com/,ja na fila gamedevmap 06/09,em-escopo,"site vivo, porta de carreiras nao localizada no HTML"
Studio05,Extended Reality (XR),Amsterdam,Noord-Holland,Netherlands,https://www.studio05.nl,NOVO,em-escopo,porta-ok:https://www.studio05.nl
Swag Masha,Mobile,Amsterdam,Noord-Holland,Netherlands,https://swagmasha.com/,NOVO,em-escopo,porta-ok:https://swagmasha.com
Tencent,Developer and Publisher,Amsterdam,Noord-Holland,Netherlands,https://www.tencent.com,NOVO,em-escopo,porta-ok:https://www.tencent.com
The 4 Winds Entertainment,Publisher,Amsterdam,Noord-Holland,Netherlands,https://the4winds.com/,NOVO,fora-de-escopo,nao-triado
tinyBuild Games,Developer and Publisher,Amsterdam,Noord-Holland,Netherlands,https://www.tinybuild.com/,ja conhecido (painel/csv),em-escopo,porta-ok:https://www.tinybuild.com/jobs
Vanguard Entertainment,Developer,Amsterdam,Noord-Holland,Netherlands,https://www.vanguardgames.net,ja na fila gamedevmap 06/09,em-escopo,porta-ok:https://www.vertigo-games.com/jobs/
Vertigo Games (PLAION),Developer and Publisher,Amsterdam,Noord-Holland,Netherlands,https://vertigo-games.com/,ja conhecido (painel/csv),em-escopo,porta-ok:https://www.vertigo-games.com/jobs/
VILLIAN Studios,Developer,Amsterdam,Noord-Holland,Netherlands,https://villainstudios.nl/,ja na fila gamedevmap 06/09,em-escopo,porta-ok:https://villainstudios.nl/jobs
Voodoo,Mobile,Amsterdam,Noord-Holland,Netherlands,https://voodoo.io/,NOVO,em-escopo,"quadro Lever vivo, nenhuma vaga da disciplina (Art Director, Game Artist, Marketing Video Artist, UI/UX)"
WeirdBeard Games,Developer,Amsterdam,Noord-Holland,Netherlands,https://weirdbeard.nl/,ja na fila gamedevmap 06/09,em-escopo,porta-ok:https://weirdbeard.nl/careers
11bit studios,Developer and Publisher,Warsaw,Masovian,Poland,https://11bitstudios.com/,ja conhecido (painel/csv),em-escopo,porta-ok:https://11bitstudios.com/jobs/
Above the Desk,Developer,Warsaw,Mazovia,Poland,https://abovethedesk.games/,ja na fila gamedevmap 06/09,em-escopo,porta-ok:https://abovethedesk.games/careers
Another Angle Games,Developer,Warsaw,Masovian,Poland,https://shadowoftheroad.com/,ja conhecido (painel/csv),em-escopo,"site vivo, porta de carreiras nao localizada no HTML"
Arclight Creations,Developer,Warsaw,Masovian,Poland,https://www.arclightcreations.pl/,ja na fila gamedevmap 06/09,em-escopo,"site vivo, porta de carreiras nao localizada no HTML"
Art Games Studio,Publisher,Warsaw,Masovian,Poland,https://art-games.com/,NOVO,fora-de-escopo,nao-triado
Artifex Mundi,Developer,Warsaw,Masovian,Poland,https://artifexmundi.com/,ja na fila gamedevmap 06/09,em-escopo,porta-ok:https://www.artifexmundi.com/kariera/
Artificer (Devolver Digital),Developer,Warsaw,Masovian,Poland,https://artificer.com/,ja conhecido (painel/csv),em-escopo,"site vivo, porta de carreiras nao localizada no HTML"
Baby Bison Games,Developer,Warsaw,Masovian,Poland,http://www.babybisongames.com/,ja na fila gamedevmap 06/09,em-escopo,"site vivo, porta de carreiras nao localizada no HTML"
Bearded Brothers Games,Developer,Warsaw,Masovian,Poland,https://beardedbrothers.games/,ja na fila gamedevmap 06/09,em-escopo,"site vivo, porta de carreiras nao localizada no HTML"
Blank Game Studios,Developer,Warsaw,Masovian,Poland,https://blankgamestudios.com/,ja na fila gamedevmap 06/09,em-escopo,"site vivo, porta de carreiras nao localizada no HTML"
Buckshot Software,Developer,Warsaw,Masovian,Poland,http://www.buckshotsoftware.pl/,ja na fila gamedevmap 06/09,em-escopo,"site vivo, porta de carreiras nao localizada no HTML"
CD PROJEKT RED,Developer and Publisher,Warsaw,Masovian,Poland,https://www.cdprojektred.com/,ja conhecido (painel/csv),em-escopo,"quadro SmartRecruiters vivo, nenhuma vaga de personagem; a unica de ambiente esta em Boston"
Cenega Group,Publisher,Warsaw,Masovian,Poland,https://cenega.pl/,NOVO,fora-de-escopo,nao-triado
Cherrypick Games,Mobile,Warsaw,Masovian,Poland,https://cherrypickgames.com/,NOVO,em-escopo,porta-sem-resposta
Chess & Checkers Games,Developer,Warsaw,Masovian,Poland,https://www.chessandcheckers.io/,ja na fila gamedevmap 06/09,em-escopo,"site vivo, porta de carreiras nao localizada no HTML"
Ci Games,Developer and Publisher,Warsaw,Masovian,Poland,https://cigames.com/,ja conhecido (painel/csv),em-escopo,"quadro Teamtailor vivo, nenhuma vaga da disciplina (Senior Producer, Chief Accountant, Cinematic Animator)"
Cogwheel Software,Developer,Warsaw,Masovian,Poland,https://cogwheelsoftware.com/,ja na fila gamedevmap 06/09,em-escopo,"site vivo, porta de carreiras nao localizada no HTML"
Covenant.dev,Publisher,Warsaw,Masovian,Poland,https://covenant.dev/,NOVO,fora-de-escopo,nao-triado
CrazyLabs (Embracer Group),Mobile,Warsaw,Masovian,Poland,https://www.crazylabs.com/,NOVO,em-escopo,porta-sem-resposta
CreativeForge Games,Developer,Warsaw,Masovian,Poland,https://www.creativeforge.pl,ja na fila gamedevmap 06/09,em-escopo,"site vivo, porta de carreiras nao localizada no HTML"
Creepy Jar,Developer,Warsaw,Masovian,Poland,https://creepyjar.com/e,ja conhecido (painel/csv),em-escopo,quadro teamtailor em dominio proprio (https://jobs.creepyjar.com) - sem vaga da disciplina hoje
Critical Hit Games,Developer,Warsaw,Masovian,Poland,https://criticalhit.games/,ja na fila gamedevmap 06/09,em-escopo,porta-ok:https://server995501.nazwa.pl/wordpress/wpn_pierwszainstalacja/
Crunching Koalas,Developer and Publisher,Warsaw,Masovian,Poland,http://www.crunchingkoalas.com/,ja na fila gamedevmap 06/09,em-escopo,"site vivo, porta de carreiras nao localizada no HTML"
Deep Matrix,Extended Reality (XR),Warsaw,Masovian,Poland,https://deep-matrix.com/,NOVO,em-escopo,porta-ok:https://deep-matrix.com
Deep Water Studio,Microstudio,Warsaw,Masovian,Poland,https://www.deepwaterstudios.com/,NOVO,em-escopo,porta-ok:https://www.deepwaterstudios.com
Demolish Games,Microstudio,Warsaw,Masovian,Poland,https://demolish-games.com/,NOVO,em-escopo,porta-ok:https://demolish-games.com
Different Tales,Developer,Warsaw,Masovian,Poland,https://differenttales.com,ja na fila gamedevmap 06/09,em-escopo,"site vivo, porta de carreiras nao localizada no HTML"
Digifox Games,Developer,Warsaw,Masovian,Poland,https://digifox.games/,ja na fila gamedevmap 06/09,em-escopo,"site vivo, porta de carreiras nao localizada no HTML"
Digital Vortex Entertainment,Publisher,Warsaw,Masovian,Poland,https://vortex.game/,NOVO,fora-de-escopo,nao-triado
Elsewhere Entertainment,Developer,Warsaw,Masovian,Poland,https://www.activision.com/elsewhere,ja na fila gamedevmap 06/09,em-escopo,porta-ok:https://careers.activision.com/Elsewhere
Flying Wild Hog,Developer,Warsaw,Masovian,Poland,https://flyingwildhog.com/,ja conhecido (painel/csv),em-escopo,porta-ok:https://flyingwildhog.com/jobs/
Fractured Byte,Developer,Warsaw,Masovian,Poland,https://fracturedbyte.com/,ja conhecido (painel/csv),em-escopo,porta-ok:https://fracturedbyte.com/jobs
Fulqrum Games,Developer and Publisher,Warsaw,Masovian,Poland,https://fulqrum.games/,ja na fila gamedevmap 06/09,em-escopo,porta-ok:https://fulqrum.games/careers
Fumi Games,Developer,Warsaw,Masovian,Poland,https://www.fumigames.com/,ja na fila gamedevmap 06/09,em-escopo,"site vivo, porta de carreiras nao localizada no HTML"
GameHunters Studio,Developer,Warsaw,Masovian,Poland,https://gamehunters-studio.com/,ja na fila gamedevmap 06/09,em-escopo,"site vivo, porta de carreiras nao localizada no HTML"
GameLoad,Developer,Warsaw,Masovian,Poland,https://gameload.gg/,ja na fila gamedevmap 06/09,em-escopo,"site vivo, porta de carreiras nao localizada no HTML"
Games Incubator,Developer,Warsaw,Masovian,Poland,https://games-i.com/,ja na fila gamedevmap 06/09,em-escopo,"site vivo, porta de carreiras nao localizada no HTML"
Games Operators,Publisher,Warsaw,Masovian,Poland,https://www.gameops.pl,NOVO,fora-de-escopo,nao-triado
Gaming Factory,Developer and Publisher,Warsaw,Masovian,Poland,https://gamingfactory.pl/,ja na fila gamedevmap 06/09,em-escopo,"site vivo, porta de carreiras nao localizada no HTML"
Gruby Entertainment,Developer,Warsaw,Masovian,Poland,https://grubyentertainment.com/,ja conhecido (painel/csv),em-escopo,"site vivo, porta de carreiras nao localizada no HTML"
Happy Corruption,Developer,Warsaw,Masovian,Poland,https://happycorruption.com/,ja na fila gamedevmap 06/09,em-escopo,"site vivo, porta de carreiras nao localizada no HTML"
Huuuge Games,Mobile,Warsaw,Masovian,Poland,https://huuugegames.com/,NOVO,em-escopo,"quadro Recruitee vivo, 7 vagas, nenhuma de arte"
Hyperstrange,Developer,Warsaw,Masovian,Poland,https://hyperstrange.com/,ja na fila gamedevmap 06/09,em-escopo,"site vivo, porta de carreiras nao localizada no HTML"
Ice Code Games,Developer,Warsaw,Masovian,Poland,https://icecodegames.com/,ja na fila gamedevmap 06/09,em-escopo,porta-ok:https://icecodegames.com/jobs/
J4nw,Microstudio,Warsaw,Masovian,Poland,https://j4nw.com/,NOVO,em-escopo,porta-ok:https://j4nw.com
Juggler Games,Developer,Warsaw,Masovian,Poland,https://www.jugglergames.com,ja conhecido (painel/csv),em-escopo,porta-ok:https://jugglergames.com/jobs/
Jutsu Games,Developer,Warsaw,Masovian,Poland,https://jutsugames.com/,ja na fila gamedevmap 06/09,em-escopo,"site vivo, porta de carreiras nao localizada no HTML"
Kevuru Games,Developer,Warsaw,Masovian,Poland,https://kevurugames.com/,ja conhecido (painel/csv),em-escopo,"as mencoes a 3D artist sao texto de venda de servico de outsourcing, nao vaga"
Klabater,Developer and Publisher,Warsaw,Masovian,Poland,https://klabater.com/,ja na fila gamedevmap 06/09,em-escopo,"site vivo, porta de carreiras nao localizada no HTML"
Kool2Play,Developer,Warsaw,Masovian,Poland,https://www.kool2play.com,ja na fila gamedevmap 06/09,em-escopo,"site vivo, porta de carreiras nao localizada no HTML"
Larian Studios,Developer,Warsaw,Masovian,Poland,https://www.larian.com,ja conhecido (painel/csv),em-escopo,"Character Artist - Open Application (Lever): banco de talentos, nao e requisicao datada"
Last Qubit,Mobile,Warsaw,Masovian,Poland,https://lastqubit.com/,NOVO,em-escopo,porta-ok:https://lastqubit.com
Licht Hund,Developer,Warsaw,Masovian,Poland,https://lichthund.com/,ja na fila gamedevmap 06/09,em-escopo,"site vivo, porta de carreiras nao localizada no HTML"
Live Motion Games,Developer,Warsaw,Masovian,Poland,https://livemotiongames.com/,ja na fila gamedevmap 06/09,em-escopo,"site vivo, porta de carreiras nao localizada no HTML"
Marcin Borkowski (Borek),Microstudio,Warsaw,Masovian,Poland,http://www.bpp.com.pl/egowall/egowall.html,NOVO,em-escopo,porta-ok:https://www.bpp.com.pl/egowall/egowall.html
Mass Creation,Developer,Warsaw,Masovian,Poland,https://www.mass-creation.com,ja na fila gamedevmap 06/09,em-escopo,porta-ok:https://www.mass-creation.com/careers
Mesote Games,Microstudio,Warsaw,Masovian,Poland,https://mesote.itch.io/,NOVO,em-escopo,porta-ok:https://mesote.itch.io
MoaCube,Developer,Warsaw,Masovian,Poland,https://www.moacube.com,ja na fila gamedevmap 06/09,em-escopo,"site vivo, porta de carreiras nao localizada no HTML"
Monsarrat,Extended Reality (XR),Warsaw,Masovian,Poland,https://monsarrat.com/,NOVO,em-escopo,porta-ok:https://monsarrat.com
Moon Active,Mobile,Warsaw,Masovian,Poland,https://moonactive.com/,NOVO,em-escopo,porta-ok:https://moonactive.com/careers
Movie Games,Publisher,Warsaw,Masovian,Poland,https://mov.gs/,NOVO,fora-de-escopo,nao-triado
Movie Games Lunarium,Developer,Warsaw,Masovian,Poland,https://moviegames.pl/en/home-english/,ja na fila gamedevmap 06/09,em-escopo,"site vivo, porta de carreiras nao localizada no HTML"
MS Games,Developer,Warsaw,Masovian,Poland,https://msgames.pl/,ja na fila gamedevmap 06/09,em-escopo,"site vivo, porta de carreiras nao localizada no HTML"
Mythic Owl Games,Developer,Warsaw,Masovian,Poland,https://mythicowl.com/,ja na fila gamedevmap 06/09,em-escopo,"site vivo, porta de carreiras nao localizada no HTML"
Nakana Games,Publisher,Warsaw,Masovian,Poland,https://nakana.io/,NOVO,fora-de-escopo,nao-triado
Naptime Games,Developer,Warsaw,Masovian,Poland,https://naptime.games/,ja na fila gamedevmap 06/09,em-escopo,porta-ok:https://naptime.games/
Ninth Exodus,Developer,Warsaw,Masovian,Poland,https://90s.graphics/,ja na fila gamedevmap 06/09,em-escopo,"site vivo, porta de carreiras nao localizada no HTML"
Nordcurrent,Developer and Publisher,Warsaw,Masovian,Poland,https://www.nordcurrent.com,ja conhecido (painel/csv),em-escopo,"vaga Lead 2D/3D Artist em Vilnius, a partir de 4400 EUR/mes bruto - disciplina 2D/3D misturada, prioridade MEDIA"
OhNoo Studio,Developer,Warsaw,Masovian,Poland,http://www.ohnoo.com/,ja na fila gamedevmap 06/09,em-escopo,porta-ok:https://www.ohnoo.com/careers
Orbital Knight,Mobile,Warsaw,Masovian,Poland,https://orbitalknight.com/,NOVO,em-escopo,porta-ok:https://orbitalknight.com/careers
Orchid Games,Developer,Warsaw,Masovian,Poland,https://www.orchidgames.com,ja na fila gamedevmap 06/09,em-escopo,"site vivo, porta de carreiras nao localizada no HTML"
Ovid Works,Developer,Warsaw,Masovian,Poland,https://www.ovidworks.com,ja na fila gamedevmap 06/09,em-escopo,porta-ok:https://ovidworks.com/career/
Paranoid Interactive,Developer,Warsaw,Masovian,Poland,https://paranoidinteractive.net/,ja na fila gamedevmap 06/09,em-escopo,porta-ok:https://paranoidinteractive.net/career/
People Can Fly,Developer,Warsaw,Masovian,Poland,https://www.peoplecanfly.com,ja conhecido (painel/csv),em-escopo,quadro SmartRecruiters vivo; Principal Character Artist esta em Montreal (fora da Europa) e o Senior Asset Artist Hard Surface esta em Varsovia
Persis Play,Developer,Warsaw,Masovian,Poland,https://persisplay.com/,ja na fila gamedevmap 06/09,em-escopo,"site vivo, porta de carreiras nao localizada no HTML"
Phobia Game Studio,Developer,Warsaw,Masovian,Poland,https://www.carrion.game/,ja na fila gamedevmap 06/09,em-escopo,"site vivo, porta de carreiras nao localizada no HTML"
Pineapple Works,Publisher,Warsaw,Masovian,Poland,https://pineapple.works/,NOVO,fora-de-escopo,nao-triado
PixelAnt (Sumo Digital),Developer,Warsaw,Masovian,Poland,https://pixelantgames.com/,ja na fila gamedevmap 06/09,em-escopo,VAGA VIVA Experienced 3D Character Artist (eRecruiter) - VETO ESCRITO de idioma: exige polones comunicativo
Pixelated Milk,Developer,Warsaw,Masovian,Poland,https://bsky.app/profile/pixelatedmilk.bsky.social,ja na fila gamedevmap 06/09,em-escopo,"site vivo, porta de carreiras nao localizada no HTML"
Play2Chill,Developer,Warsaw,Masovian,Poland,https://www.play2chill.com/,ja na fila gamedevmap 06/09,em-escopo,"site vivo, porta de carreiras nao localizada no HTML"
Playtika,Mobile,Warsaw,Masovian,Poland,https://www.playtika.com/,NOVO,em-escopo,porta-ok:https://www.playtika.com/careers
PlayWay,Publisher,Warsaw,Masovian,Poland,https://www.playway.com,NOVO,fora-de-escopo,nao-triado
Polish Games Association (PGA),Organization,Warsaw,Masovian,Poland,https://polskiegry.eu/en/,NOVO,fora-de-escopo,nao-triado
President Studio,Developer and Publisher,Warsaw,Masovian,Poland,https://www.president-studio.com/,ja na fila gamedevmap 06/09,em-escopo,"site vivo, porta de carreiras nao localizada no HTML"
Pretty Soon,Publisher,Warsaw,Masovian,Poland,https://www.prettysoon.games/,NOVO,fora-de-escopo,nao-triado
Punch Punk Games,Developer,Warsaw,Masovian,Poland,https://punch-punk.com/,ja na fila gamedevmap 06/09,em-escopo,porta-ok:https://punch-punk.com/
Qubic Games,Developer and Publisher,Warsaw,Masovian,Poland,https://www.qubicgames.com,ja na fila gamedevmap 06/09,em-escopo,"site vivo, porta de carreiras nao localizada no HTML"
Quite OK Games,Developer,Warsaw,Masovian,Poland,https://quiteokgames.com/,ja na fila gamedevmap 06/09,em-escopo,"site vivo, porta de carreiras nao localizada no HTML"
Rebel Wolves,Developer,Warsaw,Masovian,Poland,https://rebel-wolves.com/,ja conhecido (painel/csv),em-escopo,porta-ok (erecruiter detectado): https://www.skillshot.pl/jobs/39672-technical-qa-analyst-senior-technical-qa-analyst-a
RedDeer.Games,Developer and Publisher,Warsaw,Masovian,Poland,https://reddeergames.com/,ja na fila gamedevmap 06/09,em-escopo,porta-ok:https://www.reddeergames.com/career/
Reikon Games,Developer,Warsaw,Masovian,Poland,https://reikongames.com/,ja conhecido (painel/csv),em-escopo,porta-ok:https://reikongames.com/
Retrovibe,Developer,Warsaw,Masovian,Poland,https://retrovibegames.com/,ja na fila gamedevmap 06/09,em-escopo,"site vivo, porta de carreiras nao localizada no HTML"
RockGame,Developer and Publisher,Warsaw,Masovian,Poland,https://www.rockgame.pl,ja na fila gamedevmap 06/09,em-escopo,"site vivo, porta de carreiras nao localizada no HTML"
Say Games,Publisher,Warsaw,Masovian,Poland,https://saygames.by/,NOVO,fora-de-escopo,nao-triado
Serious Sim,Developer,Warsaw,Masovian,Poland,https://serioussim.net/,ja na fila gamedevmap 06/09,em-escopo,"site vivo, porta de carreiras nao localizada no HTML"
SONKA,Developer and Publisher,Warsaw,Masovian,Poland,https://www.sonkagames.com,ja na fila gamedevmap 06/09,em-escopo,"site vivo, porta de carreiras nao localizada no HTML"
Space Goblin Studio,Developer,Warsaw,Masovian,Poland,https://linktr.ee/Astrobotanica,ja na fila gamedevmap 06/09,em-escopo,porta-ok:https://linktr.ee/s/about/careers
Spirit Games Studio,Developer,Warsaw,Masovian,Poland,https://spiritgamesstudio.com.pl/,ja na fila gamedevmap 06/09,em-escopo,porta-ok:https://spiritgamesstudio.com.pl/wspolpraca-spirit-games-studio-i-rosenbot/
Spokko,Mobile,Warsaw,Masovian,Poland,https://www.spokko.com,NOVO,em-escopo,porta-ok:https://www.spokko.com/careers
SQRT3,Developer and Publisher,Warsaw,Masovian,Poland,https://sqrt3.games/,ja conhecido (painel/csv),em-escopo,"site vivo, porta de carreiras nao localizada no HTML"
Star Drifters,Developer,Warsaw,Masovian,Poland,https://stardrifters.com/,ja na fila gamedevmap 06/09,em-escopo,"site vivo, porta de carreiras nao localizada no HTML"
SuperPlay,Mobile,Warsaw,Masovian,Poland,https://www.superplay.co/,NOVO,em-escopo,"3D Artist vivo mas em Tel-Aviv, fora do escopo europeu"
Tate Multimedia,Developer and Publisher,Warsaw,Masovian,Poland,https://www.tatemultimedia.com/,ja na fila gamedevmap 06/09,em-escopo,"site vivo, porta de carreiras nao localizada no HTML"
Techland,Developer,Warsaw,Masovian,Poland,https://www.techland.pl,ja conhecido (painel/csv),em-escopo,VAGA VIVA Character Artist (SmartRecruiters) - sem veto escrito
Ten Square Games,Mobile,Warsaw,Masovian,Poland,https://tensquaregames.com/,ja conhecido (painel/csv),em-escopo,quadro recruitee em dominio proprio (https://career.tensquaregames.com) - sem vaga da disciplina hoje
The Astronauts,Developer,Warsaw,Masovian,Poland,https://www.theastronauts.com,ja conhecido (painel/csv),em-escopo,"site vivo, porta de carreiras nao localizada no HTML"
Thing Trunk,Developer,Warsaw,Masovian,Poland,https://thingtrunk.com/,ja na fila gamedevmap 06/09,em-escopo,"site vivo, porta de carreiras nao localizada no HTML"
Ultimate Publishing,Publisher,Warsaw,Masovian,Poland,https://ultimate-publishing.com/,NOVO,fora-de-escopo,nao-triado
Ultimate VR,Extended Reality (XR),Warsaw,Masovian,Poland,https://ultimatevr.pl/,NOVO,em-escopo,porta-ok:https://ultimatevr.pl
Underdog Studio (CI Games),Developer,Warsaw,Masovian,Poland,https://cigames.com/,ja conhecido (painel/csv),em-escopo,porta-ok:https://cigames.com/
United Label (CI Games),Publisher,Warsaw,Masovian,Poland,https://unitedlabelgames.com/,NOVO,fora-de-escopo,nao-triado
Untold Tales,Publisher,Warsaw,Masovian,Poland,https://untoldtales.games/,NOVO,fora-de-escopo,nao-triado
Varsav Game Studios,Developer,Warsaw,Masovian,Poland,https://www.varsav.com,ja na fila gamedevmap 06/09,em-escopo,"site vivo, porta de carreiras nao localizada no HTML"
Vavel Games,Online,Warsaw,Mazovia,Poland,https://vavel.gs/,NOVO,em-escopo,porta-sem-resposta
VeCube Studio,Developer,Warsaw,Masovian,Poland,https://vecubestudio.com/,ja na fila gamedevmap 06/09,em-escopo,"site vivo, porta de carreiras nao localizada no HTML"
Vile Monarch,Developer,Warsaw,Masovian,Poland,https://vilemonarch.com/,ja conhecido (painel/csv),em-escopo,porta-ok:https://vilemonarch.com/careers/
Virtual Alchemy,Developer,Warsaw,Masovian,Poland,https://virtual-alchemy.games/,ja na fila gamedevmap 06/09,em-escopo,"site vivo, porta de carreiras nao localizada no HTML"
Wargaming Warsaw,Publisher,Warsaw,Masovian,Poland,https://wargaming.com/,ja conhecido (painel/csv),fora-de-escopo,nao-triado
White Raven Games,Microstudio,Warsaw,Mazowieckie,Poland,https://whiteraven.games,NOVO,em-escopo,porta-ok:https://whiteraven.games
Wulo,Microstudio,Warsaw,Masovian,Poland,https://wulo.itch.io/,NOVO,em-escopo,porta-ok:https://wulo.itch.io
Yaza Games,Developer,Warsaw,Masovian,Poland,https://yazagames.com/,ja na fila gamedevmap 06/09,em-escopo,"site vivo, porta de carreiras nao localizada no HTML"
ZAKAZANE,Developer,Warsaw,Masovian,Poland,https://zakazane.studio/,ja na fila gamedevmap 06/09,em-escopo,porta-ok:https://zakazane.studio/
2Dynamic Games,Developer,Krakow,Krakow,Poland,https://2dynamic.azurewebsites.net/,ja na fila gamedevmap 06/09,em-escopo,"site vivo, porta de carreiras nao localizada no HTML"
All In Games,Publisher,Krakow,Krakow,Poland,https://allingames.com/,NOVO,fora-de-escopo,nao-triado
Antistatic Studios,Developer,Krakow,Krakow,Poland,https://antistaticstudios.net/,ja na fila gamedevmap 06/09,em-escopo,"site vivo, porta de carreiras nao localizada no HTML"
Awesome Games Studio,Developer,Krakow,Krakow,Poland,https://awesomegamesstudio.com/,ja na fila gamedevmap 06/09,em-escopo,"site vivo, porta de carreiras nao localizada no HTML"
Bit Golem,Microstudio,Krakow,Krakow,Poland,https://www.bitgolemgames.com/,NOVO,em-escopo,porta-ok:https://www.bitgolemgames.com
Black Lantern Collective,Developer and Publisher,Krakow,Lesser Poland,Poland,https://blacklanterncollective.com/,ja na fila gamedevmap 06/09,em-escopo,"site vivo, porta de carreiras nao localizada no HTML"
Bloober Team,Online,Krakow,Lesser Poland,Poland,https://www.blooberteam.com/,NOVO,em-escopo,"quadro Recruitee vivo, 4 vagas, nenhuma de personagem"
Broken Spear Inc.,Developer,Krakow,Krakow,Poland,https://www.broken-spear.com/,ja na fila gamedevmap 06/09,em-escopo,"site vivo, porta de carreiras nao localizada no HTML"
CD PROJEKT RED,Developer,Krakow,Lesser Poland,Poland,https://www.cdprojektred.com/,ja conhecido (painel/csv),em-escopo,"quadro SmartRecruiters vivo, nenhuma vaga de personagem; a unica de ambiente esta em Boston"
Digital Dragons Accelerator,Incubator/Accelerator,Krakow,Krakow,Poland,https://accelerator.digitaldragons.pl/,NOVO,fora-de-escopo,nao-triado
Drago Entertainment,Developer,Krakow,Lesser Poland,Poland,https://www.drago-entertainment.com,ja conhecido (painel/csv),em-escopo,porta-ok:https://drago-entertainment.com/careers/
Draw Distance,Developer,Krakow,Lesser Poland,Poland,https://drawdistance.dev/,ja conhecido (painel/csv),em-escopo,"site vivo, porta de carreiras nao localizada no HTML"
Flying Wild Hog,Developer,Krakow,Lesser Poland,Poland,https://flyingwildhog.com/,ja conhecido (painel/csv),em-escopo,porta-ok:https://flyingwildhog.com/jobs/
Frozen District,Developer,Krakow,Krakow,Poland,https://frozendistrict.com/,ja na fila gamedevmap 06/09,em-escopo,"site vivo, porta de carreiras nao localizada no HTML"
Frozen Way,Developer,Krakow,Krakow,Poland,https://frozenwaygames.com/,ja na fila gamedevmap 06/09,em-escopo,porta-sem-resposta
G2A Dev Studio,Extended Reality (XR),Krakow,Krakow,Poland,https://www.g2a.co,NOVO,em-escopo,porta-ok:https://www.g2a.co/careers
Gamesture,Mobile,Krakow,Krakow,Poland,https://www.gamesture.com,NOVO,em-escopo,porta-ok:https://www.gamesture.com/jobs
Ganymede Entertainment,Developer,Krakow,Lesser Poland,Poland,https://www.ganymede.eu,ja na fila gamedevmap 06/09,em-escopo,"site vivo, porta de carreiras nao localizada no HTML"
Infinity Ward Poland (Activision),Developer,Krakow,Krakow,Poland,https://www.infinityward.com,ja na fila gamedevmap 06/09,em-escopo,porta-ok:https://careers.infinityward.com/
Ironbird Creations,Developer,Krakow,Krakow,Poland,https://ironbirdcreations.com/,ja conhecido (painel/csv),em-escopo,"quadro Teamtailor com vagas de 2022 (3D Artist, Level Artist), sem publicacao recente"
Lumino Games,Developer,Krakow,Krakow,Poland,https://afterblast.net/,ja na fila gamedevmap 06/09,em-escopo,"site vivo, porta de carreiras nao localizada no HTML"
Mateusz Skutnik,Developer,Krakow,Lesser Poland,Poland,https://www.mateuszskutnik.com/games,ja na fila gamedevmap 06/09,em-escopo,"site vivo, porta de carreiras nao localizada no HTML"
My Next Games,Developer,Krakow,Krakow,Poland,https://www.mynextgames.com/,ja na fila gamedevmap 06/09,em-escopo,"site vivo, porta de carreiras nao localizada no HTML"
Nano Games,Mobile,Krakow,Krakow,Poland,https://nano-games.com/,NOVO,em-escopo,porta-sem-resposta
One More Level,Developer,Krakow,Krakow,Poland,https://omlgames.com/,ja conhecido (painel/csv),em-escopo,porta-ok:https://omlgames.com/praca/
Paradark Studio,Developer,Krakow,Krakow,Poland,https://www.paradarkstudio.com,ja na fila gamedevmap 06/09,em-escopo,"site vivo, porta de carreiras nao localizada no HTML"
Played With Fire,Extended Reality (XR),Krakow,Krakow,Poland,https://www.playedwithfire.com,NOVO,em-escopo,porta-ok:https://www.playedwithfire.com/careers
Playstack,Publisher,Krakow,Krakow,Poland,https://playstack.com/,NOVO,fora-de-escopo,nao-triado
Rage Quit Games,Mobile,Krakow,Krakow,Poland,https://www.ragequitgames.com,NOVO,em-escopo,porta-ok:https://www.ragequitgames.com/careers
Reality Pump Studios,Developer,Krakow,Lesser Poland,Poland,https://www.realitypump.com,ja na fila gamedevmap 06/09,em-escopo,"site vivo, porta de carreiras nao localizada no HTML"
Sodigital,Online,Krakow,Lesser Poland,Poland,http://www.sodigital.com/,NOVO,em-escopo,porta-sem-resposta
Soft Crunch Games,Developer,Krakow,Krakow,Poland,https://softcrunch.games/,ja na fila gamedevmap 06/09,em-escopo,"site vivo, porta de carreiras nao localizada no HTML"
Sperasoft,Developer,Krakow,Lesser Poland,Poland,https://www.sperasoft.com,ja conhecido (painel/csv),em-escopo,porta-ok:https://sperasoft.com/
Starward Industries,Developer,Krakow,Krakow,Poland,https://starwardindustries.com/,ja conhecido (painel/csv),em-escopo,"site vivo, porta de carreiras nao localizada no HTML"
Teyon,Developer,Krakow,Krakow,Poland,https://www.teyon.com,ja conhecido (painel/csv),em-escopo,"VAGA VIVA Senior/Lead Character Artist (Elevato) com realocacao para Cracovia - JA RECUSADA em 03/09, nao reenviar"
THE PARASIGHT,Developer,Krakow,Krakow,Poland,https://theparasight.com/,ja conhecido (painel/csv),em-escopo,porta-ok:https://theparasight.com/join-us/
Tiny Cloud,Developer,Krakow,Krakow,Poland,https://tinycloud.games/,ja na fila gamedevmap 06/09,em-escopo,"site vivo, porta de carreiras nao localizada no HTML"
Triassic Games,Developer,Krakow,Krakow,Poland,https://www.triassicgames.com,ja na fila gamedevmap 06/09,em-escopo,"site vivo, porta de carreiras nao localizada no HTML"
Voodoo,Mobile,Krakow,Krakow,Poland,https://voodoo.io/,NOVO,em-escopo,"quadro Lever vivo, nenhuma vaga da disciplina (Art Director, Game Artist, Marketing Video Artist, UI/UX)"
Wooden Alien,Developer,Krakow,Krakow,Poland,https://www.woodenalien.com/,ja na fila gamedevmap 06/09,em-escopo,porta-ok:https://www.woodenalien.com/jobs
2Awesome Studio,Developer,Barcelona,Catalonia,Spain,https://www.2awesomestudio.com/,ja na fila gamedevmap 06/09,em-escopo,"site vivo, porta de carreiras nao localizada no HTML"
333Studios,Developer,Barcelona,Catalonia,Spain,https://333-studios.com/,ja conhecido (painel/csv),em-escopo,porta-ok:https://www.333-studios.com/careers
43 Studios,Developer,Barcelona,Catalonia,Spain,https://www.hellofanoffice.com/,ja na fila gamedevmap 06/09,em-escopo,"site vivo, porta de carreiras nao localizada no HTML"
Abylight Barcelona,Developer,Barcelona,Catalonia,Spain,https://abylight.com/,ja conhecido (painel/csv),em-escopo,porta-ok:https://abylight.com/
Abylight Studios,Publisher,Barcelona,Catalonia,Spain,https://abylightstudios.com/,NOVO,fora-de-escopo,nao-triado
AlenarSoft,Developer,Barcelona,Catalonia,Spain,https://alenar-soft.itch.io/,ja na fila gamedevmap 06/09,em-escopo,"site vivo, porta de carreiras nao localizada no HTML"
Alike Studio,Mobile,Barcelona,Catalonia,Spain,https://alikestudio.com/,NOVO,em-escopo,porta-ok:https://alikestudio.com
Alkimia Interactive (THQ Nordic),Developer,Barcelona,Catalonia,Spain,https://alkimiainteractive.com/,ja conhecido (painel/csv),em-escopo,"site vivo, porta de carreiras nao localizada no HTML"
Altered Orbit Studios,Developer,Barcelona,Catalonia,Spain,https://selacogame.com/,ja na fila gamedevmap 06/09,em-escopo,"site vivo, porta de carreiras nao localizada no HTML"
Anarkade,Mobile,Barcelona,Catalonia,Spain,https://anarkade.wordpress.com/,NOVO,em-escopo,porta-ok:https://anarkade.wordpress.com
Anchor Point Studios,Developer,Barcelona,Catalonia,Spain,https://anchor-point.com/,ja na fila gamedevmap 06/09,em-escopo,porta-sem-resposta
AnKae Games,Developer,Barcelona,Catalonia,Spain,https://elementallis.com/,ja na fila gamedevmap 06/09,em-escopo,"site vivo, porta de carreiras nao localizada no HTML"
Antihero Studios,Mobile,Barcelona,Catalonia,Spain,https://antiherostudios.com/,NOVO,em-escopo,porta-ok:https://antiherostudios.com
Appnormals Team,Developer,Barcelona,Catalonia,Spain,https://appnormals.com/,ja na fila gamedevmap 06/09,em-escopo,"site vivo, porta de carreiras nao localizada no HTML"
Arrowfist Games,Developer,Barcelona,Catalonia,Spain,https://arrowfistgames.com/,ja na fila gamedevmap 06/09,em-escopo,"site vivo, porta de carreiras nao localizada no HTML"
Astral Pixel,Microstudio,Barcelona,Catalonia,Spain,https://astralpixel.itch.io/,NOVO,em-escopo,porta-ok:https://astralpixel.itch.io
Awex Studios,Mobile,Barcelona,Catalonia,Spain,https://awexstudios.com/,NOVO,em-escopo,porta-ok:https://awexstudios.com
AwitaGames,Microstudio,Barcelona,Catalonia,Spain,https://awitagames.com/,NOVO,em-escopo,porta-ok:https://awitagames.com
Baby Robot Games,Developer,Barcelona,Catalonia,Spain,https://www.ereban.com/,ja conhecido (painel/csv),em-escopo,porta-ok:https://www.ereban.com/careers/
Bandai Namco Mobile,Mobile,Barcelona,Catalonia,Spain,https://bandainamcomobile.com/,ja conhecido (painel/csv),em-escopo,porta-ok:https://bandainamcomobile.com/careers/jobs/1199319-open-application/
Beautiful Glitch,Developer,Barcelona,Catalonia,Spain,https://www.monsterprom.pizza/,ja na fila gamedevmap 06/09,em-escopo,"site vivo, porta de carreiras nao localizada no HTML"
Bespoke Pixel,Developer,Barcelona,Catalonia,Spain,https://bespokepixel.studio/,ja na fila gamedevmap 06/09,em-escopo,"quadro teamtailor vivo, 3 vagas, nenhuma da disciplina"
Bloompix Studios,Extended Reality (XR),Barcelona,Catalonia,Spain,https://www.bloompixstudios.com/,NOVO,em-escopo,porta-ok:https://www.bloompixstudios.com
Caligari Games,Developer,Barcelona,Catalonia,Spain,https://www.caligarigames.net/,ja na fila gamedevmap 06/09,em-escopo,"site vivo, porta de carreiras nao localizada no HTML"
Cheer Games,Mobile,Barcelona,Catalonia,Spain,https://cheer.gs/,NOVO,em-escopo,porta-ok:https://cheer.gs
Dark Curry,Mobile,Barcelona,Catalonia,Spain,https://www.darkcurry.com,NOVO,em-escopo,porta-ok:https://www.darkcurry.com
Digital Legends Entertainment (Activision),Mobile,Barcelona,Catalonia,Spain,http://digital-legends.com/,ja conhecido (painel/csv),em-escopo,porta-ok:https://careers.digital-legends.com/us/en
Dolores Entertainment,Mobile,Barcelona,Catalonia,Spain,http://doloresentertainment.com/,NOVO,em-escopo,porta-ok:https://doloresentertainment.com
DreamSoftGames,Developer,Barcelona,Catalonia,Spain,https://www.dreamssoftgames.com,ja na fila gamedevmap 06/09,em-escopo,porta-sem-resposta
Endflame Studios,Developer,Barcelona,Catalonia,Spain,https://www.endflame.com,ja na fila gamedevmap 06/09,em-escopo,"site vivo, porta de carreiras nao localizada no HTML"
Epictellers Entertainment,Developer,Barcelona,Catalonia,Spain,https://www.epictellers.com/,ja na fila gamedevmap 06/09,em-escopo,"site vivo, porta de carreiras nao localizada no HTML"
GameBCN,Incubator/Accelerator,Barcelona,Catalonia,Spain,https://gamebcn.co/,NOVO,fora-de-escopo,nao-triado
GameHouse Spain,Developer,Barcelona,Catalonia,Spain,https://www.gamehouse.com,ja na fila gamedevmap 06/09,em-escopo,porta-ok (factorial detectado): https://company.gamehouse.com/jobs
Gameloft,Mobile,Barcelona,Catalonia,Spain,https://www.gameloft.com,ja conhecido (painel/csv),em-escopo,"quadro SmartRecruiters vivo com 44 vagas, nenhuma de personagem/modelagem na Europa"
Goca Games,Developer,Barcelona,Catalonia,Spain,https://www.gocagames.com/,ja na fila gamedevmap 06/09,em-escopo,"site vivo, porta de carreiras nao localizada no HTML"
Ground Game Atelier,Developer,Barcelona,Catalonia,Spain,https://groundga.com/,ja na fila gamedevmap 06/09,em-escopo,"site vivo, porta de carreiras nao localizada no HTML"
Herobeat Studios,Developer,Barcelona,Catalonia,Spain,https://www.herobeatstudios.com,ja na fila gamedevmap 06/09,em-escopo,"vaga aberta e Technical Artist, fora da disciplina"
Hexworks (CI Games),Developer,Barcelona,Catalonia,Spain,https://cigames.com/,ja conhecido (painel/csv),em-escopo,porta-ok:https://cigames.com/
Hyper 3 Studios,Microstudio,Barcelona,Catalonia,Spain,https://www.hyperthreestudio.com/,NOVO,em-escopo,porta-ok:https://www.hyperthreestudio.com
Hyper Three Studio,Developer,Barcelona,Catalonia,Spain,https://hyperthreestudio.com/,ja na fila gamedevmap 06/09,em-escopo,"site vivo, porta de carreiras nao localizada no HTML"
Icedrop Games,Developer,Barcelona,Catalonia,Spain,https://icedropgames.com/,ja na fila gamedevmap 06/09,em-escopo,"site vivo, porta de carreiras nao localizada no HTML"
Infinigon Games,Developer,Barcelona,Catalonia,Spain,https://www.infinigongames.com,ja conhecido (painel/csv),em-escopo,"site vivo, porta de carreiras nao localizada no HTML"
IO Interactive,Developer,Barcelona,Catalonia,Spain,https://ioi.dk/,ja conhecido (painel/csv),em-escopo,"quadro Teamtailor (apply.ioi.dk) vivo com 1 vaga (HR Consultant), nenhuma de arte; estudio ja trabalhado pela campanha"
Isolated Games,Developer,Barcelona,Catalonia,Spain,https://www.isolatedgames.com/,ja na fila gamedevmap 06/09,em-escopo,"site vivo, porta de carreiras nao localizada no HTML"
JanduSoft Games,Developer and Publisher,Barcelona,Catalonia,Spain,https://www.jandusoft.com/,ja na fila gamedevmap 06/09,em-escopo,"site vivo, porta de carreiras nao localizada no HTML"
King.com (Activision),Mobile,Barcelona,Catalonia,Spain,https://www.king.com,NOVO,em-escopo,porta-ok:https://www.king.com
Larian Studios,Developer,Barcelona,Catalonia,Spain,https://www.larian.com,ja conhecido (painel/csv),em-escopo,"Character Artist - Open Application (Lever): banco de talentos, nao e requisicao datada"
Lince Works,Developer,Barcelona,Catalonia,Spain,https://linceworks.com/,ja conhecido (painel/csv),em-escopo,"site vivo, porta de carreiras nao localizada no HTML"
Little Miracles Games,Developer,Barcelona,Catalonia,Spain,http://www.littlemiraclesgames.com,ja na fila gamedevmap 06/09,em-escopo,porta-sem-resposta
Lusho Games,Microstudio,Barcelona,Catalonia,Spain,https://www.videojocscatalans.cat/eng/companies/lusho-games,NOVO,em-escopo,porta-ok:https://www.videojocscatalans.cat/eng/companies/lusho-games
Melbot Studios,Developer,Barcelona,Catalonia,Spain,https://melbot.es/,ja conhecido (painel/csv),em-escopo,porta-ok:https://melbot.es/#careers
Moon Active,Mobile,Barcelona,Catalonia,Spain,https://moonactive.com/,NOVO,em-escopo,porta-ok:https://moonactive.com/careers
Mudskipper Games,Microstudio,Barcelona,Catalonia,Spain,https://mudskippergames.com/,NOVO,em-escopo,porta-sem-resposta
Nomada Studio,Developer,Barcelona,Catalonia,Spain,https://www.nomada.studio,ja na fila gamedevmap 06/09,em-escopo,porta-ok:https://nomada.studio/careers/
Octavi Navarro,Microstudio,Barcelona,Catalonia,Spain,https://octavinavarro.com/projects,NOVO,em-escopo,porta-sem-resposta
Oriol Cosp Games,Microstudio,Barcelona,Catalonia,Spain,https://oriolcosp.com/,NOVO,em-escopo,porta-ok:https://oriolcosp.com
Paradox Tinto,Developer and Publisher,Barcelona,Catalonia,Spain,https://www.paradoxinteractive.com/,ja na fila gamedevmap 06/09,em-escopo,porta-ok:https://career.paradoxplaza.com/jobs
Parrot Games (SocialPoint),Mobile,Barcelona,Catalonia,Spain,https://parrotgames.es/,NOVO,em-escopo,porta-ok:https://parrotgames.es
Penguin Armada,Developer and Publisher,Barcelona,Catalonia,Spain,https://penguinarmada.com/,ja na fila gamedevmap 06/09,em-escopo,porta-ok:https://penguinarmada.com/careers
Petoons Studio,Developer,Barcelona,Catalonia,Spain,https://www.petoons.com/,ja na fila gamedevmap 06/09,em-escopo,"site vivo, porta de carreiras nao localizada no HTML"
Piccolo Studio,Developer,Barcelona,Catalonia,Spain,https://piccolostudio.net/,ja conhecido (painel/csv),em-escopo,"site vivo, porta de carreiras nao localizada no HTML"
Picollo Studio,Developer,Barcelona,Catalonia,Spain,https://piccolo-studio.com/,ja conhecido (painel/csv),em-escopo,porta-ok:https://piccolo-studio.com/#join-us
Poti Poti Studio,Developer,Barcelona,Catalonia,Spain,https://www.potipoti.studio/,ja na fila gamedevmap 06/09,em-escopo,"site vivo, porta de carreiras nao localizada no HTML"
Product Madness Spain (Aristocrat),Mobile,Barcelona,Catalonia,Spain,https://productmadness.com/,NOVO,em-escopo,porta-ok:https://productmadness.com/careers
Rovio Barcelona,Mobile,Barcelona,Catalonia,Spain,https://rovio.com/,NOVO,em-escopo,porta-ok:https://rovio.com/careers
Sand Castles Studio,Developer,Barcelona,Catalonia,Spain,https://www.sandcastlesst.com/,ja na fila gamedevmap 06/09,em-escopo,porta-ok:https://www.sandcastlesst.com/404/
Sandsoft Games,Developer and Publisher,Barcelona,Catalonia,Spain,https://sandsoft.com/,ja na fila gamedevmap 06/09,em-escopo,porta-ok:https://sandsoft.com/careers-at-sandsoft/
Scopely,Developer and Publisher,Barcelona,Catalonia,Spain,https://www.scopely.com,ja conhecido (painel/csv),em-escopo,porta-ok:https://careers.scopely.com/us/en
Social Point (Take-Two Interactive Software),Developer,Barcelona,Catalonia,Spain,https://socialpoint.es/,ja na fila gamedevmap 06/09,em-escopo,"quadro greenhouse vivo, 9 vagas, nenhuma da disciplina"
Spacego,Mobile,Barcelona,Catalonia,Spain,https://www.spacego.games/,NOVO,em-escopo,porta-ok:https://www.spacego.games
Starjuice,Mobile,Barcelona,Catalonia,Spain,https://starjuice.itch.io/,NOVO,em-escopo,porta-ok:https://starjuice.itch.io
Studio Koba,Mobile,Barcelona,Catalonia,Spain,https://www.studiokoba.com,NOVO,em-escopo,porta-ok:https://www.studiokoba.com
Super PowerUp Games,Developer,Barcelona,Catalonia,Spain,https://superpowerup.com/,ja na fila gamedevmap 06/09,em-escopo,"site vivo, porta de carreiras nao localizada no HTML"
Tangelo Games,Online,Barcelona,Catalonia,Spain,https://tangelogames.com,NOVO,em-escopo,porta-ok:https://tangelogames.com
Tanuki Game Studio,Developer and Publisher,Barcelona,Catalonia,Spain,https://www.tanukigamestudio.com,ja na fila gamedevmap 06/09,em-escopo,"site vivo, porta de carreiras nao localizada no HTML"
TapTapTales,Mobile,Barcelona,Catalonia,Spain,https://taptaptales.com/,NOVO,em-escopo,porta-ok:https://taptaptales.com
The Breach Studios,Developer,Barcelona,Catalonia,Spain,https://thebreachstudios.com/,ja conhecido (painel/csv),em-escopo,"site vivo, porta de carreiras nao localizada no HTML"
Thruster Games,Developer,Barcelona,Catalonia,Spain,https://thrustergames.itch.io/,ja na fila gamedevmap 06/09,em-escopo,"site vivo, porta de carreiras nao localizada no HTML"
TikTak Games,Online,Barcelona,Catalonia,Spain,https://www.tiktakgames.com,NOVO,em-escopo,porta-ok:https://www.tiktakgames.com
Tilting Point,Publisher,Barcelona,Catalonia,Spain,https://tiltingpoint.com,NOVO,fora-de-escopo,nao-triado
Titutitech,Mobile,Barcelona,Catalonia,Spain,https://www.titutitech.com,NOVO,em-escopo,porta-ok:https://www.titutitech.com
Troglobytes Games,Developer,Barcelona,Catalonia,Spain,https://troglobytesgames.com/,ja na fila gamedevmap 06/09,em-escopo,"site vivo, porta de carreiras nao localizada no HTML"
U-Play Online,Mobile,Barcelona,Catalonia,Spain,https://www.uplayonline.com,NOVO,em-escopo,porta-ok:https://www.uplayonline.com/careers
Ubisoft Barcelona,Developer and Publisher,Barcelona,Catalonia,Spain,https://www.ubisoft.com,ja conhecido (painel/csv),em-escopo,porta-ok:https://www.ubisoft.com/en-us
Uncasual Games,Developer,Barcelona,Catalonia,Spain,https://ancient-cities.com/,ja na fila gamedevmap 06/09,em-escopo,"site vivo, porta de carreiras nao localizada no HTML"
Undercoders,Developer,Barcelona,Catalonia,Spain,https://www.undercoders.com,ja na fila gamedevmap 06/09,em-escopo,"site vivo, porta de carreiras nao localizada no HTML"
Unfinished Pixel,Developer,Barcelona,Catalonia,Spain,https://www.unfinishedpixel.com,ja na fila gamedevmap 06/09,em-escopo,"site vivo, porta de carreiras nao localizada no HTML"
VirtualAge,Extended Reality (XR),Barcelona,Catalonia,Spain,https://virtualage.io/,NOVO,em-escopo,porta-ok:https://virtualage.io
Voodoo,Mobile,Barcelona,Catalonia,Spain,https://voodoo.io/,NOVO,em-escopo,"quadro Lever vivo, nenhuma vaga da disciplina (Art Director, Game Artist, Marketing Video Artist, UI/UX)"
Weird Beluga Studios,Developer,Barcelona,Catalonia,Spain,https://weirdbeluga.com/,ja na fila gamedevmap 06/09,em-escopo,porta-sem-resposta
XRHealth,Health,Barcelona,Catalonia,Spain,https://xr.health/,NOVO,fora-de-escopo,nao-triado
Zeptolab,Developer and Publisher,Barcelona,Catalonia,Spain,https://www.zeptolab.com/,ja na fila gamedevmap 06/09,em-escopo,porta-ok:https://www.zeptolab.com/
Zynga,Mobile,Barcelona,Catalonia,Spain,https://zynga.com/,NOVO,em-escopo,porta-ok:https://zynga.com/careers
2K Madrid,Developer and Publisher,Madrid,Madrid,Spain,https://2kmadrid.com/,ja na fila gamedevmap 06/09,em-escopo,porta-ok:https://2k.com/studios/small-axe-studios/careers/
505 Games (Digital Bros),Publisher,Madrid,Madrid,Spain,https://505games.com/,NOVO,fora-de-escopo,nao-triado
AAA GameStudios,Developer,Madrid,Madrid,Spain,https://www.aaagamestudios.com/,ja na fila gamedevmap 06/09,em-escopo,"site vivo, porta de carreiras nao localizada no HTML"
AHEARTFULOFGAMES,Developer,Madrid,Madrid,Spain,https://aheartfulofgames.com/,ja na fila gamedevmap 06/09,em-escopo,"site vivo, porta de carreiras nao localizada no HTML"
Bandai Namco Entertainment Iberica,Publisher,Madrid,Madrid,Spain,https://en.bandainamcoent.eu/,NOVO,fora-de-escopo,nao-triado
Crema,Developer,Madrid,Madrid,Spain,https://crema.gg/,ja conhecido (painel/csv),em-escopo,porta-ok:https://crema.gg/careers/
Dapper Penguin Studios,Developer,Madrid,Madrid,Spain,https://www.riseofindustry.com,ja na fila gamedevmap 06/09,em-escopo,"site vivo, porta de carreiras nao localizada no HTML"
Dojo System,Developer,Madrid,Madrid,Spain,https://dojo-system.com/,ja na fila gamedevmap 06/09,em-escopo,"site vivo, porta de carreiras nao localizada no HTML"
Dr. Kucho Games,Developer,Madrid,Madrid,Spain,https://www.drkuchogames.com/,ja na fila gamedevmap 06/09,em-escopo,"site vivo, porta de carreiras nao localizada no HTML"
Dragon Resonance,Developer,Madrid,Madrid,Spain,https://www.dragonresonance.com/,ja na fila gamedevmap 06/09,em-escopo,"site vivo, porta de carreiras nao localizada no HTML"
EA Madrid (Electronic Arts),Developer and Publisher,Madrid,Madrid,Spain,https://ea.com/,ja conhecido (painel/csv),em-escopo,porta-ok:https://www.ea.com/careers
EA Sports (Electronic Arts),Developer,Madrid,Madrid,Spain,https://www.ea.com/ea-studios/ea-sports,ja conhecido (painel/csv),em-escopo,porta-ok:https://jobs.ea.com/en_US/careers/Home/?4536=%5B8302%2C8307%5D&amp;4536_format=3019&amp;4538=%5B8382%5D&amp;4538_format=3021&amp;listFilterMode=1&amp;jobRecordsPerPage=20&amp;
EF Games,Developer,Madrid,Madrid,Spain,https://ef.games/,ja conhecido (painel/csv),em-escopo,porta-ok:https://ef.games/jobs/senior-unity-developer/
EMK Capital,Investment,Madrid,Madrid,Spain,https://www.emkcapital.com/,NOVO,fora-de-escopo,nao-triado
eRepublik,Online,Madrid,Madrid,Spain,https://www.erepublik.com,NOVO,em-escopo,porta-ok:https://www.erepublik.com
Everguild,Developer,Madrid,Madrid,Spain,https://everguild.com/,ja na fila gamedevmap 06/09,em-escopo,porta-sem-resposta
FemDevs,Organization,Madrid,Madrid,Spain,https://www.femdevs.es,NOVO,fora-de-escopo,nao-triado
Fictiorama Studios,Developer,Madrid,Madrid,Spain,https://www.fictiorama.com,ja na fila gamedevmap 06/09,em-escopo,"site vivo, porta de carreiras nao localizada no HTML"
Final Screw Games,Developer,Madrid,Madrid,Spain,https://finalscrew.com/,ja na fila gamedevmap 06/09,em-escopo,"site vivo, porta de carreiras nao localizada no HTML"
Flying Beast Labs,Developer,Madrid,Madrid,Spain,https://www.flyingbeastlabs.com,ja na fila gamedevmap 06/09,em-escopo,"site vivo, porta de carreiras nao localizada no HTML"
Gameloft,Mobile,Madrid,Madrid,Spain,https://www.gameloft.com,ja conhecido (painel/csv),em-escopo,"quadro SmartRecruiters vivo com 44 vagas, nenhuma de personagem/modelagem na Europa"
Heynau Games,Online,Madrid,Madrid,Spain,https://heynaugames.com/,NOVO,em-escopo,porta-ok:https://heynaugames.com
Hydra Interactive Entertainment,Developer,Madrid,Madrid,Spain,https://www.hydra-interactive.com/,ja na fila gamedevmap 06/09,em-escopo,"site vivo, porta de carreiras nao localizada no HTML"
Koch Media,Publisher,Madrid,Madrid,Spain,https://www.kochmedia.com,NOVO,fora-de-escopo,nao-triado
Lingokids,Mobile,Madrid,Madrid,Spain,https://www.lingokids.com,NOVO,em-escopo,porta-ok:https://www.lingokids.com
Luegolu3go Studios,Developer,Madrid,Madrid,Spain,https://www.luegolu3go.com,ja na fila gamedevmap 06/09,em-escopo,"site vivo, porta de carreiras nao localizada no HTML"
Mango Protocol,Developer,Madrid,Madrid,Spain,http://mangoprotocol.com/,ja na fila gamedevmap 06/09,em-escopo,"site vivo, porta de carreiras nao localizada no HTML"
Mediatonic,Developer,Madrid,Madrid,Spain,https://www.mediatonicgames.com,ja na fila gamedevmap 06/09,em-escopo,porta-ok:https://www.mediatonicgames.com/careers
Mercurysteam Entertainment,Developer,Madrid,Madrid,Spain,https://mercurysteam.com/,ja conhecido (painel/csv),em-escopo,"site vivo, porta de carreiras nao localizada no HTML"
Mochi Game Design,Microstudio,Madrid,Madrid,Spain,https://mochigamedesign.com/,NOVO,em-escopo,porta-ok:https://mochigamedesign.com
Molegato,Microstudio,Madrid,Madrid,Spain,https://molegato.com/,NOVO,em-escopo,porta-ok:https://molegato.com
Nachobeard,Microstudio,Madrid,Madrid,Spain,https://www.nachobeard.com,NOVO,em-escopo,porta-ok:https://www.nachobeard.com
Numantian Games,Developer,Madrid,Madrid,Spain,http://www.numantiangames.com,ja na fila gamedevmap 06/09,em-escopo,"site vivo, porta de carreiras nao localizada no HTML"
Out of the Blue Games,Developer,Madrid,Madrid,Spain,https://www.outbluegames.com/,ja conhecido (painel/csv),em-escopo,"site vivo, porta de carreiras nao localizada no HTML"
Over the Top Games,Developer,Madrid,Madrid,Spain,https://www.overthetopgames.com,ja conhecido (painel/csv),em-escopo,"site vivo, porta de carreiras nao localizada no HTML"
OverPowered Team,Developer,Madrid,Madrid,Spain,https://www.overpoweredteam.com,ja na fila gamedevmap 06/09,em-escopo,"site vivo, porta de carreiras nao localizada no HTML"
Pendulo Studios,Developer,Madrid,Madrid,Spain,http://www.pendulostudios.com/,ja na fila gamedevmap 06/09,em-escopo,porta-sem-resposta
Pentadimensional Games,Developer,Madrid,Madrid,Spain,https://www.megatonrainfall.com,ja na fila gamedevmap 06/09,em-escopo,"site vivo, porta de carreiras nao localizada no HTML"
Protocol Games,Developer,Madrid,Madrid,Spain,http://www.protocolgames.com/,ja na fila gamedevmap 06/09,em-escopo,porta-sem-resposta
Red Mountain,Developer,Madrid,Madrid,Spain,https://redmountain.es/,ja na fila gamedevmap 06/09,em-escopo,"site vivo, porta de carreiras nao localizada no HTML"
Saber Interactive,Developer and Publisher,Madrid,Madrid,Spain,https://saber.games/,ja na fila gamedevmap 06/09,em-escopo,porta-ok:https://saber.games/careers/
Secret 6,Developer,Madrid,Madrid,Spain,https://www.secret6.com,ja na fila gamedevmap 06/09,em-escopo,porta-ok:https://secret6.com/
Spanish Video Game Association (AEVI),Organization,Madrid,Madrid,Spain,https://www.aevi.org.es/web/,NOVO,fora-de-escopo,nao-triado
Tessera Studios,Developer,Madrid,Madrid,Spain,http://tesserastudios.com/,ja conhecido (painel/csv),em-escopo,"site vivo, porta de carreiras nao localizada no HTML"
Timeless Games,Developer,Madrid,Madrid,Spain,https://sordonom.wixsite.com/timelessgames/,ja na fila gamedevmap 06/09,em-escopo,porta-sem-resposta
Tiny Moon Team,Developer,Madrid,Madrid,Spain,https://www.tinymoon.es,ja na fila gamedevmap 06/09,em-escopo,"site vivo, porta de carreiras nao localizada no HTML"
Topotoy Labs,Developer,Madrid,Madrid,Spain,https://topotoy.com/,ja na fila gamedevmap 06/09,em-escopo,"site vivo, porta de carreiras nao localizada no HTML"
Vermila Studios,Developer and Publisher,Madrid,Madrid,Spain,https://vermila.com/,ja na fila gamedevmap 06/09,em-escopo,"site vivo, porta de carreiras nao localizada no HTML"
Vertical Robot,Developer,Madrid,Madrid,Spain,https://www.verticalrobot.com/,ja na fila gamedevmap 06/09,em-escopo,"site vivo, porta de carreiras nao localizada no HTML"
Voragine Game Studios,Developer,Madrid,Madrid,Spain,https://voraginestudios.com/,ja na fila gamedevmap 06/09,em-escopo,porta-ok:https://voraginestudios.com/jobs
Weird Beluga,Developer,Madrid,Madrid,Spain,https://clidthesnail.wixsite.com/presskit,ja na fila gamedevmap 06/09,em-escopo,"site vivo, porta de carreiras nao localizada no HTML"
Zerouno Games,Developer and Publisher,Madrid,Madrid,Spain,https://zerounogames.com/,ja na fila gamedevmap 06/09,em-escopo,"site vivo, porta de carreiras nao localizada no HTML"
Zinkia Madrid,Developer,Madrid,Madrid,Spain,https://www.zinkia.com/,ja na fila gamedevmap 06/09,em-escopo,"site vivo, porta de carreiras nao localizada no HTML"
2k Czech,Developer and Publisher,Prague,Bohemia,Czechia,http://2kczech.com/,NOVO,em-escopo,porta-ok:https://2kczech.com
About Fun,Developer,Prague,Bohemia,Czechia,https://about-fun.com/,ja conhecido (painel/csv),em-escopo,"site vivo, porta de carreiras nao localizada no HTML"
Amanita Design,Developer,Prague,Bohemia,Czechia,https://amanita-design.net/,NOVO,em-escopo,porta-ok:https://amanita-design.net
Anttka4,Developer,Prague,Bohemia,Czechia,https://www.anttka4.dev/,NOVO,em-escopo,porta-ok:https://www.anttka4.dev
Ascendant Studio,Extended Reality (XR),Prague,Bohemia,Czechia,https://ascendantstudio.com/,NOVO,em-escopo,porta-ok:https://ascendantstudio.com
Beresnev Games,Developer,Prague,Bohemia,Czechia,https://beresnev.games/,NOVO,em-escopo,porta-ok:https://beresnev.games/careers
Blue Brain Games,Developer,Prague,Bohemia,Czechia,https://www.bluebraingames.com/,ja na fila gamedevmap 06/09,em-escopo,porta-ok:https://www.bluebraingames.com/jobs
Bohemia Interactive,Developer and Publisher,Prague,Bohemia,Czechia,https://www.bohemia.net/,ja conhecido (painel/csv),em-escopo,porta-ok:https://careers.bohemia.net/en
Brainz Gamify,Extended Reality (XR),Prague,Bohemia,Czechia,https://gamify.cz/,NOVO,em-escopo,porta-ok:https://gamify.cz
Charles Games,Developer,Prague,Bohemia,Czechia,https://charlesgames.net/,NOVO,em-escopo,porta-ok:https://charlesgames.net
Cinemax,Developer,Prague,Bohemia,Czechia,https://cinemax.cz/,NOVO,em-escopo,porta-ok:https://cinemax.cz/careers
Czech Game Developers Association (GDACZ),Organization,Prague,Bohemia,Czechia,https://gda.cz/,NOVO,fora-de-escopo,nao-triado
DIVR Labs,Extended Reality (XR),Prague,Bohemia,Czechia,https://www.divrlabs.com/,NOVO,em-escopo,porta-ok:https://www.divrlabs.com
Fiolasoft Studios,Developer,Prague,Bohemia,Czechia,https://www.fiolasoft.com,NOVO,em-escopo,porta-ok:https://www.fiolasoft.com
Fulqrum Publishing,Developer and Publisher,Prague,Bohemia,Czechia,https://fulqrumpublishing.com/,NOVO,em-escopo,porta-ok:https://fulqrumpublishing.com
GRIP Studios,Developer and Publisher,Prague,Bohemia,Czechia,https://grip-studios.com/,ja na fila gamedevmap 06/09,em-escopo,"site vivo, porta de carreiras nao localizada no HTML"
Hangar 13 (2K),Developer,Prague,Bohemia,Czechia,https://www.hangar13games.com,NOVO,em-escopo,porta-ok:https://www.hangar13games.com/careers
Honestly Games,Microstudio,Prague,Bohemia,Czechia,https://lordsandvilleins.com/,NOVO,em-escopo,porta-ok:https://lordsandvilleins.com
Keen Software House,Developer,Prague,Bohemia,Czechia,https://www.keenswh.com,ja conhecido (painel/csv),em-escopo,porta-ok:https://www.keenswh.com/careers/
Kube Games (Kubat Software),Developer,Prague,Bohemia,Czechia,http://www.kubat-software.com/,NOVO,em-escopo,porta-ok:https://www.kubat-software.com
McMagic Productions,Microstudio,Prague,Bohemia,Czechia,,NOVO,em-escopo,porta-sem-resposta
Nepos Games,Developer,Prague,Bohemia,Czechia,https://nepos.games/,NOVO,em-escopo,porta-sem-resposta
North Beach Games,Developer,Prague,Bohemia,Czechia,https://northbeachgames.com/,NOVO,em-escopo,porta-ok:https://northbeachgames.com
Paperash Studio,Developer,Prague,Bohemia,Czechia,https://www.paperash.com,NOVO,em-escopo,porta-ok:https://www.paperash.com
Rake In Grass,Developer,Prague,Bohemia,Czechia,https://www.rakeingrass.com,NOVO,em-escopo,porta-ok:https://www.rakeingrass.com/careers
Rendlike,Developer,Prague,Bohemia,Czechia,https://www.rendlike.com/,NOVO,em-escopo,porta-ok:https://www.rendlike.com
SCS Software,Developer,Prague,Bohemia,Czechia,https://www.scssoft.com,NOVO,em-escopo,porta-ok:https://www.scssoft.com/jobs
Unigine Europe,Developer,Prague,Bohemia,Czechia,https://unigine.com,NOVO,em-escopo,"3D artists e publico-alvo do SDK, nao vaga"
Wargaming Prague,Online,Prague,Bohemia,Czechia,https://wargaming.com/,ja conhecido (painel/csv),em-escopo,porta-ok:https://wargaming.com/en/
Warhorse Studios,Developer,Prague,Bohemia,Czechia,https://www.warhorsestudios.cz,ja conhecido (painel/csv),em-escopo,"site vivo, porta de carreiras nao localizada no HTML"
Wube Software,Developer,Prague,Bohemia,Czechia,https://www.factorio.com,NOVO,em-escopo,porta-ok:https://www.factorio.com/jobs
Amplify Creations,Developer,Lisbon,Lisbon,Portugal,https://amplify.pt/,ja na fila gamedevmap 06/09,em-escopo,"site vivo, porta de carreiras nao localizada no HTML"
Arkadium,Developer,Lisbon,Lisbon,Portugal,https://www.arkadium.com/,ja na fila gamedevmap 06/09,em-escopo,porta-ok (workable detectado): https://corporate.arkadium.com/careers/
Associacao de Produtores de Videojogos Portugueses (APVP),Organization,Lisbon,Lisbon,Portugal,https://apvp.pt/,NOVO,fora-de-escopo,nao-triado
Battlesheep,Mobile,Lisbon,Lisbon,Portugal,https://www.battlesheep.com/,NOVO,em-escopo,porta-ok:https://www.battlesheep.com
Bica Studios,Mobile,Lisbon,Lisbon,Portugal,https://bicastudios.com/,NOVO,em-escopo,porta-ok:https://bicastudios.com
Camel 101,Mobile,Lisbon,Lisbon,Portugal,https://camel101.com/,NOVO,em-escopo,porta-ok:https://camel101.com/careers
Code Three Fifty One,Developer,Lisbon,Lisbon,Portugal,https://code351.com/,ja na fila gamedevmap 06/09,em-escopo,"site vivo, porta de carreiras nao localizada no HTML"
Dark Cloud Games,Mobile,Lisbon,Lisbon,Portugal,https://www.darkcloud.games/,ja conhecido (painel/csv),em-escopo,Character Artist e ILUSTRACAO 2D (Photoshop) - descarte de disciplina
Fun Punch Games,Developer,Lisbon,Lisbon,Portugal,https://www.funpunchgames.com,ja conhecido (painel/csv),em-escopo,porta-ok:https://www.funpunchgames.com/jobs/
ImaginationOverflow,Developer,Lisbon,Lisbon,Portugal,https://imaginationoverflow.com/,ja na fila gamedevmap 06/09,em-escopo,"site vivo, porta de carreiras nao localizada no HTML"
Marmalade Game Studio,Developer,Lisbon,Lisbon,Portugal,https://www.marmaladegamestudio.com,ja conhecido (painel/csv),em-escopo,porta-ok:https://www.marmaladegamestudio.com/careers
Massive Galaxy Studios,Developer,Lisbon,Lisbon,Portugal,https://massivegalaxy.com/,ja conhecido (painel/csv),em-escopo,"site vivo, porta de carreiras nao localizada no HTML"
MixRift,Extended Reality (XR),Lisbon,Lisbon,Portugal,https://mixrift.com/,NOVO,em-escopo,porta-ok:https://mixrift.com/careers
Not a Game Studio,Developer,Lisbon,Lisbon,Portugal,https://www.notagamestudio.com,ja na fila gamedevmap 06/09,em-escopo,"site vivo, porta de carreiras nao localizada no HTML"
ONTOP Studios,Mobile,Lisbon,Lisbon,Portugal,https://ontopstudios.com/,NOVO,em-escopo,porta-ok:https://ontopstudios.com
Serius Games,Developer,Lisbon,Lisbon,Portugal,https://www.seriusgames.com,ja na fila gamedevmap 06/09,em-escopo,"site vivo, porta de carreiras nao localizada no HTML"
Tio Atum,Mobile,Lisbon,Lisbon,Portugal,https://www.tioatum.com,NOVO,em-escopo,porta-ok:https://www.tioatum.com/careers
Unicorn Factory Lisboa,Incubator/Accelerator,Lisbon,Lisbon,Portugal,https://www.uflgaminghub.com/,NOVO,fora-de-escopo,nao-triado
Upfall Studios,Developer,Lisbon,Lisbon,Portugal,https://www.upfallstudios.com,ja na fila gamedevmap 06/09,em-escopo,"site vivo, porta de carreiras nao localizada no HTML"
Virtuleap,Health,Lisbon,Lisbon,Portugal,https://virtuleap.com/,NOVO,fora-de-escopo,nao-triado
Voodoo,Mobile,Lisbon,Lisbon,Portugal,https://voodoo.io/,NOVO,em-escopo,"quadro Lever vivo, nenhuma vaga da disciplina (Art Director, Game Artist, Marketing Video Artist, UI/UX)"
Whales and Games,Developer,Lisbon,Lisbon,Portugal,https://whalesandgames.com/,ja na fila gamedevmap 06/09,em-escopo,"site vivo, porta de carreiras nao localizada no HTML"
Whalestork Interactive,Developer,Lisbon,Lisbon,Portugal,https://www.whalestork.com,ja na fila gamedevmap 06/09,em-escopo,"site vivo, porta de carreiras nao localizada no HTML"
WindLimit,Developer,Lisbon,Lisbon,Portugal,https://www.windlimit.com/,ja na fila gamedevmap 06/09,em-escopo,"site vivo, porta de carreiras nao localizada no HTML"
3DClouds,Developer,Milan,Lombardia,Italy,https://3dclouds.it/,ja na fila gamedevmap 06/09,em-escopo,"site vivo, porta de carreiras nao localizada no HTML"
505 Games (Digital Bros),Publisher,Milan,Lombardia,Italy,https://505games.com/,NOVO,fora-de-escopo,nao-triado
505 Pulse (Digital Bros),Publisher,Milan,Lombardia,Italy,https://505pulse.com/,NOVO,fora-de-escopo,nao-triado
Antab Studio,Developer,Milan,Lombardia,Italy,https://antabstudio.com/,ja na fila gamedevmap 06/09,em-escopo,"site vivo, porta de carreiras nao localizada no HTML"
Avantgarden Games,Developer,Milan,Lombardia,Italy,https://www.avantgardengames.com/,ja na fila gamedevmap 06/09,em-escopo,"site vivo, porta de carreiras nao localizada no HTML"
Bad Seed,Developer,Milan,Lombardia,Italy,https://www.badseed.it/,ja na fila gamedevmap 06/09,em-escopo,"site vivo, porta de carreiras nao localizada no HTML"
BTS Bioengineering,Health,Milan,Lombardia,Italy,https://www.btsbioengineering.com/,NOVO,fora-de-escopo,nao-triado
Chubby Pixel,Developer,Milan,Lombardia,Italy,https://chubbypixel.com/,ja na fila gamedevmap 06/09,em-escopo,"site vivo, porta de carreiras nao localizada no HTML"
Coffee Beans Dev,Microstudio,Milan,Lombardia,Italy,https://coffeebeansdev.itch.io/,NOVO,em-escopo,porta-ok:https://coffeebeansdev.itch.io
D4N Studios,Developer,Milan,Lombardia,Italy,https://d4nstudios.com/,ja na fila gamedevmap 06/09,em-escopo,"site vivo, porta de carreiras nao localizada no HTML"
Day 4 Night Studios,Developer,Milan,Lombardia,Italy,https://d4nstudios.com/,ja na fila gamedevmap 06/09,em-escopo,"site vivo, porta de carreiras nao localizada no HTML"
Digital Bros,Publisher,Milan,Lombardia,Italy,https://www.digitalbros.com,NOVO,fora-de-escopo,nao-triado
EMK Capital,Investment,Milan,Lombardia,Italy,https://www.emkcapital.com/,NOVO,fora-de-escopo,nao-triado
FLAT28 Collective,Developer,Milan,Lombardia,Italy,https://flat28-collective.itch.io/,ja na fila gamedevmap 06/09,em-escopo,"site vivo, porta de carreiras nao localizada no HTML"
Funny Tales,Developer,Milan,Lombardia,Italy,https://funnytales.us/,ja na fila gamedevmap 06/09,em-escopo,porta-ok:https://funnytales.us/careers/
Gameloft,Mobile,Milan,Lombardia,Italy,https://www.gameloft.com,ja conhecido (painel/csv),em-escopo,"quadro SmartRecruiters vivo com 44 vagas, nenhuma de personagem/modelagem na Europa"
Global Fun,Mobile,Milan,Lombardia,Italy,https://www.globalfun.com,NOVO,em-escopo,porta-ok:https://www.globalfun.com/careers
Indomitus Games,Developer,Milan,Lombardia,Italy,https://www.indomitusgames.com,ja na fila gamedevmap 06/09,em-escopo,"site vivo, porta de carreiras nao localizada no HTML"
Italian Interactive Digital Entertainment Association (IIDEA),Organization,Milan,Lombardia,Italy,https://iideassociation.com/,NOVO,fora-de-escopo,nao-triado
Jyamma Games,Developer,Milan,Lombardia,Italy,https://jyammagames.com/,ja conhecido (painel/csv),em-escopo,porta-ok:https://jyammagames.com/careersjyamma/
Koch Media,Publisher,Milan,Lombardia,Italy,https://www.kochmedia.com,NOVO,fora-de-escopo,nao-triado
Lunar Great Wall Studios,Developer,Milan,Lombardia,Italy,https://www.lgwstudios.com,ja na fila gamedevmap 06/09,em-escopo,porta-ok:https://lgwstudios.com/jobs/
Mangatar,Developer,Milan,Lombardia,Italy,https://www.mangatar.net,ja conhecido (painel/csv),em-escopo,"site vivo, porta de carreiras nao localizada no HTML"
Milestone,Developer,Milan,Lombardia,Italy,https://www.milestone.it,ja conhecido (painel/csv),em-escopo,porta-ok:https://milestone.it/careers/
MimiLab,Mobile,Milan,Lombardia,Italy,https://www.mimilab.com,NOVO,em-escopo,porta-ok:https://www.mimilab.com
MonkeyDoor,Publisher,Milan,Lombardia,Italy,https://www.monkey-door.com/,NOVO,fora-de-escopo,nao-triado
Nexent Games,Developer,Milan,Lombardia,Italy,https://games.nexent.io/,ja na fila gamedevmap 06/09,em-escopo,"site vivo, porta de carreiras nao localizada no HTML"
PlaySys,Developer,Milan,Lombardia,Italy,https://www.play-sys.com,ja conhecido (painel/csv),em-escopo,porta-ok:https://www.play-sys.com/jobs/
RaceWard Studio,Developer,Milan,Lombardia,Italy,https://racewardstudio.com/,ja na fila gamedevmap 06/09,em-escopo,porta-ok:https://racewardstudio.com/jobs/
Reply Game Studios,Developer,Milan,Lombardia,Italy,https://reply.com/reply-game-studios/,ja conhecido (painel/csv),em-escopo,porta-ok:https://www.reply.com/reply-game-studios/en/career
Santa Ragione,Developer,Milan,Lombardia,Italy,https://santaragione.com/,ja na fila gamedevmap 06/09,em-escopo,"site vivo, porta de carreiras nao localizada no HTML"
Stormind Games,Developer,Milan,Lombardia,Italy,https://stormindgames.com/,ja conhecido (painel/csv),em-escopo,"quadro bamboohr vivo, 1 vagas, nenhuma da disciplina"
Studio Daimon,Developer,Milan,Lombardia,Italy,https://linktr.ee/studiodaimongames,ja na fila gamedevmap 06/09,em-escopo,porta-ok:https://linktr.ee/s/about/careers
Stupidi Pixel,Developer,Milan,Lombardia,Italy,https://www.stupidipixel.com,ja na fila gamedevmap 06/09,em-escopo,"site vivo, porta de carreiras nao localizada no HTML"
Taito (Square Enix),Developer,Milan,Lombardia,Italy,https://www.taito.co.jp,ja na fila gamedevmap 06/09,em-escopo,porta-ok:https://www.taito.co.jp/corporate/recruitment
Team SolEtude,Developer,Milan,Lombardia,Italy,https://teamsoletude.carrd.co/,ja na fila gamedevmap 06/09,em-escopo,"site vivo, porta de carreiras nao localizada no HTML"
Ubisoft Milan,Developer and Publisher,Milan,Lombardia,Italy,https://www.ubisoft.com,ja conhecido (painel/csv),em-escopo,porta-ok:https://www.ubisoft.com/en-us
We Are Muesli,Developer,Milan,Lombardia,Italy,https://www.wearemuesli.it,ja na fila gamedevmap 06/09,em-escopo,"site vivo, porta de carreiras nao localizada no HTML"
WhatWapp Entertainment,Mobile,Milan,Lombardia,Italy,https://whatwapp.com/,NOVO,em-escopo,porta-ok:https://whatwapp.com/careers
100 Stones Interactive,Developer,Melbourne,Victoria,Australia,https://100stonesinteractive.com/,NOVO,em-escopo,nao-triado
2pt Interactive,Developer,Melbourne,Victoria,Australia,https://2pt.com.au/,NOVO,em-escopo,nao-triado
3 Sprockets,Mobile,Melbourne,Victoria,Australia,https://3sprockets.com/,NOVO,em-escopo,nao-triado
5 Lives Studios,Developer,Brisbane,Queensland,Australia,https://5livesstudios.com/,ja na fila gamedevmap 06/09,em-escopo,nao-triado
Abandoned Sheep,Developer,Brisbane,Queensland,Australia,https://abandonedsheep.com/,NOVO,em-escopo,nao-triado
Activision Sydney,Developer and Publisher,Sydney,New South Wales,Australia,https://activision.com/,NOVO,em-escopo,nao-triado
aFewBitsShort,Microstudio,Melbourne,Victoria,Australia,http://afewbitsshort.com,NOVO,em-escopo,nao-triado
Alderon Games,Developer,Bakery Hill,Victoria,Australia,https://alderongames.com/,ja na fila gamedevmap 06/09,em-escopo,nao-triado
Alta,Extended Reality (XR),Sydney,New South Wales,Australia,https://altavr.io/,NOVO,em-escopo,nao-triado
Altitude Games,Mobile,Perth,Western Australia,Australia,https://altitude-games.com/,NOVO,em-escopo,nao-triado
Aristocrat Leisure Limited,Developer,Brookvale,New South Wales,Australia,https://aristocrat.com/,NOVO,em-escopo,nao-triado
Aristocrat Leisure Limited,Developer,North Ryde,New South Wales,Australia,https://aristocrat.com/,NOVO,em-escopo,nao-triado
Arludo Games,Serious Games,Botany,New South Wales,Australia,https://arludo.com/,NOVO,em-escopo,nao-triado
Art of Play,Developer,Melbourne,Victoria,Australia,https://artofplaygames.com/,NOVO,em-escopo,nao-triado
Bad Plan Studios,Microstudio,Adelaide,South Australia,Australia,https://badplanstudios.wordpress.com/,NOVO,em-escopo,nao-triado
Bandai Namco Entertainment Australia,Publisher,Sydney,New South Wales,Australia,https://bandainamcoent.com/,NOVO,fora-de-escopo,nao-triado
Barrel Smash Studios,Developer,Melbourne,Victoria,Australia,https://barrelsmashstudios.com/,NOVO,em-escopo,nao-triado
BeamTeam Games,Developer,Brisbane,Queensland,Australia,https://www.beamteamgames.com/,NOVO,em-escopo,nao-triado
Bee Braun,Microstudio,Melbourne,Victoria,Australia,https://brodnork.itch.io/,NOVO,em-escopo,nao-triado
Beethoven & Dinosaur,Developer,Melbourne,Victoria,Australia,https://theartfulescape.com/,NOVO,em-escopo,nao-triado
Big Ant Studios (NACON),Developer,Melbourne,Victoria,Australia,https://www.bigant.com/,ja na fila gamedevmap 06/09,em-escopo,nao-triado
Bin Chicken Studios,Mobile,Melbourne,Victoria,Australia,https://binchicken.info/,NOVO,em-escopo,nao-triado
Black Lab Games,Developer,Leederville,Western Australia,Australia,https://blacklab.games/,ja na fila gamedevmap 06/09,em-escopo,nao-triado
Blizzard Entertainment,Developer,Sydney,New South Wales,Australia,https://blizzard.com/,ja conhecido (painel/csv),em-escopo,nao-triado
Blowfish Studios,Developer and Publisher,North Sydney,New South Wales,Australia,https://www.blowfishstudios.com/,ja na fila gamedevmap 06/09,em-escopo,nao-triado
Blue Manchu,Mobile,Surry Hills,New South Wales,Australia,https://voidbastards.com/,NOVO,em-escopo,nao-triado
Bone Assembly,Developer,Melbourne,Victoria,Australia,https://www.dungeonexperience.com/,NOVO,em-escopo,nao-triado
Broadside Games,Developer,Brisbane,Queensland,Australia,https://www.broadside.games/,NOVO,em-escopo,nao-triado
Broken Arms Games,Mobile,Miranda,New South Wales,Australia,https://www.brokenarmsgames.com/,NOVO,em-escopo,nao-triado
Bubble Gum Interactive,Mobile,Sydney,New South Wales,Australia,https://www.bubbleguminteractive.com/,NOVO,em-escopo,nao-triado
Bulbware,Microstudio,Sydney,New South Wales,Australia,https://www.bulbware.com/,NOVO,em-escopo,nao-triado
Bun Muen,Developer,Melbourne,Victoria,Australia,https://bunmuen.itch.io/,NOVO,em-escopo,nao-triado
Catalyst Launch Pad,Incubator/Accelerator,Adelaide,South Australia,Australia,https://www.catalystgames.com.au/launchpad,NOVO,fora-de-escopo,nao-triado
Catch Weight Studios,Developer,Melbourne,Victoria,Australia,https://www.catchweightstudio.com/,NOVO,em-escopo,nao-triado
Chaos Theory,Developer,Chippendale,New South Wales,Australia,https://chaostheorygames.com/,ja na fila gamedevmap 06/09,em-escopo,nao-triado
Colestia,Microstudio,Canberra,Australian Capital Territory,Australia,https://colestia.itch.io/,NOVO,em-escopo,nao-triado
Con Artist Games,Developer,Melbourne,Victoria,Australia,https://conartistgames.com/,NOVO,em-escopo,nao-triado
Convict Games,Developer,Melbourne,Victoria,Australia,https://www.convictgames.com,NOVO,em-escopo,nao-triado
Dale Turner,Developer,Adelaide,South Australia,Australia,https://dale.wiki/,NOVO,em-escopo,nao-triado
Dan Ferguson,Microstudio,Darwin,Northern Territory,Australia,https://daniel-ferguson.itch.io/,NOVO,em-escopo,nao-triado
Daniel Linssen,Microstudio,Sydney,New South Wales,Australia,https://daniellinssen.games/,NOVO,em-escopo,nao-triado
Dave Lloyd,Developer,Melbourne,Victoria,Australia,https://www.powerhoof.com/,NOVO,em-escopo,nao-triado
Defiant Development,Developer,Brisbane,Queensland,Australia,https://www.defiantdev.com,ja na fila gamedevmap 06/09,em-escopo,nao-triado
Demruth,Developer,Melbourne,Victoria,Australia,http://antichamber-game.com/,NOVO,em-escopo,nao-triado
Digital Lode,Extended Reality (XR),Melbourne,Victoria,Australia,https://www.thelode.com.au,ja na fila gamedevmap 06/09,em-escopo,nao-triado
Digs,Microstudio,Sydney,New South Wales,Australia,https://dialglex.itch.io/,NOVO,em-escopo,nao-triado
dobdob collective,Developer,Darwin,Northern Territory,Australia,https://dobdob.studio/,NOVO,em-escopo,nao-triado
DoricDream,Developer,Hobart,Tasmania,Australia,https://doricdream.itch.io/,NOVO,em-escopo,nao-triado
DPS Games (Wargaming),Online,Sydney,New South Wales,Australia,https://wargaming.net/,NOVO,em-escopo,nao-triado
DragonBear Studios,Developer,Melbourne,Victoria,Australia,https://innchanted.com/,ja na fila gamedevmap 06/09,em-escopo,nao-triado
Drop Bear Bytes,Developer,Torquay,Victoria,Australia,https://www.dropbearbytes.com,NOVO,em-escopo,nao-triado
Earthwork Games,Developer,Brisbane,Queensland,Australia,https://www.earthworkgames.com,NOVO,em-escopo,nao-triado
Effort Star Games,Developer,Melbourne,Victoria,Australia,https://effortstar.games/,NOVO,em-escopo,nao-triado
Electronic Arts,Publisher,Sydney,New South Wales,Australia,https://ea.com/,ja conhecido (painel/csv),fora-de-escopo,nao-triado
emergeWorlds,Extended Reality (XR),Brisbane,Queensland,Australia,https://www.emergeworlds.com,ja na fila gamedevmap 06/09,em-escopo,nao-triado
Epiphany Games,Developer,Sydney,New South Wales,Australia,https://www.epiphanygames.net,NOVO,em-escopo,nao-triado
Espire,Extended Reality (XR),Melbourne,Victoria,Australia,https://www.espire1.com,NOVO,em-escopo,nao-triado
Exbleative,Developer,Adelaide,South Australia,Australia,https://www.exbleative.com,NOVO,em-escopo,nao-triado
Eyecon,Developer,Brisbane,Queensland,Australia,https://www.eyecon.com.au,NOVO,em-escopo,nao-triado
Featherweight Games,Mobile,Sydney,New South Wales,Australia,https://www.featherweightgames.com,ja na fila gamedevmap 06/09,em-escopo,nao-triado
Fellow Traveller,Publisher,Melbourne,Victoria,Australia,https://www.fellowtraveller.games,NOVO,fora-de-escopo,nao-triado
Firemonkeys (Electronic Arts),Mobile,Richmond,Victoria,Australia,https://www.ea.com/ea-studios/firemonkeys,ja conhecido (painel/csv),em-escopo,nao-triado
Floor Chicken,Developer,Melbourne,Victoria,Australia,https://floorchicken.com/,NOVO,em-escopo,nao-triado
Flow Studio,Developer,Brisbane,Queensland,Australia,https://flowgamestudio.com/,NOVO,em-escopo,nao-triado
Flux,Developer,Sydney,New South Wales,Australia,https://www.fluxstory.com,ja conhecido (painel/csv),em-escopo,nao-triado
Foxie Ventures,Mobile,Adelaide,South Australia,Australia,https://www.foxieventures.com,NOVO,em-escopo,nao-triado
Gameclaw Studio,Microstudio,Melbourne,Victoria,Australia,https://gameclaw.io/,NOVO,em-escopo,nao-triado
Gameloft,Mobile,Brisbane,Queensland,Australia,https://www.gameloft.com,ja conhecido (painel/csv),em-escopo,nao-triado
Gameloft,Mobile,Sydney,New South Wales,Australia,https://www.gameloft.com,ja conhecido (painel/csv),em-escopo,nao-triado
Gameplus,Incubator/Accelerator,Adelaide,South Australia,Australia,https://gameplus.com.au/,NOVO,fora-de-escopo,nao-triado
Gameplus,Incubator/Accelerator,Canberra,Australian Capital Territory,Australia,https://gameplus.com.au/,NOVO,fora-de-escopo,nao-triado
Gameplus,Incubator/Accelerator,Sydney,New South Wales,Australia,https://gameplus.com.au/,NOVO,fora-de-escopo,nao-triado
Games by Malcs,Microstudio,Perth,Western Australia,Australia,https://gamesbymalcs.com/,NOVO,em-escopo,nao-triado
Ghost Pattern,Developer,Melbourne,Victoria,Australia,https://www.ghostpattern.net,NOVO,em-escopo,nao-triado
Ghoulish,Developer,Melbourne,Victoria,Australia,https://ghoulish.com.au/,NOVO,em-escopo,nao-triado
GigXR,Serious Games,Adelaide,South Australia,Australia,https://gigxr.com/,NOVO,em-escopo,porta-ok:https://gigxr.com
Glinda Games,Developer,Melbourne,Victoria,Australia,https://www.glindagames.com/,NOVO,em-escopo,nao-triado
GOATi Entertainment,Developer,Melbourne,Victoria,Australia,https://goatientertainment.com/,NOVO,em-escopo,nao-triado
Grace Bruxner,Developer,Melbourne,Victoria,Australia,https://www.gracebruxner.com,NOVO,em-escopo,nao-triado
Grease Monkey Games,Developer,Melbourne,Victoria,Australia,https://www.greasemonkeygames.com/,ja na fila gamedevmap 06/09,em-escopo,nao-triado
Greenheart Games,Developer,Brisbane,Queensland,Australia,https://www.greenheartgames.com,ja na fila gamedevmap 06/09,em-escopo,nao-triado
Grinning Pickle,Developer,Melbourne,Victoria,Australia,https://grinningpickle.studio/,NOVO,em-escopo,nao-triado
Halfbrick Studios,Mobile,Kelvin Grove,Queensland,Australia,https://www.halfbrick.com,ja na fila gamedevmap 06/09,em-escopo,nao-triado
Haven Software,Developer,Perth,Western Australia,Australia,https://www.facebook.com/HavenSoftware/,NOVO,em-escopo,nao-triado
Henry's House,Microstudio,Melbourne,Victoria,Australia,https://www.henryshouse.com.au/,NOVO,em-escopo,nao-triado
Hipster Whale,Mobile,Melbourne,Victoria,Australia,https://www.hipsterwhale.com,ja conhecido (painel/csv),em-escopo,nao-triado
Hojo Studio,Mobile,Sydney,New South Wales,Australia,https://www.hojostudio.com.au/,NOVO,em-escopo,nao-triado
House House,Developer,Melbourne,Victoria,Australia,https://househouse.com/,NOVO,em-escopo,nao-triado
iCandy Interactive,Developer,Melbourne,Victoria,Australia,https://icandy.io/,ja na fila gamedevmap 06/09,em-escopo,nao-triado
IGDA Australia - Melbourne,Organization,Melbourne,Victoria,Australia,https://igda.org/chapters/au-melbourne/,NOVO,fora-de-escopo,nao-triado
IGDA Australia - Sydney,Organization,Sydney,New South Wales,Australia,https://igda.org/chapters/au-sydney/,NOVO,fora-de-escopo,nao-triado
Impromptu Games,Developer,Melbourne,Victoria,Australia,https://www.impromptugames.com,NOVO,em-escopo,nao-triado
Infinite Interactive,Developer,Essendon,Victoria,Australia,https://www.infinite-interactive.com,ja conhecido (painel/csv),em-escopo,nao-triado
Infinity Plus Two,Developer,Melbourne,Victoria,Australia,https://www.infinityplustwo.net,ja na fila gamedevmap 06/09,em-escopo,nao-triado
Intarsia Interactive,Developer,Melbourne,Victoria,Australia,https://intarsia.studio/,NOVO,em-escopo,nao-triado
Interactive Games & Entertainment Association (IGEA),Organization,Eveleigh,New South Wales,Australia,https://igea.net/,NOVO,fora-de-escopo,nao-triado
Ironworks Games,Developer,Melbourne,Victoria,Australia,https://www.ironworksgames.com/,NOVO,em-escopo,nao-triado
James Swiney,Microstudio,Brisbane,Queensland,Australia,https://jamesswiney.com/,NOVO,em-escopo,nao-triado
Katana AI,Serious Games,Hallett Cove,South Australia,Australia,https://katana-ai.io/,NOVO,em-escopo,nao-triado
Krome Studios,Developer,Brisbane,Queensland,Australia,https://www.kromestudios.com,NOVO,em-escopo,nao-triado
League of Geeks,Developer,Melbourne,Victoria,Australia,https://www.leagueofgeeks.com,ja na fila gamedevmap 06/09,em-escopo,nao-triado
Lemonade Games,Developer,Sydney,New South Wales,Australia,https://lemonadegames.co/,ja na fila gamedevmap 06/09,em-escopo,nao-triado
Lightning Rock,Mobile,Canberra,Australian Capital Territory,Australia,https://www.lightningrock.com,NOVO,em-escopo,nao-triado
Liminal VR,Health,Abbotsford,Victoria,Australia,https://www.liminalvr.com,ja na fila gamedevmap 06/09,fora-de-escopo,nao-triado
Little Big Byte,Developer,Hobart,Tasmania,Australia,https://littlebigbyte.com/,NOVO,em-escopo,nao-triado
Little Pink Clouds,Developer,Melbourne,Victoria,Australia,https://www.littlepinkclouds.com/,NOVO,em-escopo,nao-triado
Loveshack,Developer,Melbourne,Victoria,Australia,https://loveshackentertainment.com,ja na fila gamedevmap 06/09,em-escopo,nao-triado
Lucernal,Developer,Melbourne,Victoria,Australia,https://www.lucernal.com,NOVO,em-escopo,nao-triado
Mark R. Johnson Games,Microstudio,Sydney,New South Wales,Australia,https://www.markrjohnsongames.com/,NOVO,em-escopo,nao-triado
Mascoteers,Mobile,South Yarra,Victoria,Australia,https://www.themascoteers.com,NOVO,em-escopo,nao-triado
MASS,Incubator/Accelerator,Melbourne,Victoria,Australia,https://www.mass.co/,NOVO,fora-de-escopo,nao-triado
Massive Monster,Developer,Melbourne,Victoria,Australia,https://www.massivemonster.co,NOVO,em-escopo,nao-triado
Mental Jam,Developer,Melbourne,Victoria,Australia,https://hellomentaljam.com/,NOVO,em-escopo,nao-triado
MicroProse,Publisher,Taylors Beach,New South Wales,Australia,https://www.microprose.com,NOVO,fora-de-escopo,nao-triado
Midnighters,Publisher,Brisbane,Queensland,Australia,https://midnighters.games/,NOVO,fora-de-escopo,nao-triado
Midnighters,Publisher,Melbourne,Victoria,Australia,https://midnighters.games/,NOVO,fora-de-escopo,nao-triado
Mighty Games,Developer,Melbourne,Victoria,Australia,https://www.mightygamesgroup.com,ja conhecido (painel/csv),em-escopo,nao-triado
Mighty Kingdom,Developer,Adelaide,South Australia,Australia,https://www.mightykingdom.com,ja na fila gamedevmap 06/09,em-escopo,nao-triado
Minimega,Mobile,Raleigh,New South Wales,Australia,https://www.bonzapuzzles.com/,NOVO,em-escopo,nao-triado
Mirari + Co Games,Developer,Epping,Victoria,Australia,https://www.mirari.tv/,NOVO,em-escopo,nao-triado
Missing Mountain,Developer,Melbourne,Victoria,Australia,https://missingmountain.itch.io,NOVO,em-escopo,nao-triado
Mode Games,Developer,Sydney,New South Wales,Australia,https://www.mode-games.com,NOVO,em-escopo,nao-triado
Modern Storyteller,Developer,Melbourne,Victoria,Australia,https://www.modern-storyteller.com,ja na fila gamedevmap 06/09,em-escopo,nao-triado
Monte Boyd,Microstudio,Sydney,New South Wales,Australia,https://monteboyd.itch.io/,NOVO,em-escopo,nao-triado
Moss Wolf Games,Microstudio,Tuart Hill,Western Australia,Australia,http://mosswolfgames.com/,NOVO,em-escopo,nao-triado
N3V Games,Developer,Helensvale,Queensland,Australia,https://www.n3vgames.com,NOVO,em-escopo,nao-triado
Nnooo,Developer,Sydney,New South Wales,Australia,http://www.nnooo.com/,NOVO,em-escopo,nao-triado
Noble Steed Games,Developer,Surry Hills,New South Wales,Australia,https://noblesteedgames.com/,ja na fila gamedevmap 06/09,em-escopo,nao-triado
Noisy Nit Games,Mobile,Umina Beach,New South Wales,Australia,https://noisynitgames.com/,NOVO,em-escopo,nao-triado
Normal Wholesome Games,Developer,Melbourne,Victoria,Australia,https://www.normalwholesomegames.com,ja na fila gamedevmap 06/09,em-escopo,nao-triado
Not Dead Designer,Developer,Melbourne,Victoria,Australia,https://www.kanaquestgame.com,NOVO,em-escopo,nao-triado
ODD Games,Developer,Adelaide,South Australia,Australia,https://www.oddgames.com.au,NOVO,em-escopo,nao-triado
One Up Plus Entertainment,Developer,Sydney,New South Wales,Australia,https://www.oneupplustrust.com,NOVO,em-escopo,nao-triado
Onerat Games,Developer,Melbourne,Victoria,Australia,https://www.oneratgames.com,NOVO,em-escopo,nao-triado
Opaque Media Group,Extended Reality (XR),Melbourne,Victoria,Australia,https://www.opaque.media,NOVO,em-escopo,nao-triado
ORIGAME DIGITAL,Developer,Lismore,New South Wales,Australia,https://shop.tapiki.io/,NOVO,em-escopo,nao-triado
Panda Arcade,Mobile,Melbourne,Victoria,Australia,https://www.pandaarcade.com,ja na fila gamedevmap 06/09,em-escopo,nao-triado
Panther Games,Developer,Canberra,Australian Capital Territory,Australia,http://www.panthergames.com/,NOVO,em-escopo,nao-triado
Paper Cactus Games,Developer,Adelaide,South Australia,Australia,https://www.papercactusgames.com/,NOVO,em-escopo,nao-triado
Paper House,Developer,Melbourne,Victoria,Australia,https://www.paperbarkgame.com,NOVO,em-escopo,nao-triado
Parasol Corp,Developer,Melbourne,Victoria,Australia,https://parasolcorp.dev/,NOVO,em-escopo,nao-triado
Pixel Drip Games,Developer,Adelaide,South Australia,Australia,https://pixeldripgames.com.au/,NOVO,em-escopo,nao-triado
Pixel Heart Studio,Developer,Gold Coast,Queensland,Australia,https://pixelheartstudios.co/,NOVO,em-escopo,nao-triado
Playside Studios,Developer,Melbourne,Victoria,Australia,https://playsidestudios.com/,ja na fila gamedevmap 06/09,em-escopo,nao-triado
Pond Games,Developer,Adelaide,South Australia,Australia,https://pond.games/,NOVO,em-escopo,nao-triado
Powerhoof,Developer,Melbourne,Victoria,Australia,https://www.powerhoof.com,NOVO,em-escopo,nao-triado
Prey Tell Stories,Developer,Melbourne,Victoria,Australia,https://preytellstories.com/,NOVO,em-escopo,nao-triado
Prideful Sloth,Developer,Brisbane,Queensland,Australia,https://pridefulsloth.com/,ja na fila gamedevmap 06/09,em-escopo,nao-triado
Protostar,Developer,Brisbane,Queensland,Australia,https://www.protostargames.com,NOVO,em-escopo,nao-triado
QLoud Games,Developer,Sydney,New South Wales,Australia,https://loftia.gg/,NOVO,em-escopo,nao-triado
Real Serious Games,Serious Games,Fortitude Valley,Queensland,Australia,https://www.realseriousgames.com,ja na fila gamedevmap 06/09,em-escopo,nao-triado
Red Dog Studios,Developer and Publisher,Karratha,Western Australia,Australia,https://www.reddogstudios.com.au/,NOVO,em-escopo,nao-triado
Red Sprite Studios,Developer,Brisbane,Queensland,Australia,http://www.redspritestudios.com/,NOVO,em-escopo,nao-triado
RefresherTowel Games,Developer,Innisfall,Queensland,Australia,https://refreshertowelgames.wordpress.com/,NOVO,em-escopo,nao-triado
Revolutionary Concepts,Mobile,Melbourne,Victoria,Australia,https://revolutionaryconcepts.games/,NOVO,em-escopo,nao-triado
Riot Games,Online,Sydney,New South Wales,Australia,https://www.riotgames.com,ja conhecido (painel/csv),em-escopo,nao-triado
Robot Circus,Developer,Melbourne,Victoria,Australia,https://robot-circus.com/,NOVO,em-escopo,nao-triado
Rockstar Australia,Developer,Sydney,New South Wales,Australia,https://www.rockstargames.com/,ja conhecido (painel/csv),em-escopo,nao-triado
Rotub Games,Developer,Sydney,New South Wales,Australia,https://rotub.itch.io/,NOVO,em-escopo,nao-triado
Salty Games,Developer,Darwin,Northern Territory,Australia,https://www.saltygames.com.au/,NOVO,em-escopo,nao-triado
Samurai Punk,Developer,Melbourne,Victoria,Australia,https://www.samuraipunk.com,ja na fila gamedevmap 06/09,em-escopo,nao-triado
Sbug Games,Developer,Brisbane,Queensland,Australia,https://webbed.website,NOVO,em-escopo,nao-triado
Screwtape Studios,Developer,Brisbane,Queensland,Australia,https://www.screwtape.net/,NOVO,em-escopo,nao-triado
Seabank Digital Productions,Developer,Melbourne,Victoria,Australia,https://grandvoyagegame.com/,NOVO,em-escopo,nao-triado
Searching Interactive,Developer,Melbourne,Victoria,Australia,https://www.searchinginteractive.com/,NOVO,em-escopo,nao-triado
Secret Lab,Mobile,Hobart,Tasmania,Australia,https://www.secretlab.com.au,NOVO,em-escopo,nao-triado
See More Games,Microstudio,Lane Cove North,New South Wales,Australia,https://seemore.games/,NOVO,em-escopo,nao-triado
Sega Australia,Publisher,Sydney,New South Wales,Australia,https://www.sega.com,NOVO,fora-de-escopo,nao-triado
Shark Jump,Developer,Adelaide,South Australia,Australia,https://www.sharkjumpstudios.com,NOVO,em-escopo,nao-triado
Sidebar Games,Developer,Brisbane,Queensland,Australia,https://www.golfstorygame.com,NOVO,em-escopo,nao-triado
Sledgehammer Games (Activision),Developer,Melbourne,Victoria,Australia,https://sledgehammergames.com/,ja na fila gamedevmap 06/09,em-escopo,nao-triado
Smash Attack Studios,Mobile,Launceston,Tasmania,Australia,https://smashattackaus.com/,NOVO,em-escopo,nao-triado
SMG Studio,Developer,Melbourne,Victoria,Australia,https://www.smgstudio.com,ja na fila gamedevmap 06/09,em-escopo,nao-triado
SMG Studio,Developer,Ultimo,New South Wales,Australia,https://www.smgstudio.com,ja na fila gamedevmap 06/09,em-escopo,nao-triado
Sorath Dev,Microstudio,Melbourne,Victoria,Australia,https://sorath.com/,NOVO,em-escopo,nao-triado
Space Dragon Games,Developer,Canberra,Australian Capital Territory,Australia,https://bsky.app/profile/spacedragongames.bsky.social,NOVO,em-escopo,nao-triado
Split Atom Labs,Mobile,Melbourne,Victoria,Australia,https://splitatomlabs.com/,NOVO,em-escopo,nao-triado
Spunge Games,Mobile,Brisbane,Queensland,Australia,https://www.spungegames.com,ja na fila gamedevmap 06/09,em-escopo,nao-triado
Starburnt Studios,Developer,Brisbane,Queensland,Australia,https://starburntstudios.wixsite.com/arqueskies,NOVO,em-escopo,nao-triado
Stick Sports,Mobile,Sydney,New South Wales,Australia,https://www.sticksports.com,NOVO,em-escopo,porta-ok:https://www.sticksports.com
Story City,Mobile,Brisbane,Queensland,Australia,https://about.storycity.app/,NOVO,em-escopo,nao-triado
Studio Drydock,Developer,Melbourne,Victoria,Australia,https://studiodrydock.com/,ja na fila gamedevmap 06/09,em-escopo,nao-triado
Studio Folly,Developer,Melbourne,Victoria,Australia,https://folly.studio/,NOVO,em-escopo,nao-triado
Stutter Fox Studios,Developer,Melbourne,Victoria,Australia,https://stutterfoxstudios.com/,NOVO,em-escopo,nao-triado
Subversive Games,Developer,Sydney,New South Wales,Australia,http://www.subversivegames.com,NOVO,em-escopo,nao-triado
Summerfall Studios,Developer,Melbourne,Victoria,Australia,https://www.summerfallstudios.com,ja na fila gamedevmap 06/09,em-escopo,nao-triado
Super Spin Digital,Developer,Melbourne,Victoria,Australia,https://spinrhythmgame.com/,NOVO,em-escopo,nao-triado
Sweaty Chair,Mobile,Parramatta,New South Wales,Australia,https://www.sweatychair.com,ja na fila gamedevmap 06/09,em-escopo,nao-triado
Sweaty Chair Studio,Developer,Sydney,New South Wales,Australia,https://www.sweatychair.com/,ja na fila gamedevmap 06/09,em-escopo,nao-triado
Take 2 Interactive Australia,Publisher,Hornsby,New South Wales,Australia,https://www.take2games.com/,NOVO,fora-de-escopo,nao-triado
Tantalus,Developer,Brisbane,Queensland,Australia,https://www.tantalus.com.au,ja na fila gamedevmap 06/09,em-escopo,nao-triado
Tantalus,Developer,Melbourne,Victoria,Australia,https://www.tantalus.com.au/,ja na fila gamedevmap 06/09,em-escopo,nao-triado
Team Cherry,Developer,Adelaide,South Australia,Australia,https://www.teamcherry.com.au,NOVO,em-escopo,nao-triado
Team Fractal Alligator,Developer,Adelaide,South Australia,Australia,https://www.wrestledunk.com,NOVO,em-escopo,nao-triado
Team Shifty,Developer,Brisbane,Queensland,Australia,https://www.mrshifty.com,NOVO,em-escopo,nao-triado
Team WIBY,Developer,Brisbane,Queensland,Australia,https://www.phantomabyss.com,NOVO,em-escopo,nao-triado
Tempo Lab Games,Developer and Publisher,Sydney,New South Wales,Australia,https://www.tempolabgames.com/,NOVO,em-escopo,nao-triado
The Binary Mill,Mobile,Gold Coast,Queensland,Australia,https://thebinarymill.com/,ja na fila gamedevmap 06/09,em-escopo,nao-triado
The Voxel Agents,Developer,Melbourne,Victoria,Australia,https://www.thevoxelagents.com,NOVO,em-escopo,nao-triado
Three Phase Interactive,Developer,Melbourne,Victoria,Australia,https://www.threephaseinteractive.com,NOVO,em-escopo,nao-triado
Tin Man Games,Mobile,Melbourne,Victoria,Australia,https://www.tinmangames.com.au,ja na fila gamedevmap 06/09,em-escopo,nao-triado
Tinyware Games,Developer,City Beach,Western Australia,Australia,https://www.tinywaregames.com/,NOVO,em-escopo,nao-triado
Toast Interactive,Developer and Publisher,Brisbane,Queensland,Australia,https://toastinteractive.com/,NOVO,em-escopo,nao-triado
Toot Games,Developer,Melbourne,Victoria,Australia,https://tootgames.com.au/,NOVO,em-escopo,nao-triado
Top Chop Games,Mobile,Adelaide,South Australia,Australia,https://topchopgames.com/,NOVO,em-escopo,nao-triado
Tower Storm,Developer,Brisbane,Queensland,Australia,https://www.towerstorm.com/,NOVO,em-escopo,nao-triado
Toybox Games Studio,Developer,Melbourne,Victoria,Australia,https://toyboxgamesstudios.com/,ja na fila gamedevmap 06/09,em-escopo,nao-triado
True Axis,Mobile,Melbourne,Victoria,Australia,https://www.trueaxis.com,ja na fila gamedevmap 06/09,em-escopo,nao-triado
Two and a Half Studios,Developer,Hobart,Tasmania,Australia,https://twoandahalfstudios.com/,ja na fila gamedevmap 06/09,em-escopo,nao-triado
Unikat,Publisher,Perth,Western Australia,Australia,https://www.unikat-label.com/,NOVO,fora-de-escopo,nao-triado
UNIKAT Label,Publisher,Perth,Western Australia,Australia,https://www.unikat-label.com/,NOVO,fora-de-escopo,nao-triado
Uppercut Games,Developer and Publisher,Canberra,Australian Capital Territory,Australia,https://www.uppercut-games.com,ja na fila gamedevmap 06/09,em-escopo,nao-triado
VicScreen,Organization,Melbourne,Victoria,Australia,https://vicscreen.vic.gov.au/,NOVO,fora-de-escopo,nao-triado
Video Games Deluxe (Rockstar Australia),Online,Pyrmont,New South Wales,Australia,https://www.rockstargames.com/,ja conhecido (painel/csv),em-escopo,nao-triado
We Have Always Lived in the Forest,Developer,Adelaide,South Australia,Australia,https://darkwebstreamer.com/,NOVO,em-escopo,nao-triado
WeatherFell,Developer,Perth,Western Australia,Australia,https://weatherfell.carrd.co/,NOVO,em-escopo,nao-triado
WeForge Studio,Developer,Sydney,New South Wales,Australia,http://www.weforgestudio.com,ja na fila gamedevmap 06/09,em-escopo,nao-triado
Wicked Witch Software,Developer,Melbourne,Victoria,Australia,https://www.wicked-witch.com.au,NOVO,em-escopo,nao-triado
Witch Beam,Developer,Brisbane,Queensland,Australia,https://www.witchbeam.com.au,ja conhecido (painel/csv),em-escopo,nao-triado
Wombat Brawler,Developer,Brisbane,Queensland,Australia,https://www.wombatbrawler.com/,NOVO,em-escopo,nao-triado
Wombat Brawler,Developer,Melbourne,Victoria,Australia,https://www.wombatbrawler.com/,NOVO,em-escopo,nao-triado
XRHealth,Health,Melbourne,Victoria,Australia,https://xr.health/,NOVO,fora-de-escopo,nao-triado
Yak & Co,Developer,Melbourne,Victoria,Australia,https://www.yakandco.com/,ja na fila gamedevmap 06/09,em-escopo,nao-triado
Zero Latency VR,Extended Reality (XR),Abbotsford,Victoria,Australia,https://zerolatencyvr.com/,NOVO,em-escopo,nao-triado
Awfully Nice Studios,Developer,Innsbruck,Tyrol,Austria,https://awfullynicestudios.com/,ja na fila gamedevmap 06/09,em-escopo,nao-triado
Blanksword,Developer,Vienna,Vienna,Austria,https://blanksword.carrd.co/,ja na fila gamedevmap 06/09,em-escopo,"site vivo, porta de carreiras nao localizada no HTML"
Bongfish,Developer,Graz,Steiermark,Austria,https://bongfish.com/,ja conhecido (painel/csv),em-escopo,"quadro personio vivo, 1 vagas, nenhuma da disciplina"
Broken Rules,Developer,Vienna,Vienna,Austria,https://www.brokenrul.es/,ja na fila gamedevmap 06/09,em-escopo,porta-ok:https://www.brokenrul.es/jobs
ByteParrot,Developer,Linz,Upper Austria,Austria,https://byteparrot.com/,ja na fila gamedevmap 06/09,em-escopo,nao-triado
Clockstone Studio,Developer,Innsbruck,Tyrol,Austria,https://clockstone.com/,ja na fila gamedevmap 06/09,em-escopo,nao-triado
Clockwork Bird,Microstudio,Vienna,Vienna,Austria,https://clockworkbird.net/,NOVO,em-escopo,"site vivo, porta de carreiras nao localizada no HTML"
Everflux Games,Developer,Innsbruck,Tyrol,Austria,https://everfluxgames.com/,ja na fila gamedevmap 06/09,em-escopo,nao-triado
Ezekiel Rage,Microstudio,Innsbruck,Tyrol,Austria,https://www.ezekiel-rage.com/,NOVO,em-escopo,nao-triado
Fantastic Humans,Microstudio,Vienna,Vienna,Austria,https://fantastichumans.itch.io/,NOVO,em-escopo,"site vivo, porta de carreiras nao localizada no HTML"
Fire Totem Games,Developer,Wernberg,Carinthia,Austria,https://www.firetotemgames.com/,ja na fila gamedevmap 06/09,em-escopo,nao-triado
Follow the Feathers,Developer,Vienna,Vienna,Austria,https://www.followfeathers.com,ja na fila gamedevmap 06/09,em-escopo,"site vivo, porta de carreiras nao localizada no HTML"
Game Gestalt,Microstudio,Vienna,Vienna,Austria,https://gamegestalt.com,NOVO,em-escopo,"site vivo, porta de carreiras nao localizada no HTML"
Hexdraw,Developer,Niederndorf,Tyrol,Austria,https://www.hexdraw.com,ja na fila gamedevmap 06/09,em-escopo,nao-triado
Hugging Dragons,Developer,Vienna,Vienna,Austria,http://huggingdragons.com,ja na fila gamedevmap 06/09,em-escopo,"site vivo, porta de carreiras nao localizada no HTML"
Ichbinhamma,Microstudio,Vienna,Vienna,Austria,https://ichbinhamma.itch.io/,NOVO,em-escopo,"site vivo, porta de carreiras nao localizada no HTML"
Koch Media,Publisher,Hofen,Reutte,Austria,https://www.kochmedia.com,NOVO,fora-de-escopo,nao-triado
Lemuria Games,Microstudio,Vienna,Vienna,Austria,https://lemuria.org/,NOVO,em-escopo,"site vivo, porta de carreiras nao localizada no HTML"
Mi'pu'mi Games,Developer,Vienna,Vienna,Austria,https://www.mipumi.com,ja na fila gamedevmap 06/09,em-escopo,porta-sem-resposta
Microbird Games,Developer,Vienna,Vienna,Austria,https://www.microbird-games.com,ja conhecido (painel/csv),em-escopo,"site vivo, porta de carreiras nao localizada no HTML"
Moon Studios,Developer,Vienna,Vienna,Austria,https://www.orithegame.com,ja conhecido (painel/csv),em-escopo,"site vivo, porta de carreiras nao localizada no HTML"
Owned by Gravity,Developer,Vienna,Vienna,Austria,https://www.ownedbygravity.com/,ja na fila gamedevmap 06/09,em-escopo,porta-ok:https://www.ownedbygravity.com/jobs
Pioneers of Game Development Austria (PGDA),Organization,Vienna,Vienna,Austria,https://pgda.at/,NOVO,fora-de-escopo,nao-triado
PLAION,Publisher,Hofen,Reutte,Austria,https://plaion.com/,NOVO,fora-de-escopo,nao-triado
Poink Games,Developer,Vienna,Vienna,Austria,https://impress.games/press-kit/poink-games/felbound,ja na fila gamedevmap 06/09,em-escopo,porta-ok:https://impress.games/careers
Purple Lamp (THQ Nordic),Developer,Vienna,Vienna,Austria,https://purplelamp.com/,ja conhecido (painel/csv),em-escopo,"site vivo, porta de carreiras nao localizada no HTML"
Rarebyte,Developer,Graz,Steiermark,Austria,http://www.rarebyte.com/,ja conhecido (painel/csv),em-escopo,porta-ok:https://www.rarebyte.com/jobs
Rarebyte,Developer,Vienna,Vienna,Austria,http://www.rarebyte.com/,ja conhecido (painel/csv),em-escopo,porta-ok:https://www.rarebyte.com/jobs
Redox Interactive,Developer,Salzburg,Salzburg,Austria,https://redox-interactive.com/,ja na fila gamedevmap 06/09,em-escopo,porta-ok:https://redox-interactive.com/jobs/
Reignite Games,Developer,Vienna,Vienna,Austria,https://www.pantarheigame.com/,ja na fila gamedevmap 06/09,em-escopo,"site vivo, porta de carreiras nao localizada no HTML"
stillalive studios,Developer,Innsbruck,Tyrol,Austria,https://www.stillalive-studios.com,ja na fila gamedevmap 06/09,em-escopo,nao-triado
Stuffed Wombat,Microstudio,Vienna,Vienna,Austria,https://stuffedwomb.at/,NOVO,em-escopo,"site vivo, porta de carreiras nao localizada no HTML"
SUNFOX Games,Online,Vienna,Vienna,Austria,https://www.sunfoxgames.com,NOVO,em-escopo,porta-sem-resposta
Supertreat (Playtika),Mobile,Graz,Steiermark,Austria,https://www.supertreat.net,NOVO,em-escopo,"site vivo, porta de carreiras nao localizada no HTML"
THQ Nordic,Publisher,Vienna,Vienna,Austria,https://www.thqnordic.com,NOVO,fora-de-escopo,nao-triado
Unmade Games,Developer,Vienna,Vienna,Austria,https://unmadegames.com/,ja na fila gamedevmap 06/09,em-escopo,"site vivo, porta de carreiras nao localizada no HTML"
Xendex Holding,Publisher,Graz,Steiermark,Austria,https://www.xendex.com/,NOVO,fora-de-escopo,nao-triado
Zeppelin Studio,Developer,Vienna,Vienna,Austria,https://zeppelinstudio.net/,ja na fila gamedevmap 06/09,em-escopo,porta-ok:https://zeppelinstudio.net/jobs/
A Llama in a Pajama,Developer,Ghent,Vlaanderen,Belgium,https://pajamallama.be/,ja na fila gamedevmap 06/09,em-escopo,porta-ok:https://www.pajamallama.be/jobs/
Abonneer,Developer,Zedelgem,West Flanders,Belgium,https://abonneer-games.com/,ja na fila gamedevmap 06/09,em-escopo,nao-triado
Abrakam Entertainment,Developer,Angleur,Wallonia,Belgium,https://abrakam.com/,ja conhecido (painel/csv),em-escopo,nao-triado
AlterEyes,Developer,Hasselt,Limburg,Belgium,https://altereyes.com/,ja na fila gamedevmap 06/09,em-escopo,nao-triado
Appeal Studios (THQ Nordic),Developer,Charleroi,Hainaut,Belgium,https://appeal-studios.com/,ja conhecido (painel/csv),em-escopo,nao-triado
Belgian Games,Organization,Brussels,Brussels,Belgium,https://www.belgiangames.be/,NOVO,fora-de-escopo,nao-triado
BiteMe Games,Developer,Koksijde,West Flanders,Belgium,https://www.bitemegames.com/,ja na fila gamedevmap 06/09,em-escopo,nao-triado
Bolt Blaster Games,Developer,Diepenbeek,Limburg,Belgium,https://boltblastergames.com/,ja na fila gamedevmap 06/09,em-escopo,nao-triado
Briganti,Developer,Schoten,Antwerp,Belgium,https://www.dungeonalchemist.com/,ja na fila gamedevmap 06/09,em-escopo,nao-triado
Business Goose,Developer,Hasselt,Limburg,Belgium,https://www.businessgoose.be/,ja na fila gamedevmap 06/09,em-escopo,nao-triado
Caspar Croes,Developer,Aalter,East Flanders,Belgium,https://caspercroes.com/,ja na fila gamedevmap 06/09,em-escopo,nao-triado
CatLab Interactive,Online,Ghent,Vlaanderen,Belgium,https://www.catlab.eu/,NOVO,em-escopo,"site vivo, porta de carreiras nao localizada no HTML"
Claeys Brothers Arts,Microstudio,Willebroek,Antwerp,Belgium,https://claeysbrothers.be/,NOVO,em-escopo,nao-triado
CrazyGames,Online,Leuven,Vlaams Brabant,Belgium,https://crazygames.com/,NOVO,em-escopo,"quadro recruitee vivo, 1 vagas, nenhuma da disciplina"
Cronos Interactive,Publisher,Kortrijk,West Flanders,Belgium,https://www.cronos-interactive.be,NOVO,fora-de-escopo,nao-triado
Cybernetic Walrus,Developer,Antwerp,Antwerp,Belgium,https://www.cyberneticwalrus.com,ja conhecido (painel/csv),em-escopo,so estagio para estudante de escola de jogos belga
Cyborn,Developer,Antwerp,Antwerp,Belgium,https://cyborn.be/,ja conhecido (painel/csv),em-escopo,"site vivo, porta de carreiras nao localizada no HTML"
Daisy Games,Developer,Ghent,Vlaanderen,Belgium,https://daisygames.org/,ja na fila gamedevmap 06/09,em-escopo,porta-ok:https://www.daisygames.org/careers
Ervya Studios,Developer,Brussels,Brussels,Belgium,https://ervyastudios.com/,ja na fila gamedevmap 06/09,em-escopo,"site vivo, porta de carreiras nao localizada no HTML"
EUROSIS - ETI,Organization,Ghent-Zwijnaarde,Vlaanderen,Belgium,https://www.eurosis.org,NOVO,fora-de-escopo,nao-triado
Evil Pug Games,Developer,Walcourt,Namur,Belgium,https://evilpug.games/,ja na fila gamedevmap 06/09,em-escopo,nao-triado
EXiin,Developer,Brussels,Brussels,Belgium,https://www.exiin.com,ja conhecido (painel/csv),em-escopo,porta-ok:https://exiin.com/jobs-internships/
Fancy Cat Interactive,Developer,Ghent,Vlaanderen,Belgium,https://fancycatinteractive.com/,ja na fila gamedevmap 06/09,em-escopo,porta-sem-resposta
Fishing Cactus,Developer,Mons,Hainaut,Belgium,http://fishingcactus.com/,ja na fila gamedevmap 06/09,em-escopo,nao-triado
Flanders Game Hub,Incubator/Accelerator,Kortrijk,West Flanders,Belgium,https://www.flandersgamehub.be/,NOVO,fora-de-escopo,nao-triado
Flemish Games Association (FLEGA),Organization,Brussels,Brussels,Belgium,https://www.flega.be,NOVO,fora-de-escopo,nao-triado
Flipit Games,Developer,Mons,Wallonia,Belgium,https://www.flipitgames.com,ja na fila gamedevmap 06/09,em-escopo,nao-triado
ForsVC,Investment,Kortrijk,West Flanders,Belgium,https://fors.vc/,NOVO,fora-de-escopo,nao-triado
Funtomata,Developer,Chaineux,Liege,Belgium,https://www.funtomata.com/en/,ja na fila gamedevmap 06/09,em-escopo,nao-triado
Get Up Games,Developer,Ghent,Vlaanderen,Belgium,https://www.blazingsails.com/,ja na fila gamedevmap 06/09,em-escopo,porta-ok:https://www.blazingsails.com/jobs
Glowfish Interactive,Developer,Kortrijk,West Flanders,Belgium,https://www.glowfishinteractive.com,ja conhecido (painel/csv),em-escopo,nao-triado
Godspear Games,Developer,Kortrijk,West Flanders,Belgium,https://godspeargames.com/,ja na fila gamedevmap 06/09,em-escopo,nao-triado
Gradient Games,Developer,Genk,Limburg,Belgium,https://gradientgames.net/,ja na fila gamedevmap 06/09,em-escopo,nao-triado
Happy Volcano,Developer,Leuven,Vlaams Brabant,Belgium,https://www.happyvolcano.com/,ja conhecido (painel/csv),em-escopo,porta-ok:https://www.happyvolcano.com/careers
Hyperion Entertainment,Developer and Publisher,Brussels,Brussels,Belgium,https://www.hyperion-entertainment.biz,ja na fila gamedevmap 06/09,em-escopo,"site vivo, porta de carreiras nao localizada no HTML"
I-Illusions,Developer,Brussels,Brussels,Belgium,https://www.i-illusions.com,ja conhecido (painel/csv),em-escopo,porta-ok:https://i-illusions.com/jobs
Igor Sandman,Microstudio,Liege,Liege,Belgium,http://www.igorsandman.net/,NOVO,em-escopo,nao-triado
Larian Studios,Developer,Ghent,Vlaanderen,Belgium,https://www.larian.com,ja conhecido (painel/csv),em-escopo,"Character Artist - Open Application (Lever): banco de talentos, nao e requisicao datada"
LuGus Studios,Developer,Genk,Limburg,Belgium,https://www.lugus-studios.be,ja na fila gamedevmap 06/09,em-escopo,nao-triado
LuGus Studios,Developer,Hasselt,Limburg,Belgium,https://www.lugus-studios.be,ja na fila gamedevmap 06/09,em-escopo,nao-triado
Mantis Games,Developer,Ghent,Vlaanderen,Belgium,https://mantis.games/,ja na fila gamedevmap 06/09,em-escopo,"site vivo, porta de carreiras nao localizada no HTML"
Maracas Studio,Developer,Charleroi,Hainaut,Belgium,https://maracas-studio.com/,ja na fila gamedevmap 06/09,em-escopo,nao-triado
Maratus,Developer,Charleroi,Hainaut,Belgium,https://www.maratusgames.com,ja na fila gamedevmap 06/09,em-escopo,nao-triado
MoonMonster Studios,Developer,Kortrijk,West Flanders,Belgium,https://www.moonmonster.be,ja conhecido (painel/csv),em-escopo,nao-triado
N-zone,Developer,Angleur,Wallonia,Belgium,https://www.n-zone.be/,ja na fila gamedevmap 06/09,em-escopo,nao-triado
Neopica (NACON),Developer,Ghent,Vlaanderen,Belgium,https://www.neopica.com,ja na fila gamedevmap 06/09,em-escopo,"site vivo, porta de carreiras nao localizada no HTML"
Oddshot Games,Developer,Ghent,Vlaanderen,Belgium,https://oddshot.gg/,ja na fila gamedevmap 06/09,em-escopo,porta-ok:https://oddshot.gg/jobs/
Oisoi Studios,Extended Reality (XR),Ghent,Vlaanderen,Belgium,https://paintingvr.xyz/,NOVO,em-escopo,"site vivo, porta de carreiras nao localizada no HTML"
On a Roll Studio,Developer,Leuven,Vlaams Brabant,Belgium,https://www.tumblr.com/onarollstudios,ja na fila gamedevmap 06/09,em-escopo,porta-ok:https://www.tumblr.com/jobs
Oro Interactive,Publisher,Aalst,Vlaanderen,Belgium,https://www.orointeractive.com/,NOVO,fora-de-escopo,nao-triado
Pajama Llama Games,Developer,Ghent,Vlaanderen,Belgium,https://www.pajamallama.be,ja na fila gamedevmap 06/09,em-escopo,porta-ok:https://www.pajamallama.be/jobs/
Poppins & Wayne,Developer,Antwerp,Antwerp,Belgium,https://poppinswayne.com/,ja na fila gamedevmap 06/09,em-escopo,"site vivo, porta de carreiras nao localizada no HTML"
Poti Poti Studio,Developer,Brussels,Brussels,Belgium,https://www.potipoti.studio/,ja na fila gamedevmap 06/09,em-escopo,"site vivo, porta de carreiras nao localizada no HTML"
PreviewLabs,Developer,Wetteren,East Flanders,Belgium,https://previewlabs.com/,ja na fila gamedevmap 06/09,em-escopo,nao-triado
Quaternion Software,Extended Reality (XR),Diepenbeek,Limburg,Belgium,https://quaternionsoftware.com/,NOVO,em-escopo,nao-triado
Rablo Games,Developer,Pepinster,Liege,Belgium,https://rablo.games/,ja na fila gamedevmap 06/09,em-escopo,nao-triado
Ram Ram Games,Developer,Brussels,Brussels,Belgium,http://30birdsgame.com/,ja na fila gamedevmap 06/09,em-escopo,"site vivo, porta de carreiras nao localizada no HTML"
Rebelle Productions,Developer,Gembloux,Namur,Belgium,https://www.rebelle-productions.be,ja na fila gamedevmap 06/09,em-escopo,nao-triado
Rocket Vulture,Developer,Leuven,Vlaams Brabant,Belgium,https://www.rocketvulture.com/,ja na fila gamedevmap 06/09,em-escopo,porta-ok:https://www.rocketvulture.com/careers
Rogueside,Developer,Geel,Antwerp,Belgium,https://www.rogueside.com,NOVO,em-escopo,nao-triado
Salty Lemon Entertainment,Developer,Kortrijk,West Flanders,Belgium,https://www.saltylemonentertainment.com,ja na fila gamedevmap 06/09,em-escopo,nao-triado
Sandbag Games,Mobile,Ghent,Vlaanderen,Belgium,https://www.sandbaggames.com/,NOVO,em-escopo,"site vivo, porta de carreiras nao localizada no HTML"
Say It Labs,Health,Leuven,Vlaams Brabant,Belgium,https://www.sayitlabs.com/,NOVO,fora-de-escopo,nao-triado
Sixtyfour,Developer,Hasselt,Limburg,Belgium,https://www.sixtyfour.be/,ja na fila gamedevmap 06/09,em-escopo,nao-triado
Slappy Inc,Developer,Kortrijk,West Flanders,Belgium,https://slappyinc.com/,ja na fila gamedevmap 06/09,em-escopo,nao-triado
Studio Tolima,Developer,Brussels,Brussels,Belgium,https://studiotolima.com/,ja na fila gamedevmap 06/09,em-escopo,"site vivo, porta de carreiras nao localizada no HTML"
Studio Waterzooi,Developer,Brussels,Brussels,Belgium,https://studiowaterzooi.com/,ja na fila gamedevmap 06/09,em-escopo,"site vivo, porta de carreiras nao localizada no HTML"
Tale of Tales,Developer,Ghent,Vlaanderen,Belgium,https://www.tale-of-tales.com/,ja na fila gamedevmap 06/09,em-escopo,"site vivo, porta de carreiras nao localizada no HTML"
Terragame Center,Extended Reality (XR),Namur,Wallonia,Belgium,https://www.terragamecenter.com,NOVO,em-escopo,nao-triado
The Artistocrats,Developer,Maasmechelen,Limburg,Belgium,https://www.the-artistocrats.com,ja conhecido (painel/csv),em-escopo,nao-triado
Tovenaar Games,Developer,Ghent,Vlaanderen,Belgium,https://www.tovenaargames.be,ja na fila gamedevmap 06/09,em-escopo,porta-ok:https://www.tovenaargames.be/jobs/
Triangle Factory,Developer,Ghent,Vlaanderen,Belgium,https://www.triangle-factory.be,ja conhecido (painel/csv),em-escopo,porta-ok:https://www.triangle-factory.be/careers-archive
Vetasoft,Mobile,Mons,Wallonia,Belgium,https://www.vetasoft.com,NOVO,em-escopo,nao-triado
Vigo Creative,Extended Reality (XR),Wepion,Wallonia,Belgium,https://vigo-creative.com/,NOVO,em-escopo,nao-triado
Wallonia Games Association (WALGA),Organization,Namur,Wallonia,Belgium,https://www.walga.be/,NOVO,fora-de-escopo,nao-triado
Warcave,Developer,Geel,Antwerp,Belgium,https://www.warcave.com,ja na fila gamedevmap 06/09,em-escopo,nao-triado
Wee Taps,Developer,Hasselt,Limburg,Belgium,http://weetaps.com/,ja na fila gamedevmap 06/09,em-escopo,nao-triado
West Flanders,Incubator/Accelerator,Brussels,West Flanders,Belgium,https://games.brussels/,NOVO,fora-de-escopo,nao-triado
withVR,Health,Merelbeke,Vlaanderen,Belgium,https://hello.withvr.app/,NOVO,fora-de-escopo,nao-triado
2k Czech,Developer and Publisher,Brno,Moravia,Czechia,http://2kczech.com/,NOVO,em-escopo,porta-ok:https://2kczech.com
Alda Games,Developer,Brno,Moravia,Czechia,https://aldagames.com/,NOVO,em-escopo,porta-ok:https://aldagames.com/career
Artax,Mobile,Brno,Moravia,Czechia,http://artaxapps.com/,NOVO,em-escopo,porta-sem-resposta
Ashborne Games (THQ Nordic),Developer,Brno,Moravia,Czechia,https://ashbornegames.com/,NOVO,em-escopo,porta-ok:https://ashbornegames.com/careers
Attu Games,Developer,Znojmo,South Moravia,Czechia,https://attugames.com/,NOVO,em-escopo,nao-triado
Bohemia Interactive,Developer and Publisher,Brno,Moravia,Czechia,https://www.bohemia.net/,ja conhecido (painel/csv),em-escopo,porta-ok:https://careers.bohemia.net/en
Bohemia Interactive,Developer and Publisher,Mnisek,Bohemia,Czechia,https://www.bohemia.net/,ja conhecido (painel/csv),em-escopo,nao-triado
CBE Software,Developer,Brno,Moravia,Czechia,https://cbe-software.com/,NOVO,em-escopo,"site vivo, porta de carreiras nao localizada no HTML"
Fairy Mount Games,Microstudio,Brno,Moravia,Czechia,https://fairymount.com/,NOVO,em-escopo,"site vivo, porta de carreiras nao localizada no HTML"
Fineway Studios,Developer,Brno,Moravia,Czechia,https://www.finewaystudios.com,NOVO,em-escopo,"site vivo, porta de carreiras nao localizada no HTML"
Gamajun Games,Mobile,Brno,Moravia,Czechia,https://www.gamajun-games.com,NOVO,em-escopo,"formulario de candidatura com opcao 2D/3D Artist, sem vaga datada"
Gamebaze,Incubator/Accelerator,Brno,Moravia,Czechia,https://www.gamebaze.cz/,NOVO,fora-de-escopo,nao-triado
GameDev Area,Organization,Brno,Moravia,Czechia,https://www.gamedevarea.com,NOVO,fora-de-escopo,nao-triado
Gregstr,Developer,Ostrava,Ostrava,Czechia,https://gregstr.eu/,NOVO,em-escopo,nao-triado
GRIP Studios,Developer and Publisher,Brno,Moravia,Czechia,https://grip-studios.com/,ja na fila gamedevmap 06/09,em-escopo,"site vivo, porta de carreiras nao localizada no HTML"
Hangar 13 (2K),Developer,Brno,Moravia,Czechia,https://www.hangar13games.com,NOVO,em-escopo,porta-ok:https://www.hangar13games.com/careers
Hangonit,Developer,Brno,Moravia,Czechia,https://hangonit.com/,NOVO,em-escopo,"site vivo, porta de carreiras nao localizada no HTML"
Hexage,Developer,Mnisek pod Brdy,Bohemia,Czechia,https://www.hexage.net,NOVO,em-escopo,nao-triado
Hey Bird!,Developer,Brno,Moravia,Czechia,https://heybird.gg/,NOVO,em-escopo,"site vivo, porta de carreiras nao localizada no HTML"
Ingame Studios,Developer,Brno,Moravia,Czechia,https://ingamestudios.com/,NOVO,em-escopo,porta-ok:https://ingamestudios.com/careers
Krystof Knesl,Developer,Brno,Moravia,Czechia,https://radiolightgame.com/,NOVO,em-escopo,"site vivo, porta de carreiras nao localizada no HTML"
KUBI Games,Microstudio,Brno,Moravia,Czechia,https://kubigames.itch.io/,NOVO,em-escopo,"site vivo, porta de carreiras nao localizada no HTML"
MADFINGER Games,Developer,Brno,Moravia,Czechia,https://www.madfingergames.com,NOVO,em-escopo,porta-ok:https://www.madfingergames.com/careers
Nejcraft,Developer and Publisher,Pilsen,Bohemia,Czechia,https://nejcraft.cz/,NOVO,em-escopo,nao-triado
NOXGAMES,Mobile,Brno,Moravia,Czechia,https://www.noxgames.com,NOVO,em-escopo,porta-ok:https://noxgames.com/static/jobs.html
PixelAnt (Sumo Digital),Mobile,Brno,Moravia,Czechia,https://pixelantgames.com/,ja na fila gamedevmap 06/09,em-escopo,VAGA VIVA Experienced 3D Character Artist (eRecruiter) - VETO ESCRITO de idioma: exige polones comunicativo
polyperfect,Developer,Zlin,Zlin,Czechia,https://polyperfect.com/,NOVO,em-escopo,nao-triado
Quiet Dimensions,Developer,Olomouc,Moravia,Czechia,https://www.quietdimensions.com,NOVO,em-escopo,nao-triado
Running Pillow,Mobile,Brno,Moravia,Czechia,https://running-pillow.webnode.cz/,NOVO,em-escopo,"site vivo, porta de carreiras nao localizada no HTML"
SOEDESCO,Developer and Publisher,Pilsen,Bohemia,Czechia,https://soedesco.com/,ja na fila gamedevmap 06/09,em-escopo,nao-triado
Straitjacket Entertainment,Developer,Brno,Moravia,Czechia,https://www.straitjacket-entertainment.com,NOVO,em-escopo,"site vivo, porta de carreiras nao localizada no HTML"
SZEINER,Developer,Brno,Moravia,Czechia,https://szeiner.com/,NOVO,em-escopo,"site vivo, porta de carreiras nao localizada no HTML"
Tinysoft,Developer,Brno,Moravia,Czechia,https://www.tinysoft.sk,NOVO,em-escopo,porta-ok:https://www.tinysoft.sk/
Trickster Arts,Mobile,Brno,Moravia,Czechia,https://tricksterarts.com/,NOVO,em-escopo,porta-ok:https://tricksterarts.com/careers
Bedtime Digital Games,Developer,Aalborg,Jutland,Denmark,https://bedtime.io/,ja na fila gamedevmap 06/09,em-escopo,nao-triado
Chop Chop Games,Developer,Aarhus,Aarhus,Denmark,https://chopchop.dk/,ja na fila gamedevmap 06/09,em-escopo,porta-ok:https://chopchop.dk/careers/
Funday Games,Developer,Aarhus,Aarhus,Denmark,https://fundaygames.dk/,ja conhecido (painel/csv),em-escopo,porta-ok:https://joinus.fundaygames.dk/
Game Hub Denmark,Incubator/Accelerator,Aarhus,Aarhus,Denmark,https://gamehubdenmark.com/,NOVO,fora-de-escopo,nao-triado
Kiloo,Mobile,Aarhus,Aarhus,Denmark,https://www.kiloo.com,NOVO,em-escopo,"site vivo, porta de carreiras nao localizada no HTML"
Kong Orange,Developer,Aarhus,Aarhus,Denmark,https://www.kongorange.com,ja na fila gamedevmap 06/09,em-escopo,porta-ok:https://www.kongorange.com/careers
Lunch Money Games,Developer,Aarhus,Aarhus,Denmark,https://lunchmoney.games/,ja na fila gamedevmap 06/09,em-escopo,"site vivo, porta de carreiras nao localizada no HTML"
Mads Skovgaard,Microstudio,Aarhus,Aarhus,Denmark,https://necessegame.com/,NOVO,em-escopo,"site vivo, porta de carreiras nao localizada no HTML"
Pine Creek Games,Developer,Havnso,Zealand,Denmark,https://www.pinecreekgames.com/,ja na fila gamedevmap 06/09,em-escopo,nao-triado
Rhombico Games,Developer,Vejle,Region Syddanmark,Denmark,https://www.rhombicogames.com,ja na fila gamedevmap 06/09,em-escopo,nao-triado
Slipgate Ironworks,Developer,Aalborg,Jutland,Denmark,https://slipgate-ironworks.com/,ja conhecido (painel/csv),em-escopo,nao-triado
Wiredfly,Developer,Aarhus,Aarhus,Denmark,https://www.wiredfly.dk/,ja na fila gamedevmap 06/09,em-escopo,"site vivo, porta de carreiras nao localizada no HTML"
10:10 Games,Developer,Warrington,Cheshire,England,https://1010games.com/,NOVO,em-escopo,nao-triado
1TK,Developer,Canterbury,Kent,England,https://www.1tk.gg/,NOVO,em-escopo,nao-triado
3-Fold Games,Developer,Bristol,Avon,England,https://3foldgames.uk/,NOVO,em-escopo,porta-ok:https://www.3foldgames.uk/jobs/
505 Games (Digital Bros),Publisher,Central Milton Keynes,Milton Keynes,England,https://505games.com/,NOVO,fora-de-escopo,nao-triado
9FingerGames,Microstudio,Eastbourne,East Sussex,England,https://9fingergames.itch.io/,NOVO,em-escopo,nao-triado
A La Mode Games,Microstudio,Bournemouth,Dorset,England,https://alamode.games/,NOVO,em-escopo,nao-triado
a2z Interactive,Developer,Hull,East Yorkshire,England,https://a2zinteractive.net/,NOVO,em-escopo,nao-triado
Aardman Animations,Developer,Bristol,Avon,England,https://aardman.com/,NOVO,em-escopo,porta-ok:https://aardman.com/careers/
Abandon Ship,Developer,Guildford,Surrey,England,https://abandonshipgame.com/,NOVO,em-escopo,"site vivo, porta de carreiras nao localizada no HTML"
Absolutely Games,Developer,Guildford,Surrey,England,https://absolutelygames.net/,NOVO,em-escopo,porta-ok:https://www.absolutelygames.net/careers/
Absurd Ventures,Developer,Altrincham,Lancashire,England,https://absurdventures.com/,NOVO,em-escopo,nao-triado
Ace High Sports,Developer,Bournemouth,Dorset,England,https://www.acehighsports.com/,NOVO,em-escopo,nao-triado
Ace Viral,Developer and Publisher,Sunderland,Tyne and Wear,England,https://www.aceviral.com/,NOVO,em-escopo,nao-triado
Acid Nerve,Developer,Manchester,Lancashire,England,https://acidnerve.com/,NOVO,em-escopo,"site vivo, porta de carreiras nao localizada no HTML"
Activision Warrington,Developer and Publisher,Warrington,Cheshire,England,https://activision.com/,NOVO,em-escopo,nao-triado
Afoot Games,Developer,Birmingham,West Midlands,England,https://www.afootgames.co.uk/,NOVO,em-escopo,nao-triado
Aftabi Games,Developer,Redhill,Surrey,England,https://aftabi.games/,NOVO,em-escopo,nao-triado
AI Factory,Developer,Hatch End,Middlesex,England,https://aifactory.co.uk/,NOVO,em-escopo,nao-triado
Alex Rose,Microstudio,Manchester,Lancashire,England,https://alexrosegames.com/,NOVO,em-escopo,"site vivo, porta de carreiras nao localizada no HTML"
All Possible Futures,Developer,Brighton,East Sussex,England,https://allpossiblefutures.com/,NOVO,em-escopo,porta-ok:https://allpossiblefutures.com/careers/
Alternative Software,Publisher,Castleford,West Yorkshire,England,http://alternativesoft.co.uk/,NOVO,fora-de-escopo,nao-triado
Anointed Games,Developer and Publisher,Birmingham,West Midlands,England,https://anointedgames.com/,NOVO,em-escopo,nao-triado
Antler Studios,Developer,Oxford,Oxfordshire,England,https://antlerstudios.net/,NOVO,em-escopo,"site vivo, porta de carreiras nao localizada no HTML"
Archangel Softworks,Developer,Preston,Lancashire,England,https://archangelsoftworks.co.uk/,NOVO,em-escopo,nao-triado
Arganoid Industries,Microstudio,Newmarket,Suffolk,England,https://industries.arganoid.com/,NOVO,em-escopo,nao-triado
Argonaut Games,Publisher,Edgware,London,England,https://argonautgames.com/,NOVO,fora-de-escopo,nao-triado
Aristocrat Leisure Limited,Developer,Uxbridge,London,England,https://aristocrat.com/,NOVO,em-escopo,nao-triado
ASBO Interactive,Extended Reality (XR),Gateshead,Tyne and Wear,England,https://asbointeractive.com/,NOVO,em-escopo,nao-triado
Astral Forge,Developer,Colchester,Essex,England,https://www.astralforge.co.uk/,NOVO,em-escopo,nao-triado
Astraware,Developer,Keele,Staffordshire,England,https://astraware.com/,NOVO,em-escopo,nao-triado
Atmospheric,Developer,Woking,Surrey,England,https://www.atmospheric.group/,NOVO,em-escopo,nao-triado
Atom Republic,Developer,Woking,Surrey,England,https://www.atomuniverse.net/,NOVO,em-escopo,nao-triado
Auroch Digital (Sumo Group),Developer,Bristol,Avon,England,https://aurochdigital.com/,ja conhecido (painel/csv),em-escopo,porta-ok:https://www.aurochdigital.com/jobs
Aurora Game Studios,Developer,Cambridge,Cambridgeshire,England,https://www.auroragamestudios.co.uk/,NOVO,em-escopo,"site vivo, porta de carreiras nao localizada no HTML"
Avid Games,Mobile,Turnbridge Wells,Kent,England,https://www.avid.games/,NOVO,em-escopo,nao-triado
Awe Interactive,Developer,Shefford,Bedfordshire,England,https://aweinteractive.com/,NOVO,em-escopo,nao-triado
Bad Viking Games,Developer,Chessington,Surrey,England,https://badviking.com/,NOVO,em-escopo,nao-triado
Badger Beard Games,Developer,Tonbridge,Kent,England,https://badgerbeardgames.com/,NOVO,em-escopo,nao-triado
Badgerhammer Games,Developer,Brighton,East Sussex,England,https://www.badgerhammer.com/,NOVO,em-escopo,"site vivo, porta de carreiras nao localizada no HTML"
Bag of Holding,Developer,Poole,Dorset,England,https://wyld.land/,NOVO,em-escopo,nao-triado
Baggy Cat Games,Developer,Chorley,Lancashire,England,https://www.baggycat.com/,NOVO,em-escopo,nao-triado
Balloon Studios,Developer,Totnes,Devon,England,https://www.balloonstudios.com/,NOVO,em-escopo,nao-triado
Bandai Namco Amusement Europe,Developer,Richmond Upon Thames,London,England,https://www.bandainamco-am.co.uk/,NOVO,em-escopo,nao-triado
Bandai Namco Entertainment UK,Developer,Richmond Upon Thames,London,England,https://en.bandainamcoent.eu/,NOVO,em-escopo,nao-triado
Beardy Ramblin Games,Developer,Sheffield,Yorkshire,England,https://www.richbrown.uk/brg,NOVO,em-escopo,"site vivo, porta de carreiras nao localizada no HTML"
Behaviour UK - North,Developer,Middlesbrough,North Yorkshire,England,https://bhvr.com/uk/,ja conhecido (painel/csv),em-escopo,nao-triado
Ben Olding Games,Extended Reality (XR),Oxford,Oxfordshire,England,https://dragonfistvr.com/,NOVO,em-escopo,"site vivo, porta de carreiras nao localizada no HTML"
Benji,Developer,Bristol,Avon,England,https://benjidev.com/,NOVO,em-escopo,"site vivo, porta de carreiras nao localizada no HTML"
Big Head Games,Developer,Surrey,Surrey,England,https://bigheadgames.co.uk/,NOVO,em-escopo,nao-triado
Binary Spiders,Developer,Central Milton Keynes,Milton Keynes,England,https://binaryspiders.com/,NOVO,em-escopo,nao-triado
Bitmap Bureau,Developer,Southampton,Hampshire,England,https://www.bitmapbureau.com/,NOVO,em-escopo,nao-triado
Boneloaf,Developer,Sheffield,Yorkshire,England,https://gangbeasts.game/,NOVO,em-escopo,"site vivo, porta de carreiras nao localizada no HTML"
Boomerang Games,Developer,Manchester,Lancashire,England,https://theofficialboomeranggames.wordpress.com/,NOVO,em-escopo,"site vivo, porta de carreiras nao localizada no HTML"
Born Ready Games,Developer,Guildford,Surrey,England,https://bornreadygames.com/,NOVO,em-escopo,"site vivo, porta de carreiras nao localizada no HTML"
Boss Baddie,Developer,Saddleworth,Greater Manchester,England,http://www.bossbaddie.co.uk/,NOVO,em-escopo,nao-triado
Brave at Night,Developer,Huddersfield,West Yorkshire,England,https://www.braveatnight.co.uk/,NOVO,em-escopo,nao-triado
Brett Jackson,Extended Reality (XR),Sheffield,Yorkshire,England,https://x82hub.com/,NOVO,em-escopo,"site vivo, porta de carreiras nao localizada no HTML"
Brickmouse,Extended Reality (XR),Leeds,West Yorkshire,England,https://brickmousegames.com/,NOVO,em-escopo,"site vivo, porta de carreiras nao localizada no HTML"
Brightrock Games,Developer,Brighton,East Sussex,England,https://brightrockgames.com/,NOVO,em-escopo,porta-ok (workable detectado): https://brightrockgames.com/careers/
Bristol Game Hub,Organization,Bristol,Avon,England,https://bristolgameshub.com/,NOVO,fora-de-escopo,nao-triado
Broken Bear Games,Microstudio,Leamington Spa,Warwickshire,England,https://brokenbeargames.itch.io/,NOVO,em-escopo,"site vivo, porta de carreiras nao localizada no HTML"
Bulkhead Phoenix,Developer,Derby,Derbyshire,England,https://bulkhead.com/,ja conhecido (painel/csv),em-escopo,nao-triado
Bulldog Interactive,Developer,Leicester,Leicestershire,England,https://www.bulldoginteractive.com/,NOVO,em-escopo,nao-triado
Bumbleborn,Developer,Middlesbrough,North Yorkshire,England,https://bumbleborn.com/,NOVO,em-escopo,nao-triado
Bunnyhug Games,Developer,Gateshead,Tyne and Wear,England,https://bunnyhug.games/,NOVO,em-escopo,nao-triado
Bytten Studio,Developer,Brighton,East Sussex,England,https://bytten-studio.com/,NOVO,em-escopo,"site vivo, porta de carreiras nao localizada no HTML"
Canalside Studios,Developer,Huddersfield,West Yorkshire,England,https://www.canalsidestudios.com/,NOVO,em-escopo,nao-triado
Canteen,Developer,Brighton,East Sussex,England,http://canteen.games/,NOVO,em-escopo,"site vivo, porta de carreiras nao localizada no HTML"
Cardboard Sword,Developer,Middlesbrough,North Yorkshire,England,https://cardboardsword.co.uk/,NOVO,em-escopo,nao-triado
carrotcake.studio,Developer,Bristol,Avon,England,https://carrotcake.studio/,NOVO,em-escopo,"site vivo, porta de carreiras nao localizada no HTML"
Cast Iron Games (Pneuma Games Group),Developer,Wakefield,West Yorkshire,England,https://castirongames.com/,ja conhecido (painel/csv),em-escopo,"vaga Lead 3D Artist (Teamtailor, 02/02) - JA NO PAINEL e ja DESCARTADA por veto de residencia"
Casual Arts,Developer,Newcastle,Tyne and Wear,England,https://casual-arts.com/,NOVO,em-escopo,"site vivo, porta de carreiras nao localizada no HTML"
CATASTROPHIC_OVERLOAD,Developer,Bristol,Avon,England,https://catastrophicoverload.com/,NOVO,em-escopo,porta-ok:https://www.catastrophicoverload.com/jobs
Cathedral Studios,Developer and Publisher,Wokingham,Berkshire,England,https://cathedral-studios.com/,NOVO,em-escopo,nao-triado
Cavalier Game Studios,Developer,Guildford,Surrey,England,https://www.cavaliergamestudios.co.uk/,NOVO,em-escopo,"site vivo, porta de carreiras nao localizada no HTML"
Cave Monsters,Developer,Sheffield,Yorkshire,England,https://www.cavemonsters.com/,NOVO,em-escopo,"site vivo, porta de carreiras nao localizada no HTML"
Chance Agency,Developer,Nottingham,Nottinghamshire,England,https://neocabgame.com/,NOVO,em-escopo,"site vivo, porta de carreiras nao localizada no HTML"
Circle Entertainment,Publisher,Newcastle-Upon-Tyne,Tyne and Wear,England,http://www.cir-ent.com/,NOVO,fora-de-escopo,nao-triado
Claymatic Games,Developer,Chesterfield,Derbyshire,England,https://claymatic.games/,NOVO,em-escopo,nao-triado
Clever Beans,Developer,Manchester,Lancashire,England,https://cleverbeans.co.uk/,NOVO,em-escopo,porta-ok:https://www.cleverbeans.co.uk/careers/
Climax Studios (Keywords),Developer,Liverpool,Merseyside,England,https://www.climaxstudios.com/,NOVO,em-escopo,porta-ok:https://www.climaxstudios.com
Climax Studios (Keywords),Developer,Portsmouth,Hampshire,England,https://www.climaxstudios.com/,NOVO,em-escopo,porta-ok:https://www.climaxstudios.com
Closed Forum,Developer,Leeds,West Yorkshire,England,https://www.closedforum.co.uk/,NOVO,em-escopo,"site vivo, porta de carreiras nao localizada no HTML"
Cloud Imperium Games,Online,Manchester,Lancashire,England,https://cloudimperiumgames.com/,ja conhecido (painel/csv),em-escopo,porta-ok:https://cloudimperiumgames.com/join-us
Coatsink,Developer and Publisher,Sunderland,Tyne and Wear,England,https://www.coatsink.com,ja conhecido (painel/csv),em-escopo,quadro teamtailor em dominio proprio (https://careers.coatsink.com) - sem vaga da disciplina hoje
Codebyfire,Developer,Bristol,Avon,England,https://www.codebyfire.com,NOVO,em-escopo,porta-sem-resposta
Codemasters (Electronic Arts),Developer,Birmingham,West Midlands,England,https://www.ea.com/ea-studios/codemasters,ja conhecido (painel/csv),em-escopo,nao-triado
Codemasters (Electronic Arts),Developer,Guildford,Surrey,England,https://ea.com/ea-studios/codemasters,ja conhecido (painel/csv),em-escopo,porta-ok:https://www.ea.com/ea-studios/codemasters/careers
Codemasters (Electronic Arts),Developer,Southam,Warwickshire,England,https://www.ea.com/ea-studios/codemasters,ja conhecido (painel/csv),em-escopo,nao-triado
ColePowered Games,Developer,Bristol,Avon,England,https://www.colepowered.com,NOVO,em-escopo,"site vivo, porta de carreiras nao localizada no HTML"
Comet Game Studio,Developer,Bristol,Avon,England,https://www.cometgamestudio.com/,NOVO,em-escopo,"site vivo, porta de carreiras nao localizada no HTML"
CooCooSqueaky,Developer,Bournemouth,Dorset,England,https://www.coocoosqueaky.com,NOVO,em-escopo,nao-triado
Cooperative Innovations,Extended Reality (XR),Leeds,West Yorkshire,England,https://coopinnovations.co.uk/,NOVO,em-escopo,porta-ok:https://www.coopinnovations.co.uk/join-us
Cosmonaut Studios,Developer,Liverpool,Merseyside,England,https://www.cosmonautstudios.co.uk,NOVO,em-escopo,"site vivo, porta de carreiras nao localizada no HTML"
Creative Assembly,Developer,Horsham,West Sussex,England,https://www.creative-assembly.com/,NOVO,em-escopo,nao-triado
CreativeUK,Organization,Bristol,Avon,England,https://www.wearecreative.uk/,NOVO,fora-de-escopo,nao-triado
CreativeUK,Organization,Salford,Greater Manchester,England,https://www.wearecreative.uk/,NOVO,fora-de-escopo,nao-triado
Criterion Games (Electronic Arts),Developer,Guildford,Surrey,England,https://www.ea.com/ea-studios/criterion-games,ja conhecido (painel/csv),em-escopo,porta-ok:https://www.ea.com/ea-studios/criterion-games/careers
Crows Crows Crows,Developer,Leeds,West Yorkshire,England,https://crowscrowscrows.com/,ja conhecido (painel/csv),em-escopo,porta-ok (homerun detectado): https://crowscrowscrows.com/jobs/
Cubenary,Developer,Poole,Dorset,England,https://www.cubenary.com,NOVO,em-escopo,nao-triado
CULT Games,Publisher,Camden Town,London,England,https://thecultgames.com/,NOVO,fora-de-escopo,nao-triado
Curiscope,Extended Reality (XR),Brighton,East Sussex,England,https://www.curiscope.com,NOVO,em-escopo,"site vivo, porta de carreiras nao localizada no HTML"
Cyberdreams,Mobile,Liverpool,Merseyside,England,https://cyberdreams.uk/,NOVO,em-escopo,porta-ok:https://cyberdreams.uk/careers
D'Avekki Studios,Developer,Gorefield,Cambridgeshire,England,https://davekki.com/,NOVO,em-escopo,nao-triado
D3T Limited,Developer,Runcom,Cheshire,England,https://d3tltd.com/,ja conhecido (painel/csv),em-escopo,nao-triado
Dambuster Studios (Deep Silver),Developer,Nottingham,Nottinghamshire,England,https://www.deepsilver.com,ja conhecido (painel/csv),em-escopo,porta-ok:https://plaion.com/join-us
Damp Gnat,Microstudio,Brighton,East Sussex,England,https://dampgnat.com/,NOVO,em-escopo,"site vivo, porta de carreiras nao localizada no HTML"
Dan Smith Studios,Microstudio,Manchester,Lancashire,England,https://www.dansmithstudios.com,NOVO,em-escopo,"site vivo, porta de carreiras nao localizada no HTML"
Daniel Ratcliffe,Developer,Cambridge,Cambridgeshire,England,https://dan200.net/,NOVO,em-escopo,"site vivo, porta de carreiras nao localizada no HTML"
Darkling Room,Developer,Truro,Cornwall,England,http://darklingroom.co.uk/,NOVO,em-escopo,nao-triado
Deadpan Games,Developer,Bristol,Avon,England,https://deadpangames.com/,NOVO,em-escopo,"site vivo, porta de carreiras nao localizada no HTML"
Deer Flip Games,Developer,York,North Yorkshire,England,https://deerflipper.com/,NOVO,em-escopo,nao-triado
Delve Interactive,Developer,Brighton,East Sussex,England,https://delveinteractive.com/,NOVO,em-escopo,"site vivo, porta de carreiras nao localizada no HTML"
Desk Dragons,Developer,Manchester,Lancashire,England,https://deskdragons.github.io/,NOVO,em-escopo,"site vivo, porta de carreiras nao localizada no HTML"
Devil's Details,Developer,Sheffield,Yorkshire,England,http://devilsdetails.biz/,NOVO,em-escopo,porta-sem-resposta
Digital Cybercherries,Developer,Preston,Lancashire,England,https://digitalcybercherries.com/,NOVO,em-escopo,nao-triado
DinoBoss,Developer,Manchester,Lancashire,England,https://www.dinoboss.com,NOVO,em-escopo,"site vivo, porta de carreiras nao localizada no HTML"
Distinctive Developments,Mobile,Sheffield,Yorkshire,England,https://www.distinctivegames.com,NOVO,em-escopo,"site vivo, porta de carreiras nao localizada no HTML"
Dlala Studios,Developer and Publisher,Witham,Essex,England,https://www.dlalastudios.com,NOVO,em-escopo,nao-triado
Doku Games,Developer,Horsham,West Sussex,England,https://www.dokugames.co.uk/,NOVO,em-escopo,nao-triado
Double Eleven (Pneuma Games Group),Developer and Publisher,Middlesbrough,North Yorkshire,England,https://www.double11.com,NOVO,em-escopo,nao-triado
Dovetail Games,Developer,Chatham,Kent,England,https://dovetailgames.com/,ja conhecido (painel/csv),em-escopo,quadro recruitee em dominio proprio (https://careers.dovetailgames.com) - sem vaga da disciplina hoje
DPS Games (Wargaming UK),Online,Guildford,Surrey,England,https://wargaming.com/,ja conhecido (painel/csv),em-escopo,"mesmo quadro Greenhouse wargamingen; a unica de personagem e a de Nicosia, JA CONHECIDA"
DPS Games (Wargaming),Developer,Guildford,Surrey,England,https://wargaming.net/,NOVO,em-escopo,"mesmo quadro Greenhouse wargamingen; a unica de personagem e a de Nicosia, JA CONHECIDA"
DR Studios (Digital Bros),Developer,Broughton,Milton Keynes,England,https://www.drstudios.co.uk,ja conhecido (painel/csv),em-escopo,nao-triado
Draw & Code,Extended Reality (XR),Liverpool,Merseyside,England,https://www.drawandcode.com,NOVO,em-escopo,"site vivo, porta de carreiras nao localizada no HTML"
Dream on a Stick,Microstudio,Manchester,Lancashire,England,https://dreamonastick.com/,NOVO,em-escopo,"site vivo, porta de carreiras nao localizada no HTML"
Dubit,Online,Leeds,Yorkshire,England,https://dubit.io/,NOVO,em-escopo,porta-ok:https://dubit.io/a-team
Dumpling Design,Mobile,Sheffield,Yorkshire,England,http://dumplingdesign.com/,NOVO,em-escopo,porta-sem-resposta
EA Chillingo,Mobile,Macclesfield,Cheshire,England,https://www.ea.com/ea-studios/chillingo,ja conhecido (painel/csv),em-escopo,nao-triado
EA Guildford (Electronic Arts),Developer and Publisher,Guildford,Surrey,England,https://ea.com/,ja conhecido (painel/csv),em-escopo,porta-ok:https://www.ea.com/news/ufc-6-career-spotlight-gabriel
EA Sports (Electronic Arts),Developer,Birmingham,West Midlands,England,https://www.ea.com/ea-studios/ea-sports,ja conhecido (painel/csv),em-escopo,nao-triado
Electric Elephant Games,Mobile,Guildford,Surrey,England,https://www.eegames.co.uk/,NOVO,em-escopo,porta-ok:https://www.eegames.co.uk/careers
Electric Square (Keywords),Developer,Brighton,East Sussex,England,https://electricsquare.com/,ja conhecido (painel/csv),em-escopo,porta-ok:https://electricsquare.com/come-join-us/
Engine House,Extended Reality (XR),Redruth,Cornwall,England,https://www.engine-house.co.uk,NOVO,em-escopo,nao-triado
Epic Games UK,Developer and Publisher,Guildford,Surrey,England,https://epicgames.com/,ja conhecido (painel/csv),em-escopo,"site vivo, porta de carreiras nao localizada no HTML"
Epic Games UK,Developer and Publisher,Leamington Spa,Warwickshire,England,https://epicgames.com/,ja conhecido (painel/csv),em-escopo,"site vivo, porta de carreiras nao localizada no HTML"
Epic Games UK,Developer and Publisher,Sunderland,Tyne and Wear,England,https://epicgames.com/,ja conhecido (painel/csv),em-escopo,nao-triado
Escapist Games,Developer,Godalming,Surrey,England,https://www.escapistgames.com,NOVO,em-escopo,nao-triado
ESDigital Games,Developer and Publisher,St. Albans,Hertfordshire,England,https://esdigital.games/,NOVO,em-escopo,nao-triado
Everplay Group,Developer and Publisher,Wakefield,West Yorkshire,England,https://everplaygroupplc.com/,NOVO,em-escopo,nao-triado
Excalibur Games,Developer,Bloxham,Oxfordshire,England,https://www.excalibur-games.com/,NOVO,em-escopo,nao-triado
Exient,Developer,Leamington Spa,Warwickshire,England,https://exient.io/,NOVO,em-escopo,"site vivo, porta de carreiras nao localizada no HTML"
Expansive Worlds (Avalanche Studios Group),Developer,Liverpool,Merseyside,England,https://avalanchestudios.com/divisions/expansive-worlds,ja na fila gamedevmap 06/09,em-escopo,porta-ok:https://avalanchestudios.com/careers
Facepunch Studios,Developer,Walsall,West Midlands,England,https://facepunch.com/,NOVO,em-escopo,nao-triado
Fallen Tree Games,Developer,Brighton,East Sussex,England,https://fallentreegames.com/,NOVO,em-escopo,porta-ok:https://fallentreegames.com/jobs/
Fat Plankton,Developer,Brighton,East Sussex,England,https://fatplankton.co.uk/,NOVO,em-escopo,"site vivo, porta de carreiras nao localizada no HTML"
Fateless Games,Mobile,Worthing,West Sussex,England,https://www.fateless.gg/,NOVO,em-escopo,nao-triado
Fen Research,Developer,Cambridge,Cambridgeshire,England,https://fenresearch.com/,NOVO,em-escopo,"site vivo, porta de carreiras nao localizada no HTML"
Fierce Kaiju,Extended Reality (XR),Leeds,West Yorkshire,England,https://www.fiercekaiju.com,NOVO,em-escopo,porta-sem-resposta
Fireblade Software,Developer,Guildford,Surrey,England,https://firebladesoftware.com/,NOVO,em-escopo,"site vivo, porta de carreiras nao localizada no HTML"
Fireproof Games,Developer,Guildford,Surrey,England,https://fireproofgames.com/,ja conhecido (painel/csv),em-escopo,"site vivo, porta de carreiras nao localizada no HTML"
Firesprite (Playstation Studios),Developer,Liverpool,Merseyside,England,https://www.firesprite.com,NOVO,em-escopo,porta-ok:https://firesprite.com/careers
fish in a bottle,Developer,Warwick,Warwickshire,England,https://www.fishinabottle.com,NOVO,em-escopo,nao-triado
Flaming Fowl Studios,Developer,Guildford,Surrey,England,https://www.flamingfowlstudios.com,NOVO,em-escopo,porta-ok:https://www.flamingfowlstudios.com/jobs-producer/
Fleetyard Studios,Developer,Dunster,Somerset,England,https://fleetyard.co.uk/,NOVO,em-escopo,nao-triado
Flix Interactive,Developer,Bromsgrove,West Midlands,England,https://www.flixinteractive.com,ja conhecido (painel/csv),em-escopo,nao-triado
Flump Studios,Microstudio,Leamington Spa,Warwickshire,England,http://www.flumpstudios.co.uk,NOVO,em-escopo,porta-sem-resposta
Force of Habit,Developer,Bristol,Avon,England,https://www.forceofhab.it,NOVO,em-escopo,porta-sem-resposta
Forthstar Games,Developer,Manchester,Lancashire,England,https://forthstar.com/,NOVO,em-escopo,porta-ok (teamtailor detectado): https://forthstar.com/
FortuneFish,Mobile,Nottingham,Nottinghamshire,England,https://www.fortunefish.co.uk,NOVO,em-escopo,porta-ok:https://www.fortunefish.co.uk/careers
Fourth State,Developer,Colchester,Essex,England,https://lostwordsgame.com/,NOVO,em-escopo,nao-triado
Fragile Continuum,Developer,Worcester,West Midlands,England,https://fragilecontinuum.com/,NOVO,em-escopo,nao-triado
Freakzone Games,Developer,Cheltenham,Gloucestershire,England,https://freakzonegames.com/,NOVO,em-escopo,nao-triado
Friday Sundae,Developer,Bristol,Avon,England,https://www.fridaysundae.com/,NOVO,em-escopo,"site vivo, porta de carreiras nao localizada no HTML"
Frontier Developments,Developer,Cambridge,Cambridgeshire,England,https://www.frontier.co.uk,ja conhecido (painel/csv),em-escopo,porta-ok:https://www.frontier.co.uk/careers
Full Fat Productions,Developer,Coventry,West Midlands,England,https://www.full-fat.com,NOVO,em-escopo,nao-triado
Funcom (Tencent),Developer,Newcastle,Tyne and Wear,England,https://www.funcom.com,ja conhecido (painel/csv),em-escopo,quadro teamtailor em dominio proprio (https://jobs.funcom.com) - sem vaga da disciplina hoje
Funsolve,Developer,Rugby,Warwickshire,England,https://funsolve.com/,NOVO,em-escopo,nao-triado
Future Friends Games,Publisher,Brighton,East Sussex,England,https://futurefriends.lol/,NOVO,fora-de-escopo,nao-triado
FuturLab,Developer,Brighton,East Sussex,England,https://www.futurlab.co.uk,NOVO,em-escopo,porta-ok:https://www.futurlab.co.uk/careers
Galactic Cafe,Developer,Leeds,West Yorkshire,England,https://www.galactic-cafe.com,NOVO,em-escopo,"site vivo, porta de carreiras nao localizada no HTML"
Game Anglia,Organization,Ipswich,Suffolk,England,https://www.gameanglia.co.uk/,NOVO,fora-de-escopo,nao-triado
Game Digits,Mobile,Liversedge,West Yorkshire,England,https://www.gamedigits.co.uk,NOVO,em-escopo,nao-triado
Game Smithing,Developer,Winchester,Hampshire,England,https://gamesmithing.com/,NOVO,em-escopo,nao-triado
Gamkat,Developer,Birmingham,West Midlands,England,https://www.gamkat.com/,NOVO,em-escopo,nao-triado
Gelato Games,Developer,Manchester,Lancashire,England,http://www.gelatogames.com/,NOVO,em-escopo,porta-sem-resposta
Geometa,Developer,Leamington Spa,Warwickshire,England,https://geometa.co.uk,NOVO,em-escopo,porta-sem-resposta
Gesinimo Games,Developer,Birmingham,West Midlands,England,https://gesinimo.co.uk/,NOVO,em-escopo,nao-triado
Ghost Town Games,Developer,Cambridge,Cambridgeshire,England,https://www.ghosttowngames.com,NOVO,em-escopo,"site vivo, porta de carreiras nao localizada no HTML"
Ghostlight,Publisher,Bishops Stortford,Hertfordshire,England,https://www.ghostlight.uk.com,NOVO,fora-de-escopo,nao-triado
Glass Head Dolls,Developer,Broadstairs,Kent,England,https://glassheaddolls.games/,NOVO,em-escopo,nao-triado
GLITCH,Investment,Witney,Oxfordshire,England,https://heyglitch.com/,NOVO,fora-de-escopo,nao-triado
Glitch Games,Developer,Cheltenham,Gloucestershire,England,https://glitch.games/,NOVO,em-escopo,nao-triado
Global Games Alliance,Organization,Suffolk,Suffolk,England,https://globalgamesalliance.com/,NOVO,fora-de-escopo,nao-triado
Glowmade,Developer,Guildford,Surrey,England,https://www.glowmade.com,NOVO,em-escopo,"site vivo, porta de carreiras nao localizada no HTML"
Grey Alien Games,Developer and Publisher,Bridport,Dorset,England,https://www.greyaliengames.com,NOVO,em-escopo,nao-triado
Ground Shatter (Reforged Studios),Developer,Bristol,Avon,England,https://www.groundshatter.com/,NOVO,em-escopo,"site vivo, porta de carreiras nao localizada no HTML"
Hachi’s Cache,Developer,Dover,Kent,England,https://hachiscache.com/,NOVO,em-escopo,nao-triado
Hanako Games,Developer,Haywards Heath,West Sussex,England,https://www.hanakogames.com,NOVO,em-escopo,nao-triado
Hangar 13 (2K),Developer,Brighton,East Sussex,England,https://www.hangar13games.com,NOVO,em-escopo,porta-ok:https://www.hangar13games.com/careers
Hard Light Studios (SEGA),Developer,Leamington Spa,Warwickshire,England,https://www.hardlightstudio.com,ja conhecido (painel/csv),em-escopo,porta-ok:https://www.hardlightstudio.com/careers
Hatsumi VR,Health,Brighton,East Sussex,England,https://www.hatsumivr.com,NOVO,fora-de-escopo,nao-triado
Headware Games,Developer,Bristol,Avon,England,https://www.headwaregames.com,NOVO,em-escopo,"site vivo, porta de carreiras nao localizada no HTML"
Hello Games,Developer,Guildford,Surrey,England,https://www.hellogames.org,ja conhecido (painel/csv),em-escopo,porta-ok:https://hellogames.org/join-us/
Hesketh Studios,Microstudio,Brighton,East Sussex,England,http://executiveassault.com/,NOVO,em-escopo,porta-sem-resposta
Huey Games,Developer and Publisher,New Mills,Derbyshire,England,https://www.hueygames.com/,NOVO,em-escopo,nao-triado
Hugecalf Studios,Developer,Manchester,Lancashire,England,https://hugecalf.com/,ja conhecido (painel/csv),em-escopo,porta-ok:https://hugecalf.com/careers
Hyperlite,Mobile,Denston,Suffolk,England,https://hyperlitestudios.com/,NOVO,em-escopo,nao-triado
Imaginary Friend Games,Developer,Canterbury,Kent,England,https://www.imaginaryfriendsgames.com,NOVO,em-escopo,nao-triado
Inertia Games,Developer,Cambridge,Cambridgeshire,England,https://www.inertiasoftware.com,NOVO,em-escopo,"site vivo, porta de carreiras nao localizada no HTML"
Inglenook Games,Developer,York,Yorkshire,England,https://www.inglenook.co/,NOVO,em-escopo,nao-triado
inkle,Mobile,Cambridge,Cambridgeshire,England,https://www.inklestudios.com,NOVO,em-escopo,porta-ok:https://www.inklestudios.com/joinus/
Inklingwood Studios,Developer,Spennymoor,County Durham,England,https://foolishmortalsgame.com/,NOVO,em-escopo,nao-triado
Innoverse,Extended Reality (XR),Bristol,Avon,England,https://innoverse.co.uk/,NOVO,em-escopo,"site vivo, porta de carreiras nao localizada no HTML"
Into Games,Organization,Brighton,East Sussex,England,https://intogames.org/,NOVO,fora-de-escopo,nao-triado
Introversion Software,Developer,Walton-on-Thames,Surrey,England,https://www.introversion.co.uk,NOVO,em-escopo,nao-triado
Invincibles Studio,Mobile,Preston,Lancashire,England,https://www.invinciblesstudio.com/,NOVO,em-escopo,nao-triado
IO Interactive,Developer,Brighton,East Sussex,England,https://ioi.dk/,ja conhecido (painel/csv),em-escopo,"quadro Teamtailor (apply.ioi.dk) vivo com 1 vaga (HR Consultant), nenhuma de arte; estudio ja trabalhado pela campanha"
ITEM42,Developer,Brighton,East Sussex,England,https://www.item42.com/,NOVO,em-escopo,"site vivo, porta de carreiras nao localizada no HTML"
Iteration Games,Microstudio,Manchester,Lancashire,England,https://www.iteration-games.com/,NOVO,em-escopo,"site vivo, porta de carreiras nao localizada no HTML"
Jagex,Online,Cambridge,Cambridgeshire,England,https://www.jagex.com,ja conhecido (painel/csv),em-escopo,"quadro Workable vivo; a unica de arte 3D e Environment Artist (RuneScape Dragonwilds) - ambiente, prioridade MEDIA"
Jaw Drop Games,Developer,Brighton,East Sussex,England,https://www.jawdropgames.com,NOVO,em-escopo,porta-ok:https://jawdropgames.com/careers
Jawdrop Games,Developer,Brighton,East Sussex,England,https://jawdropgames.com/,NOVO,em-escopo,porta-ok:https://jawdropgames.com/careers
John William Evelyn (Robot House Games),Microstudio,Brighton,East Sussex,England,https://johnevelyn.itch.io/,NOVO,em-escopo,"site vivo, porta de carreiras nao localizada no HTML"
Jumbli,Developer,Sheffield,Yorkshire,England,https://www.jumblivr.com/,NOVO,em-escopo,"site vivo, porta de carreiras nao localizada no HTML"
Jumpship,Developer,Guildford,Surrey,England,https://jumpship.co.uk/,NOVO,em-escopo,porta-ok:https://jumpship.co.uk/#jobs
Just Add Water,Developer,Leeds,West Yorkshire,England,https://justaddwaterdevelopment.com/,NOVO,em-escopo,porta-ok:https://justaddwaterdevelopment.com/careers/
Just Add Water (Developments),Developer,Leeds,West Yorkshire,England,https://www.jawltd.com,NOVO,em-escopo,porta-ok:https://justaddwaterdevelopment.com/careers/
Just Flight,Developer,Leamington Spa,Warwickshire,England,https://www.justflight.com,NOVO,em-escopo,"site vivo, porta de carreiras nao localizada no HTML"
Just Trains,Developer,Leamington Spa,Warwickshire,England,https://www.justtrains.net,NOVO,em-escopo,"site vivo, porta de carreiras nao localizada no HTML"
Just Won't Die Games,Developer,Cambridge,Cambridgeshire,England,https://justwontdie.com/,NOVO,em-escopo,"vaga Senior 3D/Character Artist em Cambridge - VETO ESCRITO: You must be eligible to work in the UK; texto ainda fala em pandemia, anuncio antigo"
Kaizen Game Works,Developer,Coventry,West Midlands,England,https://www.kaizengameworks.com,NOVO,em-escopo,nao-triado
Kalypso Media UK,Developer and Publisher,Bracknell,Berkshire,England,https://www.kalypsomedia.com,NOVO,em-escopo,nao-triado
Kasedo Games,Publisher,Leicester,Leicestershire,England,https://kasedogames.com/,NOVO,fora-de-escopo,nao-triado
Kinetic Games,Developer,Southampton,Hampshire,England,https://www.kineticgames.co.uk/,NOVO,em-escopo,nao-triado
KISS LTD,Publisher,Leamington Spa,Warwickshire,England,http://www.kiss-ltd.co.uk/,NOVO,fora-de-escopo,nao-triado
Kittens in Timespace,Developer,Penzance,Cornwall,England,https://kittensintimespace.com/,NOVO,em-escopo,nao-triado
Koch Media,Publisher,Theale,West Berkshire,England,https://www.kochmedia.com,NOVO,fora-de-escopo,nao-triado
Koei Tecmo Europe,Developer and Publisher,Letchworth Garden City,Hertfordshire,England,https://www.koeitecmoeurope.com,NOVO,em-escopo,nao-triado
Konami Digital Entertainment,Publisher,Windsor,London,England,https://www.konami.com,NOVO,fora-de-escopo,nao-triado
Kwalee,Developer and Publisher,Leamington Spa,Warwickshire,England,https://kwalee.com,ja na fila gamedevmap 06/09,em-escopo,"quadro lever vivo, 6 vagas, nenhuma da disciplina"
Kwalee Gaming,Developer and Publisher,Leamington Spa,Warwickshire,England,https://www.kwalee.com/,NOVO,em-escopo,porta-ok:https://www.kwalee.com/
Kwalee Labs,Developer,Leamington Spa,Warwickshire,England,https://www.kwalee.com/,ja na fila gamedevmap 06/09,em-escopo,porta-ok:https://www.kwalee.com/
Lab 42 Games,Developer,Sheffield,Yorkshire,England,https://www.lab42.games/,NOVO,em-escopo,porta-ok:https://www.lab42.games/careers/
Lab42 (Sumo Digital),Developer,Leamington Spa,Warwickshire,England,https://www.lab42.games/,NOVO,em-escopo,porta-ok:https://www.lab42.games/careers/
Land & Sea,Developer,Exeter,Devon,England,https://www.landandsea.games,NOVO,em-escopo,nao-triado
Larian Studios,Developer,Guildford,Surrey,England,https://www.larian.com,ja conhecido (painel/csv),em-escopo,"Character Artist - Open Application (Lever): banco de talentos, nao e requisicao datada"
Laser Dog,Mobile,Leeds,West Yorkshire,England,https://www.laserdog.co.uk/,NOVO,em-escopo,"site vivo, porta de carreiras nao localizada no HTML"
Last Arrow Games (Pneuma Games Group),Developer,Gateshead,Tyne and Wear,England,https://www.lastarrowgames.com/,NOVO,em-escopo,quadro teamtailor em dominio proprio (https://careers.lastarrowgames.com) - sem vaga da disciplina hoje
Late Night Games,Developer,Cambridge,Cambridgeshire,England,https://latenightgames.net/,NOVO,em-escopo,"site vivo, porta de carreiras nao localizada no HTML"
Level Eleven Games,Developer and Publisher,Kingston upon Hull,East Yorkshire,England,https://lvl11.co.uk/,NOVO,em-escopo,nao-triado
Lightfoot Bros,Developer,Isleworth,London,England,https://www.lightfootbrosgames.com/,NOVO,em-escopo,nao-triado
Lighthouse Games,Developer,Leamington Spa,Warwickshire,England,https://lighthousegames.com/,ja conhecido (painel/csv),em-escopo,porta-ok:https://lighthousegames.com/careers/
Little Bird Studios (Cathedral Studios),Developer,Wokingham,Berkshire,England,https://www.cathedral-studios.com/little-bird-studios,NOVO,em-escopo,nao-triado
Little Loud,Online,Brighton,East Sussex,England,http://www.littleloud.com,NOVO,em-escopo,porta-sem-resposta
Llamasoft,Developer,Reading,Berkshire,England,http://www.minotaurproject.co.uk/,NOVO,em-escopo,nao-triado
Lo-Fi Games,Developer,Bristol,Avon,England,https://lofigames.com/,NOVO,em-escopo,porta-ok:https://lofigames.com/jobs/
Lockwood Publishing,Mobile,Leamington Spa,Warwickshire,England,https://www.lockwoodpublishing.com,NOVO,em-escopo,porta-ok:https://www.lockwoodpublishing.com/careers
Lockwood Publishing,Mobile,Nottingham,Nottinghamshire,England,https://www.lockwoodpublishing.com,NOVO,em-escopo,porta-ok:https://www.lockwoodpublishing.com/careers
Long Way Home Games,Developer,Southampton,Hampshire,England,https://longwayhome.games/,NOVO,em-escopo,nao-triado
Lost Forest Games,Developer,Horsham,West Sussex,England,http://lostforestgames.com/,NOVO,em-escopo,nao-triado
Lost in Cult,Publisher,Cirencester,Gloucestershire,England,https://www.lostincult.co.uk/,NOVO,fora-de-escopo,nao-triado
Lost Token,Microstudio,Helston,Cornwall,England,https://dionous.itch.io/theropods,NOVO,em-escopo,nao-triado
Lovely Hellplace,Developer,Brighton,East Sussex,England,http://lovelyhellplace.com/,NOVO,em-escopo,"site vivo, porta de carreiras nao localizada no HTML"
Lucid Games,Developer,Liverpool,Merseyside,England,https://www.lucidgames.co.uk,NOVO,em-escopo,"vagas de Environment Artist (Senior/Lead/Principal) publicadas em 2024 - ambiente, prioridade MEDIA e anuncio velho"
Lunar Software,Developer,Preston,Lancashire,England,http://www.lunar-software.com,NOVO,em-escopo,nao-triado
Machinefun,Developer,Manchester,Lancashire,England,https://www.machinefun.co.uk/,NOVO,em-escopo,"site vivo, porta de carreiras nao localizada no HTML"
Mad Fellows,Developer,Leamington Spa,Warwickshire,England,http://www.madfellowsgames.com/,NOVO,em-escopo,porta-sem-resposta
MAG Interactive,Mobile,Brighton,East Sussex,England,https://www.maginteractive.com,NOVO,em-escopo,porta-ok:https://www.maginteractive.com
Magnopus,Extended Reality (XR),Saint Albans,Hertfordshire,England,https://magnopus.com/,NOVO,em-escopo,nao-triado
Manchester Games Network,Organization,Manchester,Lancashire,England,https://www.manchestergamesnetwork.co.uk/,NOVO,fora-de-escopo,nao-triado
Manchester Ludo Game Labs,Incubator/Accelerator,Manchester,Lancashire,England,https://ludogamelabs.com/,NOVO,fora-de-escopo,nao-triado
Mars on a Stick,Mobile,Sheffield,Yorkshire,England,http://www.marsonastick.com,NOVO,em-escopo,porta-sem-resposta
Marvelous Europe,Developer and Publisher,Huddersfield,West Yorkshire,England,https://marvelousgames.com/,NOVO,em-escopo,nao-triado
Massive Monster,Developer,Southampton,Hampshire,England,https://www.massivemonster.co.uk,NOVO,em-escopo,nao-triado
Matt Sephton,Microstudio,Liverpool,Merseyside,England,https://www.gingerbeardman.com/,NOVO,em-escopo,"site vivo, porta de carreiras nao localizada no HTML"
Maverick Games,Developer,Leamington Spa,Warwickshire,England,https://maverick-games.com/,NOVO,em-escopo,porta-ok:https://maverick-games.com/careers
Maximum Entertainment,Publisher,St. Ives,Cambridgeshire,England,https://maximument.com/,NOVO,fora-de-escopo,nao-triado
Mechabit,Extended Reality (XR),Liverpool,Merseyside,England,https://www.mechabit.co.uk,NOVO,em-escopo,"site vivo, porta de carreiras nao localizada no HTML"
Media Molecule (Sony),Developer,Guildford,Surrey,England,https://www.mediamolecule.com,NOVO,em-escopo,porta-ok:https://www.mediamolecule.com/careers
Mediatonic,Developer,Brighton,East Sussex,England,https://www.mediatonicgames.com,ja na fila gamedevmap 06/09,em-escopo,porta-ok:https://www.mediatonicgames.com/careers
Mediatonic,Developer,Guildford,Surrey,England,https://www.mediatonicgames.com,ja na fila gamedevmap 06/09,em-escopo,porta-ok:https://www.mediatonicgames.com/careers
Meeple Corp,Developer,Bath,Somerset,England,https://meeplecorp.com/,NOVO,em-escopo,porta-ok:https://meeplecorp.com/careers/
Mega Giant Studio,Microstudio,Newcastle-Upon-Tyne,Tyne and Wear,England,https://megagiantstudio.com/,NOVO,em-escopo,nao-triado
Mercurial Dance,Extended Reality (XR),Kenilworth,Warwickshire,England,https://www.mercurialdance.co.uk/,NOVO,em-escopo,nao-triado
Merge Games,Developer and Publisher,Manchester,Lancashire,England,https://mergegames.com/,NOVO,em-escopo,"site vivo, porta de carreiras nao localizada no HTML"
Miami Avalon,Developer,Northwich,Cheshire,England,https://miamiavalon.com/,NOVO,em-escopo,nao-triado
Miami Avalon,Developer,Warwick,Warwickshire,England,https://miamiavalon.com/,NOVO,em-escopo,nao-triado
Microwave Games,Developer,Grimsby,Lincolnshire,England,https://www.facebook.com/MicrowaveGames,NOVO,em-escopo,nao-triado
Midas Interactive,Publisher,Bishops Stortford,Hertfordshire,England,https://www.midasinteractive.com,NOVO,fora-de-escopo,nao-triado
Middle Man Games,Extended Reality (XR),Basildon,Essex,England,https://www.middlemangames.com/,NOVO,em-escopo,nao-triado
Midnight Vikings Games,Developer,York,North Yorkshire,England,https://midnight-vikings-games.itch.io/,NOVO,em-escopo,nao-triado
Midoki Games,Mobile,Leamington Spa,Warwickshire,England,https://www.midoki.com,NOVO,em-escopo,"site vivo, porta de carreiras nao localizada no HTML"
Milky Tea Studios (Aonic),Developer,Liverpool,Merseyside,England,https://www.milkytea.com,NOVO,em-escopo,porta-ok:https://www.milkytea.com/home#jobs
Mindflair Games,Developer,Newbury,Berkshire,England,https://mindflairgames.com/,NOVO,em-escopo,nao-triado
miniBeast Game Studios,Microstudio,Cambridge,Cambridgeshire,England,https://minibeastgames.itch.io/,NOVO,em-escopo,"site vivo, porta de carreiras nao localizada no HTML"
MINSKWORKS,Microstudio,Bristol,Avon,England,https://minskworks.net/,NOVO,em-escopo,"site vivo, porta de carreiras nao localizada no HTML"
Miracle Tea Studios,Mobile,Ipswich,Suffolk,England,https://www.miracleteastudios.com,NOVO,em-escopo,nao-triado
Mobile Pie,Mobile,Bristol,Avon,England,https://www.mobilepie.com,NOVO,em-escopo,porta-ok:https://www.mobilepie.com
ModalVR Studio,Extended Reality (XR),Newquay,Cornwall,England,https://modalvr.co.uk/,NOVO,em-escopo,nao-triado
Modern Dream,Developer,Leamington Spa,Warwickshire,England,http://www.modern-dream.com/,NOVO,em-escopo,porta-sem-resposta
MojiWorks,Online,Guildford,Surrey,England,https://www.moji.works,ja conhecido (painel/csv),em-escopo,"site vivo, porta de carreiras nao localizada no HTML"
Monster and Monster,Mobile,Leamington Spa,Warwickshire,England,https://monsterandmonster.com/,NOVO,em-escopo,"site vivo, porta de carreiras nao localizada no HTML"
Montebearo,Developer,Bexhill-on-Sea,East Sussex,England,https://www.montebearo.co.uk/,NOVO,em-escopo,nao-triado
Moonana,Developer,Bristol,Avon,England,https://moonanagames.com/,NOVO,em-escopo,"site vivo, porta de carreiras nao localizada no HTML"
Moonpod,Developer,Sheffield,South Yorkshire,England,http://www.moonpod.com,NOVO,em-escopo,porta-sem-resposta
Mytholite Games,Developer and Publisher,Herne Bay,Kent,England,https://mytholite.itch.io/,NOVO,em-escopo,nao-triado
Mythwright,Publisher,Farnborough,Hampshire,England,https://mythwright.com/,NOVO,fora-de-escopo,nao-triado
National Insecurities,Developer,Tewkesbury,Gloucestershire,England,https://nationalinsecurities.itch.io,NOVO,em-escopo,nao-triado
NaturalMotion Games (Zynga),Developer,Birmingham,West Midlands,England,https://naturalmotion.com/,ja conhecido (painel/csv),em-escopo,nao-triado
NaturalMotion Games (Zynga),Developer,Brighton,East Sussex,England,https://naturalmotion.com/,ja conhecido (painel/csv),em-escopo,"quadro greenhouse vivo, 4 vagas, nenhuma da disciplina"
Ndemic Creations,Developer,Bristol,Avon,England,https://www.ndemiccreations.com,NOVO,em-escopo,porta-ok:https://www.ndemiccreations.com/en/19-careers
nDreams Studio (Aonic),Extended Reality (XR),Farnborough,Hampshire,England,https://ndreams.com/,ja conhecido (painel/csv),em-escopo,nao-triado
nDreams Studio Elevation (Aonic),Extended Reality (XR),Farnborough,Hampshire,England,https://ndreams.com/,ja conhecido (painel/csv),em-escopo,nao-triado
nDreams Studio Near Light (Aonic),Extended Reality (XR),Brighton,East Sussex,England,https://ndreams.com/,ja conhecido (painel/csv),em-escopo,porta-ok:https://ndreams.com/careers/
nDreams Studio Orbital (Aonic),Extended Reality (XR),Farnborough,Hampshire,England,https://ndreams.com/,ja conhecido (painel/csv),em-escopo,nao-triado
Neon Play,Developer,Cirencester,Gloucestershire,England,https://www.neonplay.com,NOVO,em-escopo,nao-triado
Nequinox Studios,Developer,Hyde,Manchester,England,https://www.nequinox-studios.com,NOVO,em-escopo,nao-triado
New Star Games,Mobile,Buckingham,Buckinghamshire,England,https://www.newstargames.com,NOVO,em-escopo,nao-triado
Nimso Studios,Developer,Poole,Dorset,England,https://nimsostudios.itch.io/,NOVO,em-escopo,nao-triado
Ninja Theory (Microsoft),Developer,Cambridge,Cambridgeshire,England,https://www.ninjatheory.com,ja conhecido (painel/csv),em-escopo,porta-ok:https://www.ninjatheory.com/careers/opportunities/
Nintendo Europe,Publisher,Farlington,Hampshire,England,https://www.nintendo-europe.com,NOVO,fora-de-escopo,nao-triado
No More Robots,Publisher,Manchester,Lancashire,England,https://www.nomorerobots.io,NOVO,fora-de-escopo,nao-triado
Noisy Head Games,Developer,Cambridge,Cambridgeshire,England,https://noisyheadgames.com/,NOVO,em-escopo,"site vivo, porta de carreiras nao localizada no HTML"
Nomad Games,Mobile,Lymm,Cheshire,England,https://www.nomadgames.co.uk,NOVO,em-escopo,nao-triado
North Star Video Games,Developer,Liverpool,Merseyside,England,https://northstarvideogames.com/,NOVO,em-escopo,"site vivo, porta de carreiras nao localizada no HTML"
Nosebleed Interactive,Developer,Newcastle,Tyne and Wear,England,https://www.nosebleedinteractive.com,NOVO,em-escopo,"site vivo, porta de carreiras nao localizada no HTML"
NSC Creative,Extended Reality (XR),Leicester,Leicestershire,England,https://www.nsccreative.com,NOVO,em-escopo,nao-triado
Nullpointer Games,Developer,Brighton,East Sussex,England,http://www.nullpointer.co.uk/,NOVO,em-escopo,"site vivo, porta de carreiras nao localizada no HTML"
Numskull Games,Publisher,Welwyn Garden City,Hertfordshire,England,https://www.numskullgames.com,NOVO,fora-de-escopo,nao-triado
Nyamyam,Developer,Tamworth,Staffordshire,England,https://www.nyamyam.com,NOVO,em-escopo,nao-triado
Observer Interactive,Developer,Middlesbrough,North Yorkshire,England,https://observerinteractive.com/,NOVO,em-escopo,nao-triado
Odd Bug Studio,Extended Reality (XR),Manchester,Lancashire,England,https://www.oddbug.co.uk,NOVO,em-escopo,"site vivo, porta de carreiras nao localizada no HTML"
OMNI Systems,Developer,Canterbury,Kent,England,https://www.omni-labs.com/,NOVO,em-escopo,nao-triado
Opposable VR,Extended Reality (XR),Bristol,Avon,England,http://www.opposablevr.com/,NOVO,em-escopo,porta-sem-resposta
Otterweave Studios,Developer,Middlesbrough,North Yorkshire,England,https://otterweavegamesstudio.com/,NOVO,em-escopo,nao-triado
Out of Bounds Games,Developer,Bristol,Avon,England,https://www.outofboundsgames.com,NOVO,em-escopo,"site vivo, porta de carreiras nao localizada no HTML"
Palringo,Mobile,Ipswich,Suffolk,England,https://www.palringo.com,NOVO,em-escopo,porta-ok:https://www.palringo.com/careers
Parallel Circles,Developer,Manchester,Lancashire,England,https://parallelcircles.com/,NOVO,em-escopo,"site vivo, porta de carreiras nao localizada no HTML"
Paw Print Games,Developer,Chester,Cheshire,England,https://www.pawprintgames.com,NOVO,em-escopo,nao-triado
Pawley Games,Microstudio,Dover,Kent,England,https://thronedream.com/,NOVO,em-escopo,nao-triado
Penny Black Studios,Extended Reality (XR),Nottingham,Nottinghamshire,England,https://www.pennyblackstudios.com,NOVO,em-escopo,"site vivo, porta de carreiras nao localizada no HTML"
People Can Fly,Developer,Newcastle,Tyne and Wear,England,https://www.peoplecanfly.com,ja conhecido (painel/csv),em-escopo,quadro SmartRecruiters vivo; Principal Character Artist esta em Montreal (fora da Europa) e o Senior Asset Artist Hard Surface esta em Varsovia
Perchang,Mobile,Guildford,Surrey,England,https://www.perchang.com,NOVO,em-escopo,"site vivo, porta de carreiras nao localizada no HTML"
Perfect Crime Games,Developer,Ticehurst,East Sussex,England,https://perfectcrimegames.com/,NOVO,em-escopo,nao-triado
Phigames,Microstudio,Manchester,Lancashire,England,https://phigames.com/,NOVO,em-escopo,"site vivo, porta de carreiras nao localizada no HTML"
Pinfall Games,Microstudio,Ipswich,Suffolk,England,https://www.pinfallgames.com/,NOVO,em-escopo,nao-triado
Pixel Envision,Mobile,Brighton,East Sussex,England,https://www.pixelenvision.com,NOVO,em-escopo,"site vivo, porta de carreiras nao localizada no HTML"
Pixel Ghost,Microstudio,Redhill,Surrey,England,https://pixelghost.uk/,NOVO,em-escopo,nao-triado
Pixel Toys,Mobile,Leamington Spa,Warwickshire,England,https://www.pixeltoys.com,NOVO,em-escopo,"quadro bamboohr vivo, 14 vagas, nenhuma da disciplina"
PixelManta,Developer,Sheffield,Yorkshire,England,https://www.pixelmanta.co.uk,NOVO,em-escopo,"site vivo, porta de carreiras nao localizada no HTML"
Pixelteriyaki,Microstudio,Leeds,West Yorkshire,England,https://www.pixelteriyaki.com/,NOVO,em-escopo,porta-ok:https://www.pixelteriyaki.com/
Playdemic (Electronic Arts),Mobile,Wilmslow,Cheshire,England,https://www.ea.com/ea-studios/playdemic,ja conhecido (painel/csv),em-escopo,nao-triado
Playground Games,Developer,Leamington Spa,Warwickshire,England,https://www.playground-games.com,ja conhecido (painel/csv),em-escopo,porta-ok:https://www.playground-games.com/careers
Playmint,Developer,Brighton,East Sussex,England,https://playmint.com/,NOVO,em-escopo,"site vivo, porta de carreiras nao localizada no HTML"
Playsport Games,Developer,Guildford,Surrey,England,https://www.playsportgames.com,ja conhecido (painel/csv),em-escopo,porta-ok:https://www.playsportgames.com/careers/
Playtonic Friends,Publisher,Burton-on-Trent,East Staffordshire,England,https://playtonicgames.com/,ja conhecido (painel/csv),fora-de-escopo,nao-triado
PlayTonic Games,Developer,Burton-on-Trent,East Staffordshire,England,https://www.playtonicgames.com,ja conhecido (painel/csv),em-escopo,nao-triado
Plug-in Media,Developer,Brighton,East Sussex,England,http://pluginmedia.net/,NOVO,em-escopo,porta-ok:https://pluginmedia.net/wp-content/uploads/2018/11/JOBS.jpg
Pneuma Games Group,Publisher,Middlesbrough,North Yorkshire,England,https://pneumagroup.co.uk/games/,NOVO,fora-de-escopo,nao-triado
Polyfox Gaming,Mobile,Cambridge,Cambridgeshire,England,https://polyfox-gaming.itch.io/,NOVO,em-escopo,"site vivo, porta de carreiras nao localizada no HTML"
Polygon Treehouse,Developer,Cambridge,Cambridgeshire,England,https://www.polygon-treehouse.com,NOVO,em-escopo,"site vivo, porta de carreiras nao localizada no HTML"
Positech Games,Developer,Westbury,Wiltshire,England,http://www.positech.co.uk/,NOVO,em-escopo,nao-triado
PQube,Publisher,Hertfordshire,Hertfordshire,England,https://pqube.co.uk/,NOVO,fora-de-escopo,nao-triado
ProjectorGames,Microstudio,Sheffield,Yorkshire,England,https://projectorgames.github.io/,NOVO,em-escopo,"site vivo, porta de carreiras nao localizada no HTML"
Propulsion Games,Developer,Southampton,Hampshire,England,https://www.propulsiongames.com/,NOVO,em-escopo,nao-triado
Proxima Studio,Developer,Havant,Hampshire,England,https://proxima.studio/,NOVO,em-escopo,nao-triado
Pugware (Steve Gal),Microstudio,Portland,Dorset,England,https://pugware.itch.io/,NOVO,em-escopo,nao-triado
Puppygames,Developer,Basingstoke,Hampshire,England,https://www.puppygames.net,NOVO,em-escopo,nao-triado
Purple Bean Games,Microstudio,Farnborough,Hampshire,England,https://linktr.ee/purplebeangames,NOVO,em-escopo,nao-triado
Quarantine Studios,Extended Reality (XR),Orpington,London,England,https://www.qxrstudios.com,NOVO,em-escopo,nao-triado
Radical Forge,Developer,Middlesbrough,North Yorkshire,England,https://radicalforge.com/,ja conhecido (painel/csv),em-escopo,quadro teamtailor em dominio proprio (https://careers.radicalforge.com) - sem vaga da disciplina hoje
Rare,Developer,Twycross,Warwickshire,England,https://www.rare.co.uk,NOVO,em-escopo,nao-triado
Rare (Microsoft),Developer,Twycross,Warwickshire,England,https://www.rare.co.uk/,NOVO,em-escopo,nao-triado
Rebellion,Developer,Oxford,Oxfordshire,England,https://www.rebellion.co.uk,ja conhecido (painel/csv),em-escopo,porta-ok:https://careers.rebellion.com/
Rebellion Warwick,Developer,Leamington Spa,Warwickshire,England,https://www.rebellion.co.uk,NOVO,em-escopo,porta-ok:https://careers.rebellion.com/
Rebourne Studios,Developer,Bournemouth,Dorset,England,https://www.rebournestudios.com,NOVO,em-escopo,nao-triado
Recluse Industries,Developer,York,Yorkshire,England,https://www.recluseindustries.com,NOVO,em-escopo,nao-triado
Red Beard Games (Hi-Rez Studios),Online,Brighton,East Sussex,England,https://www.hirezstudios.com,ja conhecido (painel/csv),em-escopo,"site vivo, porta de carreiras nao localizada no HTML"
Red Kite Games,Developer,Huddersfield,West Yorkshire,England,https://www.redkitegames.co.uk,NOVO,em-escopo,nao-triado
Red Phantom Games,Developer,Leamington Spa,Warwickshire,England,https://www.redphantomgames.com,NOVO,em-escopo,"site vivo, porta de carreiras nao localizada no HTML"
Red Wasp Design,Developer,Bristol,Avon,England,https://redwaspdesign.wordpress.com/,NOVO,em-escopo,"site vivo, porta de carreiras nao localizada no HTML"
RedKar Devs,Developer,Salisbury,Wiltshire,England,https://redkardevs.co.uk/,NOVO,em-escopo,nao-triado
RedOctane Games (Embracer),Developer,Clevedon,Somerset,England,https://www.redoctane.games/,NOVO,em-escopo,nao-triado
Reef Entertainment,Developer and Publisher,Croydon,Surrey,England,https://www.reef-entertainment.com/,NOVO,em-escopo,nao-triado
Reflex Arc,Extended Reality (XR),Leeds,West Yorkshire,England,https://reflexarc.co.uk/,NOVO,em-escopo,"site vivo, porta de carreiras nao localizada no HTML"
REMEX Software,Developer,Guildford,Surrey,England,https://remexsoftware.com/,NOVO,em-escopo,porta-sem-resposta
Retroburn,Developer,Huddersfield,West Yorkshire,England,https://retroburngames.com/,NOVO,em-escopo,nao-triado
Revolution Software,Developer,York,Yorkshire,England,https://www.revolution.co.uk,ja conhecido (painel/csv),em-escopo,nao-triado
Riot Games,Online,Brighton,East Sussex,England,https://www.riotgames.com,ja conhecido (painel/csv),em-escopo,porta-ok:https://www.riotgames.com/en
Ripstone,Developer and Publisher,Liverpool,Merseyside,England,https://ripstone.com/,NOVO,em-escopo,"site vivo, porta de carreiras nao localizada no HTML"
Rising Star Games (Thunderful),Publisher,Bancroft,Hertfordshire,England,https://risingstargames.com/,ja conhecido (painel/csv),fora-de-escopo,nao-triado
Rocketdesk,Organization,Guildford,Surrey,England,https://www.rocketdesk.co.uk,NOVO,fora-de-escopo,nao-triado
Rockstar Leeds,Developer,Leeds,Yorkshire,England,https://www.rockstargames.com/,ja conhecido (painel/csv),em-escopo,porta-ok:https://www.rockstargames.com/careers
Rockstar Lincoln (Rockstar Games),Developer,North Hykeham,Lincolnshire,England,https://www.rockstargames.com/,ja conhecido (painel/csv),em-escopo,nao-triado
Rubicon Development,Mobile,Ventnor,Isle of Wight,England,https://www.rubicondev.com,NOVO,em-escopo,nao-triado
Rumpus Animation,Developer,Bristol,Avon,England,https://rumpusanimation.com/,NOVO,em-escopo,"site vivo, porta de carreiras nao localizada no HTML"
Saebo,Health,Welwyn Garden City,Hertfordshire,England,https://www.saebo.com,NOVO,fora-de-escopo,nao-triado
Safe in Our World,Organization,Watford,Hertfordshire,England,https://www.safeinourworld.org,NOVO,fora-de-escopo,nao-triado
Salix Games,Developer,Guildford,Surrey,England,https://salixgames.com/,NOVO,em-escopo,"site vivo, porta de carreiras nao localizada no HTML"
Scallywag Arcade,Developer,Liverpool,Merseyside,England,https://scallywag.drawandcode.com/,NOVO,em-escopo,"site vivo, porta de carreiras nao localizada no HTML"
Scyte Studios,Developer,Middlesbrough,North Yorkshire,England,https://scytestudiosltd.co.uk/,NOVO,em-escopo,nao-triado
Second Impact Games,Developer,Brighton,East Sussex,England,https://www.secondimpactgames.com,NOVO,em-escopo,porta-ok:https://www.secondimpactgames.com/jobs.html
Second Star Games,Developer,Warrington,Cheshire,England,https://www.secondstargames.co.uk/,NOVO,em-escopo,nao-triado
Secret Mode,Publisher,Leamington Spa,Warwickshire,England,https://wearesecretmode.com/,NOVO,fora-de-escopo,nao-triado
Sega Europe,Publisher,Brentford,Middlesex,England,https://www.sega.com,NOVO,fora-de-escopo,nao-triado
Seventh Disorder,Developer,Manchester,Lancashire,England,https://www.seventhdisorder.com/,NOVO,em-escopo,porta-ok:https://www.seventhdisorder.com/jobs/
Sigtrap Games,Developer,Huddersfield,West Yorkshire,England,http://www.sigtrapgames.com/,NOVO,em-escopo,nao-triado
Silent Games,Developer,Newcastle-Upon-Tyne,Tyne and Wear,England,https://www.silentgames-studio.com,NOVO,em-escopo,nao-triado
Silver Lining Interactive,Publisher,Manchester,Lancashire,England,https://silverliningint.com/,NOVO,fora-de-escopo,nao-triado
Silver Script Games,Microstudio,Broadstairs,Kent,England,https://www.silverscriptgames.com/,NOVO,em-escopo,nao-triado
Size Five Games,Developer,Sherborne,Dorset,England,https://www.sizefivegames.com,NOVO,em-escopo,nao-triado
Sketchbook Games,Developer,Colchester,Essex,England,https://lostwordsgame.com/,NOVO,em-escopo,nao-triado
Skyhook Games,Developer,Liverpool,Merseyside,England,https://skyhookgames.com/,NOVO,em-escopo,porta-ok:https://skyhookgames.com/game-careers/
Skyrocket,Developer,Croydon,Surrey,England,https://www.skyrocketon.com,NOVO,em-escopo,nao-triado
Slate Games,Mobile,Leeds,West Yorkshire,England,https://www.slategamesworld.co.uk/,NOVO,em-escopo,"site vivo, porta de carreiras nao localizada no HTML"
Sledgehammer Games (Activision),Mobile,Guildford,Surrey,England,https://sledgehammergames.com/,ja na fila gamedevmap 06/09,em-escopo,porta-ok (workday detectado): https://careers.activision.com/
Slice Bar Games,Developer,South Yorkshire,Yorkshire,England,https://slicebar.games/,NOVO,em-escopo,nao-triado
Slitherine Software,Developer,Epsom,Surrey,England,https://www.slitherine.com,NOVO,em-escopo,nao-triado
Slug Disco Studios,Developer,Liverpool,Merseyside,England,https://slugdisco.com/,NOVO,em-escopo,as vagas de personagem e ambiente estao marcadas (closed) na propria pagina
SlugGlove,Microstudio,Hebden Bridge,Yorkshire,England,https://www.slugglove.com/,NOVO,em-escopo,nao-triado
Small Impact Games,Developer,Leicester,Leicestershire,England,https://smallimpactgames.com/,NOVO,em-escopo,nao-triado
Small Loan Studio,Developer,Salisbury,Wiltshire,England,https://smallloanstudio.wordpress.com/about/,NOVO,em-escopo,nao-triado
Snap Finger Click,Developer,Brighton,East Sussex,England,https://www.snapfingerclick.com,NOVO,em-escopo,"site vivo, porta de carreiras nao localizada no HTML"
South Westerly Games,Developer,Brighton,East Sussex,England,https://www.nineroundsrapid.com/,NOVO,em-escopo,"site vivo, porta de carreiras nao localizada no HTML"
Space Lizard Studio,Developer,Liverpool,Merseyside,England,https://spacelizardstudio.com/,NOVO,em-escopo,"site vivo, porta de carreiras nao localizada no HTML"
Spacebot Interactive,Developer,Watford,Hertfordshire,England,https://spacebot-interactive.com,NOVO,em-escopo,nao-triado
Spawnpoint,Developer,Stafford,Staffordshire,England,https://spawnpoint.io/,NOVO,em-escopo,nao-triado
SpecialEffect,Organization,Charlbury,Oxfordshire,England,https://www.specialeffect.org.uk,NOVO,fora-de-escopo,nao-triado
Spectrum 48 Games,Developer,Bristol,Avon,England,https://www.spectrum48.com/,NOVO,em-escopo,"site vivo, porta de carreiras nao localizada no HTML"
Spiderling Studios,Developer,Shoreham By Sea,West Sussex,England,https://www.spiderlinggames.com/,NOVO,em-escopo,nao-triado
Spiral Circus,Developer,Bristol,Avon,England,https://spiralcircusgames.com/,NOVO,em-escopo,"site vivo, porta de carreiras nao localizada no HTML"
Spiral House,Developer,Liverpool,Merseyside,England,https://spiralhouse.co.uk/,NOVO,em-escopo,"site vivo, porta de carreiras nao localizada no HTML"
Spiritus Games,Developer,Littlehampton,West Sussex,England,http://www.fabulargame.com,NOVO,em-escopo,nao-triado
Splash Damage,Developer,Bromley,London,England,https://www.splashdamage.com,NOVO,em-escopo,nao-triado
Stainless Games,Developer,Newport,Isle of Wight,England,https://www.stainlessgames.com,NOVO,em-escopo,nao-triado
Star Game Studios,Developer,Plymouth,Devon,England,https://www.stargamestudios.com,NOVO,em-escopo,nao-triado
Starlight Games,Developer,Liverpool,Merseyside,England,https://starlightgames.co.uk/,NOVO,em-escopo,porta-ok:https://starlightgames.co.uk/notfound/
Starlit Lion Games,Developer,Poole,Dorset,England,https://www.starlitliongames.com/,NOVO,em-escopo,nao-triado
Starship,Developer,Liverpool,Merseyside,England,https://www.starship-group.com,NOVO,em-escopo,porta-ok:https://www.starship-group.com/careers
Steel Arts Software,Developer,Sheffield,Yorkshire,England,https://www.steelartssoftware.com/,NOVO,em-escopo,"site vivo, porta de carreiras nao localizada no HTML"
Steel City Interactive,Developer,Sheffield,Yorkshire,England,https://steelcityinteractive.co.uk/,NOVO,em-escopo,quadro teamtailor em dominio proprio (https://careers.steelcityinteractive.co.uk) - sem vaga da disciplina hoje
Stellar Entertainment,Developer,Guildford,Surrey,England,https://stellarentertainment.software/,ja conhecido (painel/csv),em-escopo,"quadro ashby vivo, 12 vagas, nenhuma da disciplina"
Stephen Allen Games,Microstudio,Leeds,West Yorkshire,England,https://www.stephenallengames.co.uk/,NOVO,em-escopo,"site vivo, porta de carreiras nao localizada no HTML"
Strangely Interactive,Developer,Bromley,London,England,https://www.strangelyinteractive.com/,NOVO,em-escopo,nao-triado
Strategy First,Developer and Publisher,Colchester,Essex,England,http://www.strategyfirst.com/,NOVO,em-escopo,nao-triado
Strolll,Health,Stafford,Staffordshire,England,https://strolll.co/,NOVO,fora-de-escopo,nao-triado
Studio 316,Developer,Redruth,Cornwall,England,https://studio316.co.uk/,NOVO,em-escopo,nao-triado
Studio Gobo,Developer,Brighton,East Sussex,England,https://www.studiogobo.com,ja conhecido (painel/csv),em-escopo,porta-ok:https://www.studiogobo.com/join-us/
Studio HEFT,Developer,Whitstable,Kent,England,https://heft.studio/,NOVO,em-escopo,nao-triado
Stupendium Softworks,Developer,Worthing,West Sussex,England,https://stupendiumsoftworks.com/,NOVO,em-escopo,nao-triado
Sudden Kebab Studios,Developer,Derby,Derbyshire,England,https://guardbreakgame.com/,NOVO,em-escopo,nao-triado
Sugar Creative,Extended Reality (XR),Bristol,Avon,England,https://sugar.agency/,NOVO,em-escopo,porta-ok:https://www.sugar.agency/careers
Sumo Digital,Extended Reality (XR),Nottingham,Nottinghamshire,England,https://www.sumo-digital.com,ja conhecido (painel/csv),em-escopo,"a expressao Visual Development na pagina e nome de servico do estudio, nao vaga"
Sumo Digital,Developer,Sheffield,Yorkshire,England,https://www.sumo-digital.com,ja conhecido (painel/csv),em-escopo,"a expressao Visual Development na pagina e nome de servico do estudio, nao vaga"
Sumo North West,Developer,Warrington,Cheshire,England,https://www.sumo-digital.com,ja conhecido (painel/csv),em-escopo,nao-triado
Sun and Moon Studios,Developer,Bristol,Avon,England,https://sunandmoonstudios.co.uk/,ja conhecido (painel/csv),em-escopo,porta-ok:https://sunandmoonstudios.co.uk/services/careers/
Sunscorched Studios,Developer,Louth,Lincolnshire,England,https://sunscorchedstudios.co.uk/,NOVO,em-escopo,nao-triado
Supermassive Games,Developer,Guildford,Surrey,England,https://www.supermassivegames.com,ja conhecido (painel/csv),em-escopo,porta-ok:https://www.supermassivegames.com/careers
Supersonic Software,Mobile,Leamington Spa,Warwickshire,England,https://www.puzzling.com,NOVO,em-escopo,"site vivo, porta de carreiras nao localizada no HTML"
Surgent Studios,Developer,Pentlow,Essex,England,https://surgentstudios.com/,NOVO,em-escopo,nao-triado
Suspicious Developments,Developer,Bath,Somerset,England,https://www.suspiciousdevelopments.com,NOVO,em-escopo,"site vivo, porta de carreiras nao localizada no HTML"
Tactile Games UK,Mobile,Derby,Derbyshire,England,https://www.tactilegames.co.uk,NOVO,em-escopo,nao-triado
Tall Story Games,Microstudio,Telford,Shropshire,England,https://tallstorygames.com/,NOVO,em-escopo,nao-triado
Team17,Developer and Publisher,Manchester,Lancashire,England,https://www.team17.com/,ja conhecido (painel/csv),em-escopo,porta-ok (workable detectado): https://www.team17.com/
Team17,Developer and Publisher,Nottingham,Nottinghamshire,England,https://www.team17.com/,ja conhecido (painel/csv),em-escopo,porta-ok (workable detectado): https://www.team17.com/
Team17,Developer and Publisher,Wakefield,West Yorkshire,England,https://www.team17.com/,ja conhecido (painel/csv),em-escopo,nao-triado
Teazelcat Games,Developer,Horsham,West Sussex,England,http://teazelcat.com/,NOVO,em-escopo,nao-triado
Tencent UK,Online,Liverpool,Merseyside,England,https://www.tencent.com/,NOVO,em-escopo,porta-ok:https://careers.tencent.com/en-us/home.html
The Chinese Room,Developer,Brighton,East Sussex,England,https://www.thechineseroom.co.uk,NOVO,em-escopo,porta-ok:https://www.thechineseroom.co.uk/vacancies
The Indepenent Game Developers Association (TIGA),Organization,Brighton,East Sussex,England,https://www.tiga.org,NOVO,fora-de-escopo,nao-triado
thechineseroom,Developer,Brighton,East Sussex,England,https://www.thechineseroom.co.uk/,NOVO,em-escopo,porta-ok:https://www.thechineseroom.co.uk/vacancies
Things3D,Extended Reality (XR),Macclesfield,Cheshire,England,https://www.things3d.com/,NOVO,em-escopo,nao-triado
Third Kind Games,Developer,Leamington Spa,Warwickshire,England,https://www.thirdkindgames.com,NOVO,em-escopo,porta-ok:https://thirdkindgames.com/careers/
This Way Up Studio,Developer,Penryn,Cornwall,England,https://this-way-up.itch.io/,NOVO,em-escopo,nao-triado
Three Fields Entertainment,Developer,Petersfield,Hampshire,England,https://www.threefieldsentertainment.com,NOVO,em-escopo,nao-triado
Thunderbox Entertainment,Developer,Guildford,Surrey,England,https://www.thunderboxentertainment.com,NOVO,em-escopo,porta-ok:https://thunderboxentertainment.com/jobs/
Thunkd Games,Developer,Leeds,West Yorkshire,England,https://www.thunkd.com,NOVO,em-escopo,"site vivo, porta de carreiras nao localizada no HTML"
Tick Tock Games,Developer,Horbury,West Yorkshire,England,https://www.ticktockgames.com,NOVO,em-escopo,nao-triado
Timeproof Games,Developer,Guildford,Surrey,England,https://timeproof.games/,NOVO,em-escopo,"site vivo, porta de carreiras nao localizada no HTML"
Tiny Lagoon Studios,Developer,Cheltenham,Gloucestershire,England,https://www.tinylagoon.com/,NOVO,em-escopo,nao-triado
Titan Roc,Developer,Weston-Super-Mare,Somerset,England,https://forsaken-realms.com/,NOVO,em-escopo,nao-triado
Topograph Interactive,Developer,Broadstairs,Kent,England,https://topograph.io/,NOVO,em-escopo,nao-triado
Totem Learning,Developer,Coventry,West Midlands,England,https://www.totemlearning.com,NOVO,em-escopo,nao-triado
Toxic Games,Developer,Brighton,East Sussex,England,https://www.toxicgames.co.uk,NOVO,em-escopo,"site vivo, porta de carreiras nao localizada no HTML"
Travellers Tales (Warner Brothers Games),Developer,Knutsford,Cheshire,England,https://www.ttgames.com,ja conhecido (painel/csv),em-escopo,nao-triado
Tri-Heart Interactive,Developer,Manchester,Lancashire,England,https://tri-heartinteractive.itch.io/,NOVO,em-escopo,"site vivo, porta de carreiras nao localizada no HTML"
Triangle Wave,Developer,Cambridge,Cambridgeshire,England,https://www.trianglewave.co.uk/,NOVO,em-escopo,"site vivo, porta de carreiras nao localizada no HTML"
Trickjump Games,Developer,Dorchester,Dorset,England,https://www.trickjumpgames.com/,NOVO,em-escopo,nao-triado
Triplevision Games,Developer,Sheffield,Yorkshire,England,http://triplevisiongames.com/,NOVO,em-escopo,"site vivo, porta de carreiras nao localizada no HTML"
TT Fusion,Developer,Wilmslow,Cheshire,England,https://www.ttgames.com,ja conhecido (painel/csv),em-escopo,nao-triado
TT Games Publishing,Developer,Burnham,Somerset,England,https://www.ttgames.com,ja conhecido (painel/csv),em-escopo,nao-triado
Tuna Technologies,Mobile,Sheffield,Yorkshire,England,https://www.tunatech.com,NOVO,em-escopo,"site vivo, porta de carreiras nao localizada no HTML"
Tundra,Microstudio,Colchester,Essex,England,https://www.tundragames.com/,NOVO,em-escopo,nao-triado
Tundra,Microstudio,Oxford,Oxfordshire,England,https://www.tundragames.com/,NOVO,em-escopo,"site vivo, porta de carreiras nao localizada no HTML"
Turned On Digital,Mobile,Manchester,Lancashire,England,https://www.turnedondigital.com,NOVO,em-escopo,"site vivo, porta de carreiras nao localizada no HTML"
TVM Studios,Developer,Norwich,Norfolk,England,https://tranzfuser.com/?past-teams=thevampiresmanor-tvm-studios,NOVO,em-escopo,nao-triado
Twice Circled,Developer,Bristol,Avon,England,https://twicecircled.com/,NOVO,em-escopo,"site vivo, porta de carreiras nao localizada no HTML"
TwistPlay,Mobile,Guildford,Surrey,England,http://www.twistplay.com/,NOVO,em-escopo,"site vivo, porta de carreiras nao localizada no HTML"
Two Point Studios (SEGA),Developer,Farnham,Surrey,England,https://www.twopointstudios.com/,NOVO,em-escopo,nao-triado
Ubisoft Reflections,Developer,Newcastle,Tyne and Wear,England,https://www.ubisoft.com,ja conhecido (painel/csv),em-escopo,porta-ok:https://www.ubisoft.com/en-us
Ubisoft UK,Developer and Publisher,Guildford,Surrey,England,https://www.ubisoft.com,ja conhecido (painel/csv),em-escopo,porta-ok:https://www.ubisoft.com/en-us
Upstream Arcade,Developer,Godalming,Surrey,England,https://www.upstreamarcade.com,NOVO,em-escopo,nao-triado
Urban Logic Games,Developer,Manchester,Lancashire,England,http://urbanlogic.games/,NOVO,em-escopo,"site vivo, porta de carreiras nao localizada no HTML"
VideoDojo Games,Developer,Coventry,West Midlands,England,https://videodojo.games/,NOVO,em-escopo,nao-triado
Viewpoint Games,Extended Reality (XR),Leamington Spa,Warwickshire,England,https://www.viewpointgames.co.uk,NOVO,em-escopo,"site vivo, porta de carreiras nao localizada no HTML"
VoxelStorm,Developer,Manchester,Lancashire,England,https://www.voxelstorm.com,NOVO,em-escopo,"site vivo, porta de carreiras nao localizada no HTML"
vTime,Extended Reality (XR),Liverpool,Merseyside,England,https://www.vtime.net,NOVO,em-escopo,porta-ok:https://www.vtime.net/careers
Weaseltron Entertainment,Developer,Leeds,West Yorkshire,England,https://weaseltron.com/,NOVO,em-escopo,porta-ok:https://www.weaseltron.com/404.html
West Pier Studio,Mobile,Brighton,East Sussex,England,https://www.westpierstudio.com,NOVO,em-escopo,porta-ok:https://www.westpierstudio.com/careers
White Paper Games,Developer,Preston,Lancashire,England,https://whitepapergames.com/,NOVO,em-escopo,nao-triado
Wired Productions,Developer and Publisher,Watford,Hertfordshire,England,https://wiredproductions.com/,NOVO,em-escopo,nao-triado
Wolf and Wood,Extended Reality (XR),Gateshead,Tyne and Wear,England,https://www.wolfandwood.co/,NOVO,em-escopo,nao-triado
Wushu Studios,Developer,Liverpool,Merseyside,England,https://www.wushustudios.com,NOVO,em-escopo,porta-ok:https://www.wushustudios.com/careers/
Xbox Game Studios Europe,Publisher,Reading,Berkshire,England,https://www.xbox.com/en-US/xbox-game-studios,NOVO,fora-de-escopo,nao-triado
XR Games,Extended Reality (XR),Leeds,West Yorkshire,England,https://www.xrgames.io/,NOVO,em-escopo,"site vivo, porta de carreiras nao localizada no HTML"
Xtended Realities,Extended Reality (XR),Manchester,Lancashire,England,https://xtendedrealities.com/,NOVO,em-escopo,"site vivo, porta de carreiras nao localizada no HTML"
Yeah Us! Games,Developer,Oxford,Oxfordshire,England,https://yeahusgames.com/,NOVO,em-escopo,"site vivo, porta de carreiras nao localizada no HTML"
Yodo1,Developer and Publisher,Tortola,British Virgin Islands,England,https://www.yodo1.com/,NOVO,em-escopo,quadro teamtailor em dominio proprio (https://careers.yodo1.com) - sem vaga da disciplina hoje
Zadbox Entertainment,Developer,Folkestone,Kent,England,https://querngame.com/,NOVO,em-escopo,nao-triado
Zynga,Mobile,Birmingham,West Midlands,England,https://zynga.com/,NOVO,em-escopo,porta-ok:https://zynga.com/careers
Zynga,Mobile,Brighton,East Sussex,England,https://zynga.com/,NOVO,em-escopo,porta-ok:https://zynga.com/careers
10tons,Developer,Tampere,Pirkanmaa,Finland,https://10tons.com/,ja conhecido (painel/csv),em-escopo,porta-ok:https://10tons.com/careers
Adventure Islands,Microstudio,Kerava,Uusimaa,Finland,https://simpanen.carbonmade.com/,NOVO,em-escopo,nao-triado
Almost Human,Developer,Espoo,Uusimaa,Finland,https://grimrock.net/,ja na fila gamedevmap 06/09,em-escopo,"site vivo, porta de carreiras nao localizada no HTML"
Antti Mannisto,Developer,Espoo,Uusimaa,Finland,https://www.turbosliders.com/,ja na fila gamedevmap 06/09,em-escopo,"site vivo, porta de carreiras nao localizada no HTML"
AnvilBird Interactive,Developer,Jyväskylä,Central Finland,Finland,https://jestercraft.com/,ja na fila gamedevmap 06/09,em-escopo,nao-triado
Black Smoke Studios,Developer,Kajaani,Kainuu,Finland,https://www.bsstudios.co/,ja na fila gamedevmap 06/09,em-escopo,nao-triado
BorbWare,Microstudio,Oulu,Ostrobothnia,Finland,https://borbware.itch.io/,NOVO,em-escopo,nao-triado
Bugbyte,Microstudio,Turku,Turku,Finland,https://bugbyte.fi/,NOVO,em-escopo,nao-triado
Colossal Order,Developer,Tampere,Pirkanmaa,Finland,https://www.colossalorder.fi,ja conhecido (painel/csv),em-escopo,"site vivo, porta de carreiras nao localizada no HTML"
Critical Force Entertainment,Mobile,Kajaani,Kainuu,Finland,https://www.criticalforce.fi,NOVO,em-escopo,nao-triado
Do My Best Games,Microstudio,Vantaa,Uusimaa,Finland,http://www.deadcow.ru/,NOVO,em-escopo,nao-triado
Domesticated Ant Games,Microstudio,Oulu,Ostrobothnia,Finland,https://domesticatedantgames.com/,NOVO,em-escopo,nao-triado
Draconus Entertainment,Developer,Vantaa,Uusimaa,Finland,https://www.draconus.com,ja na fila gamedevmap 06/09,em-escopo,nao-triado
Espoo Game LAB,Incubator/Accelerator,Espoo,Uusimaa,Finland,https://www.espoo.fi/en/working-life/espoo-game-lab-game-development-programme,NOVO,fora-de-escopo,nao-triado
Expa Game Business Cooperative,Incubator/Accelerator,Jyväskylä,Central Finland,Finland,https://expa.fi/,NOVO,fora-de-escopo,nao-triado
Fakefish,Developer,Turku,Turku,Finland,https://www.fakefishgames.com/,ja na fila gamedevmap 06/09,em-escopo,nao-triado
Fingersoft,Mobile,Oulu,Ostrobothnia,Finland,https://fingersoft.com/,NOVO,em-escopo,quadro teamtailor em dominio proprio (https://careers.fingersoft.com) - sem vaga da disciplina hoje
FRACTiLE Games,Developer,Tampere,Pirkanmaa,Finland,https://www.fractilegames.com/,ja na fila gamedevmap 06/09,em-escopo,"site vivo, porta de carreiras nao localizada no HTML"
Future Mark,Online,Espoo,Uusimaa,Finland,https://www.futuremark.com,NOVO,em-escopo,"a mencao a 3D artists e descricao do time, nao vaga"
GameCity Kajaani,Incubator/Accelerator,Kajaani,Kainuu,Finland,https://gamecitykajaani.fi/,NOVO,fora-de-escopo,nao-triado
Hemisquare,Developer,Espoo,Uusimaa,Finland,https://hemisquare.net/,ja na fila gamedevmap 06/09,em-escopo,"site vivo, porta de carreiras nao localizada no HTML"
Hologram Monster,Developer,Tampere,Pirkanmaa,Finland,https://hologram-monster.com/,ja conhecido (painel/csv),em-escopo,"site vivo, porta de carreiras nao localizada no HTML"
Horsefly Games,Developer,Kaustinen,Ostrobothnia,Finland,https://horsefly.games/,ja conhecido (painel/csv),em-escopo,nao-triado
Hyperkani,Mobile,Tampere,Pirkanmaa,Finland,https://www.hyperkani.com,NOVO,em-escopo,"site vivo, porta de carreiras nao localizada no HTML"
Iceflake Studios (Paradox Interactive),Developer,Tampere,Pirkanmaa,Finland,https://www.iceflake.com,ja na fila gamedevmap 06/09,em-escopo,"quadro teamtailor vivo, 18 vagas, nenhuma da disciplina"
Instant Kingdom,Microstudio,Jyväskylä,Central Finland,Finland,https://www.instantkingdom.com/,NOVO,em-escopo,nao-triado
Joinplay Games,Developer,Tampere,Pirkanmaa,Finland,https://joinplaygames.com/,ja conhecido (painel/csv),em-escopo,"site vivo, porta de carreiras nao localizada no HTML"
Juhana Myllys,Developer,Lohja,Uusimaa,Finland,https://jmyllys.com/,ja na fila gamedevmap 06/09,em-escopo,nao-triado
Kalla Gameworks,Developer,Kuopio,Northern Savonia,Finland,https://www.kallagameworks.com/,ja conhecido (painel/csv),em-escopo,nao-triado
Kaskuja Studio,Developer,South Karelia,South Karelia,Finland,http://www.kaskujastudio.com/,ja na fila gamedevmap 06/09,em-escopo,nao-triado
Lingon Studios,Developer,Vaasa,Ostrobothnia,Finland,https://www.lingonstudios.com,ja na fila gamedevmap 06/09,em-escopo,nao-triado
Loren Lemcke,Microstudio,Turku,Turku,Finland,https://gamesbyloren.com/,NOVO,em-escopo,nao-triado
Ludocraft,Developer,Oulu,Ostrobothnia,Finland,https://www.ludocraft.com,ja na fila gamedevmap 06/09,em-escopo,nao-triado
Mechanical Head Studios,Developer,Tuusula,Uusimaa,Finland,,ja na fila gamedevmap 06/09,em-escopo,nao-triado
MiTale,Developer,Turku,Turku,Finland,https://mitale.itch.io/,ja na fila gamedevmap 06/09,em-escopo,nao-triado
Mitorah Games,Developer and Publisher,Hameenlinna,Pirkanmaa,Finland,http://www.mitorahgames.com/,ja na fila gamedevmap 06/09,em-escopo,nao-triado
Odd Latent Games,Developer,Espoo,Uusimaa,Finland,https://www.oddlatent.com/,ja na fila gamedevmap 06/09,em-escopo,porta-ok:https://www.oddlatent.com/#careers
One Trick Entertainment,Developer,Tampere,Pirkanmaa,Finland,https://onetrick.games/,ja na fila gamedevmap 06/09,em-escopo,"site vivo, porta de carreiras nao localizada no HTML"
Osumia Games,Developer,Tampere,Pirkanmaa,Finland,http://www.runningwithrifles.com/,ja na fila gamedevmap 06/09,em-escopo,porta-sem-resposta
Panic Art Studios,Mobile,Tampere,Pirkanmaa,Finland,https://www.panicartstudios.com,NOVO,em-escopo,"site vivo, porta de carreiras nao localizada no HTML"
Paradox Interactive,Developer and Publisher,Tampere,Pirkanmaa,Finland,https://www.paradoxinteractive.com/,ja conhecido (painel/csv),em-escopo,"quadro teamtailor vivo, 18 vagas, nenhuma da disciplina"
Parta Games,Mobile,Suonenjoki,Northern Savonia,Finland,https://www.partagames.com,NOVO,em-escopo,nao-triado
Platonic Partnership,Developer,Vaasa,Ostrobothnia,Finland,https://platonicpartnership.com/,ja na fila gamedevmap 06/09,em-escopo,nao-triado
Plebeian Studio,Developer,Oulu,Ostrobothnia,Finland,https://plebeianstudio.com/,ja na fila gamedevmap 06/09,em-escopo,nao-triado
Psyon Games,Developer,Jyväskylä,Central Finland,Finland,https://psyongames.com/,ja na fila gamedevmap 06/09,em-escopo,nao-triado
Redbeak Games,Developer,Espoo,Uusimaa,Finland,https://redbeakgames.com/,ja na fila gamedevmap 06/09,em-escopo,"site vivo, porta de carreiras nao localizada no HTML"
Remedy Entertainment,Developer,Espoo,Uusimaa,Finland,https://www.remedygames.com,NOVO,em-escopo,porta-ok:https://www.remedygames.com/careers
Rovio Finland,Mobile,Espoo,Uusimaa,Finland,https://rovio.com/,NOVO,em-escopo,porta-ok:https://www.rovio.com/careers/
Rune Skovbo Johansen,Microstudio,Turku,Turku,Finland,https://runevision.com/,NOVO,em-escopo,nao-triado
September Games,Microstudio,Vassa,Ostrobothnia,Finland,https://septembergames.com/114-2/,NOVO,em-escopo,nao-triado
Seven Stars,Mobile,Kajaani,Kainuu,Finland,https://www.sevenstars.games/,NOVO,em-escopo,nao-triado
Snowhound,Developer,Jyväskylä,Central Finland,Finland,https://www.snowhoundgames.com,NOVO,em-escopo,nao-triado
Startup Sauna,Incubator/Accelerator,Espoo,Uusimaa,Finland,https://startupsauna.org/,NOVO,fora-de-escopo,nao-triado
System Erasure,Developer,Jyväskylä,Central Finland,Finland,https://se-made.com/,NOVO,em-escopo,nao-triado
Tampere Game Hub,Organization,Tampere,Pirkanmaa,Finland,https://tampere.games/,NOVO,fora-de-escopo,nao-triado
TeacherGaming,Serious Games,Tampere,Pirkanmaa,Finland,https://www.teachergaming.com,NOVO,em-escopo,"site vivo, porta de carreiras nao localizada no HTML"
Team Jolly Roger,Developer,Kajaani,Kainuu,Finland,http://www.teamjollyroger.com,NOVO,em-escopo,nao-triado
Team Tyrant,Developer,Kouvola,Kymenlaakso,Finland,https://teamtyrant.itch.io/,NOVO,em-escopo,nao-triado
Traplight,Mobile,Tampere,Pirkanmaa,Finland,https://www.traplightgames.com,NOVO,em-escopo,"site vivo, porta de carreiras nao localizada no HTML"
Undertow Games,Developer,Turku,Turku,Finland,https://undertowgames.com/,NOVO,em-escopo,nao-triado
Virtual Air Guitar Company,Developer,Espoo,Uusimaa,Finland,https://www.virtualairguitar.com,NOVO,em-escopo,"site vivo, porta de carreiras nao localizada no HTML"
VRKiwi,Extended Reality (XR),Oulu,Ostrobothnia,Finland,https://vrkiwi.org/,NOVO,em-escopo,nao-triado
Zaibatsu Interactive,Mobile,Jyväskylä,Central Finland,Finland,https://zaibatsu.fi/,NOVO,em-escopo,nao-triado
1492 Studio (Ubisoft),Mobile,Vailhauques,Languedoc-Roussillon-Midi-Pyrenees,France,https://isitlove.com/,NOVO,em-escopo,nao-triado
1P2P Studios,Developer,Tourcoing,Nord-Pas-de-Calais-Picardie,France,http://1p2p-studio.com/,NOVO,em-escopo,nao-triado
2054 Games,Developer,Tourcoing,Nord-Pas-de-Calais-Picardie,France,https://2054games.net/,NOVO,em-escopo,nao-triado
505 Games (Digital Bros),Publisher,Francheville,Rhone-Alpes,France,https://505games.com/,NOVO,fora-de-escopo,nao-triado
8SEC,Mobile,Lyon,Rhone-Alpes,France,https://8sec.games/,NOVO,em-escopo,porta-sem-resposta
AArise,Developer,La Rochelle,Nouvelle-Aquitaine,France,https://www.aarise.games/,NOVO,em-escopo,nao-triado
Abiding Bridge,Publisher,Tourcoing,Nord-Pas-de-Calais-Picardie,France,https://abidingbridge.com/,NOVO,fora-de-escopo,nao-triado
Accidental Queens,Mobile,Tourcoing,Nord-Pas-de-Calais-Picardie,France,https://accidentalqueens.com/,NOVO,em-escopo,nao-triado
Adictiz,Mobile,Lille,Nord-Pas-de-Calais-Picardie,France,https://adictiz.com/,NOVO,em-escopo,porta-ok:https://adictiz.com
All4One,Incubator/Accelerator,Angouleme,Nouvelle-Aquitaine,France,https://allforonestudios.com/,NOVO,fora-de-escopo,nao-triado
Almedia,Developer,Strasbourg,Grand Est,France,https://almedia.fr/,NOVO,em-escopo,nao-triado
Angel Corp,Developer,Saint-Etienne,Auvergne-Rhone-Alpes,France,https://angelcorp.org/,NOVO,em-escopo,nao-triado
Ankama,Online,Roubaix,Nord-Pas-de-Calais-Picardie,France,https://www.ankama.com/,ja conhecido (painel/csv),em-escopo,nao-triado
Aridide Production,Mobile,Lyon,Bourgogne-Franche-Comte,France,http://aridide-production.com/,NOVO,em-escopo,porta-sem-resposta
Arkane Studios (ZeniMax Media),Developer,Lyon,Rhone-Alpes,France,https://www.arkane-studios.com/,ja conhecido (painel/csv),em-escopo,"site vivo, porta de carreiras nao localizada no HTML"
Ars Goetia,Microstudio,Lyon,Rhone-Alpes,France,https://theblindprophetgame.com/,NOVO,em-escopo,"site vivo, porta de carreiras nao localizada no HTML"
ARTE France,Publisher,Issy-Les-Moulineaux,Ile-de-France,France,https://arte.tv/,NOVO,fora-de-escopo,nao-triado
Artefacts Studio,Developer,Villeurbanne,Rhone-Alpes,France,https://artefacts-studio.fr/,ja conhecido (painel/csv),em-escopo,nao-triado
Atlangames,Organization,Nantes,Pays de la Loire,France,https://www.atlangames.com/,NOVO,fora-de-escopo,nao-triado
Atlantis Studio,Developer,Avignon,Provence-Alpes-Cote d'Azur,France,https://atlantisstudio.fr/,NOVO,em-escopo,nao-triado
Aurora Game Studio,Developer,Angouleme,Nouvelle-Aquitaine,France,https://auroragamestudio.com/,NOVO,em-escopo,nao-triado
Awaceb (Kepler Interactive),Developer,Noumea,New Caledonia,France,https://awaceb.com/,NOVO,em-escopo,nao-triado
Bandai Namco Europe,Publisher,Lyon,Rhone-Alpes,France,https://en.bandainamcoent.eu/,NOVO,fora-de-escopo,nao-triado
Beemoov,Mobile,Nantes,Pays de la Loire,France,https://www.beemoov.com/,NOVO,em-escopo,"site vivo, porta de carreiras nao localizada no HTML"
Bigpoint (Yoozoo),Online,Lyon,Rhone-Alpes,France,https://bigpoint.net/,NOVO,em-escopo,porta-ok:https://bigpoint.net
Blue Banshee,Developer,Auray,Brittany,France,https://bluebansheegames.com/,NOVO,em-escopo,nao-triado
Blue Ramen Studios,Developer,Sainte Clotilde,La Reunion,France,https://blueramen.fr/,NOVO,em-escopo,nao-triado
Bread Panda Games,Microstudio,Courbevoie,Ile-de-France,France,https://www.breadpandagames.com/,NOVO,em-escopo,nao-triado
Break First,Mobile,Bron,Rhone-Alpes,France,https://www.breakfirst.games/,NOVO,em-escopo,nao-triado
Breakfirst Games,Developer,Lyon,Rhone-Alpes,France,https://breakfirst.games/,NOVO,em-escopo,"site vivo, porta de carreiras nao localizada no HTML"
Broke Studio,Developer,Auvergne,Auvergne-Rhone-Alpes,France,https://www.brokestudio.fr/,NOVO,em-escopo,nao-triado
Brute Force,Developer,Neuilly-sur-Marne,Ile-de-France,France,https://bruteforcegame.com/,NOVO,em-escopo,nao-triado
Bulwark Studios,Developer,Angouleme,Nouvelle-Aquitaine,France,http://bulwarkstudios.com/,NOVO,em-escopo,nao-triado
Capcom Entertainment France,Publisher,Saint-Germain-en-Laye,Ile-de-France,France,https://capcom-europe.com/,NOVO,fora-de-escopo,nao-triado
Chapatiz,Developer,Puteaux,Ile-de-France,France,https://www.chapatiz.com/,NOVO,em-escopo,nao-triado
Chonky Frog Studio,Developer,Montreuil Sous Bois,Ile-de-France,France,https://chonkyfrogstudio.com/,NOVO,em-escopo,nao-triado
Couch Game Crafters,Developer,Lille,Nord-Pas-de-Calais-Picardie,France,https://www.couchgamecrafters.com,NOVO,em-escopo,porta-sem-resposta
DarkScreen Games,Developer,Mulhouse,Haut-Rhin,France,https://www.darkscreengames.com,NOVO,em-escopo,nao-triado
Deimos Games,Developer,Montreuil Sous Bois,Ile-de-France,France,https://deimos.games/,NOVO,em-escopo,nao-triado
Deneos,Developer,Grenoble,Rhone-Alpes,France,https://deneosproduction.com/,NOVO,em-escopo,nao-triado
Doot,Developer,Landes,Nouvelle-Aquitaine,France,https://dodoot.itch.io/,NOVO,em-escopo,nao-triado
Douze Dixiemes (Focus Entertainment),Developer,Saint Ouen,Ile-de-France,France,https://www.focus-entmt.com/,NOVO,em-escopo,nao-triado
DOWiNO,Serious Games,Villeurbanne,Rhone-Alpes,France,https://dowino.com/,NOVO,em-escopo,nao-triado
DRAMA,Developer,Rennes,Bretagne,France,https://studiosdrama.com/,NOVO,em-escopo,nao-triado
Draw Me a Pixel,Developer,Remote,Remote,France,https://drawmeapixel.com/,NOVO,em-escopo,nao-triado
EA France (Electronic Arts),Publisher,Lyon,Rhone-Alpes,France,https://ea.com/,ja conhecido (painel/csv),fora-de-escopo,nao-triado
Edalbung,Developer,Nantes,Pays de la Loire,France,https://edalbung.itch.io/,NOVO,em-escopo,"site vivo, porta de carreiras nao localizada no HTML"
Eden Games,Developer,Lyon,Rhone-Alpes,France,https://www.edengames.com/,ja conhecido (painel/csv),em-escopo,porta-ok:https://www.edengames.com/career/
Elsewhere Experience,Developer,Saint-Malo,Brittany,France,http://www.elseware-experience.com/videogames/,NOVO,em-escopo,nao-triado
Embers,Developer,Strasbourg,Grand Est,France,https://embers.games/,NOVO,em-escopo,nao-triado
Emeteria (New Tales),Developer,Lyon,Rhone-Alpes,France,https://newtales.com/studios/emeteria,NOVO,em-escopo,porta-ok:https://www.newtales.com/#careers
Endroad,Developer,Nantes,Pays de la Loire,France,https://endroad.fr/,NOVO,em-escopo,"site vivo, porta de carreiras nao localizada no HTML"
EuraCreative Take Off,Incubator/Accelerator,Tourcoing,Nord-Pas-de-Calais-Picardie,France,https://www.euracreative.fr/en/join-our-icc-incubation-and-acceleration-programs/,NOVO,fora-de-escopo,nao-triado
Eversim,Developer,Lognes,Ile-de-France,France,http://www.eversim.com/,NOVO,em-escopo,nao-triado
Evil Raptor,Developer,Lyon,Rhone-Alpes,France,https://www.evilraptor.com/,NOVO,em-escopo,"site vivo, porta de carreiras nao localizada no HTML"
Exkee,Developer,Marseille,Provence-Alpes-Cote d'Azur,France,https://www.exkee.com,NOVO,em-escopo,"site vivo, porta de carreiras nao localizada no HTML"
Feerik Games,Online,Grabels,Languedoc-Roussillon-Midi-Pyrenees,France,https://www.feerik.com,NOVO,em-escopo,nao-triado
Fluidfury Interactive,Developer,Juvisy-sur-Orge,Ile-de-France,France,https://fluidfury.com/,NOVO,em-escopo,nao-triado
Flying Oak Games,Developer,Metz,Grand Est,France,https://flying-oak.com/,NOVO,em-escopo,nao-triado
Fusty Game,Developer,Nimes,Languedoc-Roussillon-Midi-Pyrenees,France,http://www.fustygame.fr,NOVO,em-escopo,nao-triado
Game Only,Organization,Lyon,Rhone-Alpes,France,https://www.gameonly.org/,NOVO,fora-de-escopo,nao-triado
Glee Cheese,Developer,Montverdun,Lyon,France,https://www.glee-cheese.com/,NOVO,em-escopo,nao-triado
Gloomywood,Developer,Lyon,Rhone-Alpes,France,https://www.gloomywood.org,NOVO,em-escopo,"site vivo, porta de carreiras nao localizada no HTML"
Goblinz Studio,Developer and Publisher,Metz,Grand Est,France,https://goblinzstudio.com/,NOVO,em-escopo,nao-triado
Goblinz Studio,Developer and Publisher,Strasbourg,Grand Est,France,https://goblinzstudio.com/,NOVO,em-escopo,nao-triado
Guilloteam,Developer,Lyon,Rhone-Alpes,France,https://guilloteam.itch.io/,NOVO,em-escopo,"site vivo, porta de carreiras nao localizada no HTML"
Helios Studio,Microstudio,Saint‑Hilaire‑de‑Clisson,Loire-Atlantique,France,https://www.helios-studio.com/,NOVO,em-escopo,nao-triado
Heytibo,Microstudio,Gap,Provence-Alpes-Cote d'Azur,France,https://gotibo.fr/,NOVO,em-escopo,nao-triado
Hibernian Workshop,Developer,Angouleme,Nouvelle-Aquitaine,France,https://hibernian-workshop.com/,NOVO,em-escopo,nao-triado
Holy Cap,Developer,Nantes,Pays de la Loire,France,https://holycapstudio.com/,NOVO,em-escopo,porta-ok:https://www.holycapstudio.com/fr/page-404/
Humble Reeds,Microstudio,Roubaix,Nord-Pas-de-Calais-Picardie,France,https://humblereeds.fr/,NOVO,em-escopo,nao-triado
Hyperfiction,Developer,Annecy,Auvergne-Rhone-Alpes,France,https://www.hyperfiction.fr,NOVO,em-escopo,nao-triado
Immersive Factory,Serious Games,Terssac,Occitanie,France,https://www.immersivefactory.com,NOVO,em-escopo,porta-ok:https://www.immersivefactory.com/jobs
Ishtar Games,Developer,Lille,Nord-Pas-de-Calais-Picardie,France,https://www.ishtar.games,NOVO,em-escopo,porta-sem-resposta
Julien Eveille,Developer,Lyon,Rhone-Alpes,France,https://julieneveille.com/,NOVO,em-escopo,"site vivo, porta de carreiras nao localizada no HTML"
J’s Labratory,Developer,Dunkirk,Nord,France,https://jslabratory.com/,NOVO,em-escopo,nao-triado
Kilosaurus,Developer,Marseille,Provence-Alpes-Cote d'Azur,France,https://www.kilosaurus.com,NOVO,em-escopo,"site vivo, porta de carreiras nao localizada no HTML"
Kiupe,Developer,Anse,Rhone-Alpes,France,https://www.kiupe.com,NOVO,em-escopo,nao-triado
Koalabs,Developer,Montreuil Sous Bois,Ile-de-France,France,https://www.koalabs-studio.com,NOVO,em-escopo,nao-triado
Koch Media,Publisher,La Plaine Saint-Denis,Ile-de-France,France,https://www.kochmedia.com,NOVO,fora-de-escopo,nao-triado
La Moustache Studio,Developer,Lyon,Rhone-Alpes,France,https://www.lamoustache-studio.fr,NOVO,em-escopo,"site vivo, porta de carreiras nao localizada no HTML"
La Poule Noire,Developer,Angoulême,Nouvelle-Aquitaine,France,https://www.lapoulenoire.fr/,NOVO,em-escopo,nao-triado
Le Cabinet du Savoir Ludique,Microstudio,Perpignan,Occitanie,France,https://savoirludique.com,NOVO,em-escopo,nao-triado
Les Crafteurs,Developer,Lille,Nord-Pas-de-Calais-Picardie,France,https://les-crafteurs.com/,NOVO,em-escopo,porta-ok:https://les-crafteurs.com/careers
Let's GO,Incubator/Accelerator,Lyon,Lyon,France,https://www.gameonly.org/incubateur/,NOVO,fora-de-escopo,nao-triado
LookAtMyGame,Publisher,Sanary sur mer,Provence-Alpes-Cote d'Azur,France,https://www.lookatmygame.com,NOVO,fora-de-escopo,nao-triado
Lozange Lab,Developer,Metz,Grand Est,France,https://www.lozange-lab.com,NOVO,em-escopo,nao-triado
Ludocube,Developer,La Rochelle,Nouvelle-Aquitaine,France,https://ludocube.fr/,NOVO,em-escopo,nao-triado
Ludogram,Developer,Lille,Nord-Pas-de-Calais-Picardie,France,https://ludogram.io/,NOVO,em-escopo,"site vivo, porta de carreiras nao localizada no HTML"
Ludoid,Developer,Orlienas,Rhone-Alpes,France,https://www.ludoid.fr,NOVO,em-escopo,nao-triado
Lugludum,Developer,Lyon,Rhone-Alpes,France,https://www.lugludum.com,NOVO,em-escopo,"site vivo, porta de carreiras nao localizada no HTML"
Macrales Studio,Developer,Roubaix,Nord-Pas-de-Calais-Picardie,France,https://macrales-studio.com/,NOVO,em-escopo,nao-triado
Magic Pockets,Developer,Torcy,Nord-Pas-de-Calais-Picardie,France,https://www.magicpockets.com,NOVO,em-escopo,nao-triado
Magma Mobile,Mobile,Argenteuil,Ile-de-France,France,https://www.magmamobile.com/,NOVO,em-escopo,nao-triado
Mana Games,Developer,Romans-sur-Isere,Drome,France,https://www.managames.com/index_en.html#,NOVO,em-escopo,nao-triado
Masseka Studio,Developer and Publisher,Toulouse,Languedoc-Roussillon-Midi-Pyrenees,France,https://massekagame.com/,NOVO,em-escopo,"site vivo, porta de carreiras nao localizada no HTML"
Maximum Entertainment France,Publisher,Saint Ouen,Ile-de-France,France,https://justforgames.com/,NOVO,fora-de-escopo,nao-triado
Mgtt Studio,Developer,Grenoble,Rhone-Alpes,France,https://www.mgtt-studio.com/,NOVO,em-escopo,nao-triado
Microids (Anuman Interactive),Developer,Montreuil Sous Bois,Ile-de-France,France,https://www.microids.com/,ja conhecido (painel/csv),em-escopo,nao-triado
Microsoft France,Publisher,Issy les Moulineaux,Ile-de-France,France,https://www.xbox.com,NOVO,fora-de-escopo,nao-triado
Midgar Studio,Developer,Nimes,Languedoc-Roussillon-Midi-Pyrenees,France,http://midgar-studio.com/,NOVO,em-escopo,nao-triado
Miju Games,Developer,Toulouse,Languedoc-Roussillon-Midi-Pyrenees,France,https://mijugames.com/,NOVO,em-escopo,"site vivo, porta de carreiras nao localizada no HTML"
Million Victories,Mobile,Lyon,Rhone-Alpes,France,https://www.millionvictories.com,NOVO,em-escopo,porta-ok:https://millionvictories.com/join-us/
MKD Games,Developer,Tours,Centre-Val de Loire,France,https://mkdogames.com/,NOVO,em-escopo,nao-triado
Monkey Moon,Mobile,Lyon,Rhone-Alpes,France,https://www.monkeymoon.net,NOVO,em-escopo,"site vivo, porta de carreiras nao localizada no HTML"
Moulin Aux Bulles Studio,Developer,Alencon,Normandy,France,https://drazglb.itch.io/declines-drops,NOVO,em-escopo,nao-triado
Nadeo (Ubisoft),Developer,Issy-les-Moulineaux,Ile-de-France,France,https://www.nadeo.com,NOVO,em-escopo,nao-triado
Nameless XIII,Microstudio,Toulouse,Languedoc-Roussillon-Midi-Pyrenees,France,https://nameless-xiii.itch.io/,NOVO,em-escopo,"site vivo, porta de carreiras nao localizada no HTML"
NaturalPad,Serious Games,Prades-le-Lez,Languedoc-Roussillon-Midi-Pyrenees,France,https://www.naturalpad.fr,NOVO,em-escopo,nao-triado
New Tales,Developer and Publisher,Issy-les-Moulineaux,Ile-de-France,France,https://newtales.com/,NOVO,em-escopo,nao-triado
NINPO,Developer,Bondy,Ile-de-France,France,https://www.ninpo.fr,NOVO,em-escopo,nao-triado
Nintendo France,Publisher,Cergy-Pontoise,Ile-de-France,France,http://www.nintendo.fr/,NOVO,fora-de-escopo,nao-triado
Old Skull Games,Developer,Lyon,Rhone-Alpes,France,https://www.oldskullgames.com,ja conhecido (painel/csv),em-escopo,"quadro smartrecruiters vivo, 6 vagas, nenhuma da disciplina"
Oloroun (Masseka Game Studio),Publisher,Toulouse,Languedoc-Roussillon-Midi-Pyrenees,France,https://www.oloroun.com/,NOVO,fora-de-escopo,nao-triado
ooblada,Mobile,Montreuil Sous Bois,Ile-de-France,France,https://ooblada.com,NOVO,em-escopo,nao-triado
OSome Studio,Developer,Lyon,Rhone-Alpes,France,https://www.osome-studio.com,NOVO,em-escopo,"site vivo, porta de carreiras nao localizada no HTML"
PASSTECH Games (NACON),Developer,Lyon,Rhone-Alpes,France,https://passtechgames.com/,ja conhecido (painel/csv),em-escopo,porta-ok:https://www.passtechgames.com/careers/
Periscope Games,Online,Thourie,Brittany,France,https://www.postscriptumgame.com,NOVO,em-escopo,nao-triado
Pilo Team,Developer,Tours,Centre-Val de Loire,France,https://pilo-game.com/,NOVO,em-escopo,nao-triado
PiraKnights Games,Developer,Aix-les-Bains,Auvergne-Rhone-Alpes,France,https://www.piraknights.com/,NOVO,em-escopo,nao-triado
Piranaking,Developer,Arles,Provence-Alpes-Cote d'Azur,France,http://piranaking.com/,NOVO,em-escopo,nao-triado
Pix'n Love Games,Publisher,Houdan,Ile-de-France,France,https://pixnlove.com/,NOVO,fora-de-escopo,nao-triado
Pixel Wrappers,Developer,Aquitaine,Nouvelle-Aquitaine,France,https://pixelwrappers.net/,NOVO,em-escopo,nao-triado
Pixelheart,Developer,Tours,Centre-Val de Loire,France,https://www.pixelheart.eu/en/home/,NOVO,em-escopo,nao-triado
Pixelnest,Developer,Rennes,Bretagne,France,https://pixelnest.io/,NOVO,em-escopo,nao-triado
Playdigious,Publisher,Montreuil Sous Bois,Ile-de-France,France,https://www.playdigious.com,NOVO,fora-de-escopo,nao-triado
Power Struggle Games,Developer,Lyon,Rhone-Alpes,France,https://www.powerstruggle.games,NOVO,em-escopo,"site vivo, porta de carreiras nao localizada no HTML"
Punkcake,Developer,Anglouleme,Anglouleme,France,https://punkcake.club/,NOVO,em-escopo,nao-triado
Pyair Vander,Developer,Marseille,Provence-Alpes-Cote d'Azur,France,https://pierre-vandermaesen.itch.io/,NOVO,em-escopo,"site vivo, porta de carreiras nao localizada no HTML"
Ramage Games,Developer,Nantes,Pays de la Loire,France,https://ramage.games/,NOVO,em-escopo,"site vivo, porta de carreiras nao localizada no HTML"
Realcast,Extended Reality (XR),Issy-les-Moulineaux,Ile-de-France,France,https://www.realcast.io,NOVO,em-escopo,nao-triado
Realcast,Extended Reality (XR),Ivry-sur-Seine,Val-de-Marne,France,https://www.realcast.io,NOVO,em-escopo,nao-triado
Red Art Studios,Developer and Publisher,Metz,Grand Est,France,https://redartgames.com/,NOVO,em-escopo,nao-triado
Ripostes,Developer,Lyon,Rhone-Alpes,France,https://www.ripostes.games/,NOVO,em-escopo,"site vivo, porta de carreiras nao localizada no HTML"
Ristretto Studios,Mobile,Villeparisis,Ile-de-France,France,https://ristretto-studios.com/,NOVO,em-escopo,nao-triado
Rundisc,Developer,Toulouse,Languedoc-Roussillon-Midi-Pyrenees,France,https://rundisc.io/,NOVO,em-escopo,"site vivo, porta de carreiras nao localizada no HTML"
Sanuk Games,Developer,Villejuif,Ile-de-France,France,https://www.sanukgames.com/,NOVO,em-escopo,nao-triado
SDP Games,Developer,Lyon,Rhone-Alpes,France,https://www.sdpgames.com,NOVO,em-escopo,porta-ok:https://www.sdpgames.com/careers
Seabird Interactive,Developer,Saint Malo,Bretagne,France,https://www.seabird-interactive.com/,NOVO,em-escopo,nao-triado
Seaven Studio,Developer,Lille,Nord-Pas-de-Calais-Picardie,France,https://www.seaven-studio.com,NOVO,em-escopo,"site vivo, porta de carreiras nao localizada no HTML"
SeithCG,Developer,Saint Genis des Fontaines,Languedoc-Roussillon-Midi-Pyrenees,France,http://seithcg.com/wordpress/,NOVO,em-escopo,nao-triado
SHK Interactive,Developer,Romans-sur-Isere,Drome,France,https://www.shkinteractive.com/,NOVO,em-escopo,nao-triado
Skeleton Business,Developer,Lille,Nord-Pas-de-Calais-Picardie,France,https://www.skeletonbiz.com/,NOVO,em-escopo,"site vivo, porta de carreiras nao localizada no HTML"
Slormite Studios,Developer,Nice,Alpes-Maritimes,France,https://www.slormitestudios.com/,NOVO,em-escopo,nao-triado
Smart Tale,Developer,Arles,Provence-Alpes-Cote d'Azur,France,https://www.smart-tale.com,NOVO,em-escopo,nao-triado
Soul Games Studios,Developer,Toulouse,Haute Garonne,France,https://soulgamestudio.com/,NOVO,em-escopo,"site vivo, porta de carreiras nao localizada no HTML"
SoulGame Studio,Developer,Toulouse,Languedoc-Roussillon-Midi-Pyrenees,France,https://www.soulgamestudio.com,NOVO,em-escopo,"site vivo, porta de carreiras nao localizada no HTML"
SPACE Cowboys,Developer,Boulogne-Billancourt,Ile-de-France,France,https://www.spacecowboys.fr,NOVO,em-escopo,nao-triado
Square Enix France,Publisher,Levallois-Perret,Ile-de-France,France,https://www.square-enix.com,NOVO,fora-de-escopo,nao-triado
StarvingFox Studio,Developer,Juziers,Ile-de-France,France,https://starvingfoxstudio.com/,NOVO,em-escopo,nao-triado
StoryBird Studio,Developer and Publisher,Marseille,Provence-Alpes-Cote d'Azur,France,https://pixelheart.eu/,NOVO,em-escopo,"site vivo, porta de carreiras nao localizada no HTML"
Streum On Studio,Developer,Chelles,Ile-de-France,France,http://www.streumon-studio.com,NOVO,em-escopo,nao-triado
Streum on Studio,Developer,Nogent sur Marne,Ile-de-France,France,http://streumon-studio.com/,NOVO,em-escopo,nao-triado
Studio [2.21],Developer,Chantilly,Hauts-de-France,France,https://littlebigadventure.com/,NOVO,em-escopo,nao-triado
Studio Chahut,Developer,Grenoble,Rhone-Alpes,France,https://www.studiochahut.com,NOVO,em-escopo,nao-triado
Studio Nyx,Mobile,Angouleme,Nouvelle-Aquitaine,France,https://www.studio-nyx.com,NOVO,em-escopo,nao-triado
Studio Pango,Mobile,Craponne,Auvergne-Rhone-Alpes,France,https://www.studio-pango.com,NOVO,em-escopo,nao-triado
Succubus Interactive,Mobile,Nantes,Pays de la Loire,France,https://www.succubus.fr,NOVO,em-escopo,porta-ok:https://www.ludicius.com/
TA Publishing (Forever Entertainment),Publisher,Lannion,Bretagne,France,https://www.tapublishing.com/,NOVO,fora-de-escopo,nao-triado
Take 2 Interactive France,Publisher,Palaiseau,Ile-de-France,France,https://www.take2games.com/,NOVO,fora-de-escopo,nao-triado
TavroxGames,Developer,Toulouse,Languedoc-Roussillon-Midi-Pyrenees,France,https://www.tavroxgames.com,NOVO,em-escopo,porta-ok:https://store.steampowered.com/dlc/978520/Legend_of_Keepers_Career_of_a_Dungeon_Manager/
Tea For Two,Developer,Ivry-sur-Seine,Val-de-Marne,France,https://www.playsnowtopia.com,NOVO,em-escopo,nao-triado
Teamcraft Studios,Developer,Nantes,Pays de la Loire,France,https://teamcraft-studios.itch.io/,NOVO,em-escopo,"site vivo, porta de carreiras nao localizada no HTML"
Teo Chhim,Developer,Montreuil Sous Bois,Ile-de-France,France,https://itch.io/profile/teo-chhim,NOVO,em-escopo,nao-triado
Thibaud Goiffon,Developer,Nantua,Auvergne-Rhone-Alpes,France,https://gotibo.fr/,NOVO,em-escopo,nao-triado
Tin Can Studio,Developer,Auvergne,Auvergne-Rhone-Alpes,France,https://tin-can-studio.com/,NOVO,em-escopo,nao-triado
TLK Games,Developer,Albi,Languedoc-Roussillon-Midi-Pyrenees,France,https://www.tlkgames.com,NOVO,em-escopo,nao-triado
Toe Bean Club,Developer,Strasbourg,Grand Est,France,https://toebeanclubgames.com/,NOVO,em-escopo,nao-triado
Triskell Interactive,Developer,Lannion,Bretagne,France,https://triskell-interactive.com/,NOVO,em-escopo,nao-triado
Tuesday Quest,Mobile,Champs-sur-Marne,Ile-de-France,France,https://www.tuesdayquest.com,NOVO,em-escopo,nao-triado
Twin Sails Interactive,Publisher,Guyancourt,Ile-de-France,France,https://twin-sails.com/,NOVO,fora-de-escopo,nao-triado
Ubisoft Annecy,Developer and Publisher,Annecy,Auvergne-Rhone-Alpes,France,https://www.ubisoft.com,ja conhecido (painel/csv),em-escopo,nao-triado
Ubisoft Ivory Tower,Developer,Lyon,Rhone-Alpes,France,https://www.ubisoft.com/fr-fr/studio/ivory-tower,ja conhecido (painel/csv),em-escopo,porta-ok:https://www.ubisoft.com/fr-fr/studio/ivory-tower/careers
Ubisoft Owlient,Developer and Publisher,Montreuil Sous Bois,Ile-de-France,France,https://www.ubisoft.com,ja conhecido (painel/csv),em-escopo,nao-triado
Ultimo Disco,Developer,Lyon,Rhone-Alpes,France,https://ultimodiscogames.com/,NOVO,em-escopo,"site vivo, porta de carreiras nao localizada no HTML"
Umeshu Lovers,Developer,Toulouse,Languedoc-Roussillon-Midi-Pyrenees,France,https://umeshulovers.com/,NOVO,em-escopo,"site vivo, porta de carreiras nao localizada no HTML"
Umix Studios,Developer,Abrest,Auvergne-Rhone-Alpes,France,https://www.umix-studios.com,NOVO,em-escopo,nao-triado
Upper Byte,Developer,Lyon,Rhone-Alpes,France,https://www.upperbyte.com,NOVO,em-escopo,"site vivo, porta de carreiras nao localizada no HTML"
Vertexbreakers,Developer,Tours,Centre-Val de Loire,France,https://vertexbreakers.com/,NOVO,em-escopo,nao-triado
WanadevStudio,Developer,Lyon,Rhone-Alpes,France,https://www.wanadevstudio.com,NOVO,em-escopo,"site vivo, porta de carreiras nao localizada no HTML"
Wargaming Europe,Online,Boulogne-Billancourt,Ile-de-France,France,https://wargaming.com/,ja conhecido (painel/csv),em-escopo,nao-triado
Wild Mage Games,Developer,Grenoble,Rhone-Alpes,France,https://wildmagegames.com/,NOVO,em-escopo,nao-triado
Wild Wits,Developer,Rennes,Bretagne,France,https://wildwits.games/,NOVO,em-escopo,nao-triado
WILD WITS GAMES,Developer,Rennes,Bretagne,France,https://wildwits.games/,NOVO,em-escopo,nao-triado
Wolcen Studio,Developer,Nice,Alpes-Maritimes,France,https://www.wolcengame.com,NOVO,em-escopo,nao-triado
Yummy Games,Developer and Publisher,Cergy,Ile-de-France,France,https://yummy-games.com/,NOVO,em-escopo,nao-triado
1000 Orks,Developer,Osnabruck,Saxony,Germany,https://1000orks.com/,ja na fila gamedevmap 06/09,em-escopo,nao-triado
2tainment,Publisher,Magdeburg,Saxony-Anhalt,Germany,https://2tainment.com/,NOVO,fora-de-escopo,nao-triado
3d-io,Developer,Wiesbaden,Hesse,Germany,https://3d-io.com/,ja na fila gamedevmap 06/09,em-escopo,nao-triado
42 Bits Entertainment,Developer,Juchen,Nordrhein-Westfalen,Germany,https://42bits-entertainment.com/,ja conhecido (painel/csv),em-escopo,nao-triado
505 Games (Digital Bros),Publisher,Burglengenfeld,Bayern,Germany,https://505games.com/,NOVO,fora-de-escopo,nao-triado
A4VR,Extended Reality (XR),Dusseldorf,Nordrhein-Westfalen,Germany,https://a4vr.com/,NOVO,em-escopo,"vaga SENIOR 3D ARTIST em Dusseldorf, anuncio todo em alemao, foco em foliage/archviz/environment - MEDIA; pagina com copyright de 2018"
Activision Burglengenfeld,Publisher,Burglengenfeld,Bayern,Germany,https://activision.com/,NOVO,fora-de-escopo,nao-triado
Actrio Studio,Developer,Leipzig,Saxony,Germany,https://actrio-studio.de/,ja na fila gamedevmap 06/09,em-escopo,"site vivo, porta de carreiras nao localizada no HTML"
ad-artists,Publisher,Kassel,Hesse,Germany,https://ad-artists.de/,NOVO,fora-de-escopo,nao-triado
Aerosoft,Developer,Buren,Nordrhein-Westfalen,Germany,https://aerosoft.com/,ja na fila gamedevmap 06/09,em-escopo,nao-triado
Alchemical Works,Developer,Mainz,Rhineland,Germany,https://www.alchemical-works.com/,ja na fila gamedevmap 06/09,em-escopo,"site vivo, porta de carreiras nao localizada no HTML"
Alchemist Interactive,Developer,Dusseldorf,Nordrhein-Westfalen,Germany,https://alchemist.email/our-studio/,ja na fila gamedevmap 06/09,em-escopo,"site vivo, porta de carreiras nao localizada no HTML"
Animation Arts,Developer,Halle,Saxony-Anhalt,Germany,https://animationarts.de/,ja na fila gamedevmap 06/09,em-escopo,nao-triado
Application Systems Heidelberg,Developer,Heidelberg,Baden-Wurttemberg,Germany,https://application-systems.co.uk/,ja na fila gamedevmap 06/09,em-escopo,nao-triado
Argonwood,Developer,Cologne,Nordrhein-Westfalen,Germany,https://argonwood.com/,ja na fila gamedevmap 06/09,em-escopo,"site vivo, porta de carreiras nao localizada no HTML"
Aruba Studios,Developer,Mulheim an der Ruhr,Nordrhein-Westfalen,Germany,https://aruba-studios.de/,ja na fila gamedevmap 06/09,em-escopo,nao-triado
Assemble Entertainment,Publisher,Wiesbaden,Hesse,Germany,https://lnk.bio/AssembleEntertainment,NOVO,fora-de-escopo,nao-triado
astragon Development (Team17),Developer and Publisher,Dusseldorf,Nordrhein-Westfalen,Germany,https://www.astragon.com/,ja na fila gamedevmap 06/09,em-escopo,porta-ok (personio detectado): https://www.astragon.com/company/vacancies
Astragon Entertainment,Publisher,Dusseldorf,Nordrhein-Westfalen,Germany,https://astragon.com/,NOVO,fora-de-escopo,nao-triado
b-alive,Developer,Ummendorf,Baden-Wurttemberg,Germany,http://www.b-alive.de/,ja na fila gamedevmap 06/09,em-escopo,nao-triado
Bandai Namco Entertainment Germany,Publisher,Frankfurt am Main,Hesse,Germany,https://en.bandainamcoent.eu/,NOVO,fora-de-escopo,nao-triado
Barrel Roll Games,Developer,Eilenstedt,Saxony-Anhalt,Germany,https://barrelrollgames.com/,ja na fila gamedevmap 06/09,em-escopo,nao-triado
BeamNG,Developer,Bremen,Bremen,Germany,https://www.beamng.gmbh/,ja conhecido (painel/csv),em-escopo,porta-ok (workable detectado): https://www.beamng.gmbh/career/
Bigben Interactive,Publisher,Bergheim,Baden-Wurttemberg,Germany,https://www.bigben-interactive.de/,NOVO,fora-de-escopo,nao-triado
Binary Impacts,Developer,Niederelbert,Rhineland-Palatinate,Germany,https://www.binaryimpact.de/,ja conhecido (painel/csv),em-escopo,nao-triado
Bippinbits,Developer,Radeberg,Saxony,Germany,https://bippinbits.com/,ja na fila gamedevmap 06/09,em-escopo,nao-triado
Bitbeast Games,Microstudio,Lübeck,Schleswig-Holstein,Germany,https://bitbeast-games.com/,NOVO,em-escopo,nao-triado
bitComposer Interactive,Developer and Publisher,Eschborn,Hesse,Germany,https://bitcomposer.com/,ja na fila gamedevmap 06/09,em-escopo,nao-triado
Bitfall Studios,Developer,Petersberg,Hesse,Germany,https://bitfallstudios.de/,ja conhecido (painel/csv),em-escopo,nao-triado
Black Forest Games (THQ Nordic),Developer,Offenburg,Baden-Wurttemberg,Germany,https://black-forest-games.com/,ja conhecido (painel/csv),em-escopo,nao-triado
Black Pants Game Studio,Developer,Kassel,Hesse,Germany,https://www.blackpants.de/,ja na fila gamedevmap 06/09,em-escopo,nao-triado
Boxelware,Developer,Erlangen,Bayern,Germany,https://boxelware.com/,ja conhecido (painel/csv),em-escopo,nao-triado
Bright Future,Developer,Cologne,Nordrhein-Westfalen,Germany,https://www.brightfuture.de/,ja na fila gamedevmap 06/09,em-escopo,"quadro personio vivo, 3 vagas, nenhuma da disciplina"
brokenworm,Publisher,Weimar,Thuringia,Germany,https://www.brokenworm.com/,NOVO,fora-de-escopo,nao-triado
btf (bildundtonfabrik),Developer,Cologne,Nordrhein-Westfalen,Germany,https://btf.de/,ja na fila gamedevmap 06/09,em-escopo,porta-ok (personio detectado): https://btf.de/
Caipirinha Games,Developer and Publisher,Altenholz,Schleswig-Holstein,Germany,https://www.caipirinhagames.de/,ja na fila gamedevmap 06/09,em-escopo,nao-triado
Causa Creations,Developer,Karlsruhe,Baden-Wurttemberg,Germany,https://www.causacreations.net/,ja na fila gamedevmap 06/09,em-escopo,"site vivo, porta de carreiras nao localizada no HTML"
Chasing Carrots,Developer,Stuttgart,Baden-Wurttemberg,Germany,https://www.chasing-carrots.com/,ja na fila gamedevmap 06/09,em-escopo,"site vivo, porta de carreiras nao localizada no HTML"
CipSoft,Online,Regensburg,Bayern,Germany,https://www.cipsoft.com/,NOVO,em-escopo,nao-triado
Clarity Games,Developer,Stuttgart,Baden-Wurttemberg,Germany,https://claritygames.de/,ja na fila gamedevmap 06/09,em-escopo,"site vivo, porta de carreiras nao localizada no HTML"
Claymore Game Studios,Developer,Darmstadt,Hesse,Germany,https://claymore-games.com/,ja na fila gamedevmap 06/09,em-escopo,nao-triado
Cloud Imperium Games,Online,Frankfurt am Main,Hesse,Germany,https://cloudimperiumgames.com/,ja conhecido (painel/csv),em-escopo,nao-triado
Cologne Game Lab,Incubator/Accelerator,Cologne,Nordrhein-Westfalen,Germany,https://colognegamelab.de/,NOVO,fora-de-escopo,nao-triado
Common Colors,Developer,Langen,Hesse,Germany,https://prim-game.com/,ja na fila gamedevmap 06/09,em-escopo,nao-triado
Creature Factory,Developer,Bremen,Bremen,Germany,https://www.creature-factory.com,ja conhecido (painel/csv),em-escopo,"site vivo, porta de carreiras nao localizada no HTML"
Crytek,Developer,Frankfurt am Main,Hesse,Germany,https://www.crytek.com,NOVO,em-escopo,nao-triado
Cuddling Raccoons Studio,Developer,Nuremburg,Bayern,Germany,https://paper-animal-rpg.carrd.co/,ja na fila gamedevmap 06/09,em-escopo,nao-triado
CUREosity,Health,Dusseldorf,Nordrhein-Westfalen,Germany,https://www.cureosity.de,NOVO,fora-de-escopo,nao-triado
Deck13 Interactive,Developer and Publisher,Frankfurt am Main,Hesse,Germany,https://deck13.com/,ja conhecido (painel/csv),em-escopo,nao-triado
Deck13 Spotlight,Publisher,Frankfurt am Main,Hesse,Germany,https://spotlight.deck13.com/,NOVO,fora-de-escopo,nao-triado
Deep Silver Germany (Koch Media),Publisher,Planegg,Bayern,Germany,https://www.deepsilver.com,NOVO,fora-de-escopo,nao-triado
DigiTales,Developer,Saarbrucken,Saarland,Germany,https://digitales.games/,ja na fila gamedevmap 06/09,em-escopo,nao-triado
Digitalmindsoft,Developer,Ulm,Baden-Wurttemberg,Germany,https://www.digitalmindsoft.eu,ja na fila gamedevmap 06/09,em-escopo,nao-triado
Dressed Monkeys,Online,Cologne,Nordrhein-Westfalen,Germany,https://www.dressedmonkeys.com,NOVO,em-escopo,"site vivo, porta de carreiras nao localizada no HTML"
Dustflake,Mobile,Frankfurt am Main,Hesse,Germany,http://www.dustflake.com/,NOVO,em-escopo,nao-triado
EA Cologne (Electronic Arts),Publisher,Cologne,Nordrhein-Westfalen,Germany,https://ea.com/,ja conhecido (painel/csv),fora-de-escopo,nao-triado
EA Sports (Electronic Arts),Developer,Cologne,Nordrhein-Westfalen,Germany,https://www.ea.com/ea-studios/ea-sports,ja conhecido (painel/csv),em-escopo,porta-ok:https://jobs.ea.com/en_US/careers/Home/?4536=%5B8302%2C8307%5D&amp;4536_format=3019&amp;4538=%5B8382%5D&amp;4538_format=3021&amp;listFilterMode=1&amp;jobRecordsPerPage=20&amp;
Echolox,Developer,Bochum,Nordrhein-Westfalen,Germany,http://www.echolox.com/,ja na fila gamedevmap 06/09,em-escopo,nao-triado
edyoutec,Developer,Monchengladbach,Nordrhein-Westfalen,Germany,https://edyoutec.com/,ja na fila gamedevmap 06/09,em-escopo,nao-triado
Eggcode,Developer,Vlotho,Nordrhein-Westfalen,Germany,https://www.eggcodegames.com/,ja na fila gamedevmap 06/09,em-escopo,nao-triado
Egosoft,Developer,Würselen,Nordrhein-Westfalen,Germany,https://www.egosoft.com,ja na fila gamedevmap 06/09,em-escopo,nao-triado
Emergo Entertainment,Extended Reality (XR),Bayreuth,Bayern,Germany,https://www.emergo-entertainment.de,NOVO,em-escopo,nao-triado
EMK Capital,Investment,Frankfurt am Main,Hesse,Germany,https://www.emkcapital.com/,NOVO,fora-de-escopo,nao-triado
Encurio,Developer,Cologne,Nordrhein-Westfalen,Germany,https://www.encurio-gaming.com/,ja na fila gamedevmap 06/09,em-escopo,"site vivo, porta de carreiras nao localizada no HTML"
Envision Entertainment,Developer,Ingelheim,Rhineland-Palatinate,Germany,https://www.envision-entertainment.de,ja na fila gamedevmap 06/09,em-escopo,nao-triado
Epic Games,Developer and Publisher,Cologne,Nordrhein-Westfalen,Germany,https://epicgames.com/,ja conhecido (painel/csv),em-escopo,"site vivo, porta de carreiras nao localizada no HTML"
exDream entertainment,Developer,Hannover,Lower Saxony,Germany,https://www.exdream.com,ja na fila gamedevmap 06/09,em-escopo,"site vivo, porta de carreiras nao localizada no HTML"
Fakt Software,Developer,Zwickau,Saxony,Germany,https://www.fakt-software.de,ja na fila gamedevmap 06/09,em-escopo,nao-triado
Fancy Bytes,Developer,Oberhausen,Bayern,Germany,https://www.fancy-bytes.de,ja na fila gamedevmap 06/09,em-escopo,nao-triado
Farbspiel Interactive,Developer,Cologne,Nordrhein-Westfalen,Germany,https://farbspiel-interactive.com/,ja na fila gamedevmap 06/09,em-escopo,"site vivo, porta de carreiras nao localizada no HTML"
FIRECHICK,Developer,Dusseldorf,Nordrhein-Westfalen,Germany,https://firechick.de/,ja na fila gamedevmap 06/09,em-escopo,"site vivo, porta de carreiras nao localizada no HTML"
First Press Games,Publisher,Erkrath,Nordrhein-Westfalen,Germany,https://firstpressgames.com/,NOVO,fora-de-escopo,nao-triado
Flaregames,Mobile,Karlsruhe,Baden-Wurttemberg,Germany,https://www.flaregames.com,NOVO,em-escopo,"site vivo, porta de carreiras nao localizada no HTML"
Flashpoint AG,Publisher,Glinde,Schleswig-Holstein,Germany,https://www.flashpoint.de,NOVO,fora-de-escopo,nao-triado
Forlorn Alex,Developer,Leverkusen,Nordrhein-Westfalen,Germany,https://forlornmemories.com/,ja na fila gamedevmap 06/09,em-escopo,nao-triado
Fourexo Entertainment,Developer,Dresden,Saxony,Germany,http://highrisecitygame.com/,ja na fila gamedevmap 06/09,em-escopo,nao-triado
Funatics (Jumpgate),Developer,Schermbeck,Nordrhein-Westfalen,Germany,https://www.funatics.de/,ja na fila gamedevmap 06/09,em-escopo,nao-triado
FusionPlay,Developer,Leipzig,Saxony,Germany,https://www.fusion-play.com/,ja na fila gamedevmap 06/09,em-escopo,porta-ok:https://www.fusion-play.com/jobs
Gaijin Network,Developer,Karlsruhe,Baden-Wurttemberg,Germany,https://www.gaijinent.com,ja conhecido (painel/csv),em-escopo,porta-ok:https://gaijinent.com/i/ent/jobs.css?v=1787134116
Game Seer Publishing,Publisher,Aschaffenburg,Bayern,Germany,https://www.game-seer.com/,NOVO,fora-de-escopo,nao-triado
Game Seer Venture Partners,Investment,Aschaffenburg,Bayern,Germany,https://www.game-seer.com/,NOVO,fora-de-escopo,nao-triado
GameForge,Online,Karlsruhe,Baden-Wurttemberg,Germany,https://www.gameforge.com,NOVO,em-escopo,porta-ok:https://gameforge.com/careers
Gaming Minds Studios,Developer,Gutersloh,Nordrhein-Westfalen,Germany,https://www.gamingmindsstudios.com,ja na fila gamedevmap 06/09,em-escopo,nao-triado
Gentle Troll,Serious Games,Wurzburg,Bayern,Germany,https://www.gentletroll.com,NOVO,em-escopo,nao-triado
Gentle Troll Entertainment,Serious Games,Wurzburg,Bayern,Germany,https://gentletroll.com/,NOVO,em-escopo,nao-triado
Gentlymad,Developer,Trier,Rhineland,Germany,https://gentlymad.org/,ja na fila gamedevmap 06/09,em-escopo,nao-triado
GIANTS Software,Developer,Erlangen,Bayern,Germany,https://giants-software.com/,ja conhecido (painel/csv),em-escopo,nao-triado
Gora Games,Developer,Cologne,Nordrhein-Westfalen,Germany,https://gora.games/,ja na fila gamedevmap 06/09,em-escopo,porta-sem-resposta
Gunzilla Games,Developer,Frankfurt am Main,Hesse,Germany,https://www.gunzillagames.com,ja conhecido (painel/csv),em-escopo,nao-triado
Hammer Labs,Developer,Cologne,Nordrhein-Westfalen,Germany,http://hammer-labs.com/,ja na fila gamedevmap 06/09,em-escopo,porta-sem-resposta
HandyGames (THQ Nordic),Developer and Publisher,Giebelstadt,Bayern,Germany,https://handy-games.com/,ja na fila gamedevmap 06/09,em-escopo,nao-triado
Headup Games,Publisher,Düren,Nordrhein-Westfalen,Germany,https://www.headupgames.com,NOVO,fora-de-escopo,nao-triado
Hindsight Studios,Developer,Herten,Nordrhein-Westfalen,Germany,https://www.hindsight-studios.de/,ja conhecido (painel/csv),em-escopo,nao-triado
Hurdy-Gurdy Games,Developer,Dusseldorf,Nordrhein-Westfalen,Germany,https://hieronymus-game.com/hurdy-gurdy-games/,ja na fila gamedevmap 06/09,em-escopo,"site vivo, porta de carreiras nao localizada no HTML"
Hypnotic Owl,Developer,Leipzig,Saxony,Germany,https://hypnoticowl.com/,ja na fila gamedevmap 06/09,em-escopo,"site vivo, porta de carreiras nao localizada no HTML"
iCandy Interactive,Developer,Cologne,Nordrhein-Westfalen,Germany,https://icandy.io/,ja na fila gamedevmap 06/09,em-escopo,"site vivo, porta de carreiras nao localizada no HTML"
Impiresoft,Developer,Schwerin,Mecklenburg-Vorpommern,Germany,http://impiresoft.com/,ja na fila gamedevmap 06/09,em-escopo,nao-triado
Independent Arts,Developer,Hamm,Nordrhein-Westfalen,Germany,https://www.independent-arts-software.de,ja na fila gamedevmap 06/09,em-escopo,nao-triado
ININ Games,Publisher,Kirchheim unter Teck,Baden-Wurttemberg,Germany,https://iningames.com/,NOVO,fora-de-escopo,nao-triado
Jeldrik,Microstudio,Cologne,Nordrhein-Westfalen,Germany,https://jeldrik.itch.io/,NOVO,em-escopo,"site vivo, porta de carreiras nao localizada no HTML"
Just2D,Developer,Magdeburg,Saxony-Anhalt,Germany,https://just2d.com/,ja na fila gamedevmap 06/09,em-escopo,nao-triado
KAIKO (THQ Nordic),Developer,Frankfurt am Main,Hesse,Germany,https://kaikogames.com/,ja conhecido (painel/csv),em-escopo,nao-triado
kaleidoscube,Developer,Ludwigsburg,Baden-Wurttemberg,Germany,https://www.kaleidoscube.com,ja conhecido (painel/csv),em-escopo,nao-triado
Kalypso Media,Developer and Publisher,Worms,Rhineland,Germany,https://www.kalypsomedia.com,ja na fila gamedevmap 06/09,em-escopo,nao-triado
kamibox,Microstudio,Riedstadt,Hesse,Germany,https://www.kamibox.de,NOVO,em-escopo,nao-triado
Keen Games,Developer,Frankfurt am Main,Hesse,Germany,https://www.keengames.com,ja conhecido (painel/csv),em-escopo,quadro teamtailor em dominio proprio (https://jobs.keengames.com) - sem vaga da disciplina hoje
KING Art,Developer,Bremen,Bremen,Germany,https://kingart-games.com/,ja conhecido (painel/csv),em-escopo,"quadro personio vivo, 2 vagas, nenhuma da disciplina"
Kinmoku Games,Developer,Frankfurt,Hesse,Germany,https://www.kinmoku.games/,ja na fila gamedevmap 06/09,em-escopo,"site vivo, porta de carreiras nao localizada no HTML"
Kritzelkratz 3000,Developer,Wurzburg,Bayern,Germany,https://www.kritzelkratz.de,ja na fila gamedevmap 06/09,em-escopo,nao-triado
Lab132,Developer,Heidelberg,Baden-Wurttemberg,Germany,https://lab132.com/,ja na fila gamedevmap 06/09,em-escopo,nao-triado
Lilith,Extended Reality (XR),Pocking,Bayern,Germany,https://www.allisonroadgame.com,NOVO,em-escopo,nao-triado
Limbic Entertainment,Developer,Langen,Hesse,Germany,https://www.limbic-entertainment.de,ja conhecido (painel/csv),em-escopo,nao-triado
Lotum,Mobile,Bad Nauheim,Hesse,Germany,https://lotum.com/,NOVO,em-escopo,nao-triado
Ludopium,Developer,Cologne,Nordrhein-Westfalen,Germany,http://www.ludopium.com/,ja na fila gamedevmap 06/09,em-escopo,porta-sem-resposta
Mad Data,Developer,Erkrath,Nordrhein-Westfalen,Germany,https://www.mad-data.com,ja na fila gamedevmap 06/09,em-escopo,nao-triado
Mad Vulture Games,Developer,Cologne,Nordrhein-Westfalen,Germany,https://www.madvulture.de/,ja na fila gamedevmap 06/09,em-escopo,"site vivo, porta de carreiras nao localizada no HTML"
Maggese,Microstudio,Cologne,Nordrhein-Westfalen,Germany,https://maggese.itch.io/,NOVO,em-escopo,"site vivo, porta de carreiras nao localizada no HTML"
Magnussoft,Publisher,Kesselsdorf,Saxony,Germany,http://www.magnussoft.com,NOVO,fora-de-escopo,nao-triado
Massive Miniteam (THQ Nordic),Developer,Cologne,Nordrhein-Westfalen,Germany,https://massiveminiteam.com/,ja na fila gamedevmap 06/09,em-escopo,porta-ok:https://www.thqnordicmobile.com/en/jobs/
Max Ritters,Developer,Pulheim,Nordrhein-Westfalen,Germany,https://max-ritters.itch.io/,ja na fila gamedevmap 06/09,em-escopo,nao-triado
MELLOW Games,Developer,Cologne,Nordrhein-Westfalen,Germany,https://mellow-games.com/,ja na fila gamedevmap 06/09,em-escopo,"site vivo, porta de carreiras nao localizada no HTML"
metricminds (THQ Nordic),Extended Reality (XR),Frankfurt am Main,Hesse,Germany,https://metricminds.com/,NOVO,em-escopo,nao-triado
Mindscape Germany,Publisher,Aachen,Nordrhein-Westfalen,Germany,https://www.mindscape.com,NOVO,fora-de-escopo,nao-triado
Monokel,Developer,Cologne,Nordrhein-Westfalen,Germany,https://monokel.de/,ja na fila gamedevmap 06/09,em-escopo,"site vivo, porta de carreiras nao localizada no HTML"
Monolith of Minds,Developer,Mainz,Rhineland,Germany,https://monolithofminds.com/,ja na fila gamedevmap 06/09,em-escopo,"site vivo, porta de carreiras nao localizada no HTML"
Moonbyte Games,Developer,Neustadt,Rhineland,Germany,http://www.moonbytegames.com,ja na fila gamedevmap 06/09,em-escopo,nao-triado
MOVR,Extended Reality (XR),Cologne,Nordrhein-Westfalen,Germany,https://www.movr.com,NOVO,em-escopo,"site vivo, porta de carreiras nao localizada no HTML"
Mysteria Studio,Developer,Cologne,Nordrhein-Westfalen,Germany,https://mysteriastudio.com/,ja na fila gamedevmap 06/09,em-escopo,"site vivo, porta de carreiras nao localizada no HTML"
Navel,Developer,Ludwigsburg,Baden-Wurttemberg,Germany,https://www.navel.cc/,ja na fila gamedevmap 06/09,em-escopo,nao-triado
Nementic Games,Mobile,Herzogenaurach,Bayern,Germany,https://www.nementic.games/,NOVO,em-escopo,nao-triado
Neobird,Developer,Nuremberg,Bayern,Germany,https://www.neobird.de/en/,ja na fila gamedevmap 06/09,em-escopo,porta-ok:https://www.neobird.de/en/jobs/
NightinGames,Developer,Bayreuth,Bayern,Germany,https://nightingames.com/,ja na fila gamedevmap 06/09,em-escopo,nao-triado
Nord XR,Extended Reality (XR),Hannover,Lower Saxony,Germany,https://nordxr.com/,NOVO,em-escopo,"site vivo, porta de carreiras nao localizada no HTML"
NUKKLEAR Digital Minds (Jumpgate),Developer,Hannover,Lower Saxony,Germany,https://www.nukklear.de/,ja conhecido (painel/csv),em-escopo,porta-ok:https://www.nukklear.com/careers
Nurogames,Developer,Cologne,Nordrhein-Westfalen,Germany,https://www.nurogames.com,ja na fila gamedevmap 06/09,em-escopo,porta-sem-resposta
OFM Studios,Developer,Cologne,Nordrhein-Westfalen,Germany,https://www.onlinefussballmanager.de,ja na fila gamedevmap 06/09,em-escopo,porta-ok:https://www.onlinefussballmanager.de/
Outline Development,Developer,Siegen,Nordrhein-Westfalen,Germany,https://www.outline-development.de,ja na fila gamedevmap 06/09,em-escopo,nao-triado
PartTimeIndie,Microstudio,Wurzburg,Bayern,Germany,https://parttimeindie.com/,NOVO,em-escopo,nao-triado
Picster,Microstudio,Augsburg,Bayern,Germany,https://picster.itch.io/,NOVO,em-escopo,nao-triado
Pithead Studio,Developer,Bochum,Nordrhein-Westfalen,Germany,https://pithead-studio.com/en/,ja na fila gamedevmap 06/09,em-escopo,nao-triado
Pixel Maniacs,Developer,Nuremberg,Bayern,Germany,https://pixel-maniacs.com/,ja conhecido (painel/csv),em-escopo,porta-ok:https://pixel-maniacs.com/jobs
Pixelsplit,Developer,Eschborn,Hesse,Germany,https://pixelsplit.games/,ja conhecido (painel/csv),em-escopo,nao-triado
PLAION,Publisher,Planegg,Bayern,Germany,https://plaion.com/,NOVO,fora-de-escopo,nao-triado
Playing Mantis Studio,Developer,Cologne,Nordrhein-Westfalen,Germany,https://playing-mantis.io/,ja na fila gamedevmap 06/09,em-escopo,"site vivo, porta de carreiras nao localizada no HTML"
Productivkeller,Developer,Karlsruhe,Baden-Wurttemberg,Germany,https://produktivkeller.com/,ja na fila gamedevmap 06/09,em-escopo,porta-ok:https://produktivkeller.com/careers
Proxy Studios,Developer,Erlangen,Bayern,Germany,https://www.proxy-studios.com,ja conhecido (painel/csv),em-escopo,nao-triado
Pumpernickel Studio,Developer,Munster,Nordrhein-Westfalen,Germany,https://www.pumpernickel-studio.com,ja na fila gamedevmap 06/09,em-escopo,nao-triado
Radical Fish Games,Developer,Saarbrucken,Saarland,Germany,https://radicalfishgames.com/,ja na fila gamedevmap 06/09,em-escopo,nao-triado
Rafaelle Picca,Developer,Augsburg,Bayern,Germany,https://raffaelepicca.com/,ja na fila gamedevmap 06/09,em-escopo,nao-triado
Rat King,Developer,Halle,Saxony-Anhalt,Germany,https://ratking.de/,ja na fila gamedevmap 06/09,em-escopo,nao-triado
Rat King Entertainment,Microstudio,Halle (Saale),Sachsen-Anhalt,Germany,https://ratking.de/,ja na fila gamedevmap 06/09,em-escopo,nao-triado
Ravenscourt,Publisher,Planegg,Bayern,Germany,https://ravenscourt.games/,NOVO,fora-de-escopo,nao-triado
REAKKTOR Studios,Developer,Hannover,Lower Saxony,Germany,https://reakktor.com/,ja na fila gamedevmap 06/09,em-escopo,"site vivo, porta de carreiras nao localizada no HTML"
Reality Games,Mobile,Volklingen,Saarland,Germany,https://www.reality-games.com/,ja conhecido (painel/csv),em-escopo,nao-triado
Resistance204X,Developer,Leipzig,Saxony,Germany,https://resistance204x.com/,ja na fila gamedevmap 06/09,em-escopo,"site vivo, porta de carreiras nao localizada no HTML"
Retrific,Developer,Hamm,Nordrhein-Westfalen,Germany,https://www.retrific.net,ja na fila gamedevmap 06/09,em-escopo,nao-triado
Robotality,Developer,Hameln,Lower Saxony,Germany,http://robotality.com/,ja na fila gamedevmap 06/09,em-escopo,nao-triado
Rokaplay,Publisher,Darmstadt,Hesse,Germany,https://www.rokaplay.com/,NOVO,fora-de-escopo,nao-triado
rondomedia,Publisher,Monchengladbach,Nordrhein-Westfalen,Germany,https://www.rondomedia.de,NOVO,fora-de-escopo,nao-triado
RTL Enterprises,Publisher,Cologne,Nordrhein-Westfalen,Germany,https://www.rtl-interactive.de,NOVO,fora-de-escopo,nao-triado
Schleuder Games,Microstudio,Brandenburg,Brandenburg,Germany,https://schleuder.games/,NOVO,em-escopo,porta-ok:https://schleuder.games
Secret Item Games,Developer,Lünen,Nordrhein-Westfalen,Germany,https://www.secret-item-games.com/,NOVO,em-escopo,nao-triado
Sega Gesellschaft für Videospiele mbH,Publisher,Dusseldorf,Nordrhein-Westfalen,Germany,https://www.sega.com,NOVO,fora-de-escopo,nao-triado
Serious Brothers,Microstudio,Braunschweig,Lower Saxony,Germany,https://www.imagineearth.info/,NOVO,em-escopo,nao-triado
Sickscore Games,Developer,Regensburg,Bayern,Germany,https://sickscore.games,NOVO,em-escopo,nao-triado
SilentFuture,Developer,Wuppertal,Nordrhein-Westfalen,Germany,https://www.silentfuture.de,NOVO,em-escopo,nao-triado
Sixteen Tons Entertainment,Developer,Tübingen,Baden-Wurttemberg,Germany,https://www.sixteen-tons.de,NOVO,em-escopo,nao-triado
Slow Bros,Developer,Cologne,Nordrhein-Westfalen,Germany,https://www.slow-bros.com,NOVO,em-escopo,porta-ok:https://www.slow-bros.com/careers
Sluggerfly,Developer,Essen,Nordrhein-Westfalen,Germany,https://sluggerfly.com/,NOVO,em-escopo,nao-triado
Smitner Studio,Developer,Todtnau,Baden-Wurttemberg,Germany,https://smitner.studio/,NOVO,em-escopo,nao-triado
smuttlewerk interactive,Mobile,Ludwigshafen,Rhineland,Germany,https://www.smuttlewerk.de,NOVO,em-escopo,nao-triado
Snowstep Development,Developer,Dusseldorf,Nordrhein-Westfalen,Germany,https://www.snowstep.com/,NOVO,em-escopo,"site vivo, porta de carreiras nao localizada no HTML"
Soerb Games,Developer,Marburg,Frankfurt,Germany,https://soerbgames.itch.io/,NOVO,em-escopo,nao-triado
Sony Computer Entertainment,Publisher,Frankfurt am Main,Hesse,Germany,https://www.playstation.com,NOVO,fora-de-escopo,nao-triado
Soulpix,Extended Reality (XR),Hannover,Lower Saxony,Germany,https://www.soulpix.de,NOVO,em-escopo,"site vivo, porta de carreiras nao localizada no HTML"
Spellgarden Games,Developer,Ludwigsburg,Baden-Wurttemberg,Germany,https://spellgardengames.com/,NOVO,em-escopo,nao-triado
SpielFabrique,Incubator/Accelerator,Dusseldorf,Nordrhein-Westfalen,Germany,https://spielfabrique.eu/,NOVO,fora-de-escopo,nao-triado
SPREE Interactive,Extended Reality (XR),Nuremberg,Bayern,Germany,https://www.jointhespree.com,NOVO,em-escopo,porta-sem-resposta
Stillfront Group,Developer,Cologne,Nordrhein-Westfalen,Germany,https://stillfront.com/,ja na fila gamedevmap 06/09,em-escopo,"quadro Teamtailor vivo; a unica de 3D e Lead 3D Environment Artist (m/f/d) em Berlim, pela Sandbox Interactive - ambiente, prioridade MEDIA"
Studio Inkyfox,Developer,Bielefeld,Nordrhein-Westfalen,Germany,https://www.playomno.com,NOVO,em-escopo,"site vivo, porta de carreiras nao localizada no HTML"
Studio Seufz,Developer,Stuttgart,Baden-Wurttemberg,Germany,https://studioseufz.com/,NOVO,em-escopo,"site vivo, porta de carreiras nao localizada no HTML"
Studio Sterneck,Developer,Ludwigsburg,Baden-Wurttemberg,Germany,https://studiosterneck.itch.io/,NOVO,em-escopo,nao-triado
Stunforge,Developer,Wadersloh,Nordrhein-Westfalen,Germany,https://stunforge.com/,NOVO,em-escopo,nao-triado
SUN AND SERPENT Creations,Developer,Bremen,Bremen,Germany,https://bladesonggame.com/,NOVO,em-escopo,"site vivo, porta de carreiras nao localizada no HTML"
Sunlight Games,Microstudio,Cologne,Nordrhein-Westfalen,Germany,https://www.sunlight-games.com/,NOVO,em-escopo,"site vivo, porta de carreiras nao localizada no HTML"
Suricate Software,Developer,Dusseldorf,Nordrhein-Westfalen,Germany,http://www.suricate-software.com/,NOVO,em-escopo,porta-sem-resposta
Team Nava Games,Developer,Leipzig,Saxony,Germany,https://teamnavagames.de,NOVO,em-escopo,"site vivo, porta de carreiras nao localizada no HTML"
Telescope Game Studios,Developer,Babelsburg,Brandenburg,Germany,https://www.telescopegames.com/,ja conhecido (painel/csv),em-escopo,nao-triado
Tendershoot,Developer,Munster,Nordrhein-Westfalen,Germany,https://www.hypnospace.net,NOVO,em-escopo,nao-triado
Texel Raptor,Developer,Ortenberg,Baden-Wurttemberg,Germany,https://texelraptor.com/,NOVO,em-escopo,nao-triado
The Good Evil,Mobile,Cologne,Nordrhein-Westfalen,Germany,https://www.thegoodevil.com,NOVO,em-escopo,porta-ok:https://thegoodevil.com/tagged/jobs
The Rabbit Indie Games Residency,Incubator/Accelerator,Bad Belzig,Brandenburg,Germany,https://coconat-space.com/the-rabbit/,NOVO,fora-de-escopo,nao-triado
Third Shift Studios,Developer,Cologne,Nordrhein-Westfalen,Germany,https://thirdshiftstudio.com,NOVO,em-escopo,porta-ok:https://thirdshift.studio/careers
Thogli Studios,Developer,Furstenfeldbruck,Bayern,Germany,https://thoglistudios.com/main.php,NOVO,em-escopo,nao-triado
Thunderrock Innovations,Developer,Borrstadt,Rhineland-Palatinate,Germany,https://thunderrockinnovations.com/,NOVO,em-escopo,nao-triado
tobspr Games,Publisher,Aachen,Nordrhein-Westfalen,Germany,https://tobspr.io/,NOVO,fora-de-escopo,nao-triado
TopWare Interactive,Developer and Publisher,Ettlingen,Baden-Wurttemberg,Germany,https://www.topware.com/,NOVO,em-escopo,nao-triado
Ubisoft Dusseldorf,Developer and Publisher,Dusseldorf,Nordrhein-Westfalen,Germany,https://duesseldorf.ubisoft.com/,NOVO,em-escopo,porta-ok:https://www.ubisoft.com/en-us/company/careers/locations/germany
Ubisoft Mainz,Developer and Publisher,Mainz,Rhineland,Germany,https://mainz.ubisoft.com/,NOVO,em-escopo,porta-ok:https://www.ubisoft.com/en-us/company/careers/locations/germany
Upjers,Online,Bamberg,Bayern,Germany,https://de.upjers.com,NOVO,em-escopo,nao-triado
Vertex Forge,Developer and Publisher,Aachen,Nordrhein-Westfalen,Germany,https://vertexforge.de/,NOVO,em-escopo,nao-triado
VestGames,Social,Datteln,Nordrhein-Westfalen,Germany,https://www.eville-game.com,NOVO,em-escopo,nao-triado
videoreality,Extended Reality (XR),Frankfurt am Main,Hesse,Germany,https://www.videoreality.de,NOVO,em-escopo,nao-triado
Vivid Storm Interactive,Developer,Fahrenzhausen,Bayern,Germany,https://vivid-storm.com/,NOVO,em-escopo,nao-triado
Voodoo Duck Games,Developer,Duisburg,Nordrhein-Westfalen,Germany,https://voodooduck.com/,NOVO,em-escopo,nao-triado
VR Bits,Serious Games,Leipzig,Saxony,Germany,https://www.vrbits.de/,NOVO,em-escopo,"site vivo, porta de carreiras nao localizada no HTML"
Walk The Frog Studio,Microstudio,Ludwigsburg,Baden-Wurttemberg,Germany,https://walkthefrog.com/,NOVO,em-escopo,nao-triado
Walking Tree Games,Developer,Karlsruhe,Baden-Wurttemberg,Germany,https://thetribemustsurvive.com/,NOVO,em-escopo,"site vivo, porta de carreiras nao localizada no HTML"
WatchDaToast,Developer,Rudelswalde,Saxony,Germany,https://watchdatoast.itch.io/,NOVO,em-escopo,nao-triado
Weltenbauer,Serious Games,Wiesbaden,Hesse,Germany,https://weltenbauer-se.com/,NOVO,em-escopo,nao-triado
Zeitland,Developer,Ludwigsburg,Baden-Wurttemberg,Germany,https://zeitland.com/,NOVO,em-escopo,nao-triado
Zockrates Labs,Developer,Nuremburg,Bayern,Germany,https://zocklabs.de/,NOVO,em-escopo,nao-triado
Zoroarts,Developer,Duisburg,Nordrhein-Westfalen,Germany,https://zoroarts.com/,NOVO,em-escopo,nao-triado
Ardan,Incubator/Accelerator,Galway,Connacht,Ireland,https://ardan.ie/,NOVO,fora-de-escopo,nao-triado
Blizzard Entertainment,Developer,Cork,County Cork,Ireland,https://blizzard.com/,ja conhecido (painel/csv),em-escopo,"site vivo, porta de carreiras nao localizada no HTML"
EA Galway (Electronic Arts),Publisher,Galway,Connacht,Ireland,https://ea.com/,ja conhecido (painel/csv),fora-de-escopo,nao-triado
ENGAGE Studio,Extended Reality (XR),Waterford,Munster,Ireland,https://engagevr.io/,NOVO,em-escopo,nao-triado
Engage VR,Extended Reality (XR),Waterford,Munster,Ireland,https://www.engagevr.io,NOVO,em-escopo,porta-ok:https://www.engagevr.io/careers
Enigma Studio,Developer,Galway,Galway,Ireland,https://www.enigmastud.io/,ja na fila gamedevmap 06/09,em-escopo,"site vivo, porta de carreiras nao localizada no HTML"
Hangry Owl Games,Developer,Wicklow,Leinster,Ireland,https://hangryowl.games/,ja na fila gamedevmap 06/09,em-escopo,nao-triado
Howling Hamster Games,Developer,Galway,Connacht,Ireland,https://www.howlinghamster.com,ja na fila gamedevmap 06/09,em-escopo,"site vivo, porta de carreiras nao localizada no HTML"
Immersive VR Education,Extended Reality (XR),Waterford,Munster,Ireland,https://www.immersivevreducation.com,NOVO,em-escopo,nao-triado
Psychic Software,Developer,Galway,Connacht,Ireland,http://www.psychicsoftware.com/,ja na fila gamedevmap 06/09,em-escopo,"site vivo, porta de carreiras nao localizada no HTML"
Romero Games,Developer,Galway,Connacht,Ireland,https://romerogames.com/,ja na fila gamedevmap 06/09,em-escopo,porta-ok:https://www.romerogames.com/work-with-us
Spooky Doorway,Developer,Galway,Connacht,Ireland,https://www.spookydoorway.com/,ja na fila gamedevmap 06/09,em-escopo,porta-ok:https://www.spookydoorway.com/jobs/
Studio RUCACH,Developer,Galway,Connacht,Ireland,https://www.rucach.com/,ja conhecido (painel/csv),em-escopo,"Stylized 3D Character Artist e SUBCONTRATO para um estudio britanico, pagina datada de 2024; email ja ENVIADO em 06/09"
The Crayon Eating Company,Developer,Wexford,Wexford,Ireland,https://crayondev.ie/,ja na fila gamedevmap 06/09,em-escopo,nao-triado
34 Big Things,Developer,Turin,Piedmont,Italy,https://34bigthings.com/,ja conhecido (painel/csv),em-escopo,porta-ok:https://34bigthings.com/careers/
68k Studios,Developer,Rome,Lazio,Italy,https://68kstudios.com/,ja na fila gamedevmap 06/09,em-escopo,"site vivo, porta de carreiras nao localizada no HTML"
Air Games Studio,Developer,Rivoli,Piedmont,Italy,https://www.airgamesstudio.it/,ja na fila gamedevmap 06/09,em-escopo,nao-triado
Beehive Studios,Developer,Naples,Campania,Italy,https://www.beehivegamestudios.com/,ja na fila gamedevmap 06/09,em-escopo,"site vivo, porta de carreiras nao localizada no HTML"
Better Half Team,Developer,Padua,Veneto,Italy,https://better-half.itch.io/,ja na fila gamedevmap 06/09,em-escopo,nao-triado
Bologna Game Farm,Incubator/Accelerator,Bologna,Emilia-Romagna,Italy,https://bolognagamefarm.com/,NOVO,fora-de-escopo,nao-triado
CINIC Games,Developer,Pisa,Toscana,Italy,https://cinicgames.com/,ja conhecido (painel/csv),em-escopo,nao-triado
Commuter Games,Extended Reality (XR),Tivoli,Lazio,Italy,https://commuter.games/,NOVO,em-escopo,nao-triado
Deep Monolith,Developer,Turin,Piedmont,Italy,https://www.deepmonolith.com,ja na fila gamedevmap 06/09,em-escopo,"site vivo, porta de carreiras nao localizada no HTML"
DestinyBit,Developer,Ravenna,Emilia-Romagna,Italy,https://www.destinybit.com/,ja na fila gamedevmap 06/09,em-escopo,nao-triado
Drakkar Dev,Developer,Catania,Sicilia,Italy,https://www.drakkardev.com,ja conhecido (painel/csv),em-escopo,nao-triado
Dynamight Studios,Mobile,Bareggio,Lombardia,Italy,https://www.fracturedmmo.com,NOVO,em-escopo,nao-triado
E-ludo Interactive,Organization,Syracuse,Sicilia,Italy,https://www.e-ludo.it,NOVO,fora-de-escopo,nao-triado
Elf Games,Developer,Brescia,Lombardia,Italy,https://www.elfgames.com,ja na fila gamedevmap 06/09,em-escopo,nao-triado
EpochalStorm,Developer,Rome,Lazio,Italy,https://www.epochalstorm.com,ja na fila gamedevmap 06/09,em-escopo,"site vivo, porta de carreiras nao localizada no HTML"
Event Horizon Studios,Developer,Turin,Piedmont,Italy,https://www.eventhorizonstudios.games,ja na fila gamedevmap 06/09,em-escopo,porta-sem-resposta
Fantastico Studio,Developer and Publisher,Rome,Lazio,Italy,https://fantasticostudio.it/,ja na fila gamedevmap 06/09,em-escopo,porta-ok:https://fantasticostudio.it/careers
Forward Games,Developer,Rome,Lazio,Italy,https://www.forwardgames.com,ja na fila gamedevmap 06/09,em-escopo,"site vivo, porta de carreiras nao localizada no HTML"
Frost Earth Studio,Extended Reality (XR),Capriglia Irpina,Campania,Italy,https://www.frostearthstudio.com,NOVO,em-escopo,nao-triado
Funny Games,Developer,Imola,Emilia-Romagna,Italy,https://funnytales.us/,ja na fila gamedevmap 06/09,em-escopo,nao-triado
Futurats,Developer,Turin,Piedmont,Italy,https://futurats.com/,ja na fila gamedevmap 06/09,em-escopo,porta-ok:https://futurats.com/work-with-us/
GamePix,Publisher,Rome,Lazio,Italy,https://www.gamepix.com,NOVO,fora-de-escopo,nao-triado
Gamera Interactive,Developer,Padua,Veneto,Italy,https://www.gamerainteractive.it/,ja na fila gamedevmap 06/09,em-escopo,nao-triado
GhostShark Games,Developer,Rome,Lazio,Italy,https://www.ghostshark.it,ja na fila gamedevmap 06/09,em-escopo,"site vivo, porta de carreiras nao localizada no HTML"
Haruneko Entertainment,Developer,Rome,Lazio,Italy,https://www.haruneko.com,ja na fila gamedevmap 06/09,em-escopo,"site vivo, porta de carreiras nao localizada no HTML"
Heartbit Interactive,Developer,Piacenza,Emilia-Romagna,Italy,https://www.heartbit-interactive.com,ja na fila gamedevmap 06/09,em-escopo,nao-triado
IGDA Italy,Organization,Rome,Lazio,Italy,https://igda.org/chapters/italy/,NOVO,fora-de-escopo,nao-triado
indiegala,Developer,Rome,Lazio,Italy,https://www.indiegala.com,ja na fila gamedevmap 06/09,em-escopo,"site vivo, porta de carreiras nao localizada no HTML"
Innovina Interactive,Developer,Genova,Liguria,Italy,https://interactive.innovina.it/,ja na fila gamedevmap 06/09,em-escopo,nao-triado
Innvervoid Interactive,Developer,Rome,Lazio,Italy,https://www.innervoid.net/,ja na fila gamedevmap 06/09,em-escopo,"site vivo, porta de carreiras nao localizada no HTML"
Invader Studios,Developer,Rome,Lazio,Italy,https://invaderstudiosofficial.com/,ja na fila gamedevmap 06/09,em-escopo,"site vivo, porta de carreiras nao localizada no HTML"
Ivan Venturi Production,Developer,Rome,Lazio,Italy,https://www.ivproductions.it,ja na fila gamedevmap 06/09,em-escopo,"site vivo, porta de carreiras nao localizada no HTML"
Khymeia,Health,Noventa Padovana,Veneto,Italy,https://www.khymeia.com,NOVO,fora-de-escopo,nao-triado
Kid Onion Studio,Developer,Catania,Sicilia,Italy,https://rivertailsthegame.com/,ja na fila gamedevmap 06/09,em-escopo,nao-triado
Kunos Simulazioni,Developer,Rome,Lazio,Italy,https://assettocorsa.gg/,ja na fila gamedevmap 06/09,em-escopo,porta-ok:https://assettocorsa.gg/join-us-at-adac-expo-2024-play-assetto-corsa-evo/
Little Sewing Machine,Developer,Catania,Sicilia,Italy,https://littlesewingmachine.com/,ja na fila gamedevmap 06/09,em-escopo,nao-triado
LKA,Developer,Firenze,Toscana,Italy,http://www.lka.it,ja na fila gamedevmap 06/09,em-escopo,nao-triado
Lullabyte Games,Developer,Turin,Piedmont,Italy,https://linktr.ee/lullabytegames,ja na fila gamedevmap 06/09,em-escopo,porta-ok:https://linktr.ee/s/about/careers
Marslit Games,Extended Reality (XR),Lucca,Toscana,Italy,https://www.marslitgames.com,NOVO,em-escopo,nao-triado
Meangrip Studios,Developer,Napoli,Napoli,Italy,https://meangrip.com/,ja na fila gamedevmap 06/09,em-escopo,nao-triado
Memorable Games,Developer,Turin,Piedmont,Italy,https://memorable.games/,ja na fila gamedevmap 06/09,em-escopo,porta-ok:https://www.memorable.games/careers
Midnite,Mobile,Cesena,Emilia-Romagna,Italy,https://www.midnite.games,NOVO,em-escopo,nao-triado
Molleindustria,Developer,Turin,Piedmont,Italy,https://www.molleindustria.org,ja na fila gamedevmap 06/09,em-escopo,"site vivo, porta de carreiras nao localizada no HTML"
Morbidware,Developer,Ciampino,Lazio,Italy,https://www.morbidwaregames.com/,ja na fila gamedevmap 06/09,em-escopo,nao-triado
NAPS Team,Developer,Messino,Sicilia,Italy,https://www.napsteam.com,ja na fila gamedevmap 06/09,em-escopo,nao-triado
Nintendo Italia,Developer and Publisher,Vimercate,Lombardia,Italy,https://www.nintendo.it,ja na fila gamedevmap 06/09,em-escopo,nao-triado
Ossocubo,Developer,Parabiago,Lombardia,Italy,https://www.ossocubo.com,ja na fila gamedevmap 06/09,em-escopo,nao-triado
Ovosonico,Developer,Varese,Varese,Italy,https://www.ovosonico.com,ja na fila gamedevmap 06/09,em-escopo,nao-triado
Panik Arcade,Developer,Ancona,San Marino,Italy,https://www.panikarcade.games/,ja na fila gamedevmap 06/09,em-escopo,nao-triado
Picaresque Studio,Developer,Turin,Piedmont,Italy,https://www.picaresquestudio.com,ja na fila gamedevmap 06/09,em-escopo,porta-ok:https://www.picaresquestudio.com/jobs/
Quickload,Incubator/Accelerator,Turin,Piedmont,Italy,https://quickload.dev/,NOVO,fora-de-escopo,nao-triado
Raylight Games,Developer,Benevento,Campania,Italy,https://www.raylightgames.com,ja conhecido (painel/csv),em-escopo,nao-triado
Red Koi Box,Developer,Brescia,Lombardia,Italy,https://redkoibox.it/,ja na fila gamedevmap 06/09,em-escopo,nao-triado
Red Sky Games,Developer,Cologno Monzese,Lombardia,Italy,https://redskygames.com,ja conhecido (painel/csv),em-escopo,nao-triado
redBit Games,Mobile,Rome,Lazio,Italy,https://www.redbitgames.it,NOVO,em-escopo,porta-ok:https://www.redbitgames.com/careers/
Rednoy,Developer,Rome,Lazio,Italy,https://fromyonder.net/,ja na fila gamedevmap 06/09,em-escopo,"site vivo, porta de carreiras nao localizada no HTML"
Rortos,Developer,Verona,Veneto,Italy,https://www.rortos.com/,ja na fila gamedevmap 06/09,em-escopo,nao-triado
Sedleo,Developer,Pistoia,Toscana,Italy,https://www.sedleo.com,ja conhecido (painel/csv),em-escopo,nao-triado
Singular Perception,Extended Reality (XR),Pieve Ligure,Liguria,Italy,https://www.singularperception.com,NOVO,em-escopo,nao-triado
Stigma Studios,Developer,Valenza,Piedmont,Italy,https://www.stigmastudios.com,ja na fila gamedevmap 06/09,em-escopo,nao-triado
Storm in a Teacup,Developer,Rome,Lazio,Italy,https://www.stcware.com,ja conhecido (painel/csv),em-escopo,porta-ok:https://www.stcware.com/careers/
Stormind Games,Developer,Acireale,Sicilia,Italy,https://stormindgames.com/,ja conhecido (painel/csv),em-escopo,nao-triado
Strelka Games,Developer and Publisher,Trento,Trentino,Italy,https://www.strelkagames.com,ja na fila gamedevmap 06/09,em-escopo,nao-triado
Studio Evil,Developer,Bologna,Emilia-Romagna,Italy,https://www.studioevil.com,ja conhecido (painel/csv),em-escopo,"site vivo, porta de carreiras nao localizada no HTML"
Studio Kiku,Developer,Genova,Liguria,Italy,https://itch.io/profile/studiokiku,ja na fila gamedevmap 06/09,em-escopo,nao-triado
Studio Pizza,Developer,Bologna,Emilia-Romagna,Italy,https://studiopizzagames.itch.io/,ja na fila gamedevmap 06/09,em-escopo,"site vivo, porta de carreiras nao localizada no HTML"
Sylphe Labs,Developer,Palermo,Sicilia,Italy,https://www.sylphelabs.com,ja na fila gamedevmap 06/09,em-escopo,nao-triado
Ta2 Games,Developer,Trieste,Friuli-Venezia Giulia,Italy,https://ta2gamesstudio.com/,ja na fila gamedevmap 06/09,em-escopo,nao-triado
The Space Backyard,Developer,Genova,Liguria,Italy,https://www.spacebackyard.com/,ja na fila gamedevmap 06/09,em-escopo,nao-triado
Tiny Bull Studios,Developer,Turin,Piedmont,Italy,https://www.tinybullstudios.com,ja na fila gamedevmap 06/09,em-escopo,porta-ok:https://tinybullstudios.com/careers/
Tmesis Studio,Developer,Turin,Piedmont,Italy,http://tmesistudio.com/,ja na fila gamedevmap 06/09,em-escopo,porta-ok:https://tmesistudio.com/careers/
UNAmedia,Developer,Genova,Liguria,Italy,https://www.unamedia.com,ja na fila gamedevmap 06/09,em-escopo,nao-triado
Untold Games,Developer,Genova,Liguria,Italy,https://www.untoldgames.com,ja conhecido (painel/csv),em-escopo,nao-triado
Winter Wolves,Developer,Bologna,Emilia-Romagna,Italy,https://winterwolves.com/,ja na fila gamedevmap 06/09,em-escopo,"site vivo, porta de carreiras nao localizada no HTML"
Yonder,Developer,Rome,Lazio,Italy,https://www.fromyonder.net/,ja na fila gamedevmap 06/09,em-escopo,"site vivo, porta de carreiras nao localizada no HTML"
4Growth,Serious Games,Haarlem,Noord-Holland,Netherlands,https://4growth.com/,NOVO,em-escopo,nao-triado
4Players-Studio,Extended Reality (XR),Coevorden,Drenthe,Netherlands,https://4players-studio.com/,NOVO,em-escopo,nao-triado
8D Games,Serious Games,Leeuwarden,Friesland,Netherlands,https://8d-games.nl/,NOVO,em-escopo,nao-triado
Abbey Games,Developer,Utrecht,Utrecht,Netherlands,https://abbeygames.com/,ja conhecido (painel/csv),em-escopo,porta-ok:https://abbeygames.com/jobs/
Abstraction Games,Developer,Valkenswaard,Noord-Brabant,Netherlands,https://abstraction.games/,NOVO,em-escopo,nao-triado
Appelmoes,Developer,Rotterdam,Zuid-Holland,Netherlands,https://appelmoes.games/,ja conhecido (painel/csv),em-escopo,porta-ok:https://appelmoes.games/jobs
Bearbit,Mobile,Voorhout,Zuid-Holland,Netherlands,http://www.bearbitstudios.com/,NOVO,em-escopo,nao-triado
Behaviour Rotterdam,Developer,Rotterdam,Zuid-Holland,Netherlands,https://www.bhvr.com/rotterdam/,ja conhecido (painel/csv),em-escopo,porta-ok:https://www.bhvr.com/jobs/#alljobs
Big Bang Studio,Developer,Groningen,Groningen,Netherlands,https://bigbangstudio.nl/,ja na fila gamedevmap 06/09,em-escopo,"site vivo, porta de carreiras nao localizada no HTML"
BlackMill Games,Developer,Alkmaar,Noord-Holland,Netherlands,https://blackmillgames.com/,ja na fila gamedevmap 06/09,em-escopo,nao-triado
Blast Mode Games,Developer,Den Haag,Zuid-Holland,Netherlands,https://blastmode.games/,ja na fila gamedevmap 06/09,em-escopo,nao-triado
Blewscreen,Microstudio,Tilburg,Noord-Brabant,Netherlands,https://www.blewscreen.com/,NOVO,em-escopo,nao-triado
BLUE BOX Game Studios,Developer,Leiden,South Holland,Netherlands,https://blueboxgamestudios.com/,ja na fila gamedevmap 06/09,em-escopo,nao-triado
Blue Box Games,Microstudio,Leiden,South Holland,Netherlands,https://blueboxgamestudios.com/,ja na fila gamedevmap 06/09,em-escopo,nao-triado
Bonte Avond,Microstudio,Utrecht,Utrecht,Netherlands,https://www.bonte-avond.com/,NOVO,em-escopo,"site vivo, porta de carreiras nao localizada no HTML"
BoterJan,Microstudio,Groningen,Groningen,Netherlands,https://www.boterjan.com/,NOVO,em-escopo,"site vivo, porta de carreiras nao localizada no HTML"
Broken Bag Games,Developer,Leeuwarden,Friesland,Netherlands,https://www.brokenbaggames.com/,ja na fila gamedevmap 06/09,em-escopo,nao-triado
Buckethead Entertainment,Extended Reality (XR),Haren,Groningen,Netherlands,https://bucketheadentertainment.com/,NOVO,em-escopo,nao-triado
By Bleep,Microstudio,Groningen,Groningen,Netherlands,https://bybleep.com/,NOVO,em-escopo,"site vivo, porta de carreiras nao localizada no HTML"
Celine and the Silly Stars,Developer,Utrecht,Utrecht,Netherlands,https://celineveltman.com/welcome,ja na fila gamedevmap 06/09,em-escopo,porta-ok:https://celineveltman.com/careers
Chimpworks,Mobile,Eindhoven,Noord-Brabant,Netherlands,https://www.chimpworksgames.com/,NOVO,em-escopo,quadro recruitee em dominio proprio (https://jobs.chimpworksgames.com) - sem vaga da disciplina hoje
CleVR,Health,Delft,Zuid-Holland,Netherlands,https://www.clevr.net/,NOVO,fora-de-escopo,nao-triado
Codename Red,Developer,Etten-Leur,Noord-Brabant,Netherlands,https://www.codenamered.nl/,ja na fila gamedevmap 06/09,em-escopo,nao-triado
Collateral Damage,Mobile,Utrecht,Utrecht,Netherlands,https://dont-blink.collateral-damage-games.com/,NOVO,em-escopo,"site vivo, porta de carreiras nao localizada no HTML"
Convoy Games,Developer,Leeuwarden,Friesland,Netherlands,https://www.convoy-games.com,ja na fila gamedevmap 06/09,em-escopo,nao-triado
Crimson Owl Studios,Developer,Utrecht,Utrecht,Netherlands,http://www.caromble.com.s3-website.eu-central-1.amazonaws.com/,ja na fila gamedevmap 06/09,em-escopo,porta-sem-resposta
Critical Bit,Developer,Leeuwarden,Friesland,Netherlands,https://www.critical-bit.com,ja na fila gamedevmap 06/09,em-escopo,nao-triado
Deadbug Projects,Microstudio,Enschede,Overijssel,Netherlands,https://www.deadbugprojects.com/,NOVO,em-escopo,nao-triado
Denda Games,Developer,Hengelo,Overijssel,Netherlands,https://denda-corporate.com/,ja na fila gamedevmap 06/09,em-escopo,nao-triado
Digital Dreams,Mobile,Utrecht,Utrecht,Netherlands,https://digitaldreamsgames.com/,NOVO,em-escopo,"site vivo, porta de carreiras nao localizada no HTML"
Dolphin Swim Club,Health,Leeuwarden,Friesland,Netherlands,https://www.thedolphinswimclub.com,NOVO,fora-de-escopo,nao-triado
Dragonspirit Games,Developer,Nieuwaal,Gelderland,Netherlands,https://dragonspiritgames.nl/,ja na fila gamedevmap 06/09,em-escopo,nao-triado
Duckland Games,Developer,Breda,Noord-Brabant,Netherlands,https://www.ducklandgames.com/,ja na fila gamedevmap 06/09,em-escopo,"site vivo, porta de carreiras nao localizada no HTML"
Dutch Game Studio,Developer,Woerden,Utrecht,Netherlands,https://www.dutchgamestudio.com,ja na fila gamedevmap 06/09,em-escopo,nao-triado
Dutch Games Association,Organization,Utrecht,Utrecht,Netherlands,https://www.dutchgamesassociation.nl,NOVO,fora-de-escopo,nao-triado
Eerie Guest Studios (tinyBuild),Developer,Hilversum,Noord-Holland,Netherlands,https://www.tinybuild.com/,ja conhecido (painel/csv),em-escopo,porta-ok:https://www.tinybuild.com/jobs
Enchanted Works,Developer,Amstelveen,Noord-Holland,Netherlands,https://www.enchantedworks.nl/,ja na fila gamedevmap 06/09,em-escopo,nao-triado
Engine Software,Developer,Doetinchem,Gelderland,Netherlands,https://engine-software.com/,ja na fila gamedevmap 06/09,em-escopo,nao-triado
Ewoud van der Werf,Developer,Leeuwarden,Friesland,Netherlands,https://ewoud.dev/,ja na fila gamedevmap 06/09,em-escopo,nao-triado
Extra Nice,Developer,Leeuwarden,Friesland,Netherlands,https://extra-nice.net/,ja na fila gamedevmap 06/09,em-escopo,nao-triado
Fablegate,Microstudio,Eindhoven,Noord-Brabant,Netherlands,https://fablegate.net/,NOVO,em-escopo,porta-sem-resposta
Fantastimaker,Microstudio,Groningen,Groningen,Netherlands,https://fantastimaker.studio/,NOVO,em-escopo,porta-ok:https://fantastimaker.studio/careers
Fantazm,Extended Reality (XR),s-Hertogenbosch,Noord-Brabant,Netherlands,https://fantazm.com/,NOVO,em-escopo,nao-triado
Feel Free Games,Developer,Sassenheim,South Holland,Netherlands,https://feelfreegames.com/,ja na fila gamedevmap 06/09,em-escopo,nao-triado
FGL Games,Publisher,Lith,Noord-Brabant,Netherlands,https://www.fgl.com/,NOVO,fora-de-escopo,nao-triado
Firi Games,Mobile,Den Haag,Zuid-Holland,Netherlands,https://www.firigames.com,NOVO,em-escopo,nao-triado
Fresh Game Studio,Serious Games,Utrecht,Utrecht,Netherlands,https://freshgamestudio.com/,NOVO,em-escopo,"site vivo, porta de carreiras nao localizada no HTML"
Frog Vibes,Developer,Utrecht,Utrecht,Netherlands,https://herecomesniko.com/,ja na fila gamedevmap 06/09,em-escopo,"site vivo, porta de carreiras nao localizada no HTML"
Froglet Games,Microstudio,Utrecht,Utrecht,Netherlands,https://www.froglet.games/,NOVO,em-escopo,"site vivo, porta de carreiras nao localizada no HTML"
FrogVibes,Developer,Wageningen,Gelderland,Netherlands,https://www.herecomesniko.com,ja na fila gamedevmap 06/09,em-escopo,nao-triado
Galaxy Grove,Developer,Utrecht,Utrecht,Netherlands,https://www.galaxy-grove.com/,ja conhecido (painel/csv),em-escopo,porta-ok:https://www.galaxy-grove.com/jobs/
Game Tailors,Serious Games,Delft,Zuid-Holland,Netherlands,https://www.gametailors.com,NOVO,em-escopo,nao-triado
Gamebasics (Miniclip),Developer,Zoetermeer,Zuid-Holland,Netherlands,https://www.gamebasics.nl/,ja na fila gamedevmap 06/09,em-escopo,nao-triado
GAMEDIA,Developer,Alkmaar,Noord-Holland,Netherlands,https://www.gamedia.nl,ja conhecido (painel/csv),em-escopo,nao-triado
GameHouse - Eindhoven,Developer,Eindhoven,Noord-Brabant,Netherlands,https://www.gamehouse.com,ja na fila gamedevmap 06/09,em-escopo,porta-ok (factorial detectado): https://company.gamehouse.com/jobs
GamePie,Microstudio,Eindhoven,Noord-Brabant,Netherlands,https://gamepiegames.com/,NOVO,em-escopo,"site vivo, porta de carreiras nao localizada no HTML"
GamePoint,Developer,Den Haag,Zuid-Holland,Netherlands,https://www.gamepoint.com,ja na fila gamedevmap 06/09,em-escopo,nao-triado
GameSqule,Developer,Badhoevedorp,Noord-Holland,Netherlands,https://gamesqule.com/,ja na fila gamedevmap 06/09,em-escopo,nao-triado
Goal043,Serious Games,Maastricht,Limburg,Netherlands,https://www.goal043.nl/,NOVO,em-escopo,nao-triado
Good Shepherd Entertainment,Publisher,Den Haag,Zuid-Holland,Netherlands,https://www.goodshepherd.games,NOVO,fora-de-escopo,nao-triado
haute technique,Developer,Utrecht,Utrecht,Netherlands,https://www.hautetechnique.com,ja na fila gamedevmap 06/09,em-escopo,"site vivo, porta de carreiras nao localizada no HTML"
HomeBearStudio,Developer,Breda,Noord-Brabant,Netherlands,https://www.homebearstudio.com,ja na fila gamedevmap 06/09,em-escopo,"site vivo, porta de carreiras nao localizada no HTML"
Hulan,Serious Games,Waalre,Noord-Brabant,Netherlands,https://hulan.nl/,ja na fila gamedevmap 06/09,em-escopo,nao-triado
Hulan Studio,Developer,Eindhoven,Noord-Brabant,Netherlands,https://hulan.nl/,ja na fila gamedevmap 06/09,em-escopo,porta-ok:https://hulan.nl/jobs
Iceberg Interactive,Publisher,Haarlem,Noord-Holland,Netherlands,https://www.iceberg-games.com,NOVO,fora-de-escopo,nao-triado
Improvive,Serious Games,Amersfoort,Utrecht,Netherlands,https://improvive.com/,NOVO,em-escopo,nao-triado
Indietopia,Organization,Groningen,Groningen,Netherlands,https://www.indietopia.org,NOVO,fora-de-escopo,nao-triado
Interactive Games Entertainment,Mobile,Emmen,Drenthe,Netherlands,https://www.facebook.com/InteractiveGamesEntertainment,NOVO,em-escopo,nao-triado
Jagaco,Developer,Zoetermeer,Zuid-Holland,Netherlands,https://www.jagaco.com,ja na fila gamedevmap 06/09,em-escopo,nao-triado
Jampics,Microstudio,Breda,Noord-Brabant,Netherlands,https://linktr.ee/jampics,NOVO,em-escopo,porta-ok:https://linktr.ee/s/about/careers
Jaywalkers Interactive,Microstudio,Rotterdam,Zuid-Holland,Netherlands,https://www.jaywalkersinteractive.com/,NOVO,em-escopo,"site vivo, porta de carreiras nao localizada no HTML"
JoTo Games,Organization,Breda,Noord-Brabant,Netherlands,https://joto.games/,NOVO,fora-de-escopo,nao-triado
Kakao Games Europe,Publisher,Amstelveen,Noord-Holland,Netherlands,https://kakaogamescorp.com/,NOVO,fora-de-escopo,nao-triado
Kenney,Developer,Kerkrade,Limburg,Netherlands,https://www.kenney.nl,ja na fila gamedevmap 06/09,em-escopo,nao-triado
KeokeN Interactive,Developer,Hoofddorp,Noord-Holland,Netherlands,https://www.keoken.nl,ja na fila gamedevmap 06/09,em-escopo,nao-triado
Kerkerkruip Team,Microstudio,Leiden,South Holland,Netherlands,https://kerkerkruip.org/,NOVO,em-escopo,nao-triado
Knucklehead Studios,Developer,Utrecht,Utrecht,Netherlands,https://knucklehead-studios.com/,ja conhecido (painel/csv),em-escopo,porta-ok:https://knucklehead-studios.com/jobs
Knuist & Perzik,Developer,The Randstad,Noord-Holland,Netherlands,https://knuistperzik.github.io/,ja na fila gamedevmap 06/09,em-escopo,nao-triado
Koch Media,Publisher,Breda,Noord-Brabant,Netherlands,https://www.kochmedia.com,NOVO,fora-de-escopo,nao-triado
Linx Interactive,Developer,Laren,Noord-Holland,Netherlands,https://linx-interactive.com/,ja conhecido (painel/csv),em-escopo,nao-triado
Lion Castle Entertainment,Publisher,Assen,Drenthe,Netherlands,https://www.lion-castle.com,NOVO,fora-de-escopo,nao-triado
Lirio Games,Developer,Apeldoorn,Gelderland,Netherlands,https://www.liriogames.com/#,ja na fila gamedevmap 06/09,em-escopo,nao-triado
Living Story,Serious Games,Baarn,Utrecht,Netherlands,https://www.livingstory.nl/,NOVO,em-escopo,nao-triado
Lucky Kat,Developer,Den Haag,Zuid-Holland,Netherlands,https://lucky-kat.com/,ja na fila gamedevmap 06/09,em-escopo,quadro teamtailor em dominio proprio (https://careers.lucky-kat.com) - sem vaga da disciplina hoje
M2H,Developer,Alkmaar,Noord-Holland,Netherlands,https://www.m2h.nl,ja na fila gamedevmap 06/09,em-escopo,nao-triado
Maple Bay,Developer,Ommen,Overijssel,Netherlands,https://maplebaystudio.com/,ja na fila gamedevmap 06/09,em-escopo,nao-triado
Mardt,Microstudio,Utrecht,Utrecht,Netherlands,https://mardt.dev/,NOVO,em-escopo,"site vivo, porta de carreiras nao localizada no HTML"
Mind Control Games,Developer,Hilversum,Noord-Holland,Netherlands,https://www.mindcontrol-games.com/,ja na fila gamedevmap 06/09,em-escopo,"site vivo, porta de carreiras nao localizada no HTML"
Mindscape Northern Europe,Publisher,Haarlem,Noord-Holland,Netherlands,https://www.mindscape.nl,NOVO,fora-de-escopo,nao-triado
Miomi Game Studio,Mobile,Heerhugowaard,Noord-Holland,Netherlands,https://miomigamestudio.com/,NOVO,em-escopo,nao-triado
Monkey Bizniz,Developer,Utrecht,Utrecht,Netherlands,https://www.monkeybizniz.com,ja na fila gamedevmap 06/09,em-escopo,"site vivo, porta de carreiras nao localizada no HTML"
Monkey Strike Games,Developer,Breda,Noord-Brabant,Netherlands,https://www.monkeystrikegames.com/,ja na fila gamedevmap 06/09,em-escopo,"site vivo, porta de carreiras nao localizada no HTML"
Mystic Forge,Publisher,Utrecht,Utrecht,Netherlands,https://mystic-forge-studios.com/,NOVO,fora-de-escopo,nao-triado
Mystique Studios,Microstudio,Maastricht,Limburg,Netherlands,https://mystique-studios.itch.io/,NOVO,em-escopo,nao-triado
Nifty Llama Games,Developer,Breda,Noord-Brabant,Netherlands,https://www.niftyllamagames.com,ja na fila gamedevmap 06/09,em-escopo,"site vivo, porta de carreiras nao localizada no HTML"
Nixxes,Developer,Utrecht,Utrecht,Netherlands,https://www.nixxes.com,ja na fila gamedevmap 06/09,em-escopo,porta-ok:https://www.nixxes.com/jobs/
Nixxes Software (PlayStation Studios),Developer,Utrecht,Utrecht,Netherlands,https://www.nixxes.com,ja na fila gamedevmap 06/09,em-escopo,porta-ok:https://www.nixxes.com/jobs/
No Pressure Studios,Microstudio,Emmen,Drenthe,Netherlands,https://www.nopressurestudios.com/,NOVO,em-escopo,nao-triado
One Two Play,Mobile,Amersfoort,Utrecht,Netherlands,https://www.onetwoplay.games/,NOVO,em-escopo,nao-triado
Oogbaard Games,Developer,Utrecht,Utrecht,Netherlands,https://oogbaard.com/,ja na fila gamedevmap 06/09,em-escopo,"site vivo, porta de carreiras nao localizada no HTML"
Paradox Interactive,Developer and Publisher,Delft,Zuid-Holland,Netherlands,https://www.paradoxinteractive.com/,ja conhecido (painel/csv),em-escopo,nao-triado
Picomy,Mobile,Rotterdam,Zuid-Holland,Netherlands,https://www.picomy.com,NOVO,em-escopo,"site vivo, porta de carreiras nao localizada no HTML"
Plukit,Microstudio,Groningen,Groningen,Netherlands,https://playstaxel.com/,NOVO,em-escopo,"site vivo, porta de carreiras nao localizada no HTML"
Polygon Interactive,Developer,Groningen,Groningen,Netherlands,https://polygoninteractive.com/,ja na fila gamedevmap 06/09,em-escopo,porta-ok:https://polygoninteractive.com/jobs/
Purple Flame Studio,Developer,Eindhoven,Noord-Brabant,Netherlands,https://purpleflamestudio.com/,ja na fila gamedevmap 06/09,em-escopo,"site vivo, porta de carreiras nao localizada no HTML"
Qudical,Developer,Rotterdam,Zuid-Holland,Netherlands,https://www.qudical.nl/,ja na fila gamedevmap 06/09,em-escopo,"site vivo, porta de carreiras nao localizada no HTML"
Ra.nj,Developer,Rotterdam,Zuid-Holland,Netherlands,https://www.ranj.nl,ja na fila gamedevmap 06/09,em-escopo,porta-ok:https://ranj.com/blog/how-game-based-assessments-support-bias-free-recruitment
Rage Squid,Developer,Tilburg,Noord-Brabant,Netherlands,https://ragesquid.com/,ja na fila gamedevmap 06/09,em-escopo,nao-triado
RageSquid,Developer,De Meern,Utrecht,Netherlands,https://www.ragesquid.com,ja na fila gamedevmap 06/09,em-escopo,nao-triado
Rangatang,Developer,Utrecht,Utrecht,Netherlands,https://rangatang.nl/,ja na fila gamedevmap 06/09,em-escopo,porta-sem-resposta
Ratsi Bambam,Mobile,Hilversum,Noord-Holland,Netherlands,https://ratsibambam.com/en,NOVO,em-escopo,porta-ok:https://ratsibambam.com/en/vacancies
RedwaterOne,Microstudio,Oosterbeek,Gelderland,Netherlands,https://redwaterone.com/,NOVO,em-escopo,nao-triado
Reignite,Publisher,Assen,Drenthe,Netherlands,https://www.reignite.group/,ja na fila gamedevmap 06/09,fora-de-escopo,nao-triado
Roost Games,Developer,Utrecht,Utrecht,Netherlands,https://roost.games/,ja na fila gamedevmap 06/09,em-escopo,"site vivo, porta de carreiras nao localizada no HTML"
Sassybot,Developer,Breda,Noord-Brabant,Netherlands,https://www.sassybot.com,ja conhecido (painel/csv),em-escopo,pagina diz currently have no open positions e as vagas antigas trazem VETO ESCRITO: Must be a EU citizen or have a work permit for The Netherlands
Savanna Developments,Mobile,Rotterdam,Zuid-Holland,Netherlands,https://savannadevelopments.com/,NOVO,em-escopo,porta-ok:https://savannadevelopments.com/careers
Seven Mages Studio,Developer,Zoetermeer,Zuid-Holland,Netherlands,https://www.sevenmages.com/,ja na fila gamedevmap 06/09,em-escopo,nao-triado
Sfinx Games,Serious Games,Groningen,Groningen,Netherlands,https://www.sfinxgames.com,NOVO,em-escopo,"site vivo, porta de carreiras nao localizada no HTML"
SilverFit,Health,Woerden,Utrecht,Netherlands,https://www.silverfit.com/,NOVO,fora-de-escopo,nao-triado
SK98,Developer,Breda,Noord-Brabant,Netherlands,https://sk98.games/,ja na fila gamedevmap 06/09,em-escopo,"site vivo, porta de carreiras nao localizada no HTML"
Skunkx Games,Developer,Moordrecht,Zuid-Holland,Netherlands,https://www.skunxgames.com/,ja na fila gamedevmap 06/09,em-escopo,nao-triado
snekflat,Developer,Rotterdam,Zuid-Holland,Netherlands,https://snekflat.github.io/,ja na fila gamedevmap 06/09,em-escopo,"site vivo, porta de carreiras nao localizada no HTML"
SOEDESCO,Developer and Publisher,Rotterdam,Zuid-Holland,Netherlands,https://soedesco.com/,ja na fila gamedevmap 06/09,em-escopo,porta-ok:https://www.soedesco.com/careers
Sokpop Collective,Microstudio,Utrecht,Utrecht,Netherlands,https://www.sokpop.co,NOVO,em-escopo,"site vivo, porta de carreiras nao localizada no HTML"
Sparkling Society,Developer,Delft,Zuid-Holland,Netherlands,https://sparklingsociety.games/,ja na fila gamedevmap 06/09,em-escopo,nao-triado
Sparrow Night,Developer,Rotterdam,Zuid-Holland,Netherlands,https://sparrownight.com/,ja na fila gamedevmap 06/09,em-escopo,"site vivo, porta de carreiras nao localizada no HTML"
Spil Games Europe,Developer and Publisher,Hilversum,Noord-Holland,Netherlands,https://www.spilgames.com,ja na fila gamedevmap 06/09,em-escopo,"site vivo, porta de carreiras nao localizada no HTML"
Springlab,Serious Games,Utrecht,Utrecht,Netherlands,https://www.springlab.nl/,NOVO,em-escopo,porta-ok:https://www.springlab.nl/werken-bij/
Square Glade Games,Developer,Groningen,Groningen,Netherlands,https://squareglade.games/,ja na fila gamedevmap 06/09,em-escopo,porta-ok:https://www.squareglade.games/careers
Starbrew Games,Developer,Breda,Noord-Brabant,Netherlands,https://starbrewgames.com/,ja na fila gamedevmap 06/09,em-escopo,porta-ok:https://starbrewgames.com/jobs/
Stark Learning,Serious Games,Groningen,Groningen,Netherlands,https://www.starklearning.nl/,NOVO,em-escopo,"site vivo, porta de carreiras nao localizada no HTML"
Stark Learning,Serious Games,Rotterdam,Zuid-Holland,Netherlands,https://www.starklearning.nl/,NOVO,em-escopo,"site vivo, porta de carreiras nao localizada no HTML"
Stickylock,Developer,Etten-Leur,Noord-Brabant,Netherlands,https://stickylock.com/,ja conhecido (painel/csv),em-escopo,nao-triado
StitchHeads,Developer,Breda,Noord-Brabant,Netherlands,https://stitchheads.com/,ja na fila gamedevmap 06/09,em-escopo,porta-sem-resposta
Stolen Couch Games,Mobile,Utrecht,Utrecht,Netherlands,https://www.stolencouchgames.com,NOVO,em-escopo,porta-ok:https://www.stolencouchgames.com/careers
Story Giant Games,Developer,Weert,Limburg,Netherlands,https://storygiantgames.com/,ja na fila gamedevmap 06/09,em-escopo,nao-triado
Studio Bleep,Serious Games,Groningen,Groningen,Netherlands,https://www.studiobleep.com,NOVO,em-escopo,porta-sem-resposta
Studio Brain Muffin,Developer,Rotterdam,Zuid-Holland,Netherlands,https://www.studiobrainmuffin.com/,ja na fila gamedevmap 06/09,em-escopo,"site vivo, porta de carreiras nao localizada no HTML"
Studio Mantasaur,Developer,Utrecht,Utrecht,Netherlands,https://studiomantasaur.nl/,ja na fila gamedevmap 06/09,em-escopo,"site vivo, porta de carreiras nao localizada no HTML"
Studio MX,Serious Games,Nieuw-Vennep,Noord-Holland,Netherlands,https://studio-mx.nl/,NOVO,em-escopo,nao-triado
Studio Pix,Developer,Utrecht,Utrecht,Netherlands,https://studiopix.fun/,ja na fila gamedevmap 06/09,em-escopo,porta-sem-resposta
Sugar Rush Studio,Developer,Eindhoven,Noord-Brabant,Netherlands,https://sugarrushstudios.com/,ja na fila gamedevmap 06/09,em-escopo,"site vivo, porta de carreiras nao localizada no HTML"
Talisman Games,Developer,Den Haag,Zuid-Holland,Netherlands,https://talisman.games/,ja conhecido (painel/csv),em-escopo,nao-triado
Tamalaki,Microstudio,Lith,Noord-Brabant,Netherlands,https://tamalaki.com/,NOVO,em-escopo,nao-triado
Team Reptile,Developer,Hilversum,Noord-Holland,Netherlands,https://www.team-reptile.com,ja conhecido (painel/csv),em-escopo,porta-ok:https://team-reptile.com/jobs/
The Barn,Serious Games,Delft,Zuid-Holland,Netherlands,https://thebarngames.com/,NOVO,em-escopo,nao-triado
The Dutch Games Association (DGA),Organization,Zoetermeer,Zuid-Holland,Netherlands,https://dutchgamesassociation.nl/,NOVO,fora-de-escopo,nao-triado
The Simulation Crew,Extended Reality (XR),Nijmegen,Gelderland,Netherlands,https://thesimulationcrew.nl/,NOVO,em-escopo,nao-triado
Tidbits Play,Developer,Haarlem,Noord-Holland,Netherlands,https://www.tidbitgames.com/,ja na fila gamedevmap 06/09,em-escopo,nao-triado
Toosmart,Developer,Deventer,Overijssel,Netherlands,https://www.toosmart.nl,ja na fila gamedevmap 06/09,em-escopo,nao-triado
Total Mayhem,Developer,Rotterdam,Zuid-Holland,Netherlands,https://totalmayhemgames.com/,ja conhecido (painel/csv),em-escopo,"site vivo, porta de carreiras nao localizada no HTML"
Tradosoft,Microstudio,Nijkerk,Gelderland,Netherlands,https://tradosoft.com/,NOVO,em-escopo,nao-triado
TRAGSoft,Developer,Zevenaar,Gelderland,Netherlands,https://www.coromon.com,ja na fila gamedevmap 06/09,em-escopo,nao-triado
Triangle Studios,Developer,Leeuwarden,Friesland,Netherlands,https://triangle-studios.com/,ja na fila gamedevmap 06/09,em-escopo,nao-triado
Triumph Studios,Developer,Delft,Zuid-Holland,Netherlands,https://triumph.net/,ja na fila gamedevmap 06/09,em-escopo,nao-triado
TurtleBlaze,Developer,Den Haag,Zuid-Holland,Netherlands,https://turtleblaze.com/,ja conhecido (painel/csv),em-escopo,nao-triado
Tweetal Studios,Microstudio,Groningen,Zuid-Holland,Netherlands,https://tweetal-studios.itch.io/,NOVO,em-escopo,"site vivo, porta de carreiras nao localizada no HTML"
Twirlbound,Developer,Breda,Noord-Brabant,Netherlands,https://twirlbound.com/,ja na fila gamedevmap 06/09,em-escopo,a unica vaga de 3D e estagio de Environment Artist do ano letivo 2021-2022
Upgraded Studio,Microstudio,Riel,Noord-Brabant,Netherlands,https://www.upgradedstudio.com/,NOVO,em-escopo,nao-triado
Vanilla,Mobile,Eindhoven,Noord-Brabant,Netherlands,https://www.vanilla.nl/,NOVO,em-escopo,porta-ok:https://www.vanilla.nl/careers/
Veelpoot,Developer,Utrecht,Utrecht,Netherlands,https://veelpoot.com/,ja na fila gamedevmap 06/09,em-escopo,"site vivo, porta de carreiras nao localizada no HTML"
Verdant Games,Developer,Breda,Noord-Brabant,Netherlands,https://verdantgames.com/,ja na fila gamedevmap 06/09,em-escopo,porta-ok:https://verdantgames.com/careers/
Virtual Play,Developer,Utrecht,Utrecht,Netherlands,https://virtualplay.games/,ja na fila gamedevmap 06/09,em-escopo,a unica vaga de 3D e estagio (3D Art intern)
Vlambeer,Developer,Utrecht,Utrecht,Netherlands,https://vlambeer.com/,ja na fila gamedevmap 06/09,em-escopo,"site vivo, porta de carreiras nao localizada no HTML"
VR-Innovations,Extended Reality (XR),Zwolle,Overijssel,Netherlands,https://vr-innovations.nl/,NOVO,em-escopo,nao-triado
VRROOM,Extended Reality (XR),Groningen,Groningen,Netherlands,https://www.vrroom.nl,NOVO,em-escopo,"site vivo, porta de carreiras nao localizada no HTML"
VSTEP,Developer,Rotterdam,Zuid-Holland,Netherlands,https://www.vstepsimulation.com,ja conhecido (painel/csv),em-escopo,"site vivo, porta de carreiras nao localizada no HTML"
Wanted 5 Games,Developer,Haarlem,Noord-Holland,Netherlands,https://www.wanted5games.com/,ja na fila gamedevmap 06/09,em-escopo,nao-triado
Wikkl Works,Developer,Utrecht,Utrecht,Netherlands,https://wikkl.works/,ja na fila gamedevmap 06/09,em-escopo,porta-ok:https://wikkl.works/careers
Wispfire,Developer,Utrecht,Utrecht,Netherlands,https://www.wispfire.com,ja na fila gamedevmap 06/09,em-escopo,porta-ok:https://wispfire.com/jobs/
Xform Games,Online,Utrecht,Utrecht,Netherlands,https://www.xformgames.com/,NOVO,em-escopo,porta-ok:https://www.xformgames.com/
YipYip,Mobile,Rotterdam,Zuid-Holland,Netherlands,https://www.yipyip.nl/,NOVO,em-escopo,"site vivo, porta de carreiras nao localizada no HTML"
8i,Extended Reality (XR),Wellington,Greater Wellington,New Zealand,https://8i.com/,NOVO,em-escopo,nao-triado
A44 Games (Kepler Interactive),Developer,Wellington,Greater Wellington,New Zealand,https://a44games.com/,NOVO,em-escopo,nao-triado
Albedo Games,Developer,Wellington,Greater Wellington,New Zealand,https://albedogames.itch.io/,NOVO,em-escopo,nao-triado
Atawhai Interactive,Developer,Dunedin,Otago,New Zealand,https://atawhaiinteractive.com/,NOVO,em-escopo,nao-triado
Balancing Monkey Games,Developer,Dunedin,Otago,New Zealand,https://www.balancingmonkeygames.com/,NOVO,em-escopo,nao-triado
Bandai Namco Entertainment NZ,Publisher,Auckland,Auckland,New Zealand,https://bandainamcoent.com/,NOVO,fora-de-escopo,nao-triado
Ben Pram,Social,Auckland,Auckland,New Zealand,https://www.artstation.com/zedra,ja conhecido (painel/csv),em-escopo,nao-triado
Black Salt Games,Developer,Christchurch,Canterbury,New Zealand,https://blacksaltgames.com/,NOVO,em-escopo,nao-triado
Blind Squirrel Games,Developer,Auckland,Auckland,New Zealand,https://blindsquirrelentertainment.com/,ja conhecido (painel/csv),em-escopo,nao-triado
Camshaft Software,Developer,Wellington,Wellington,New Zealand,https://www.camshaftsoftware.com/,NOVO,em-escopo,nao-triado
Catobyte,Developer,Frankton,Otago,New Zealand,https://www.superbunnyman.com/,NOVO,em-escopo,nao-triado
CerebralFix,Developer,Christchurch,Canterbury,New Zealand,https://cerebralfix.com/,ja conhecido (painel/csv),em-escopo,nao-triado
Chris Cullen,Developer,Auckland,Auckland,New Zealand,https://chezzy500.wixsite.com/chriscullen,NOVO,em-escopo,nao-triado
Cloudfire Studios,Developer,Christchurch,Canterbury,New Zealand,https://www.cloudfirestudios.com,NOVO,em-escopo,nao-triado
CODE,Incubator/Accelerator,Dunedin,Otago,New Zealand,https://www.codedunedin.nz/,NOVO,fora-de-escopo,nao-triado
Code Force,Developer,Auckland,Auckland,New Zealand,http://www.codeforce.co.nz/,NOVO,em-escopo,nao-triado
Crayonix Games,Developer,Christchurch,Canterbury,New Zealand,https://www.crayonixgames.com,NOVO,em-escopo,nao-triado
Dead Teapot,Developer,Wellington,Greater Wellington,New Zealand,https://deadteapot.games/,NOVO,em-escopo,nao-triado
Deep Field Games,Developer,Dunedin,Otago,New Zealand,https://deepfield.games/,ja na fila gamedevmap 06/09,em-escopo,nao-triado
Digital Confectioners,Developer,Christchurch,Canterbury,New Zealand,https://www.digitalconfectioners.com,ja conhecido (painel/csv),em-escopo,nao-triado
Dinosaur Polo Club,Developer,Wellington,Greater Wellington,New Zealand,https://www.dinopoloclub.com,ja na fila gamedevmap 06/09,em-escopo,nao-triado
DOTDOT,Developer,Auckland,Auckland,New Zealand,https://www.dotdot.wtf,ja na fila gamedevmap 06/09,em-escopo,nao-triado
Dry Cactus,Extended Reality (XR),Paekakariki,Greater Wellington,New Zealand,http://drycactus.com/,ja na fila gamedevmap 06/09,em-escopo,nao-triado
Dry Cactus Games,Developer,Wellington,Wellington,New Zealand,https://www.drycactus.com/,ja na fila gamedevmap 06/09,em-escopo,nao-triado
Eat Pant Games,Developer,Wellington,Greater Wellington,New Zealand,https://eatpantgames.com/,NOVO,em-escopo,nao-triado
Flightless,Developer,Auckland,Auckland,New Zealand,https://www.flightless.co.nz,ja conhecido (painel/csv),em-escopo,nao-triado
Fnife Games,Developer,Christchurch,Canterbury,New Zealand,https://fnifegames.com/,NOVO,em-escopo,nao-triado
Foony Limited,Online,Christchurch,Canterbury,New Zealand,https://foony.com,NOVO,em-escopo,nao-triado
Gaugepunk Games,Extended Reality (XR),Blenheim,Marlborough,New Zealand,https://www.gaugepunk.com,NOVO,em-escopo,nao-triado
Grinding Gear Games,Online,Auckland,Auckland,New Zealand,https://www.grindinggear.com,ja conhecido (painel/csv),em-escopo,nao-triado
Hellforge Studios,Developer,Auckland,Auckland,New Zealand,https://hellforgestudios.com/,NOVO,em-escopo,nao-triado
Hyporeal Games,Developer,Dunedin,Otago,New Zealand,https://hyporeal-games.itch.io/,NOVO,em-escopo,nao-triado
Indefatigable,Developer,Wellington,Greater Wellington,New Zealand,https://elzee.co.nz/,NOVO,em-escopo,nao-triado
inGame,Serious Games,Auckland,Auckland,New Zealand,https://www.ingame.co.nz,NOVO,em-escopo,nao-triado
It's Anecdotal,Developer,Christchurch,Canterbury,New Zealand,https://www.itsanecdotal.com,NOVO,em-escopo,nao-triado
Kiwi Brothers Studio,Developer,Auckland,Auckland,New Zealand,https://forlornmemories.com/,NOVO,em-escopo,nao-triado
KraiSoft Entertainment,Developer,Christchurch,Canterbury,New Zealand,https://www.kraisoft.com,NOVO,em-escopo,nao-triado
Lesser Key Studios,Developer,Dunedin,Otago,New Zealand,https://lesserkeystudios.nz/,NOVO,em-escopo,nao-triado
Lighstromo Studios,Microstudio,Auckland,Auckland,New Zealand,https://www.lighstromo.com/,NOVO,em-escopo,nao-triado
Liquid Static Studios,Developer,Auckland,Auckland,New Zealand,https://liquidstaticstudio.com/,NOVO,em-escopo,nao-triado
Liquid Static Studios,Developer,Wellington,Greater Wellington,New Zealand,https://liquidstaticstudio.com/,NOVO,em-escopo,nao-triado
Little Lost Fox,Mobile,Wellington,Greater Wellington,New Zealand,https://www.littlelostfox.com,NOVO,em-escopo,nao-triado
Maple Whispering,Publisher,Auckland,Auckland,New Zealand,https://www.maple-game.co.nz/,NOVO,fora-de-escopo,nao-triado
Mecha Weka,Developer,Auckland,Auckland,New Zealand,https://battlecruisersgame.com/,NOVO,em-escopo,nao-triado
Mental Drink Games,Developer,Auckland,Auckland,New Zealand,https://mentaldrink.com/,NOVO,em-escopo,nao-triado
Metia Interactive,Developer,Auckland,Auckland,New Zealand,https://www.metia.co.nz,NOVO,em-escopo,nao-triado
Michael Brough,Microstudio,Auckland,Auckland,New Zealand,https://smestorp.itch.io/,NOVO,em-escopo,nao-triado
Mighty Eyes,Extended Reality (XR),Auckland,Auckland,New Zealand,https://mightyeyes.games/,ja na fila gamedevmap 06/09,em-escopo,nao-triado
Mune Studio,Developer,Dunedin,Otago,New Zealand,https://munestudio.net/,NOVO,em-escopo,nao-triado
Mytona,Mobile,Auckland,Auckland,New Zealand,https://www.mytona.com,ja na fila gamedevmap 06/09,em-escopo,nao-triado
New Zealand Game Developers Association (NZGDA),Organization,Auckland,Auckland,New Zealand,https://www.nzgda.com,NOVO,fora-de-escopo,nao-triado
Ninja Kiwi,Developer and Publisher,Auckland,Auckland,New Zealand,https://ninjakiwi.com/,ja na fila gamedevmap 06/09,em-escopo,nao-triado
Outerdawn,Developer,Auckland,Auckland,New Zealand,https://www.outerdawn.com/,ja na fila gamedevmap 06/09,em-escopo,nao-triado
Pikpok,Developer,Wellington,Greater Wellington,New Zealand,https://www.pikpok.com,ja conhecido (painel/csv),em-escopo,nao-triado
PLECTRUM XR,Extended Reality (XR),Auckland,Auckland,New Zealand,https://plectrumxr.com/,NOVO,em-escopo,nao-triado
Rainbite,Developer,Auckland,Auckland,New Zealand,https://www.rainbite.net,NOVO,em-escopo,nao-triado
Rare Parrot Games,Developer,Auckland,Auckland,New Zealand,https://rareparrotgames.com/,NOVO,em-escopo,nao-triado
RiffRaff Games,Developer,Wellington,Greater Wellington,New Zealand,https://riffraff.games/,ja na fila gamedevmap 06/09,em-escopo,nao-triado
Rocket Jump Games,Developer,Auckland,Auckland,New Zealand,https://www.rocketjumpgames.com/,NOVO,em-escopo,nao-triado
RocketWerkz,Developer,Dunedin,Otago,New Zealand,https://www.rocketwerkz.com,ja conhecido (painel/csv),em-escopo,nao-triado
Runawayplay,Developer,Dunedin,Otago,New Zealand,https://www.runawayplay.com,ja conhecido (painel/csv),em-escopo,nao-triado
Scarlet City Studios,Developer,Auckland,Auckland,New Zealand,https://www.scarletcitystudios.com,NOVO,em-escopo,nao-triado
Shaun Hammond Business Solutions Limited,Microstudio,Dunedin,Otago,New Zealand,https://avs03.com/,NOVO,em-escopo,nao-triado
Sidhe Interactive,Developer,Wellington,Greater Wellington,New Zealand,https://www.sidhe.co.nz,NOVO,em-escopo,nao-triado
Snickerdoodle Games,Developer,Auckland,Auckland,New Zealand,https://snickerdoodlegames.com/,NOVO,em-escopo,nao-triado
Soul Machines,Developer,Auckland,Auckland,New Zealand,https://www.soulmachines.com,ja na fila gamedevmap 06/09,em-escopo,nao-triado
Space Rock Games,Developer,Auckland,Auckland,New Zealand,https://spacerockgames.com/,ja na fila gamedevmap 06/09,em-escopo,nao-triado
Stormcloak Games,Developer,Wellington,Greater Wellington,New Zealand,https://stormcloak.games/,NOVO,em-escopo,nao-triado
Thomas K. Young,Developer,Wellington,Greater Wellington,New Zealand,https://www.thomaskyoung.com/,NOVO,em-escopo,nao-triado
Unclear Games,Developer,Central Wellington,Greater Wellington,New Zealand,https://uncleargames.com/,NOVO,em-escopo,nao-triado
Weta Digital,Developer,Wellington,Greater Wellington,New Zealand,https://www.wetafx.co.nz,ja conhecido (painel/csv),em-escopo,nao-triado
WETA Gameshop,Extended Reality (XR),Miramar,Greater Wellington,New Zealand,https://www.wetaworkshop.com,ja conhecido (painel/csv),em-escopo,nao-triado
Whistling Wizard,Developer,Christchurch,Canterbury,New Zealand,https://www.whistlingwizard.com/,NOVO,em-escopo,nao-triado
XR Games,Extended Reality (XR),Christchurch,Canterbury,New Zealand,https://www.xrgames.io/,NOVO,em-escopo,nao-triado
Ambertail Games,Developer,Belfast,County Antrim,Northern Ireland,https://ambertailgames.com/,NOVO,em-escopo,porta-ok:https://www.ambertailgames.com/jobs
Ben Leggett Games,Developer,Belfast,County Antrim,Northern Ireland,https://bdleggett.itch.io/,NOVO,em-escopo,"site vivo, porta de carreiras nao localizada no HTML"
BillyGoat Entertainment,Developer,Belfast,County Antrim,Northern Ireland,https://billygoat.tv/,NOVO,em-escopo,porta-sem-resposta
Bitwave Studios,Mobile,Belfast,County Antrim,Northern Ireland,https://www.bitwave-studios.com/,NOVO,em-escopo,porta-sem-resposta
Blackstaff Games,Mobile,Belfast,County Antrim,Northern Ireland,http://blackstaffgames.com/,NOVO,em-escopo,porta-sem-resposta
Boom Clap Games,Mobile,Belfast,County Antrim,Northern Ireland,https://www.boomclap.co/,NOVO,em-escopo,"site vivo, porta de carreiras nao localizada no HTML"
Brain and Nerd,Developer,Belfast,County Antrim,Northern Ireland,https://predestinationgame.com/,NOVO,em-escopo,"site vivo, porta de carreiras nao localizada no HTML"
Classy Games,Developer,Belfast,County Antrim,Northern Ireland,https://www.classygames.gg/,NOVO,em-escopo,"as vagas, inclusive 3D Artist (Blender), estao marcadas Coming Soon, nao abertas"
Cupboard Games,Developer,Belfast,County Antrim,Northern Ireland,https://www.cupboardgames.com,NOVO,em-escopo,"site vivo, porta de carreiras nao localizada no HTML"
INCISIV,Extended Reality (XR),Belfast,County Antrim,Northern Ireland,https://incisiv.tech/,NOVO,em-escopo,"a mencao a 3D Modeler e depoimento de funcionario; o formulario aberto tem a opcao 3D Modeler/Animator, sem vaga datada"
Italic Pig,Developer,Crawfordsburn,County Down,Northern Ireland,https://italicpig.com/,NOVO,em-escopo,nao-triado
Level 91 Entertainment,Developer,Belfast,County Antrim,Northern Ireland,http://www.level91.co.uk/,NOVO,em-escopo,porta-sem-resposta
Northern Ireland Screen,Organization,Belfast,County Antrim,Northern Ireland,https://northernirelandscreen.co.uk/,NOVO,fora-de-escopo,nao-triado
Outsider Games,Developer,Belfast,County Antrim,Northern Ireland,https://outrightgames.com/,NOVO,em-escopo,"site vivo, porta de carreiras nao localizada no HTML"
Prism Studios,Extended Reality (XR),Belfast,County Antrim,Northern Ireland,https://www.prismstudios.org,NOVO,em-escopo,"site vivo, porta de carreiras nao localizada no HTML"
Saltstone Studios,Developer,Belfast,County Antrim,Northern Ireland,https://saltstonestudios.com/,NOVO,em-escopo,"site vivo, porta de carreiras nao localizada no HTML"
Shallow Sky Studios,Developer,Belfast,County Antrim,Northern Ireland,https://www.facebook.com/shallowskystudios,NOVO,em-escopo,porta-ok:https://www.facebook.com/login/?next=https%3A%2F%2Fwww.facebook.com%2Fcareers
Sirocco Racing,Developer,Carrickfergus,County Antrim,Northern Ireland,http://www.onlineracingchampionship.com,NOVO,em-escopo,nao-triado
Soft Leaf Studios,Developer,Belfast,County Antrim,Northern Ireland,https://www.softleafstudios.com,NOVO,em-escopo,"site vivo, porta de carreiras nao localizada no HTML"
Story Toys,Developer,Belfast,County Antrim,Northern Ireland,https://www.storytoys.com,ja na fila gamedevmap 06/09,em-escopo,"site vivo, porta de carreiras nao localizada no HTML"
Whitepot Studios,Developer,Belfast,County Antrim,Northern Ireland,https://www.whitepotstudios.com,NOVO,em-escopo,"site vivo, porta de carreiras nao localizada no HTML"
4Bit Games,Developer,Lillestrom,Romerike,Norway,https://4bitgames.com/,ja na fila gamedevmap 06/09,em-escopo,nao-triado
ablemagic,Mobile,Trondheim,Sor-Trondelag,Norway,https://ablemagic.no/,NOVO,em-escopo,nao-triado
Agelvik,Microstudio,Stavanger,Rogaland,Norway,https://agelvik.itch.io/,NOVO,em-escopo,nao-triado
Agens,Developer,Oslo,Oslo,Norway,https://agens.no/,NOVO,em-escopo,"site vivo, porta de carreiras nao localizada no HTML"
Antagonist,Developer,Oslo,Oslo,Norway,https://antagonist.no/,ja conhecido (painel/csv),em-escopo,"site vivo, porta de carreiras nao localizada no HTML"
Badger Punch Games,Developer,Holmestrand,Vestfold,Norway,https://www.badgerpunch.com/,ja na fila gamedevmap 06/09,em-escopo,nao-triado
Bifrost Entertainment,Publisher,Oslo,Oslo,Norway,https://bifrostent.com/,NOVO,fora-de-escopo,nao-triado
BitPet,Developer,Oslo,Oslo,Norway,https://www.bitpet.io/,ja na fila gamedevmap 06/09,em-escopo,"site vivo, porta de carreiras nao localizada no HTML"
Breach VR,Extended Reality (XR),Trondheim,Sor-Trondelag,Norway,https://breachvr.com/,NOVO,em-escopo,nao-triado
Bromantic Games,Mobile,Oslo,Oslo,Norway,https://bromanticgames.itch.io/,NOVO,em-escopo,"site vivo, porta de carreiras nao localizada no HTML"
CakeFish,Developer,Trondheim,Sor-Trondelag,Norway,https://www.dreamthorn.com/,ja conhecido (painel/csv),em-escopo,nao-triado
Crowhill Studios,Developer,Skudeneshavn,Rogaland,Norway,https://crowhillstudios.itch.io/,ja na fila gamedevmap 06/09,em-escopo,nao-triado
D-Pad Studio,Developer,Bergen,Hordaland,Norway,http://dpadstudio.com/,ja na fila gamedevmap 06/09,em-escopo,"site vivo, porta de carreiras nao localizada no HTML"
Eduplaytion,Serious Games,Bergen,Hordaland,Norway,https://www.numetrygame.com,NOVO,em-escopo,"site vivo, porta de carreiras nao localizada no HTML"
EMK Capital,Investment,Oslo,Oslo,Norway,https://www.emkcapital.com/,NOVO,fora-de-escopo,nao-triado
Encircle Games,Developer,Hamar,Hedmark,Norway,https://www.encirclegames.com,ja na fila gamedevmap 06/09,em-escopo,nao-triado
Engaged,Developer,Oslo,Oslo,Norway,https://supercloudfight.com/,ja na fila gamedevmap 06/09,em-escopo,"site vivo, porta de carreiras nao localizada no HTML"
Funcom (Tencent),Developer,Oslo,Oslo,Norway,https://www.funcom.com,ja conhecido (painel/csv),em-escopo,quadro teamtailor em dominio proprio (https://jobs.funcom.com) - sem vaga da disciplina hoje
Henchman and Goon,Developer,Bergen,Hordaland,Norway,https://www.henchmangoon.com,ja conhecido (painel/csv),em-escopo,porta-ok:https://www.henchmangoon.com/jobs
High North Studios,Developer,Vestre Jakobselv,Finnmark,Norway,https://www.skaldrpg.com/,ja na fila gamedevmap 06/09,em-escopo,nao-triado
Hyper Games,Developer,Oslo,Oslo,Norway,https://www.hypergames.no/,ja na fila gamedevmap 06/09,em-escopo,"site vivo, porta de carreiras nao localizada no HTML"
Inconspicuous Creations,Developer,Trondheim,Sor-Trondelag,Norway,https://www.inconspicuous.no/,ja na fila gamedevmap 06/09,em-escopo,nao-triado
Krillbite Studios,Developer,Hamar,Hedmark,Norway,https://krillbite.com/,ja conhecido (painel/csv),em-escopo,nao-triado
Levato,Serious Games,Bergen,Hordaland,Norway,https://www.levato.no/,NOVO,em-escopo,porta-ok:https://www.levato.no/jobs
Machineboy (Mattis Folkestad),Microstudio,Oslo,Oslo,Norway,https://machineboy.com/about/,NOVO,em-escopo,porta-ok:https://machineboy.com/careers
Megapop Games,Mobile,Oslo,Oslo,Norway,https://megapopgames.com/,NOVO,em-escopo,"site vivo, porta de carreiras nao localizada no HTML"
Misc Games,Developer,Stavanger,Rogaland,Norway,https://www.miscgames.no,ja na fila gamedevmap 06/09,em-escopo,nao-triado
Noneda,Organization,Bergen,Hordaland,Norway,https://noneda.no/en/,NOVO,fora-de-escopo,nao-triado
Perfectly Paranormal,Developer,Elverum,Hedmark,Norway,https://perfectlyparanormal.com,ja na fila gamedevmap 06/09,em-escopo,nao-triado
Pineleaf Studio,Online,Trondheim,Sor-Trondelag,Norway,https://pineleafstudio.wordpress.com/,NOVO,em-escopo,nao-triado
Rain Games,Developer,Bergen,Hordaland,Norway,https://rain-games.com/,ja conhecido (painel/csv),em-escopo,"site vivo, porta de carreiras nao localizada no HTML"
Red Rover Interactive,Developer,Oslo,Oslo,Norway,https://redroverinteractive.com/,ja na fila gamedevmap 06/09,em-escopo,quadro teamtailor em dominio proprio (https://careers.redroverinteractive.com) - sem vaga da disciplina hoje
Red Thread Games,Developer,Oslo,Oslo,Norway,https://redthreadgames.com/,ja conhecido (painel/csv),em-escopo,porta-ok:https://www.redthreadgames.com/jobs
Rock Pocket,Developer,Tonsberg,Vestfold,Norway,https://www.rockpocketgames.com,ja na fila gamedevmap 06/09,em-escopo,nao-triado
Rubarb Studio,Developer,Kolbotn,Akershus,Norway,https://rubarb.no/,ja na fila gamedevmap 06/09,em-escopo,nao-triado
Rubarb Studio,Mobile,Oslo,Oslo,Norway,https://rubarb.no/,ja na fila gamedevmap 06/09,em-escopo,"site vivo, porta de carreiras nao localizada no HTML"
Sarepta Studio,Developer,Hamar,Hedmark,Norway,https://www.sareptastudio.com,ja na fila gamedevmap 06/09,em-escopo,nao-triado
Skaar Game Productions,Developer,Ovrebo,Vennesla,Norway,https://eirix.itch.io/,ja na fila gamedevmap 06/09,em-escopo,nao-triado
Snow Cannon Games,Publisher,Bergen,Hordaland,Norway,https://www.snowcannongames.com,NOVO,fora-de-escopo,nao-triado
Snow Leaf Studios,Developer,Hamar,Hedmark,Norway,https://www.snowleafstudios.com/,ja na fila gamedevmap 06/09,em-escopo,nao-triado
Snowcastle Games,Developer,Oslo,Oslo,Norway,https://www.snowcastlegames.com,ja na fila gamedevmap 06/09,em-escopo,porta-ok:https://www.snowcastlegames.com/jobsmain
Spawn Point Trondheim,Incubator/Accelerator,Trondheim,Sor-Trondelag,Norway,https://spawnpointtrd.no/,NOVO,fora-de-escopo,nao-triado
Studio Gauntlet,Developer,Trondheim,Sor-Trondelag,Norway,https://studiogauntlet.com/,ja na fila gamedevmap 06/09,em-escopo,nao-triado
Team Fugl,Extended Reality (XR),Oslo,Oslo,Norway,https://www.fuglgame.com,NOVO,em-escopo,"site vivo, porta de carreiras nao localizada no HTML"
Teknopilot,Microstudio,Hamar,Hedmark,Norway,https://www.teknopilot.no,NOVO,em-escopo,nao-triado
Tooth Games,Developer,Oslo,Oslo,Norway,https://tooth.games/,ja na fila gamedevmap 06/09,em-escopo,"site vivo, porta de carreiras nao localizada no HTML"
Adria Games,Developer,Bydgoszcz,Kuyavian-Pomeranian,Poland,https://adriagames.com/,ja na fila gamedevmap 06/09,em-escopo,nao-triado
Afterburn,Developer,Lodz,Lodz,Poland,https://afterburn.games/,ja na fila gamedevmap 06/09,em-escopo,"site vivo, porta de carreiras nao localizada no HTML"
Anawiki Games,Online,Stargard Szczecinski,West Pomeranian,Poland,https://anawiki.com/,NOVO,em-escopo,nao-triado
Ancient Forge Studio,Developer,Remote,Remote,Poland,https://ancientforgestudio.com/,ja conhecido (painel/csv),em-escopo,nao-triado
Anshar Studios,Developer,Katowice,Silesia,Poland,https://ansharstudios.com/,ja conhecido (painel/csv),em-escopo,"a unica vaga de personagem e Junior Character Artist, abaixo do nivel dele"
Artifex Mundi,Developer,Katowice,Silesia,Poland,https://artifexmundi.com/,ja na fila gamedevmap 06/09,em-escopo,porta-ok:https://www.artifexmundi.com/kariera/
Artur Smiarowski,Microstudio,Białystok,Podlaskie,Poland,https://wizardsofthecode.itch.io/,NOVO,em-escopo,nao-triado
Baked Games,Developer,Czeladź,Krakow,Poland,https://www.bakedgames.pl/,ja na fila gamedevmap 06/09,em-escopo,nao-triado
Bitrunner,Microstudio,Wroclaw,Lower Silesia,Poland,https://bitrunner.pl/,NOVO,em-escopo,"site vivo, porta de carreiras nao localizada no HTML"
Blue Sunset Games,Developer,Gdansk,Pomorskie,Poland,http://bluesunsetgames.com/,ja na fila gamedevmap 06/09,em-escopo,porta-sem-resposta
Boombit,Developer and Publisher,Gdansk,Pomorskie,Poland,https://boombit.com/,ja conhecido (painel/csv),em-escopo,porta-ok (traffit detectado): https://boombit.com/careers/
ByteBarrel,Developer,Gdansk,Pomorskie,Poland,https://bytebarrel.com/,ja na fila gamedevmap 06/09,em-escopo,"a vaga 3D Artist no skillshot.pl esta com Ogloszenie zarchiwizowane, ou seja, arquivada"
Carbon Studios,Extended Reality (XR),Chorzow,Silesia,Poland,https://www.carbonstudio.pl/,NOVO,em-escopo,nao-triado
Carbon Studios,Extended Reality (XR),Gliwice,Silesia,Poland,https://www.carbonstudio.pl/,NOVO,em-escopo,nao-triado
Cat-astrophe Games,Developer,Wroclaw,Lower Silesia,Poland,https://cat-astrophe-games.com/,ja conhecido (painel/csv),em-escopo,"site vivo, porta de carreiras nao localizada no HTML"
CD PROJEKT RED,Developer,Wroclaw,Lower Silesia,Poland,https://www.cdprojektred.com/,ja conhecido (painel/csv),em-escopo,"quadro SmartRecruiters vivo, nenhuma vaga de personagem; a unica de ambiente esta em Boston"
ChaosForge,Developer,Wroclaw,Lower Silesia,Poland,https://chaosforge.org/,ja na fila gamedevmap 06/09,em-escopo,"site vivo, porta de carreiras nao localizada no HTML"
Chicken Launcher,Developer,Wroclaw,Lower Silesia,Poland,https://awakenrealms.com/,ja conhecido (painel/csv),em-escopo,porta-ok:https://awakenrealms.com/careers
Code Horizon,Developer,Katowice,Silesia,Poland,https://www.codehorizon.pl,ja conhecido (painel/csv),em-escopo,porta-ok:https://codehorizon.pl/career/
CodeJungle,Developer,Przystajn,Silesia,Poland,https://www.codejungle.pl,ja na fila gamedevmap 06/09,em-escopo,nao-triado
Crimson Pine Games,Mobile,Gliwice,Silesia,Poland,https://www.crimsonpine.com,NOVO,em-escopo,nao-triado
Dark Jay Studio,Developer,Gdansk,West Pomeranian,Poland,https://darkjay.com/,ja na fila gamedevmap 06/09,em-escopo,"site vivo, porta de carreiras nao localizada no HTML"
Desert Fox,Microstudio,Zielona Góra,Lubusz,Poland,https://desertfox.itch.io/,NOVO,em-escopo,nao-triado
Destructive Creations,Developer,Gliwice,Silesia,Poland,https://destructivecreations.com/,ja na fila gamedevmap 06/09,em-escopo,nao-triado
Detalion,Developer,Rzeszow,Subcarpathia,Poland,http://www.detalion.com/,ja na fila gamedevmap 06/09,em-escopo,nao-triado
Digital Daredevils,Developer,Wroclaw,Lower Silesia,Poland,https://digitaldaredevils.pl/,ja na fila gamedevmap 06/09,em-escopo,"site vivo, porta de carreiras nao localizada no HTML"
Digital Melody,Mobile,Grodzisk Mazowiecki,Masovian,Poland,https://digitalmelody.eu/,NOVO,em-escopo,nao-triado
Disco Angels,Developer,Lodz,Lodz,Poland,https://disco-angels.itch.io/heartbreaker,ja na fila gamedevmap 06/09,em-escopo,"site vivo, porta de carreiras nao localizada no HTML"
Donkey Crew,Developer,Wroclaw,Lower Silesia,Poland,https://www.donkey.team/,ja conhecido (painel/csv),em-escopo,porta-ok:https://www.donkey.team/jobs/game-ux-specialist
Egobounds,Developer,Olsztyn,Warminsko-Mazurskie,Poland,https://www.egobounds.com/,ja na fila gamedevmap 06/09,em-escopo,nao-triado
Electric Succubi,Developer,Wejherowski,Pomorskie,Poland,https://keeperrl.com/,ja na fila gamedevmap 06/09,em-escopo,nao-triado
Electric Succubi,Developer,Wroclaw,Lower Silesia,Poland,https://keeperrl.com/,ja na fila gamedevmap 06/09,em-escopo,"site vivo, porta de carreiras nao localizada no HTML"
Eremite Games,Developer,Wroclaw,Lower Silesia,Poland,https://eremitegames.com/,ja conhecido (painel/csv),em-escopo,"site vivo, porta de carreiras nao localizada no HTML"
Event Horizon,Developer,Gdynia,Pomorskie,Poland,https://www.evehor.com,ja na fila gamedevmap 06/09,em-escopo,nao-triado
Evil Entity,Microstudio,Lublin,Lubelskie,Poland,https://evilentity.itch.io/,NOVO,em-escopo,nao-triado
Exor Studios,Developer,Szczecin,West Pomeranian,Poland,https://www.exorstudios.com,ja na fila gamedevmap 06/09,em-escopo,nao-triado
Far From Home,Developer,Wroclaw,Lower Silesia,Poland,https://www.farfromhomegames.com,ja conhecido (painel/csv),em-escopo,porta-ok:https://www.farfromhomegames.com/en/ofertypracy
Far From Home Games,Developer,Wroclaw,Lower Silesia,Poland,https://www.farfromhomegames.com/,ja conhecido (painel/csv),em-escopo,porta-ok:https://www.farfromhomegames.com/en/ofertypracy
Flying Wild Hog,Developer,Rzeszow,Subcarpathia,Poland,https://flyingwildhog.com/,ja conhecido (painel/csv),em-escopo,nao-triado
Fool’s Theory,Developer,Bielsko-Biala,Silesia,Poland,https://foolstheory.com/,ja conhecido (painel/csv),em-escopo,"quadro Teamtailor vivo, unica de arte e Technical Artist - fora da disciplina"
Forever Entertainment,Developer and Publisher,Gdynia,Pomorskie,Poland,https://forever-entertainment.com/,ja na fila gamedevmap 06/09,em-escopo,nao-triado
Forever Seed Fund,Investment,Gdynia,Pomorskie,Poland,https://foreverseedfund.com/,NOVO,fora-de-escopo,nao-triado
Free Fall Entertainment,Developer,Wroclaw,Lower Silesia,Poland,https://www.freefallgames.dev/,ja conhecido (painel/csv),em-escopo,"site vivo, porta de carreiras nao localizada no HTML"
FUMES Team,Developer,Lodz,Lodz,Poland,https://tarkovsky.itch.io/,ja na fila gamedevmap 06/09,em-escopo,"site vivo, porta de carreiras nao localizada no HTML"
Gamedust,Developer and Publisher,Poznan,Greater Poland,Poland,https://www.gamedust.co,ja na fila gamedevmap 06/09,em-escopo,porta-sem-resposta
Glivi Games,Developer,Gliwice,Silesia,Poland,http://www.glivigames.com,ja na fila gamedevmap 06/09,em-escopo,nao-triado
Heavy Shield Games,Microstudio,Starogardzki,Pomorskie,Poland,https://www.artstation.com/wisniewskiw,ja conhecido (painel/csv),em-escopo,nao-triado
Huuuge Games,Mobile,Bydgoszcz,Kuyavian-Pomeranian,Poland,https://huuugegames.com/,NOVO,em-escopo,"quadro Recruitee vivo, 7 vagas, nenhuma de arte"
Huuuge Games,Mobile,Szczecin,West Pomeranian,Poland,https://huuugegames.com/,NOVO,em-escopo,"quadro Recruitee vivo, 7 vagas, nenhuma de arte"
Illusion Ray,Developer,Szczecin,West Pomeranian,Poland,https://illusionray.com/,ja conhecido (painel/csv),em-escopo,nao-triado
IMGN.PRO,Developer and Publisher,Bielsko-Biala,Silesia,Poland,https://imgn.pro/,ja na fila gamedevmap 06/09,em-escopo,nao-triado
Infinite Dreams,Developer,Gliwice,Silesia,Poland,https://www.idreams.pl,ja conhecido (painel/csv),em-escopo,nao-triado
Iron Wolf Studio,Developer,Katowice,Silesia,Poland,https://ironwolfstudio.com/,ja na fila gamedevmap 06/09,em-escopo,"site vivo, porta de carreiras nao localizada no HTML"
Jujubee,Developer,Katowice,Silesia,Poland,https://www.jujubee.pl,ja na fila gamedevmap 06/09,em-escopo,porta-ok:https://jujubee.pl/careers/
Kodera Software,Microstudio,Będzin,Silesia,Poland,https://koder.itch.io/dv-rings-of-saturn,NOVO,em-escopo,nao-triado
Laki Studios,Developer,Katowice,Silesia,Poland,,ja na fila gamedevmap 06/09,em-escopo,porta-sem-resposta
Live Motion Games,Developer,Katowice,Silesia,Poland,https://livemotiongames.com/,ja na fila gamedevmap 06/09,em-escopo,"site vivo, porta de carreiras nao localizada no HTML"
LK Avalon,Online,Swilcza,Swilcza,Poland,https://www.lkavalon.com,NOVO,em-escopo,nao-triado
Lubsoft,Microstudio,Lublin,Lubelskie,Poland,https://www.piotrjastrzebski.io/,NOVO,em-escopo,nao-triado
Mechanistry,Developer,Gdansk,Pomorskie,Poland,https://www.mechanistry.com,ja conhecido (painel/csv),em-escopo,porta-ok:https://mechanistry.com/careers
Michal Wiklinski,Developer,Wroclaw,Lower Silesia,Poland,https://bearnardthegame.com/,ja na fila gamedevmap 06/09,em-escopo,"site vivo, porta de carreiras nao localizada no HTML"
Mighty Koi,Developer,Lublin,Lubelskie,Poland,https://www.mighty-koi.com/,ja na fila gamedevmap 06/09,em-escopo,nao-triado
Monster Couch,Developer,Poznan,Greater Poland,Poland,https://monstercouch.com/,ja conhecido (painel/csv),em-escopo,porta-ok:https://www.monstercouch.com/careers/
Mooneaters,Developer,Olsztyn,Warminsko-Mazurskie,Poland,https://www.mooneaters.com/,ja na fila gamedevmap 06/09,em-escopo,nao-triado
Moonmana,Developer,Gdansk,Pomorskie,Poland,https://moonmana.com/,ja conhecido (painel/csv),em-escopo,"as mencoes a Character artists e 3D Artists sao catalogo de servico de outsourcing, nao vaga"
Moral Anxiety Studio,Developer,Wroclaw,Lower Silesia,Poland,https://moralanxietystudio.com/,ja na fila gamedevmap 06/09,em-escopo,"site vivo, porta de carreiras nao localizada no HTML"
MuHa Games,Microstudio,Poznan,Greater Poland,Poland,http://muhagames.com/,NOVO,em-escopo,"site vivo, porta de carreiras nao localizada no HTML"
Nawia Games,Developer,Gdansk,Pomorskie,Poland,https://www.nawiagames.com,ja na fila gamedevmap 06/09,em-escopo,porta-ok:https://nawiagames.com/jobs/
No Gravity Games,Publisher,Olszewnica Stara,Masovian,Poland,https://nogravitygames.com/,NOVO,fora-de-escopo,nao-triado
People Can Fly,Developer,Lodz,Lodz,Poland,https://www.peoplecanfly.com,ja conhecido (painel/csv),em-escopo,quadro SmartRecruiters vivo; Principal Character Artist esta em Montreal (fora da Europa) e o Senior Asset Artist Hard Surface esta em Varsovia
People Can Fly,Developer,Rzeszow,Subcarpathia,Poland,https://www.peoplecanfly.com,ja conhecido (painel/csv),em-escopo,nao-triado
Petums,Developer,Bytom,Silesia,Poland,https://petums.com/,ja na fila gamedevmap 06/09,em-escopo,nao-triado
Pixel Perfect Dude,Developer,Kalisz,Greater Poland,Poland,https://pixelperfectdude.com/,ja conhecido (painel/csv),em-escopo,nao-triado
PixelAnt (Sumo Digital),Developer,Wroclaw,Lower Silesia,Poland,https://pixelantgames.com/,ja na fila gamedevmap 06/09,em-escopo,VAGA VIVA Experienced 3D Character Artist (eRecruiter) - VETO ESCRITO de idioma: exige polones comunicativo
Playsoft Games,Developer,Gdansk,Pomorskie,Poland,https://www.playsoftgames.com,ja na fila gamedevmap 06/09,em-escopo,porta-ok:https://playsoftgames.com/wp-content/themes/playsoft/css/page-careers.css
PlayWay,Publisher,Klomnice,Silesian,Poland,https://www.playway.com,NOVO,fora-de-escopo,nao-triado
PlayWay,Publisher,Koszalin,Middle Pomerania,Poland,https://www.playway.com,NOVO,fora-de-escopo,nao-triado
PlayWay,Publisher,Przesmyki,Masovian,Poland,https://www.playway.com,NOVO,fora-de-escopo,nao-triado
PlayWay,Publisher,Rzeszow,Subcarpathia,Poland,https://www.playway.com,NOVO,fora-de-escopo,nao-triado
PlayWay,Publisher,Torun,Kuyavian-Pomeranian,Poland,https://www.playway.com,NOVO,fora-de-escopo,nao-triado
PlayWay,Publisher,Wroclaw,Lower Silesia,Poland,https://www.playway.com,NOVO,fora-de-escopo,nao-triado
PlayWay,Publisher,Zabrze,Silesia,Poland,https://www.playway.com,NOVO,fora-de-escopo,nao-triado
Polished Games,Developer,Wroclaw,Lower Silesia,Poland,https://polishedgames.com/,ja na fila gamedevmap 06/09,em-escopo,"site vivo, porta de carreiras nao localizada no HTML"
Prime Bit Games SA,Developer,Rzeszow,Subcarpathia,Poland,https://primebitgames.com/,ja na fila gamedevmap 06/09,em-escopo,nao-triado
Product Madness Poland (Aristocrat),Mobile,Gdansk,Pomorskie,Poland,https://productmadness.com/,NOVO,em-escopo,porta-ok (workday detectado): https://www.productmadness.com/
Punk Notion,Developer,Gliwice,Silesia,Poland,http://www.punknotion.com/,ja na fila gamedevmap 06/09,em-escopo,nao-triado
Pyramid Games,Developer,Lublin,Lubelskie,Poland,https://pyramid.games/,ja na fila gamedevmap 06/09,em-escopo,nao-triado
Questline (Awaken Realms),Developer,Wrocław,Lower Silesia,Poland,https://www.taintedgrail.com/,ja conhecido (painel/csv),em-escopo,"site vivo, porta de carreiras nao localizada no HTML"
Raba Games,Developer,Zielona Gora,Lubusz,Poland,https://www.rabagames.com,ja na fila gamedevmap 06/09,em-escopo,nao-triado
Red Dot Games,Developer,Rzeszow,Subcarpathia,Poland,https://www.reddotgames.pl,ja na fila gamedevmap 06/09,em-escopo,nao-triado
Render Cube,Developer,Lodz,Lodz,Poland,https://rendercube.pl/,ja na fila gamedevmap 06/09,em-escopo,porta-ok:https://rendercube.pl/join-us/
Robot Gentlemen,Developer,Poznan,Greater Poland,Poland,https://www.robotgentleman.com,ja conhecido (painel/csv),em-escopo,"site vivo, porta de carreiras nao localizada no HTML"
Sad Cat Studios,Developer,Gdansk,Pomorskie,Poland,https://www.sadcat.studio/,ja na fila gamedevmap 06/09,em-escopo,"site vivo, porta de carreiras nao localizada no HTML"
Silden,Developer,Torun,Kuyavian-Pomeranian,Poland,https://www.silden.eu/en,ja na fila gamedevmap 06/09,em-escopo,nao-triado
Slavic Magic,Developer,Gdansk,Pomorskie,Poland,https://manorlords.com/,ja conhecido (painel/csv),em-escopo,porta-ok:https://manorlords.com/jobs
Something Random Games,Extended Reality (XR),Lodz,Lodz,Poland,https://somethingrandom.com/,NOVO,em-escopo,porta-ok:https://somethingrandom.com/#careers
Spectral Games,Developer,Katowice,Silesia,Poland,https://www.spectralgames.com,ja conhecido (painel/csv),em-escopo,porta-ok:https://www.spectralgames.com/careers/
Spil Games Eastern Europe,Developer and Publisher,Ruda Slaska,Silesian,Poland,https://www.spilgames.com,ja na fila gamedevmap 06/09,em-escopo,nao-triado
Split Light Studios,Developer,Slupsk,Pomorskie,Poland,https://www.splitlightstudio.com,ja na fila gamedevmap 06/09,em-escopo,nao-triado
StrategyLabs,Developer,Hornowek,Masovian,Poland,https://strategy-labs.com/,ja na fila gamedevmap 06/09,em-escopo,nao-triado
Super Sexy Software,Developer,Gdynia,Pomorskie,Poland,http://supersexysoftware.com/,ja na fila gamedevmap 06/09,em-escopo,nao-triado
Superhot Team,Developer,Lodz,Lodz,Poland,https://www.superhotgame.com,ja na fila gamedevmap 06/09,em-escopo,porta-ok (homerun detectado): https://jobs.superhotgame.com/
Take IT Studio!,Developer,Katowice,Silesia,Poland,https://takeitstudio.com/,ja na fila gamedevmap 06/09,em-escopo,porta-ok:https://takeitstudio.com/careers/
TakeIT Studio,Developer,Katowice,Silesia,Poland,https://takeitstudio.com/,ja na fila gamedevmap 06/09,em-escopo,porta-ok:https://takeitstudio.com/careers/
Techland,Developer,Wroclaw,Lower Silesia,Poland,https://www.techland.pl,ja conhecido (painel/csv),em-escopo,VAGA VIVA Character Artist (SmartRecruiters) - sem veto escrito
Ten Square Games,Mobile,Wroclaw,Lower Silesia,Poland,https://tensquaregames.com/,ja conhecido (painel/csv),em-escopo,quadro recruitee em dominio proprio (https://career.tensquaregames.com) - sem vaga da disciplina hoje
The Farm 51,Developer,Gliwice,Silesia,Poland,https://www.thefarm51.com,ja conhecido (painel/csv),em-escopo,nao-triado
The Farm 51,Developer,Katowice,Silesia,Poland,https://www.thefarm51.com,ja conhecido (painel/csv),em-escopo,porta-ok:https://www.thefarm51.com/eng/praca/
The Knights of Unity,Developer,Wroclaw,Lower Silesia,Poland,https://www.theknightsofunity.com,ja conhecido (painel/csv),em-escopo,porta-ok:https://theknightsofu.com/career/
Torquemada Games,Developer,Katowice,Silesia,Poland,https://www.torquemada-games.com,ja conhecido (painel/csv),em-escopo,porta-ok:https://www.torquemada-games.com/jobs.html
Truck World Studio,Developer,Katowice,Silesia,Poland,http://truckworldstudio.com/,ja na fila gamedevmap 06/09,em-escopo,"site vivo, porta de carreiras nao localizada no HTML"
Two Horizons,Developer,Wroclaw,Lower Silesia,Poland,https://twohorizons.pl/,ja na fila gamedevmap 06/09,em-escopo,porta-ok:https://twohorizons.pl/careers
Vivid Games,Mobile,Bydgoszcz,Kuyavian-Pomeranian,Poland,https://vividgames.com/,NOVO,em-escopo,quadro teamtailor em dominio proprio (https://jobs.vividgames.com) - sem vaga da disciplina hoje
Vixa Games,Developer,Gdansk,Pomorskie,Poland,https://www.vixagames.com,ja na fila gamedevmap 06/09,em-escopo,porta-sem-resposta
Aden Interactive,Developer and Publisher,Caldas da Rainha,Leiria,Portugal,https://adeninteractive.com/,ja conhecido (painel/csv),em-escopo,nao-triado
Aden X,Extended Reality (XR),Caldas da Rainha,Leiria,Portugal,https://adenxr.com/,NOVO,em-escopo,nao-triado
Arkadium,Developer,Porto,Grande Porto,Portugal,https://www.arkadium.com/,ja na fila gamedevmap 06/09,em-escopo,porta-ok (workable detectado): https://corporate.arkadium.com/careers/
Bandai Namco Entertainment Portugal,Publisher,Sintra,Lisbon,Portugal,https://en.bandainamcoent.eu/,NOVO,fora-de-escopo,nao-triado
BIGMOON Entertainment,Developer,Porto,Grande Porto,Portugal,https://www.bigmoonstudios.com/,ja na fila gamedevmap 06/09,em-escopo,"site vivo, porta de carreiras nao localizada no HTML"
Digitality Games,Developer,Fundão,Castelo Branco,Portugal,https://digitalitygames.com/,ja na fila gamedevmap 06/09,em-escopo,nao-triado
Dobsware,Mobile,Funchal,Madeira,Portugal,https://www.dobsware.com,NOVO,em-escopo,nao-triado
Exclusible,Developer,Carnaxide,Oeiras,Portugal,https://www.exclusible.com/,ja na fila gamedevmap 06/09,em-escopo,nao-triado
Ground Control Studios,Developer,Porto,Grande Porto,Portugal,https://www.gcontrolgames.com,ja conhecido (painel/csv),em-escopo,"site vivo, porta de carreiras nao localizada no HTML"
Headless Studio,Serious Games,Porto,Grande Porto,Portugal,https://www.headless.studio,NOVO,em-escopo,porta-ok:https://www.headless.studio/careers
Kwalee,Developer and Publisher,Almada,Lisbon,Portugal,https://kwalee.com,ja na fila gamedevmap 06/09,em-escopo,nao-triado
Moonberry Studios,Developer,Porto,Grande Porto,Portugal,https://www.moonberry-studios.com,ja na fila gamedevmap 06/09,em-escopo,"site vivo, porta de carreiras nao localizada no HTML"
Once a Bird Games,Developer,Porto,Grande Porto,Portugal,https://www.onceabird.com,ja na fila gamedevmap 06/09,em-escopo,"site vivo, porta de carreiras nao localizada no HTML"
Poke Life Studio,Developer,Braga,Braga,Portugal,https://www.pokelifestudio.com,ja na fila gamedevmap 06/09,em-escopo,nao-triado
Praxis Games,Microstudio,Beja,Odemira,Portugal,https://www.interstellarspacegame.com/praxis-games/,NOVO,em-escopo,nao-triado
Scopely,Developer,Porto,Grande Porto,Portugal,https://www.scopely.com,ja conhecido (painel/csv),em-escopo,porta-ok:https://careers.scopely.com/us/en
Spawn Studios,Developer,Sao Joao da Madeira,Grande Porto,Portugal,https://www.spawnstudios.com,ja na fila gamedevmap 06/09,em-escopo,nao-triado
United Ghouls Studio,Developer,Covilha,Centro,Portugal,https://ugs.pt/,ja na fila gamedevmap 06/09,em-escopo,nao-triado
Zarc Attack,Developer,Leiria,Leiria,Portugal,https://zarcattack.com/,ja na fila gamedevmap 06/09,em-escopo,nao-triado
4J Studios,Developer,Dundee,Angus,Scotland,https://4jstudios.com/,ja conhecido (painel/csv),em-escopo,porta-ok:https://4jstudios.com/careers/
4J Studios,Developer,East Linton,East Lothian,Scotland,https://4jstudios.com/,ja conhecido (painel/csv),em-escopo,nao-triado
532 Design,Mobile,Dundee,Angus,Scotland,https://532design.com/,NOVO,em-escopo,"site vivo, porta de carreiras nao localizada no HTML"
8bitSkull,Developer,Edinburgh,Midlothian,Scotland,https://8bitskull.com/,NOVO,em-escopo,"site vivo, porta de carreiras nao localizada no HTML"
Aetheric Games,Microstudio,Edinburgh,Midlothian,Scotland,https://bsky.app/profile/hello.aetheric-games.com,NOVO,em-escopo,"site vivo, porta de carreiras nao localizada no HTML"
Amicable Animal,Developer,Edinburgh,Midlothian,Scotland,https://amicableanimal.com/,NOVO,em-escopo,"site vivo, porta de carreiras nao localizada no HTML"
Ant Workshop,Developer,Edinburgh,Midlothian,Scotland,https://ant-workshop.com/,NOVO,em-escopo,"site vivo, porta de carreiras nao localizada no HTML"
Arboreta Games,Microstudio,West Dunbartonshire,West Dunbartonshire,Scotland,https://www.arboretagames.com/,NOVO,em-escopo,nao-triado
Arcade Badgers,Microstudio,Dundee,Angus,Scotland,,NOVO,em-escopo,porta-sem-resposta
Bearhammer,Extended Reality (XR),Edinburgh,Midlothian,Scotland,https://bsky.app/profile/bearhammergames.bsky.social,NOVO,em-escopo,"site vivo, porta de carreiras nao localizada no HTML"
Biome Collective,Organization,Dundee,Angus,Scotland,https://www.biomecollective.com/,NOVO,fora-de-escopo,nao-triado
Bit Loom,Developer,Dundee,Angus,Scotland,https://www.bitloomgames.com/,NOVO,em-escopo,"site vivo, porta de carreiras nao localizada no HTML"
Blazing Griffin,Developer,Edinburgh,Midlothian,Scotland,https://www.blazinggriffin.com/,NOVO,em-escopo,porta-ok:https://www.blazinggriffin.com/who-we-are/careers/
Bleak Mill Games,Developer,Kirkintilloch,Glasgow,Scotland,https://bleakmill.com/,ja na fila gamedevmap 06/09,em-escopo,nao-triado
Brilliant Skies,Developer,Methlick,Aberdeenshire,Scotland,https://www.brilliantskies.co.uk/,NOVO,em-escopo,nao-triado
Build a Rocket Boy,Developer,Edinburgh,Midlothian,Scotland,https://www.buildarocketboy.com/,NOVO,em-escopo,porta-ok:https://www.buildarocketboy.com/join-us
Caledonia Interactive,Developer,Dingwall,Inverness,Scotland,https://www.caledoniainteractive.com/,NOVO,em-escopo,nao-triado
Carnyx Studios,Developer,Edinburgh,Midlothian,Scotland,https://carnyx-studios.com/,NOVO,em-escopo,porta-ok:https://carnyx-studios.com/careers
Chimera Tales,Microstudio,Glasgow,Glasgow,Scotland,https://www.chimeratales.com/,NOVO,em-escopo,nao-triado
Climax Studios (Keywords),Developer,Edinburgh,Midlothian,Scotland,https://www.climaxstudios.com/,NOVO,em-escopo,porta-ok:https://www.climaxstudios.com
Cloud Colony Games,Developer and Publisher,Dunfermline,Fife,Scotland,https://www.cloudcolonygames.com/,NOVO,em-escopo,nao-triado
College Fun Games,Developer,Edinburgh,Midlothian,Scotland,https://www.collegefun.games/,NOVO,em-escopo,porta-sem-resposta
Common Profyt Games,Microstudio,Aberdeen,Scotland,Scotland,https://commonprofytgames.com/,NOVO,em-escopo,nao-triado
Damage State,Developer,Dundee,Angus,Scotland,https://damagestate.com/,NOVO,em-escopo,"site vivo, porta de carreiras nao localizada no HTML"
Dave Sapien,Developer,Glasgow,Glasgow,Scotland,http://www.davesapien.com/,NOVO,em-escopo,nao-triado
Deep Crypt Games,Microstudio,Anstruther,Fife,Scotland,https://deepcrypt.games/,NOVO,em-escopo,nao-triado
Denki,Developer,Dundee,Angus,Scotland,https://www.denki.co.uk,NOVO,em-escopo,"site vivo, porta de carreiras nao localizada no HTML"
Earthbound Games,Developer,Dundee,Angus,Scotland,,NOVO,em-escopo,porta-sem-resposta
EM Studios,Developer,Glasgow,Glasgow,Scotland,https://www.emstudios.co.uk,NOVO,em-escopo,nao-triado
Epic Games,Developer and Publisher,Edinburgh,Midlothian,Scotland,https://epicgames.com/,ja conhecido (painel/csv),em-escopo,"site vivo, porta de carreiras nao localizada no HTML"
Etherplay,Developer,Dundee,Angus,Scotland,https://etherplay.io/,NOVO,em-escopo,"site vivo, porta de carreiras nao localizada no HTML"
Evilkookey,Microstudio,Perth,Perth and Kinross,Scotland,https://evilkookey.itch.io/,NOVO,em-escopo,nao-triado
Extra Mile Studios (Reforged Studios),Developer,Glasgow,Glasgow,Scotland,https://emstudios.co.uk/,NOVO,em-escopo,nao-triado
Firefly Studios,Developer,Aberdeen,Scotland,Scotland,https://www.fireflyworlds.com,NOVO,em-escopo,porta-ok:https://www.fireflyworlds.com/careers
Firewood Digital,Microstudio,Edinburgh,Midlothian,Scotland,https://www.firewooddigital.com/,NOVO,em-escopo,porta-ok:https://www.firewooddigital.com/jobs
Fish Tin Games,Developer,Dundee,Angus,Scotland,https://fishtingames.com/,NOVO,em-escopo,"site vivo, porta de carreiras nao localizada no HTML"
GameXPlosion,Mobile,Greenock,Glasgow,Scotland,https://www.gamexplosion.com/,NOVO,em-escopo,nao-triado
Glitchers,Mobile,Edinburgh,Midlothian,Scotland,https://www.glitchers.com,NOVO,em-escopo,"site vivo, porta de carreiras nao localizada no HTML"
Haiku Interactive,Developer,Edinburgh,Midlothian,Scotland,http://www.haikuinteractive.com/,NOVO,em-escopo,porta-sem-resposta
Hairy Heart Games,Developer,Glasgow,Glasgow,Scotland,https://www.hairyheart.games,NOVO,em-escopo,nao-triado
Hexterion,Microstudio,Glasgow,Glasgow,Scotland,https://hexterion.itch.io/,NOVO,em-escopo,nao-triado
HexWar,Developer and Publisher,Fortrose,Inverness,Scotland,https://www.hexwar.com,NOVO,em-escopo,nao-triado
Hunted Cow Studios,Developer,Elgin,Moray,Scotland,https://www.huntedcow.com,NOVO,em-escopo,nao-triado
Hutch Games,Mobile,Dundee,Angus,Scotland,https://hutch.io,NOVO,em-escopo,porta-ok:https://hutch.io/careers
Hyper Luminal Games,Developer,Dundee,Angus,Scotland,https://www.hyperluminalgames.com,NOVO,em-escopo,"quadro bamboohr vivo, 1 vagas, nenhuma da disciplina"
Hyperfocus Games,Developer,Stirling,Stirling,Scotland,,NOVO,em-escopo,nao-triado
Icebeam Studios,Developer,Dundee,Angus,Scotland,https://www.icebeam.co.uk/,NOVO,em-escopo,"site vivo, porta de carreiras nao localizada no HTML"
Incentive Games,Developer,Edinburgh,Midlothian,Scotland,https://incentivegames.com/,NOVO,em-escopo,porta-ok:https://incentivegames.com/careers/
Insane Gorilla,Developer,Edinburgh,Midlothian,Scotland,https://insanegorilla.com/,NOVO,em-escopo,porta-ok:https://insanegorilla.com/join-us/
JBSB Studios,Developer,Dundee,Angus,Scotland,https://www.jbsbstudios.co.uk/,NOVO,em-escopo,"site vivo, porta de carreiras nao localizada no HTML"
Keelworks,Developer,Edinburgh,Midlothian,Scotland,https://www.keelworks.co.uk,NOVO,em-escopo,porta-ok:https://www.keelworks.co.uk/jobs
KO Studio,Developer,Cupar,Fife,Scotland,,NOVO,em-escopo,nao-triado
Konglomerate Games,Serious Games,Dundee,Angus,Scotland,,NOVO,em-escopo,porta-sem-resposta
Kupo Games,Developer,Glasgow,Glasgow,Scotland,https://kupogames.com/,NOVO,em-escopo,nao-triado
Kyle Banks,Developer,Edinburgh,Midlothian,Scotland,https://farewell-north.com/,NOVO,em-escopo,"site vivo, porta de carreiras nao localizada no HTML"
Lazy Monday Games,Developer,Edinburgh,Midlothian,Scotland,https://www.lazymondaygames.com/,NOVO,em-escopo,"site vivo, porta de carreiras nao localizada no HTML"
Lowtek Games,Developer,Dundee,Angus,Scotland,https://www.lowtek.games/,NOVO,em-escopo,"site vivo, porta de carreiras nao localizada no HTML"
Ludus Pax,Developer,Glasgow,Glasgow,Scotland,https://luduspaxstudios.uk/,NOVO,em-escopo,nao-triado
Made With Numbers,Developer,Edinburgh,Midlothian,Scotland,http://www.madewithnumbers.com,NOVO,em-escopo,porta-sem-resposta
More Fun With Games,Microstudio,Edinburgh,Midlothian,Scotland,https://bsky.app/profile/morefunwith.games,NOVO,em-escopo,"site vivo, porta de carreiras nao localizada no HTML"
Neon Wave Studios,Microstudio,Glasgow,Glasgow,Scotland,https://www.neonwavestudios.co.uk/,NOVO,em-escopo,nao-triado
Ninja Kiwi Europe,Developer and Publisher,Dundee,Angus,Scotland,https://ninjakiwi.com/,NOVO,em-escopo,"site vivo, porta de carreiras nao localizada no HTML"
Outplay Entertainment,Developer,Dundee,Angus,Scotland,https://www.outplay.com,ja conhecido (painel/csv),em-escopo,porta-ok:https://outplay.com/careers/
Pawsmonaut Games,Microstudio,Edinburgh,Midlothian,Scotland,https://www.pawsmonaut.games/,NOVO,em-escopo,"site vivo, porta de carreiras nao localizada no HTML"
Peaty Turf,Developer,Dundee,Angus,Scotland,,NOVO,em-escopo,porta-sem-resposta
Ping Creates,Mobile,Stirling,Stirling,Scotland,,NOVO,em-escopo,nao-triado
Pocket Sized Hands,Mobile,Dundee,Angus,Scotland,https://www.pocketsizedhands.com,NOVO,em-escopo,porta-ok:https://jobs.gamesindustry.biz/company/pocket-sized-hands
Puny Astronaut,Developer,Dundee,Angus,Scotland,https://www.punyastronaut.com,NOVO,em-escopo,"a mencao a Environment Artist e a pagina do time, nao vaga"
Red Rampant Studios,Microstudio,Dundee,Angus,Scotland,,NOVO,em-escopo,porta-sem-resposta
Relentless Games,Extended Reality (XR),Edinburgh,Midlothian,Scotland,https://relentless.games/,NOVO,em-escopo,"site vivo, porta de carreiras nao localizada no HTML"
ResByte Games,Developer,Glasgow,Glasgow,Scotland,https://www.resbytegames.com/,NOVO,em-escopo,nao-triado
Riverboat Games,Developer,Dundee,Angus,Scotland,https://riverboatgames.itch.io/,NOVO,em-escopo,"site vivo, porta de carreiras nao localizada no HTML"
Rivet Games,Developer,Stirling,Stirling,Scotland,https://www.rivet-games.com,NOVO,em-escopo,nao-triado
Robotical,Serious Games,Edinburgh,Midlothian,Scotland,https://robotical.io/,NOVO,em-escopo,porta-ok:https://robotical.io/careers/
Rockstar Dundee,Developer,Dundee,Angus,Scotland,https://www.rockstargames.com,ja conhecido (painel/csv),em-escopo,porta-ok:https://www.rockstargames.com/careers
Rockstar North,Developer,Edinburgh,Midlothian,Scotland,https://www.rockstarnorth.com,NOVO,em-escopo,"site vivo, porta de carreiras nao localizada no HTML"
Sad Owl Studios,Developer,Dundee,Angus,Scotland,https://sos.games/,NOVO,em-escopo,"site vivo, porta de carreiras nao localizada no HTML"
Scopely,Mobile,Dundee,Angus,Scotland,https://www.scopely.com/,ja conhecido (painel/csv),em-escopo,porta-ok:https://careers.scopely.com/us/en
Screen Burn,Developer,Glasgow,Glasgow,Scotland,https://screenburn.com/,NOVO,em-escopo,nao-triado
Shouty Knot Games,Microstudio,Dundee,Angus,Scotland,https://www.shoutyknot.co.uk/,NOVO,em-escopo,"site vivo, porta de carreiras nao localizada no HTML"
Sloth Doctor Games,Developer,Dundee,Angus,Scotland,https://slothdoctorgames.wixsite.com/game-developer-websi,NOVO,em-escopo,"site vivo, porta de carreiras nao localizada no HTML"
Something Something Games,Developer,Edinburgh,Midlothian,Scotland,https://ssgames.co.uk/,NOVO,em-escopo,"site vivo, porta de carreiras nao localizada no HTML"
Somewhat Unsettling,Microstudio,Edinburgh,Midlothian,Scotland,https://www.somewhatunsettling.com,NOVO,em-escopo,"site vivo, porta de carreiras nao localizada no HTML"
Spectral Wrender,Microstudio,Dundee,Angus,Scotland,,NOVO,em-escopo,porta-sem-resposta
Spikey Teeth Studios,Microstudio,Dundee,Angus,Scotland,https://spikyteethstudios.carrd.co/,NOVO,em-escopo,"site vivo, porta de carreiras nao localizada no HTML"
Stormcloud Games,Developer,Dundee,Angus,Scotland,https://www.stormcloudgames.com,NOVO,em-escopo,porta-ok:https://stormcloudgames.com/careers
Studio Catloaf,Microstudio,Dundee,Angus,Scotland,https://studio-catloaf.itch.io/,NOVO,em-escopo,"site vivo, porta de carreiras nao localizada no HTML"
Superforest,Microstudio,Edinburgh,Midlothian,Scotland,https://superforest.org/,NOVO,em-escopo,"site vivo, porta de carreiras nao localizada no HTML"
Talha & Jack Co,Microstudio,Edinburgh,Midlothian,Scotland,https://talhaandjack.co/,NOVO,em-escopo,porta-ok:https://talhaandjack.co
Team Junkfish,Mobile,Dundee,Angus,Scotland,https://teamjunkfish.com/,NOVO,em-escopo,porta-ok:https://www.teamjunkfish.com/careers
Team Terrible,Developer,Dundee,Angus,Scotland,https://teamterriblegames.com/,NOVO,em-escopo,porta-ok:https://www.teamterriblegames.com/careers
The Scarlet Bureau,Microstudio,Dundee,Angus,Scotland,,NOVO,em-escopo,porta-sem-resposta
The Scottish Games Network (SGN),Organization,Dundee,Angus,Scotland,https://www.scottishgames.net,NOVO,fora-de-escopo,nao-triado
Tub Club,Developer,Glasgow,Glasgow,Scotland,https://tubclub.itch.io/,NOVO,em-escopo,nao-triado
Twiddly Studio,Mobile,Edinburgh,Midlothian,Scotland,http://www.twiddly.co.uk/,NOVO,em-escopo,porta-sem-resposta
Umbra Dynamics,Publisher,Dundee,Angus,Scotland,https://bsky.app/profile/umbradynamics.bsky.social,NOVO,fora-de-escopo,nao-triado
Unusual Undertaking,Developer,Glasgow,Glasgow,Scotland,https://unusualundertaking.com/,NOVO,em-escopo,nao-triado
Very Evil Demons,Developer,Dundee,Angus,Scotland,https://veryevildemons.com/,NOVO,em-escopo,"site vivo, porta de carreiras nao localizada no HTML"
Vismaya,Microstudio,Edinburgh,Midlothian,Scotland,https://www.vismaya.co.uk/,NOVO,em-escopo,"site vivo, porta de carreiras nao localizada no HTML"
Wobbly Tooth,Developer,Lossiemouth,Moray,Scotland,https://www.wobbly-tooth.com/,NOVO,em-escopo,nao-triado
Yaldi Games,Developer,Edinburgh,Midlothian,Scotland,https://www.yaldigames.com/,NOVO,em-escopo,"site vivo, porta de carreiras nao localizada no HTML"
31st Union (2K),Developer,Valencia,Valencia,Spain,https://thirtyfirstunion.com/,ja na fila gamedevmap 06/09,em-escopo,"quadro greenhouse vivo, 5 vagas, nenhuma da disciplina"
A Bonfire of Souls,Developer,Malaga,Malaga,Spain,https://abonfireofsouls.com/,ja na fila gamedevmap 06/09,em-escopo,"site vivo, porta de carreiras nao localizada no HTML"
Aeturnum Game Studios,Developer,Talavera de la Reina,Toledo,Spain,https://aeternathegame.com/,ja na fila gamedevmap 06/09,em-escopo,nao-triado
Akaoni Studios,Developer,Valencia,Valencia,Spain,http://akaonistudio.com/,ja na fila gamedevmap 06/09,em-escopo,porta-sem-resposta
Aruma Studios,Developer,A Coruña,Galicia,Spain,https://arumastudios.com/,ja conhecido (painel/csv),em-escopo,nao-triado
Atico,Developer,Getafe,Madrid,Spain,https://atico.itch.io/,NOVO,em-escopo,nao-triado
AxesInMotion (gamigo Group),Developer,Seville,Seville,Spain,https://axesinmotion.com/,ja conhecido (painel/csv),em-escopo,porta-ok (workable detectado): https://axesinmotion.com/work-with-us/
Barbedwire Studios,Developer,Sagunto,Valencia,Spain,https://www.barbed-wire.eu/,ja na fila gamedevmap 06/09,em-escopo,nao-triado
Baroque Decay Games,Developer,A Coruña,Galicia,Spain,https://baroquedecay.com/,ja na fila gamedevmap 06/09,em-escopo,nao-triado
Beetlewing,Developer,Valencia,Valencia,Spain,https://beetlewing.pl/,ja na fila gamedevmap 06/09,em-escopo,"site vivo, porta de carreiras nao localizada no HTML"
Boltz Entertainment,Developer,Oviedo,Asturias,Spain,https://boltzentertainment.com/,ja na fila gamedevmap 06/09,em-escopo,nao-triado
Broken Bird Games,Developer,Las Palmas de Gran Canaria,Las Palmas,Spain,https://brokenbirdgames.com/,ja conhecido (painel/csv),em-escopo,nao-triado
Canary Islands Games,Organization,Santa Cruz de Tenerife,Canary Islands,Spain,https://www.canaryislandsgames.com/,NOVO,fora-de-escopo,nao-triado
Chibig Studios,Developer,Valencia,Valencia,Spain,https://chibig.com/,ja conhecido (painel/csv),em-escopo,"site vivo, porta de carreiras nao localizada no HTML"
Codemanu,Developer,Cadiz,Andalucia,Spain,https://codemanu.itch.io/,ja na fila gamedevmap 06/09,em-escopo,nao-triado
CrazyBits,Mobile,Gijón,Asturias,Spain,https://www.crazybitsstudios.com,NOVO,em-escopo,nao-triado
Daydream Software,Developer,Las Palmas de Gran Canaria,Las Palmas,Spain,https://www.daydreamsoftware.es/,ja na fila gamedevmap 06/09,em-escopo,nao-triado
Deconstructeam,Developer,Valencia,Valencia,Spain,https://www.deconstructeam.com,ja na fila gamedevmap 06/09,em-escopo,"site vivo, porta de carreiras nao localizada no HTML"
Devilish Games,Developer,Villena,Alicante,Spain,https://www.devilishgames.com/,ja na fila gamedevmap 06/09,em-escopo,nao-triado
Digital Mind Games,Developer,Murcia,Murcia,Spain,https://dgmind.com/,ja na fila gamedevmap 06/09,em-escopo,nao-triado
Digital Sun Games,Developer,Valencia,Valencia,Spain,https://digitalsungames.com/,ja conhecido (painel/csv),em-escopo,"site vivo, porta de carreiras nao localizada no HTML"
Drakhar Studio,Developer,Santa Cruz de Tenerife,Canary Islands,Spain,https://drakharstudio.com/,ja conhecido (painel/csv),em-escopo,nao-triado
Drop of Pixel,Developer,Terrassa,Catalonia,Spain,https://www.dropofpixel.com,ja na fila gamedevmap 06/09,em-escopo,nao-triado
DYA Games,Developer,Málaga,Malaga,Spain,http://dyagames.com/,ja na fila gamedevmap 06/09,em-escopo,nao-triado
Eclipse Games,Developer,Zaragosa,Zaragoza,Spain,http://eclipse-games.net,ja na fila gamedevmap 06/09,em-escopo,nao-triado
El Jap! (AIR Institute),Incubator/Accelerator,Salamanca,Salamanca,Spain,https://air-institute.com/,NOVO,fora-de-escopo,nao-triado
Entalto Publishing,Publisher,Zaragoza,Zaragoza,Spain,https://www.entaltostudios.com/publishing,NOVO,fora-de-escopo,nao-triado
Final Boss Games,Developer,Lleida,Catalonia,Spain,https://www.finalboss-games.com,ja na fila gamedevmap 06/09,em-escopo,nao-triado
Finalboss Games,Developer,Tarrega,Catalonia,Spain,https://www.finalbossgame.com/,ja na fila gamedevmap 06/09,em-escopo,nao-triado
Fortis Games,Developer and Publisher,Remote,Remote,Spain,https://www.fortisgames.com/,ja na fila gamedevmap 06/09,em-escopo,nao-triado
Foxter Studio,Developer,Santa Cruz de Tenerife,Canary Islands,Spain,https://www.foxterstudio.com/,ja conhecido (painel/csv),em-escopo,nao-triado
Game.EUS,Incubator/Accelerator,Vitoria-Gasteiz,Alava,Spain,https://www.game.eus/,NOVO,fora-de-escopo,nao-triado
GameHouse Spain,Developer,Alicante,Alicante,Spain,https://www.gamehouse.com,ja na fila gamedevmap 06/09,em-escopo,nao-triado
Gameloft,Mobile,Valencia,Valencia,Spain,https://www.gameloft.com,ja conhecido (painel/csv),em-escopo,"quadro SmartRecruiters vivo com 44 vagas, nenhuma de personagem/modelagem na Europa"
Gatolnary Games,Developer,Cabra,Andalucia,Spain,https://elizarfaft1aq.wixsite.com/gatoinarygames/en,ja na fila gamedevmap 06/09,em-escopo,nao-triado
GECKODERS Games,Developer,Pamplona,Navarre,Spain,https://geckoders.es/,ja na fila gamedevmap 06/09,em-escopo,nao-triado
Genjoy (Scopely),Mobile,Seville,Seville,Spain,https://scopely.com/,ja conhecido (painel/csv),em-escopo,porta-ok:https://careers.scopely.com/us/en
GGTEch Studios,Developer,Alicante,Alicante,Spain,https://studios.ggtech.gg/,ja na fila gamedevmap 06/09,em-escopo,nao-triado
Gronzragüer Games,Extended Reality (XR),Palma de Mallorca,Baleares,Spain,http://gronzraguer.es/,NOVO,em-escopo,nao-triado
GTZAStudio,Developer,Altafulla,Tarragona,Spain,https://gtzastudio.com/,ja na fila gamedevmap 06/09,em-escopo,nao-triado
Hidden Trap,Publisher,Villarreal,Valencia,Spain,https://hiddentrap.com/,NOVO,fora-de-escopo,nao-triado
HiWarp,Developer,Murcia,Murcia,Spain,https://hiwarp.com/,ja na fila gamedevmap 06/09,em-escopo,nao-triado
HyperMegaPixel,Developer,Cordoba,Cordoba,Spain,https://kokopasatlas.com,ja na fila gamedevmap 06/09,em-escopo,nao-triado
IGDA Spain - Valencia,Organization,Valencia,Valencia,Spain,https://igda.org/chapters/spain-valencia/,NOVO,fora-de-escopo,nao-triado
Indigo Studios,Developer,Girona,Catalonia,Spain,https://indigostudios.one,ja na fila gamedevmap 06/09,em-escopo,nao-triado
Inverge Studios,Developer,Valencia,Valencia,Spain,https://invergestudios.com/,ja conhecido (painel/csv),em-escopo,"site vivo, porta de carreiras nao localizada no HTML"
Kraken Empire,Developer,Zaragoza,Zaragoza,Spain,https://www.krakenempire.com/,ja conhecido (painel/csv),em-escopo,nao-triado
Kvitravn Games,Microstudio,A Coruña,Galacia,Spain,https://kvitravngames.itch.io/,NOVO,em-escopo,nao-triado
Life Zero Games,Developer,Zaragoza,Zaragoza,Spain,https://www.lifezerogames.com,ja na fila gamedevmap 06/09,em-escopo,nao-triado
Locomalito,Microstudio,Malaga,Malaga,Spain,https://locomalito.com/,NOVO,em-escopo,porta-ok:https://locomalito.com/404.php
Madruga Works,Developer,A Coruña,Galicia,Spain,https://madrugaworks.com/main/,ja na fila gamedevmap 06/09,em-escopo,nao-triado
MainLoop Games,Developer,Bilbao,Bizkaia,Spain,https://www.mainloopvideogames.com,ja na fila gamedevmap 06/09,em-escopo,"site vivo, porta de carreiras nao localizada no HTML"
Majorariatto,Developer,Llucmajor,Mallorca,Spain,https://majorariatto.com/,ja na fila gamedevmap 06/09,em-escopo,nao-triado
Malapata Studio,Developer,Malaga,Malaga,Spain,https://malapatastudio.com/,ja na fila gamedevmap 06/09,em-escopo,"site vivo, porta de carreiras nao localizada no HTML"
Mansion Games,Developer,Palma de Mallorca,Baleares,Spain,https://mansion-games.com/,ja na fila gamedevmap 06/09,em-escopo,nao-triado
Megalevel,Developer and Publisher,Cadiz,Andalucia,Spain,https://megalevel.es,ja na fila gamedevmap 06/09,em-escopo,nao-triado
Milkstone Studios,Developer,Oviedo,Asturias,Spain,https://www.milkstonestudios.com,ja conhecido (painel/csv),em-escopo,nao-triado
Molter Games,Developer,Lleida,Catalonia,Spain,https://www.moltergames.com/,ja na fila gamedevmap 06/09,em-escopo,nao-triado
Moonmana,Developer,Santa Cruz de Tenerife,Canary Islands,Spain,https://moonmana.com/,ja conhecido (painel/csv),em-escopo,nao-triado
Mutant Games,Mobile,Palma de Mallorca,Baleares,Spain,http://www.mutant-games.com,NOVO,em-escopo,nao-triado
Nieko,Developer,Las Palmas de Gran Canaria,Las Palmas,Spain,https://niekoplay.com/,ja conhecido (painel/csv),em-escopo,nao-triado
Nintai Studios,Developer,Santa Cruz de Tenerife,Canary Islands,Spain,https://nintaistudios.com/,ja na fila gamedevmap 06/09,em-escopo,nao-triado
No Brakes Games,Developer,Santa Cruz de Tenerife,Canary Islands,Spain,https://nobrakesgames.com/,ja conhecido (painel/csv),em-escopo,nao-triado
Nopopo,Developer,Valencia,Valencia,Spain,http://nopopo.fun/,ja na fila gamedevmap 06/09,em-escopo,porta-sem-resposta
Nopopo Fun,Microstudio,Valencia,Valencia,Spain,http://nopopo.fun/,NOVO,em-escopo,porta-sem-resposta
Nukefist,Developer,Valencia,Valencia,Spain,https://genokids.com/,ja na fila gamedevmap 06/09,em-escopo,"site vivo, porta de carreiras nao localizada no HTML"
Odders,Extended Reality (XR),Seville,Seville,Spain,https://odderslab.com/,NOVO,em-escopo,"site vivo, porta de carreiras nao localizada no HTML"
Orbisnauta,Serious Games,Las Palmas de Gran Canaria,Las Palmas,Spain,,NOVO,em-escopo,nao-triado
Paradox Interactive,Developer and Publisher,Sitges,Catalonia,Spain,https://www.paradoxinteractive.com/,ja conhecido (painel/csv),em-escopo,nao-triado
PiX Juegos,Developer,Castellon,Castellon,Spain,https://www.pixjuegos.com,ja na fila gamedevmap 06/09,em-escopo,nao-triado
Pixelatto,Developer,Malaga,Malaga,Spain,https://www.pixelatto.com,ja na fila gamedevmap 06/09,em-escopo,"site vivo, porta de carreiras nao localizada no HTML"
PlayMedusa,Developer,Fasnia,Canary Islands,Spain,https://playmedusa.com/,ja na fila gamedevmap 06/09,em-escopo,nao-triado
PlaySpace,Developer,Palma de Mallorca,Mallorca,Spain,https://www.playspace.com,ja na fila gamedevmap 06/09,em-escopo,nao-triado
Polden Publishing,Developer,Valencia,Valencia,Spain,https://www.polden.gg/,ja na fila gamedevmap 06/09,em-escopo,"site vivo, porta de carreiras nao localizada no HTML"
Praenaris,Developer,Donostia,Gipuzkoa,Spain,https://www.praenaris.com/,ja na fila gamedevmap 06/09,em-escopo,nao-triado
promineo studios,Developer,Santa Cruz de Tenerife,Canary Islands,Spain,https://www.promineostudios.com,ja na fila gamedevmap 06/09,em-escopo,nao-triado
Purpure Studio,Developer,Pontevedra,Vigo,Spain,https://purpurest.wordpress.com/,ja na fila gamedevmap 06/09,em-escopo,nao-triado
Quantum Box Games,Developer,Las Palmas de Gran Canaria,Las Palmas,Spain,https://quantumboxgames.wordpress.com/,ja na fila gamedevmap 06/09,em-escopo,nao-triado
Raitalaika Games,Mobile,Villaquilambre,Castilla y Leon,Spain,https://www.ratalaikagames.com,NOVO,em-escopo,nao-triado
Raptor Claw Games,Developer,Seville,Seville,Spain,https://raptorclawapps.com/,ja na fila gamedevmap 06/09,em-escopo,"site vivo, porta de carreiras nao localizada no HTML"
Rarepixels,Mobile,Puerto de la Cruz,Canary Islands,Spain,https://www.rarepixels.com,NOVO,em-escopo,nao-triado
Ratalaika Games,Publisher,Leon,Castilla y Leon,Spain,https://www.ratalaikagames.com/,NOVO,fora-de-escopo,nao-triado
Rehametrics,Health,Valencia,Valencia,Spain,https://www.rehametrics.com,NOVO,fora-de-escopo,nao-triado
Rising Pixel,Developer,Las Palmas de Gran Canaria,Las Palmas,Spain,https://www.risingpixel.com,ja na fila gamedevmap 06/09,em-escopo,nao-triado
Selkie Harbor,Developer,Valencia,Valencia,Spain,https://selkieharbour.com/,ja na fila gamedevmap 06/09,em-escopo,"site vivo, porta de carreiras nao localizada no HTML"
Shanblue Interactive,Developer,Valencia,Valencia,Spain,https://www.shanblue.com,ja na fila gamedevmap 06/09,em-escopo,"site vivo, porta de carreiras nao localizada no HTML"
Siesta Games,Developer,Zaragoza,Zaragoza,Spain,https://siesta-games.com/,ja na fila gamedevmap 06/09,em-escopo,nao-triado
Silent Road Games,Developer,Malaga,Malaga,Spain,http://www.silentroadgames.com/,ja na fila gamedevmap 06/09,em-escopo,porta-sem-resposta
Singular Factory,Serious Games,Las Palmas de Gran Canaria,Las Palmas,Spain,https://www.singularfactory.com/,NOVO,em-escopo,nao-triado
Sonomio Games,Developer,Valladolid,Valladolid,Spain,https://sonomiogames.com/,ja na fila gamedevmap 06/09,em-escopo,nao-triado
Spacego,Mobile,Mallorca,Mallorca,Spain,https://www.spacego.games/,NOVO,em-escopo,porta-ok:https://www.spacego.games
Starloop Studios,Developer,Lleida,Catalonia,Spain,https://www.starloopstudios.com,ja conhecido (painel/csv),em-escopo,nao-triado
Superlumen (SOEDESCO),Extended Reality (XR),Murcia,Murcia,Spain,https://superlumen.es/,NOVO,em-escopo,nao-triado
Tama Games,Developer,Valencia,Valencia,Spain,https://www.tamagames.com,ja na fila gamedevmap 06/09,em-escopo,porta-ok:https://tamagames.com/jobs
Teku Studios,Developer,Teruel,Aragon,Spain,https://www.tekustudios.com/eng/,ja na fila gamedevmap 06/09,em-escopo,nao-triado
The Game Kitchen,Developer,Santa Cruz de Tenerife,Canary Islands,Spain,https://www.thegamekitchen.com,ja na fila gamedevmap 06/09,em-escopo,nao-triado
The Game Kitchen,Developer,Seville,Seville,Spain,https://www.thegamekitchen.com,ja na fila gamedevmap 06/09,em-escopo,porta-ok:https://thegamekitchen.com/jobs/
Tribal-Storm,Publisher,Archena,Murcia,Spain,https://tribal-storm.com/,NOVO,fora-de-escopo,nao-triado
Triple O Games,Developer,Santa Cruz de Tenerife,Canary Islands,Spain,https://tripleogames.com/,ja na fila gamedevmap 06/09,em-escopo,nao-triado
Tsunoa Games,Developer,Alicante,Alicante,Spain,https://tsunoagames.com/,ja na fila gamedevmap 06/09,em-escopo,nao-triado
Video Games Without Borders,Organization,Malaga,Malaga,Spain,https://www.vgwb.org,NOVO,fora-de-escopo,nao-triado
Virtually Live,Extended Reality (XR),Malaga,Malaga,Spain,https://www.virtuallylive.com,NOVO,em-escopo,porta-ok:https://www.virtuallylive.com
Virtway,Developer,Oviedo,Asturias,Spain,https://www.virtway.com,ja na fila gamedevmap 06/09,em-escopo,nao-triado
Wabbaboy,Microstudio,Valencia,Valencia,Spain,https://wabbaboy.dev/,NOVO,em-escopo,"site vivo, porta de carreiras nao localizada no HTML"
Wild Sphere,Developer,Valencia,Valencia,Spain,https://www.wildsphere.es,ja na fila gamedevmap 06/09,em-escopo,"site vivo, porta de carreiras nao localizada no HTML"
Zomorro Studio,Developer,Irun,Gipuzkoa,Spain,https://zomorrostudio.itch.io/,ja na fila gamedevmap 06/09,em-escopo,nao-triado
1337 Game Design,Mobile,Gothenburg,Vastra Gotaland,Sweden,https://1337gamedesign.com/,NOVO,em-escopo,"site vivo, porta de carreiras nao localizada no HTML"
5 Fortress,Developer,Boden,North Bothnia,Sweden,https://www.5fortress.com/,ja na fila gamedevmap 06/09,em-escopo,nao-triado
A Bit Ago,Developer,Sundsvall,Norrland,Sweden,https://abitago.se/,ja na fila gamedevmap 06/09,em-escopo,nao-triado
A Creative Endeavor,Mobile,Gothenburg,Vastra Gotaland,Sweden,https://acreativeendeavor.se/,NOVO,em-escopo,porta-ok:https://acreativeendeavor.se/careers
ActFirst Games,Developer,Bromma,Stockholm,Sweden,https://actfirstgames.com/,ja na fila gamedevmap 06/09,em-escopo,nao-triado
ActiveQuiz Europe,Mobile,Trollhättan,Vastra Gotaland,Sweden,https://www.activequiz.com/,NOVO,em-escopo,nao-triado
Aegik,Developer,Sala,Vastmanland,Sweden,https://aegik.se/,ja na fila gamedevmap 06/09,em-escopo,nao-triado
Aftnareld,Developer,Linkoping,Ostergotland,Sweden,https://www.aftnareld.com/,ja na fila gamedevmap 06/09,em-escopo,"site vivo, porta de carreiras nao localizada no HTML"
agera,Extended Reality (XR),Karlstad,Varmland,Sweden,https://www.toss-vr.com/,NOVO,em-escopo,nao-triado
albert Group,Serious Games,Gothenburg,Vastra Gotaland,Sweden,https://hejalbert.se/,NOVO,em-escopo,porta-ok:https://the-albertgroup.com/careers
Allscope,Investment,Umea,Norrland,Sweden,https://www.allscope.se/,NOVO,fora-de-escopo,nao-triado
aMASE,Serious Games,Balsta,Uppland,Sweden,https://www.amase.se/,NOVO,em-escopo,nao-triado
AmberWing,Developer,Norrkoping,Ostergotland,Sweden,https://www.amberwing.se/,ja na fila gamedevmap 06/09,em-escopo,nao-triado
An Otter Team,Microstudio,Gothenburg,Vastra Gotaland,Sweden,https://www.anotterteam.com/,NOVO,em-escopo,"site vivo, porta de carreiras nao localizada no HTML"
Ancient Well Entertainment,Developer,Arjang,Varmland,Sweden,https://ancientwell.io/,ja na fila gamedevmap 06/09,em-escopo,nao-triado
Anyone's Game Studio,Developer,Uppsala,Uppland,Sweden,https://www.anyonesgame.se/,ja na fila gamedevmap 06/09,em-escopo,"site vivo, porta de carreiras nao localizada no HTML"
Appskeppet,Developer,Gothenburg,Vastra Gotaland,Sweden,https://apskeppet.se/,ja na fila gamedevmap 06/09,em-escopo,"site vivo, porta de carreiras nao localizada no HTML"
Arctic Bones,Microstudio,Norrbotten,Norrbotten,Sweden,https://arcticbones.com/,NOVO,em-escopo,nao-triado
Arctic Game,Organization,Skelleftea,Vasterbotten,Sweden,https://arcticgame.se/,NOVO,fora-de-escopo,nao-triado
Aroko Game Studio,Developer,Lund,Scania,Sweden,https://arokogamestudio.com/,ja na fila gamedevmap 06/09,em-escopo,"site vivo, porta de carreiras nao localizada no HTML"
Art in Heart,Developer,Vasteras,Vastmanland,Sweden,https://gonnergame.com/,ja na fila gamedevmap 06/09,em-escopo,nao-triado
Athletic Design,Developer,Lund,Scania,Sweden,https://www.athleticdesign.se/,ja na fila gamedevmap 06/09,em-escopo,"site vivo, porta de carreiras nao localizada no HTML"
Atomic Elbow,Developer,Sundsvall,Norrland,Sweden,https://atomicelbow.com/,ja na fila gamedevmap 06/09,em-escopo,nao-triado
Atvis,Serious Games,Gothenburg,Vastra Gotaland,Sweden,https://atvis.com/,NOVO,em-escopo,porta-ok:https://atvis.com
Aurora Arts,Developer,Skoevde,Vastra Gotaland,Sweden,https://www.auroraartsstudio.com/,ja na fila gamedevmap 06/09,em-escopo,"site vivo, porta de carreiras nao localizada no HTML"
Average Arcade,Microstudio,Gothenburg,Vastra Gotaland,Sweden,https://averagearcade.com/,NOVO,em-escopo,"site vivo, porta de carreiras nao localizada no HTML"
Avokodo Studios,Mobile,Linkoping,Ostergotland,Sweden,https://avokodo.com/,NOVO,em-escopo,"site vivo, porta de carreiras nao localizada no HTML"
Ballistic Pork,Developer,Jorn,Vasterbotten,Sweden,https://ballisticpork.se/,ja na fila gamedevmap 06/09,em-escopo,nao-triado
Beardybird,Microstudio,Gothenburg,Vastra Gotaland,Sweden,https://beardybird.com/,NOVO,em-escopo,"site vivo, porta de carreiras nao localizada no HTML"
Beartwigs,Developer,Linkoping,Ostergotland,Sweden,https://beartwigs.com/,ja na fila gamedevmap 06/09,em-escopo,porta-ok:https://beartwigs.com/careers/
Big Mood Studios,Developer,Skoevde,Vastra Gotaland,Sweden,https://bigmood.se/,ja na fila gamedevmap 06/09,em-escopo,"site vivo, porta de carreiras nao localizada no HTML"
Big Mood Studios,Developer,Uppsala,Uppland,Sweden,https://bigmood.se/,ja na fila gamedevmap 06/09,em-escopo,"site vivo, porta de carreiras nao localizada no HTML"
Bitwave,Microstudio,Gothenburg,Vastra Gotaland,Sweden,https://www.bitwavegames.com/,NOVO,em-escopo,"site vivo, porta de carreiras nao localizada no HTML"
Blackdoor,Microstudio,Lund,Scania,Sweden,https://www.blackdoor-studio.com/,NOVO,em-escopo,"site vivo, porta de carreiras nao localizada no HTML"
Blackdrop Interactive,Developer,Karlskrona,Gotaland,Sweden,https://www.blackdropinteractive.com/,ja na fila gamedevmap 06/09,em-escopo,nao-triado
Blackfox Studios,Online,Sodermalm,Stockholm,Sweden,https://www.blackfoxstudios.se/,NOVO,em-escopo,nao-triado
Blamorama Games,Mobile,Lulea,Norrbotten,Sweden,https://blamoramagames.com/,NOVO,em-escopo,nao-triado
Blast Bit Enterprises,Mobile,Umea,Norrland,Sweden,https://www.blastbit.net/,NOVO,em-escopo,"site vivo, porta de carreiras nao localizada no HTML"
Boden Game Incubator,Incubator/Accelerator,Boden,North Bothnia,Sweden,https://bodengamecamp.com/,NOVO,fora-de-escopo,nao-triado
Borrowed Soul Studio,Microstudio,Norrkoping,Ostergotland,Sweden,https://borrowedsoul.com/,NOVO,em-escopo,nao-triado
Box Dragon (Coffee Stain),Developer,Gothenburg,Vastra Gotaland,Sweden,https://boxdragon.se/,ja conhecido (painel/csv),em-escopo,porta-ok:https://www.boxdragon.se/jobs
Breaker Interactive,Microstudio,Kungsbacka,Halland,Sweden,https://aniwars.com/,NOVO,em-escopo,nao-triado
Brimstone,Developer,Remote,Remote,Sweden,https://brimstone.games/,ja na fila gamedevmap 06/09,em-escopo,nao-triado
Brimstone Games,Developer,Skoevde,Vastra Gotaland,Sweden,https://brimstone.games/,ja na fila gamedevmap 06/09,em-escopo,porta-ok:https://brimstonegames.notion.site/Work-with-us-197bef5221354684a0cd76ecbcab7957
BulletHell Studios,Developer,Vasteras,Vastmanland,Sweden,https://bullethellstudios.com/,ja na fila gamedevmap 06/09,em-escopo,nao-triado
Bumblebee Studios,Developer,Solna,Stockholm,Sweden,https://www.bumblebee-studios.se/,ja na fila gamedevmap 06/09,em-escopo,porta-ok:https://www.bumblebee-studios.se/careers
Campground Interactive,Developer,Falun,Dalarna,Sweden,https://www.campground.se/,ja na fila gamedevmap 06/09,em-escopo,nao-triado
Catalope Games,Microstudio,Linkoping,Linkoping,Sweden,https://catalope.co/,NOVO,em-escopo,"site vivo, porta de carreiras nao localizada no HTML"
Choofun Games,Mobile,Gothenburg,Vastra Gotaland,Sweden,https://choofun.com/,NOVO,em-escopo,"site vivo, porta de carreiras nao localizada no HTML"
Christoffer Bodegard,Microstudio,Skoevde,Vastra Gotaland,Sweden,https://christofferbodegard.com/,NOVO,em-escopo,"site vivo, porta de carreiras nao localizada no HTML"
Chronocle,Microstudio,Linkoping,Ostergotland,Sweden,https://www.chronocle.com/,NOVO,em-escopo,"site vivo, porta de carreiras nao localizada no HTML"
Clear River Games,Publisher,Karlstad,Varmland,Sweden,https://www.clearrivergames.com/,NOVO,fora-de-escopo,nao-triado
Clifftop Games,Developer,Hedemora,Dalarna,Sweden,https://www.clifftopgames.com/,ja na fila gamedevmap 06/09,em-escopo,nao-triado
Cloudberry Pine,Microstudio,Leksand,Dalarna,Sweden,https://cloudberrypine.com/,NOVO,em-escopo,nao-triado
Code Club,Developer,Motala,Ostergotland,Sweden,http://codeclub.se/,ja na fila gamedevmap 06/09,em-escopo,nao-triado
Coffee Stain Studios,Developer and Publisher,Skoevde,Vastra Gotaland,Sweden,https://www.coffeestainstudios.com,ja na fila gamedevmap 06/09,em-escopo,porta-ok:https://jobs.coffeestain.com/#jobs
Coil Works,Microstudio,Skoevde,Vastra Gotaland,Sweden,https://coilworks.se/,NOVO,em-escopo,"site vivo, porta de carreiras nao localizada no HTML"
Cold River Games,Developer,Umea,Norrland,Sweden,https://crg.studio/,ja na fila gamedevmap 06/09,em-escopo,porta-ok:https://crystalfall.com/careers
Correcture Games,Microstudio,Norrkoping,Ostergotland,Sweden,https://www.correcturegames.com/,NOVO,em-escopo,nao-triado
Creative AI Nordic,Microstudio,Stromstad,Vastra Gotaland,Sweden,https://www.creativeai.se/,NOVO,em-escopo,nao-triado
Creative Crowd,Serious Games,Skelleftea,Vasterbotten,Sweden,https://www.creativecrowd.se/,NOVO,em-escopo,nao-triado
Cutting Corner Games,Developer,Linkoping,Ostergotland,Sweden,https://cuttingcornergames.com/,ja na fila gamedevmap 06/09,em-escopo,porta-sem-resposta
Dalen Studios,Developer,Dalby,Scania,Sweden,https://www.dalenstudios.com/,ja na fila gamedevmap 06/09,em-escopo,nao-triado
David Marquardt Studios,Microstudio,Umea,Norrland,Sweden,https://davidmarquardtstudios.com/,NOVO,em-escopo,porta-sem-resposta
Dazed Games,Microstudio,Skoevde,Vastra Gotaland,Sweden,https://dazed.games/,NOVO,em-escopo,"site vivo, porta de carreiras nao localizada no HTML"
Dead People Dreaming,Microstudio,Uppsala,Uppland,Sweden,https://deadpeopledreaming.com/,NOVO,em-escopo,porta-ok:https://deadpeopledreaming.com/careers
Decemberborn Interactive,Developer,Helsingborg,Scania,Sweden,https://decemberborn.com/,ja na fila gamedevmap 06/09,em-escopo,nao-triado
Dennaton Games,Developer,Gothenburg,Vastra Gotaland,Sweden,https://www.dennaton.com,ja na fila gamedevmap 06/09,em-escopo,"site vivo, porta de carreiras nao localizada no HTML"
DICE (Electronic Arts),Developer,Gothenburg,Vastra Gotaland,Sweden,https://dice.se/,ja na fila gamedevmap 06/09,em-escopo,porta-ok:https://www.dice.se/careers
Dinomite Games,Developer,Uppsala,Uppland,Sweden,https://www.kindabrave.com/,ja na fila gamedevmap 06/09,em-escopo,quadro teamtailor em dominio proprio (https://careers.kindabrave.com) - sem vaga da disciplina hoje
Doctor Entertainment,Developer and Publisher,Uppsala,Uppland,Sweden,https://www.doctorentertainment.com,ja na fila gamedevmap 06/09,em-escopo,"site vivo, porta de carreiras nao localizada no HTML"
Double Zero One Zero,Developer,Skoevde,Vastra Gotaland,Sweden,https://www.doublezeroonezero.com,ja na fila gamedevmap 06/09,em-escopo,"site vivo, porta de carreiras nao localizada no HTML"
Doublecap,Developer,Linkoping,Ostergotland,Sweden,https://www.doublecap.com/,ja na fila gamedevmap 06/09,em-escopo,"site vivo, porta de carreiras nao localizada no HTML"
DoubleMoose Games,Developer,Skoevde,Vastra Gotaland,Sweden,https://doublemoose.com/,ja conhecido (painel/csv),em-escopo,porta-ok:https://doublemoose.com/jobs
Dovora Interactive,Mobile,Norrtalje,Stockholm,Sweden,https://www.dovora.com/,NOVO,em-escopo,nao-triado
Dreamon Studios,Microstudio,Gothenburg,Vastra Gotaland,Sweden,https://dreamonstudios.com/,NOVO,em-escopo,"site vivo, porta de carreiras nao localizada no HTML"
DVapps,Mobile,Eskilstuna,Sodermanland,Sweden,https://dvloperapps.weebly.com/,NOVO,em-escopo,nao-triado
E Games Invest Nordic,Investment,Molndal,Vastra Gotaland,Sweden,https://eginvest.se/,NOVO,fora-de-escopo,nao-triado
EA Gothenburg (Electronic Arts),Publisher,Gothenburg,Vastra Gotaland,Sweden,https://ea.com/,ja conhecido (painel/csv),fora-de-escopo,nao-triado
Early Morning Studio,Developer,Gavle,Gavleborg,Sweden,https://earlymorningstudio.com/,ja na fila gamedevmap 06/09,em-escopo,nao-triado
East Sweden Game,Incubator/Accelerator,Linkoping,Ostergotland,Sweden,https://eastswedengame.se/,NOVO,fora-de-escopo,nao-triado
Easy Trigger Games (Coffee Stain),Developer,Trollhattan,Vastra Gotaland,Sweden,https://www.easytrigger.com,ja conhecido (painel/csv),em-escopo,nao-triado
Edym Pixels,Microstudio,Sundsvall,Norrland,Sweden,https://edympixels.com,NOVO,em-escopo,nao-triado
El Huervo,Developer,Gothenburg,Vastra Gotaland,Sweden,https://elhuervo.com/,ja na fila gamedevmap 06/09,em-escopo,"site vivo, porta de carreiras nao localizada no HTML"
Elden Pixels,Developer and Publisher,Gothenburg,Vastra Gotaland,Sweden,https://eldenpixels.com/,ja na fila gamedevmap 06/09,em-escopo,porta-ok:https://eldenpixels.com/career/
Elscar Games,Developer,Gothenburg,Vastra Goteland,Sweden,https://foxogame.com/,ja na fila gamedevmap 06/09,em-escopo,"site vivo, porta de carreiras nao localizada no HTML"
Elva Entertainment,Developer,Skoevde,Vastra Gotaland,Sweden,https://elvaentertainment.com/,ja na fila gamedevmap 06/09,em-escopo,"site vivo, porta de carreiras nao localizada no HTML"
Ember Paw Entertainment,Developer,Skoevde,Vastra Gotaland,Sweden,https://www.odinfall.com/,ja na fila gamedevmap 06/09,em-escopo,"site vivo, porta de carreiras nao localizada no HTML"
Ember Paw Games,Microstudio,Skoevde,Vastra Gotaland,Sweden,https://ember-paw-games.itch.io/,ja na fila gamedevmap 06/09,em-escopo,"site vivo, porta de carreiras nao localizada no HTML"
Ember Trail,Developer,Uppsala,Uppland,Sweden,https://www.embertrail.com/,ja na fila gamedevmap 06/09,em-escopo,porta-ok:https://www.embertrail.com/careers
Erik Svedang,Microstudio,Halmstad,Halland,Sweden,https://www.eriksvedang.com/,NOVO,em-escopo,nao-triado
Exiom's Corner,Microstudio,Lund,Scania,Sweden,https://exiomscorner.com/,NOVO,em-escopo,"site vivo, porta de carreiras nao localizada no HTML"
Fancade,Mobile,Linkoping,Ostergotland,Sweden,https://www.fancade.com/,NOVO,em-escopo,"site vivo, porta de carreiras nao localizada no HTML"
Feeble Minds,Developer,Gothenburg,Vastra Gotaland,Sweden,https://feebleminds.se/,ja na fila gamedevmap 06/09,em-escopo,"site vivo, porta de carreiras nao localizada no HTML"
Feral Flame Studios,Developer,Skelleftea,Vasterbotten,Sweden,https://www.feralflamestudios.com/,ja na fila gamedevmap 06/09,em-escopo,nao-triado
Flamebait Games,Developer,Skoevde,Vastra Gotaland,Sweden,https://www.flamebaitgames.com,ja conhecido (painel/csv),em-escopo,porta-ok:https://www.flamebaitgames.com/jobs/
Frame Break (Amplifier Game Invest),Developer,Skoevde,Vastra Gotaland,Sweden,https://framebreak.se/,ja conhecido (painel/csv),em-escopo,"a mencao a 3D Artist e a pagina do time, nao vaga"
Fredaikis,Online,Upplands Vasby,Stockholm,Sweden,https://fredaikis.com/,NOVO,em-escopo,nao-triado
Frictional Games,Developer,Helsingborg,Scania,Sweden,https://www.frictionalgames.com,ja na fila gamedevmap 06/09,em-escopo,nao-triado
Frojo Apps,Mobile,Uppsala,Uppland,Sweden,https://www.frojoapps.com/,NOVO,em-escopo,"site vivo, porta de carreiras nao localizada no HTML"
Frostcore,Developer,Skoevde,Vastra Gotaland,Sweden,https://frostcore.se/,ja na fila gamedevmap 06/09,em-escopo,"site vivo, porta de carreiras nao localizada no HTML"
Frostglade,Microstudio,Karlstad,Varmland,Sweden,https://www.frostglade.com/,NOVO,em-escopo,nao-triado
Frostspektrum Interactive,Microstudio,Umea,Norrland,Sweden,http://frostspektrum.com/,NOVO,em-escopo,"site vivo, porta de carreiras nao localizada no HTML"
FunDoubler,Developer,Hagersten,Stockholm,Sweden,https://fundoubler.com/,ja na fila gamedevmap 06/09,em-escopo,nao-triado
FunRock Development (Fragbite Group),Mobile,Sodermalm,Stockholm,Sweden,https://funrock.com/,NOVO,em-escopo,nao-triado
Fuyu Games,Microstudio,Kista,Stockholm,Sweden,https://www.fuyugames.com/,NOVO,em-escopo,nao-triado
Gamatron,Developer,Visby,Gotland,Sweden,https://x.com/songsofsyx,ja na fila gamedevmap 06/09,em-escopo,nao-triado
Game Boost Sweden,Developer,Umea,Norrland,Sweden,https://www.gameboost.se/,ja na fila gamedevmap 06/09,em-escopo,"quadro teamtailor vivo, 9 vagas, nenhuma da disciplina"
Game Hub Umea,Organization,Umea,Norrland,Sweden,https://opencollective.com/game-hub-umea,NOVO,fora-de-escopo,nao-triado
Gameport,Developer,Karlshamn,Blekinge,Sweden,https://www.gameport.se,ja na fila gamedevmap 06/09,em-escopo,nao-triado
Gamer Realities,Developer,Angelholms kommun,Malmo,Sweden,https://www.gamereality.se/,ja na fila gamedevmap 06/09,em-escopo,nao-triado
Gaming Corps,Developer,Uppsala,Uppland,Sweden,https://www.gamingcorps.com,ja na fila gamedevmap 06/09,em-escopo,porta-ok:https://gamingcorps.com/careers/
Gibbet Games,Developer,Skoevde,Vastra Gotaland,Sweden,https://gibbetgames.com/,ja na fila gamedevmap 06/09,em-escopo,"site vivo, porta de carreiras nao localizada no HTML"
Gigantic Duck,Developer,Boras,Vastra Gotaland,Sweden,https://giganticduck.com/,ja conhecido (painel/csv),em-escopo,nao-triado
Giron Software,Mobile,Gavle,Gavleborg,Sweden,https://www.gironsoftware.com/,NOVO,em-escopo,nao-triado
Glass Rock Gathering,Microstudio,Nybro,Gotland,Sweden,https://glass-rock-gathering.itch.io/,NOVO,em-escopo,nao-triado
GleeMill,Microstudio,Ostersund,Jamtland,Sweden,https://gleemill-games.itch.io/,NOVO,em-escopo,nao-triado
Global Fun,Publisher,Karlskrona,Gotaland,Sweden,https://www.globalfun.com,NOVO,fora-de-escopo,porta-ok:https://www.globalfun.com/careers
Gold Town Games,Mobile,Skelleftea,Vasterbotten,Sweden,https://goldtowngames.com/en/,NOVO,em-escopo,nao-triado
Good Old Pixel,Developer,Borlänge,Borlänge,Sweden,https://www.goodoldpixel.com/,ja na fila gamedevmap 06/09,em-escopo,nao-triado
Graewolv,Developer,Linkoping,Ostergotland,Sweden,https://graewolv.com/,ja na fila gamedevmap 06/09,em-escopo,"site vivo, porta de carreiras nao localizada no HTML"
Grand Pike (Gold Town Games),Mobile,Skelleftea,Vasterbotten,Sweden,https://goldtowngames.com/en/,NOVO,em-escopo,nao-triado
Grenaa Games,Developer,Vinslov,Scania,Sweden,https://grenaagames.com/,ja na fila gamedevmap 06/09,em-escopo,nao-triado
Grey Tower,Developer,Kramfors,Vasternorrland,Sweden,https://www.greytowerstudios.com/,ja na fila gamedevmap 06/09,em-escopo,nao-triado
Greyish Games,Developer,Kungalv,Vastra Gotaland,Sweden,https://www.greyishgames.com,ja na fila gamedevmap 06/09,em-escopo,nao-triado
Hadoque,Developer,Gothenburg,Vastra Gotaland,Sweden,https://ultrosgame.com/,ja na fila gamedevmap 06/09,em-escopo,"site vivo, porta de carreiras nao localizada no HTML"
Happi Papi,Serious Games,Burlov,Scania,Sweden,https://happipapi.com/,NOVO,em-escopo,nao-triado
Hatokuma Games,Microstudio,Jonkoping,Småland,Sweden,https://www.hatokumagames.com/,NOVO,em-escopo,nao-triado
Hazelight,Developer,Hoganas,Scania,Sweden,https://www.hazelight.se,ja na fila gamedevmap 06/09,em-escopo,quadro teamtailor em dominio proprio (https://careers.hazelight.se) - sem vaga da disciplina hoje
Head Coach Games,Developer,Tranas,Småland,Sweden,https://www.headcoachgames.se/,ja na fila gamedevmap 06/09,em-escopo,nao-triado
Hello There Games,Developer,Gothenburg,Vastra Gotaland,Sweden,https://hellotheregames.com/,ja na fila gamedevmap 06/09,em-escopo,porta-sem-resposta
Hex Foundry Entertainment,Developer,Skelleftea,Vasterbotten,Sweden,https://hexfoundry.se/,ja na fila gamedevmap 06/09,em-escopo,nao-triado
Holmcom,Microstudio,Linkoping,Ostergotland,Sweden,https://www.holmcom.com/,NOVO,em-escopo,"site vivo, porta de carreiras nao localizada no HTML"
House of How Sweden,Developer,Boden,North Bothnia,Sweden,https://www.houseofhow.com,ja conhecido (painel/csv),em-escopo,nao-triado
Housefire Games,Developer,Gothenburg,Vastra Gotaland,Sweden,https://housefiregames.com/,ja na fila gamedevmap 06/09,em-escopo,"site vivo, porta de carreiras nao localizada no HTML"
Imperial Playgrounds,Developer,Gothenburg,Vastra Gotaland,Sweden,https://imperialplaygrounds.com/,ja na fila gamedevmap 06/09,em-escopo,"site vivo, porta de carreiras nao localizada no HTML"
InDirection Games,Developer,Gothenburg,Gotaland,Sweden,https://indirectiongames.com/,ja na fila gamedevmap 06/09,em-escopo,porta-sem-resposta
INNTQ,Developer,Almhult,Småland,Sweden,https://www.inntq.com/,ja na fila gamedevmap 06/09,em-escopo,nao-triado
Insanto Studios,Developer,Forshaga,Varmland,Sweden,https://www.insantostudios.com/,ja na fila gamedevmap 06/09,em-escopo,nao-triado
Iron Gate Studio (Coffee Stain),Developer,Skoevde,Vastra Gotaland,Sweden,https://www.irongatestudio.se,ja na fila gamedevmap 06/09,em-escopo,porta-ok:https://irongate.se/careers/
Itatake,Mobile,Gothenburg,Vastra Gotaland,Sweden,https://itatake.com/,NOVO,em-escopo,porta-ok:https://itatake.com/careers/
Iterative Studios,Developer,Visby,Gotland,Sweden,https://nordicandia.com/,ja na fila gamedevmap 06/09,em-escopo,nao-triado
JE Software,Developer,Kristianstad,Scania,Sweden,https://www.jesoftware.se/,ja na fila gamedevmap 06/09,em-escopo,nao-triado
JETEBRA Games,Developer,Skoevde,Vastra Gotaland,Sweden,https://jetebra.se/,ja na fila gamedevmap 06/09,em-escopo,porta-sem-resposta
Jonnil,Microstudio,Holsbybrunn,Småland,Sweden,https://jonnil.games/,NOVO,em-escopo,nao-triado
KEP Games,Mobile,Molle,Scania,Sweden,https://www.crossboss.com/,NOVO,em-escopo,nao-triado
Kibix,Organization,Umea,Norrland,Sweden,https://www.kibix.com/,NOVO,fora-de-escopo,nao-triado
Killmonday Games,Developer,Hedemora,Dalarna,Sweden,https://killmondaygames.com/,ja conhecido (painel/csv),em-escopo,nao-triado
Kinda Brave Entertainment,Developer and Publisher,Uppsala,Uppland,Sweden,https://www.kindabrave.com/,ja na fila gamedevmap 06/09,em-escopo,porta-ok:https://careers.kindabrave.com/
Kiwick Studios,Developer,Falun,Dalarna,Sweden,https://kiwickstudios.com/,ja na fila gamedevmap 06/09,em-escopo,nao-triado
Knackelibang,Microstudio,Skoevde,Vastra Gotaland,Sweden,https://www.knackelibang.com/,NOVO,em-escopo,"site vivo, porta de carreiras nao localizada no HTML"
Konjak,Developer,Jonkoping,Småland,Sweden,https://konjak.org/,ja na fila gamedevmap 06/09,em-escopo,nao-triado
KONUNGER GAMES,Microstudio,Sundsvall,Norrland,Sweden,https://www.konungergames.com/,NOVO,em-escopo,nao-triado
Krufs Productions,Microstudio,Forshaga,Blekinge,Sweden,https://krufsproductions.com/,NOVO,em-escopo,nao-triado
Lavapotion (Coffee Stain),Developer,Gothenburg,Vastra Gotaland,Sweden,https://www.lavapotion.com,NOVO,em-escopo,"site vivo, porta de carreiras nao localizada no HTML"
Let it Roll,Microstudio,Skoevde,Vastra Gotaland,Sweden,https://letitrollproductions.com/,NOVO,em-escopo,"site vivo, porta de carreiras nao localizada no HTML"
Level Stars,Mobile,Alvsjo,Stockholm,Sweden,https://levelstars.com/,NOVO,em-escopo,nao-triado
Lexip Games,Developer,Gothenburg,Vastra Gotaland,Sweden,http://www.lexipgames.com/,NOVO,em-escopo,"site vivo, porta de carreiras nao localizada no HTML"
LingoLooper,Developer,Gothenburg,Vastra Gotaland,Sweden,https://www.lingolooper.com/,ja conhecido (painel/csv),em-escopo,"site vivo, porta de carreiras nao localizada no HTML"
Liopep,Health,Linkoping,Ostergotland,Sweden,https://liopep.com/,NOVO,fora-de-escopo,nao-triado
Liquid Swords,Developer,Nacka,Stockholm,Sweden,https://liquidswords.com/,NOVO,em-escopo,nao-triado
Lost Hive Studios,Developer,Nordingra,Vasternorrland,Sweden,https://losthivestudios.com/,NOVO,em-escopo,nao-triado
Lost Sock Studio,Microstudio,Uppsala,Uppland,Sweden,https://www.lostsockstudio.com/,NOVO,em-escopo,"site vivo, porta de carreiras nao localizada no HTML"
Low Peak Studios,Microstudio,Sodermalm,Stockholm,Sweden,https://www.lowpeakstudios.com/,NOVO,em-escopo,nao-triado
Ludosity Interactive,Developer,Skoevde,Vastra Gotaland,Sweden,https://www.ludosity.com,NOVO,em-escopo,"site vivo, porta de carreiras nao localizada no HTML"
Lutra Interactive,Serious Games,Linkoping,Ostergotland,Sweden,https://www.lutrainteractive.se/,NOVO,em-escopo,"site vivo, porta de carreiras nao localizada no HTML"
Lxip Games,Microstudio,Ostra Bergsjon,Vastra Gotaland,Sweden,http://www.lexipgames.com/,NOVO,em-escopo,nao-triado
MachineGames (ZeniMax Media),Developer,Uppsala,Uppland,Sweden,https://www.machinegames.com,NOVO,em-escopo,"site vivo, porta de carreiras nao localizada no HTML"
Madcake Studios,Developer,Skoevde,Vastra Gotaland,Sweden,https://www.madcakestudios.com/,NOVO,em-escopo,porta-ok:https://www.madcakestudios.com/wp-content/plugins/jobboardwp/assets/common/libs/jquery-ui/jquery-ui.min.css?ver=1.12.1
Malformation Games,Developer,Tyreso,Stockholm,Sweden,https://www.malformation-games.com/,NOVO,em-escopo,nao-triado
Mana Brigade,Microstudio,Karlshamn,Blekinge,Sweden,https://www.manabrigade.com/,NOVO,em-escopo,nao-triado
ManagerZone,Online,Karlskrona,Gotaland,Sweden,https://www.managerzone.com,NOVO,em-escopo,nao-triado
Martin Magni,Mobile,Atvidaberg,Ostergotland,Sweden,https://martinmagni.com/,NOVO,em-escopo,nao-triado
Metropolis Digital,Social,Lulea,Norrbotten,Sweden,https://www.metropolis.se/,NOVO,em-escopo,nao-triado
Mighty Magpie,Microstudio,Linkoping,Ostergotland,Sweden,https://mighty-magpie.itch.io/,NOVO,em-escopo,"site vivo, porta de carreiras nao localizada no HTML"
Mind Detonator,Incubator/Accelerator,Skelleftea,Vasterbotten,Sweden,https://minddetonator.com/,NOVO,fora-de-escopo,nao-triado
MindArk,Online,Gothenburg,Vastra Gotaland,Sweden,https://www.mindark.com,NOVO,em-escopo,quadro teamtailor em dominio proprio (https://career.mindark.com) - sem vaga da disciplina hoje
Mindforce Game Labs,Health,Molndal,Vastra Gotaland,Sweden,https://mindforcegamelab.com/,NOVO,fora-de-escopo,nao-triado
Ming Media,Developer,Remote,Remote,Sweden,https://mingmedia.io/,NOVO,em-escopo,nao-triado
Miracle Bread,Microstudio,Boden,Norrbotten,Sweden,https://miraclebreadgames.com/,NOVO,em-escopo,nao-triado
Mistwave Interactive,Developer,Gothenburg,Vastra Gotaland,Sweden,https://mistwave.se/,NOVO,em-escopo,"site vivo, porta de carreiras nao localizada no HTML"
Modus Studios,Developer,Norrkoping,Ostergotland,Sweden,https://maximument.com/,NOVO,em-escopo,nao-triado
Modus Studios (Maximum Games),Developer and Publisher,Umea,Norrland,Sweden,https://maximument.com/,NOVO,em-escopo,porta-ok:https://maximument.com/careers/
Molntuss Spel,Microstudio,Sundsvall,Norrland,Sweden,http://www.molntussgames.com/,NOVO,em-escopo,nao-triado
Monsuta,Microstudio,Helsingborg,Scania,Sweden,https://monsuta.se/,NOVO,em-escopo,nao-triado
Moon Flame Games,Microstudio,Ramsjo,Gavleborg,Sweden,https://moonflamegames.itch.io/,NOVO,em-escopo,nao-triado
MoonHood Studios,Developer,Gothenburg,Vastra Gotaland,Sweden,https://moonhood.se/,NOVO,em-escopo,"site vivo, porta de carreiras nao localizada no HTML"
MVRX games,Developer,Umea,Norrland,Sweden,https://www.mvrx-games.com/,NOVO,em-escopo,"site vivo, porta de carreiras nao localizada no HTML"
Mystwood Studios,Developer,Solna,Stockholm,Sweden,https://mystwoodstudios.com/,NOVO,em-escopo,"site vivo, porta de carreiras nao localizada no HTML"
MythoLogic Interactive,Microstudio,Eskilstuna,Sodermanland,Sweden,https://mythologicinteractive.com/,NOVO,em-escopo,nao-triado
Nattland Interactive,Developer,Skoevde,Vastra Gotaland,Sweden,https://nattland.se/,NOVO,em-escopo,"site vivo, porta de carreiras nao localizada no HTML"
Nebryx,Mobile,Bromma,Stockholm,Sweden,https://www.nebryx.se/,NOVO,em-escopo,nao-triado
Neckbolt,Developer,Gothenburg,Vastra Gotaland,Sweden,https://neckboltgames.com/,NOVO,em-escopo,porta-sem-resposta
Neighbourly Games,Mobile,Ljusslingan,Stockholm,Sweden,https://www.neighbourlygames.com/,NOVO,em-escopo,nao-triado
Neon Giant,Developer,Uppsala,Uppland,Sweden,https://www.neongiant.se,NOVO,em-escopo,quadro teamtailor em dominio proprio (https://jobs.neongiant.se) - sem vaga da disciplina hoje
Neon Haze Game Studio,Developer,Saffle,Varmland,Sweden,https://neonhazegamestudio.com/,NOVO,em-escopo,nao-triado
NetherMoon Game Studio,Developer,Karlstad,Varmland,Sweden,https://nethermoon.com/,NOVO,em-escopo,nao-triado
Nexile,Developer,Uppsala,Uppland,Sweden,https://nexile.se/,NOVO,em-escopo,"site vivo, porta de carreiras nao localizada no HTML"
Nimble Giant Entertainment,Developer,Karlstad,Varmland,Sweden,https://nimblegiant.com/,NOVO,em-escopo,nao-triado
Nine Lives Game Studio,Developer,Karlstad,Varmland,Sweden,https://ninelivesgamestudio.com/,NOVO,em-escopo,nao-triado
Nodbrim,Developer,Ronneby,Blekinge,Sweden,https://nodbrim.com/,NOVO,em-escopo,nao-triado
Nordcurrent,Developer and Publisher,Gothenburg,Vastra Gotaland,Sweden,https://www.nordcurrent.com,ja conhecido (painel/csv),em-escopo,"vaga Lead 2D/3D Artist em Vilnius, a partir de 4400 EUR/mes bruto - disciplina 2D/3D misturada, prioridade MEDIA"
Nordic Game Ventures,Investment,Skanor,Scania,Sweden,https://nordicgameventures.com/,NOVO,fora-de-escopo,nao-triado
Nordic Software for Entertainment,Developer,Arsta,Uppland,Sweden,https://www.nordicsoftware.se/,NOVO,em-escopo,nao-triado
nornware,Developer,Molndal,Stockholm,Sweden,https://www.nornware.com/,NOVO,em-escopo,nao-triado
North Kingdom Design & Commu,Developer,Tulegatan,Stockholm,Sweden,https://www.northkingdom.com/,NOVO,em-escopo,"quadro Teamtailor em dominio proprio: unica entrada e Freelancers of Europe, remoto total, pede designer UI/UX/3D e diz where you're based (ideally Europe) - porta de freelance, prioridade BAIXA"
Noumenon Games,Developer,Karlshamn,Blekinge,Sweden,https://noumenongames.com/,NOVO,em-escopo,nao-triado
Nuggets Entertainment,Developer,Skoevde,Vastra Gotaland,Sweden,https://www.amongthewildgame.com/,NOVO,em-escopo,"site vivo, porta de carreiras nao localizada no HTML"
Oddiko,Developer,Gothenburg,Vastra Gotaland,Sweden,https://www.oddiko.com/,NOVO,em-escopo,"site vivo, porta de carreiras nao localizada no HTML"
Odenity Interactive,Extended Reality (XR),Vanersborg,Vastra Gotaland,Sweden,https://odenity.se/,NOVO,em-escopo,nao-triado
Offworld Corporation,Serious Games,Solna,Stockholm,Sweden,https://offworldcorp.se/,NOVO,em-escopo,"site vivo, porta de carreiras nao localizada no HTML"
Omniscapes Interactive,Developer and Publisher,Karlstand,Stockholm,Sweden,https://www.omniscapesinteractive.com/,NOVO,em-escopo,nao-triado
Oryx Simulations,Extended Reality (XR),Umea,Norrland,Sweden,https://www.oryx.se/,NOVO,em-escopo,porta-ok:https://www.oryx.se/career
Oskar Stalberg,Online,Uppsala,Uppland,Sweden,https://oskarstalberg.tumblr.com/,NOVO,em-escopo,"site vivo, porta de carreiras nao localizada no HTML"
Oxeye Game Studio,Developer,Johanneshov,Stockholm,Sweden,http://www.oxeyegames.com/,ja na fila gamedevmap 06/09,em-escopo,nao-triado
Parrexion Games,Microstudio,Umea,Norrland,Sweden,https://parrexion.github.io/,NOVO,em-escopo,"site vivo, porta de carreiras nao localizada no HTML"
Pathos Interactive,Developer,Gothenburg,Vastra Gotaland,Sweden,https://www.pathosinteractive.net,ja na fila gamedevmap 06/09,em-escopo,"lista permanente 3D Artist e Technical Artist sem data, candidatura pelo formulario /Contact/?Job - MEDIA"
Pax6 Games,Developer,Gothenburg,Vastra Gotaland,Sweden,http://www.pax6games.com/home,ja na fila gamedevmap 06/09,em-escopo,porta-sem-resposta
Perpetuum Media Sverige,Publisher,Norrkoping,Ostergotland,Sweden,https://www.perpetuum-media.com/,NOVO,fora-de-escopo,nao-triado
Photon Forge,Microstudio,Visby,Gotland,Sweden,https://www.photonforge.se/,NOVO,em-escopo,nao-triado
Pigs Will Fly Studios,Developer,Jonkoping,Småland,Sweden,https://pigswillflystudios.com/,ja na fila gamedevmap 06/09,em-escopo,nao-triado
Piktiv,Developer,Skoevde,Vastra Gotaland,Sweden,https://piktiv.com/,ja na fila gamedevmap 06/09,em-escopo,porta-ok:https://piktiv.com/careers
Pixel Ferrets,Developer,Visby,Gotland,Sweden,https://secretsofgrindea.com/,ja na fila gamedevmap 06/09,em-escopo,nao-triado
Pixelbite,Mobile,Helsingborg,Scania,Sweden,https://www.pixelbite.se,NOVO,em-escopo,nao-triado
Pixleon,Microstudio,Linkoping,Ostergotland,Sweden,https://pixleon.com/,NOVO,em-escopo,"site vivo, porta de carreiras nao localizada no HTML"
Polysoup Interactive,Developer,Skelleftea,Vasterbotten,Sweden,https://polysoup.dev/,ja na fila gamedevmap 06/09,em-escopo,nao-triado
Power Challenge,Developer,Linkoping,Ostergotland,Sweden,,ja na fila gamedevmap 06/09,em-escopo,porta-sem-resposta
Powersnake,Developer,Brakne-Hoby,Blekinge,Sweden,https://powersnakegames.com/,ja na fila gamedevmap 06/09,em-escopo,nao-triado
Pugstorm,Developer,Linkoping,Ostergotland,Sweden,https://pugstorm.eu/,ja na fila gamedevmap 06/09,em-escopo,porta-ok:https://pugstorm.eu/career/
Qiiwi Games,Mobile,Alingsas,Vastra Gotaland,Sweden,https://www.qiiwi.com/,NOVO,em-escopo,nao-triado
QuadArk Studio,Developer,Karlskoga,Varmland,Sweden,https://www.quadarkstudio.com/,ja na fila gamedevmap 06/09,em-escopo,nao-triado
Quite Fresh Games,Developer,Hudiksvall,Halsingland,Sweden,https://www.quitefreshgames.com,ja na fila gamedevmap 06/09,em-escopo,nao-triado
Raven Aktiebolag,Developer,Gothenburg,Vastra Gotaland,Sweden,https://www.ravenab.se/,ja na fila gamedevmap 06/09,em-escopo,"site vivo, porta de carreiras nao localizada no HTML"
Reality Park,Extended Reality (XR),Kungsgatan,Markaryd,Sweden,https://www.realitypark.net/,NOVO,em-escopo,nao-triado
Red Vault Interactive,Microstudio,Skoevde,Vastra Gotaland,Sweden,https://redvaultinteractive.com/,NOVO,em-escopo,"site vivo, porta de carreiras nao localizada no HTML"
Redbeet Interactive,Developer,Skoevde,Vastra Gotaland,Sweden,https://www.redbeetinteractive.com,ja na fila gamedevmap 06/09,em-escopo,"site vivo, porta de carreiras nao localizada no HTML"
Resolution Games,Developer,Linkoping,Ostergotland,Sweden,https://resolutiongames.com/,ja conhecido (painel/csv),em-escopo,quadro teamtailor em dominio proprio (https://jobs.resolutiongames.com) - sem vaga da disciplina hoje
Retronator,Developer,Tingsryd,Småland,Sweden,https://www.retronator.com/,ja na fila gamedevmap 06/09,em-escopo,nao-triado
River End Games (Embracer Group),Developer,Gothenburg,Vastra Gotaland,Sweden,https://www.riverendgames.com,ja na fila gamedevmap 06/09,em-escopo,porta-ok:https://www.riverendgames.com/jobs.html
Rockheart Studios,Developer,Gothenburg,Vastra Gotaland,Sweden,https://www.rockheartstudios.com/,ja na fila gamedevmap 06/09,em-escopo,"site vivo, porta de carreiras nao localizada no HTML"
Saber Interactive,Developer and Publisher,Sundsvall,Norrland,Sweden,https://saber.games/,ja na fila gamedevmap 06/09,em-escopo,nao-triado
Screenput,Developer,Linkoping,Ostergotland,Sweden,https://www.screenput.com/,ja na fila gamedevmap 06/09,em-escopo,"site vivo, porta de carreiras nao localizada no HTML"
semiwork,Developer,Uppsala,Uppland,Sweden,https://semiwork.se/,ja na fila gamedevmap 06/09,em-escopo,"site vivo, porta de carreiras nao localizada no HTML"
SetShape Studio,Extended Reality (XR),Kiruna,Norrbotten,Sweden,https://www.setshapestudio.com/,NOVO,em-escopo,nao-triado
Shellander Games,Developer,Nacka,Stockholm,Sweden,https://www.shellander.se/,ja na fila gamedevmap 06/09,em-escopo,nao-triado
Shortfuse Games,Developer,Skoevde,Vastra Gotaland,Sweden,https://www.shortfuse.se,ja na fila gamedevmap 06/09,em-escopo,"site vivo, porta de carreiras nao localizada no HTML"
SideQuest Sweden,Mobile,Umea,Norrland,Sweden,https://www.sidequest.se/,NOVO,em-escopo,porta-ok:https://www.sidequest.se/gdpr
Silent Factory,Developer,Skelleftea,Vasterbotten,Sweden,https://silentfactory.gg/,ja na fila gamedevmap 06/09,em-escopo,nao-triado
Skildra,Developer,Munkfors,Varmland,Sweden,https://skildra.se/,ja na fila gamedevmap 06/09,em-escopo,nao-triado
Skildra Sverige Ekonomisk,Social,Munkfors,Varmland,Sweden,https://skildra.se/,NOVO,em-escopo,nao-triado
Skill2Win Studios,Mobile,Gothenburg,Vastra Gotaland,Sweden,https://www.skill2winstudios.com/,NOVO,em-escopo,"site vivo, porta de carreiras nao localizada no HTML"
SkyGoblin,Developer,Gothenburg,Vastra Gotaland,Sweden,https://skygoblin.com/,ja na fila gamedevmap 06/09,em-escopo,"site vivo, porta de carreiras nao localizada no HTML"
Slugware Games,Developer,Karlshamn,Blekinge,Sweden,https://slugware.se/,ja na fila gamedevmap 06/09,em-escopo,nao-triado
Snovittra,Microstudio,Karlstad,Varmland,Sweden,https://www.snovittra.com/,NOVO,em-escopo,nao-triado
Solid Block of Power,Developer,Skoevde,Vastra Gotaland,Sweden,https://www.solidblockofpower.se/,ja na fila gamedevmap 06/09,em-escopo,"site vivo, porta de carreiras nao localizada no HTML"
Solutions Skovde,Serious Games,Hisingen,Vastra Gotaland,Sweden,https://solutionsskovde.se/,NOVO,em-escopo,nao-triado
Somatoform,Microstudio,Karlstad,Varmland,Sweden,https://somatoform-interactive.itch.io/,NOVO,em-escopo,nao-triado
Something We Made Games,Developer,Karlshamn,Blekinge,Sweden,https://www.somethingwemade.se,ja na fila gamedevmap 06/09,em-escopo,nao-triado
Soupmasters,Developer,Gothenburg,Vastra Gotaland,Sweden,https://soupmasters.com/,ja na fila gamedevmap 06/09,em-escopo,"site vivo, porta de carreiras nao localizada no HTML"
South North Games,Extended Reality (XR),Gothenburg,Vastra Gotaland,Sweden,https://www.southnorth.se/,NOVO,em-escopo,"site vivo, porta de carreiras nao localizada no HTML"
Sozap,Mobile,Nykoping,Sodermanland,Sweden,https://www.sozap.com,NOVO,em-escopo,nao-triado
Spagank,Microstudio,Uppsala,Uppland,Sweden,https://spagank.itch.io/,NOVO,em-escopo,"site vivo, porta de carreiras nao localizada no HTML"
Sparrowland,Developer,Boden,Norrboten,Sweden,https://www.sparrowland.studio/,ja na fila gamedevmap 06/09,em-escopo,nao-triado
Spelagon,Microstudio,Tyreso,Stockholm,Sweden,https://www.spelagon.com/,NOVO,em-escopo,nao-triado
Speldosa Interactive,Developer,Skoevde,Vastra Gotaland,Sweden,https://www.speldosa.com/,ja na fila gamedevmap 06/09,em-escopo,"site vivo, porta de carreiras nao localizada no HTML"
Spelkollektivet,Organization,Vackelsang,Småland,Sweden,https://spelkollektivet.com/,NOVO,fora-de-escopo,nao-triado
Spelmakare Jens Nilsson,Microstudio,Skurup,Scania,Sweden,https://spelmakare.se/,NOVO,em-escopo,nao-triado
Spinoff Games,Developer,Skelleftea,Vasterbotten,Sweden,https://spinoffgames.se/,ja na fila gamedevmap 06/09,em-escopo,nao-triado
SteelRaven7,Microstudio,Gothenburg,Vastra Gotaland,Sweden,https://steelraven7.com/,NOVO,em-escopo,porta-sem-resposta
Stormteller Games,Developer,Gothenburg,Vastra Gotaland,Sweden,https://lostinrandom.com/,ja na fila gamedevmap 06/09,em-escopo,"site vivo, porta de carreiras nao localizada no HTML"
Strategy Mill,Microstudio,Linkoping,Ostergotland,Sweden,https://strategy-mill.com/,NOVO,em-escopo,"site vivo, porta de carreiras nao localizada no HTML"
Studio Downstairs,Microstudio,Skoevde,Vastra Gotaland,Sweden,https://studiodownstairs.itch.io/,NOVO,em-escopo,"site vivo, porta de carreiras nao localizada no HTML"
Studio F15,Microstudio,Visby,Gotland,Sweden,https://studio-f15.itch.io/,NOVO,em-escopo,nao-triado
Studio Far Out Games,Developer,Gothenburg,Vastra Gotaland,Sweden,https://www.faroutgamestudio.com/,ja na fila gamedevmap 06/09,em-escopo,"site vivo, porta de carreiras nao localizada no HTML"
Studio Malosi,Developer,Gothenburg,Vastra Gotaland,Sweden,https://conceptart.my.canva.site/studiomalosi,ja na fila gamedevmap 06/09,em-escopo,"site vivo, porta de carreiras nao localizada no HTML"
Studio Northshade,Developer,Gothenburg,Vastra Gotaland,Sweden,https://northshade.se/,ja na fila gamedevmap 06/09,em-escopo,"site vivo, porta de carreiras nao localizada no HTML"
Stunlock Studios,Developer,Skoevde,Vastra Gotaland,Sweden,https://www.stunlockstudios.com,ja conhecido (painel/csv),em-escopo,quadro teamtailor em dominio proprio (https://jobs.stunlockstudios.com) - sem vaga da disciplina hoje
Subfrost Interactive,Developer,Skoevde,Vastra Gotaland,Sweden,https://subfrost.se/,ja na fila gamedevmap 06/09,em-escopo,"site vivo, porta de carreiras nao localizada no HTML"
Sudden Snail,Developer,Skoevde,Vastra Gotaland,Sweden,https://suddensnail.com/,ja na fila gamedevmap 06/09,em-escopo,"site vivo, porta de carreiras nao localizada no HTML"
Surgical Science,Serious Games,Gothenburg,Vastra Gotaland,Sweden,https://surgicalscience.com/,NOVO,em-escopo,porta-ok:https://surgicalscience.com
Svantech Studios,Microstudio,Sigtuna,Stockholm,Sweden,https://www.svantech.se/,NOVO,em-escopo,nao-triado
Svavelstickan,Microstudio,Karlskrona,Gotaland,Sweden,https://svavelstickan.com/,NOVO,em-escopo,nao-triado
Swarm Creations,Microstudio,Gothenburg,Vastra Gotaland,Sweden,https://swarm-creations.com/,NOVO,em-escopo,"site vivo, porta de carreiras nao localizada no HTML"
Sweden Game Arena,Organization,Skoevde,Vastra Gotaland,Sweden,https://swedengamearena.com/,NOVO,fora-de-escopo,nao-triado
Sweden Game Startup,Incubator/Accelerator,Gothenburg,Vastra Gotaland,Sweden,https://swedengamearena.com/en/us/sweden-game-startup/,NOVO,fora-de-escopo,nao-triado
Sweden Game Startup,Incubator/Accelerator,Skoevde,Vastra Gotaland,Sweden,https://swedengamearena.com/en/us/sweden-game-startup/,NOVO,fora-de-escopo,nao-triado
Sysiac Games,Developer,Nykoping,Sodermanland,Sweden,https://www.sysiac.com/,ja na fila gamedevmap 06/09,em-escopo,nao-triado
Tableflip Entertainment,Developer,Visby,Gotland,Sweden,https://tableflip.nu/,ja na fila gamedevmap 06/09,em-escopo,nao-triado
Tarvalley,Extended Reality (XR),Skelleftea,Vasterbotten,Sweden,https://www.tarvalley.com/,NOVO,em-escopo,nao-triado
Team Velocita,Developer,Karlstad,Varmland,Sweden,https://www.teamvelocita.com/,ja na fila gamedevmap 06/09,em-escopo,nao-triado
Tension Technology,Developer,Falun,Dalarna,Sweden,https://www.tension.se/,ja na fila gamedevmap 06/09,em-escopo,nao-triado
Tenstar,Serious Games,Tanumshede,Bohuslan,Sweden,https://tenstarsimulation.com,NOVO,em-escopo,nao-triado
Teotl Studios,Developer,Uppsala,Uppland,Sweden,http://www.teotlstudios.com/,ja na fila gamedevmap 06/09,em-escopo,porta-sem-resposta
The Bearded Ladies,Developer,Trollhattan,Vastra Gotaland,Sweden,https://thebeardedladies.se/,ja na fila gamedevmap 06/09,em-escopo,nao-triado
The Fine Arc Nordic,Developer,Umea,Norrland,Sweden,https://thefinearc.com/,ja na fila gamedevmap 06/09,em-escopo,"site vivo, porta de carreiras nao localizada no HTML"
The Fully Arcade,Developer,Goteborg,Goteborg,Sweden,https://www.thefullyarcade.com/,ja na fila gamedevmap 06/09,em-escopo,nao-triado
The Great Journey,Incubator/Accelerator,Karlstad,Varmland,Sweden,https://www.thegreatjourney.se/,NOVO,fora-de-escopo,nao-triado
The Notlanders,Developer,Boden,North Bothnia,Sweden,https://thenotlanders.com/,ja na fila gamedevmap 06/09,em-escopo,nao-triado
The Nuttery Entertainment,Developer,Karlstad,Varmland,Sweden,https://nutteryentertainment.com/,ja na fila gamedevmap 06/09,em-escopo,nao-triado
Therese Kristoffer Publishing,Developer,Linkoping,Ostergotland,Sweden,https://theresekristoffer.com/,ja na fila gamedevmap 06/09,em-escopo,"site vivo, porta de carreiras nao localizada no HTML"
THQ Nordic,Publisher,Karlstad,Varmland,Sweden,https://www.thqnordic.com,NOVO,fora-de-escopo,nao-triado
Three Gates,Developer,Visby,Gotland,Sweden,https://www.threegates.se,ja na fila gamedevmap 06/09,em-escopo,nao-triado
Thunderful Karlshamn,Developer and Publisher,Karlshamn,Blekinge,Sweden,https://thunderfulgames.com/,ja na fila gamedevmap 06/09,em-escopo,nao-triado
Thunderful Skovde,Developer and Publisher,Skoevde,Vastra Gotaland,Sweden,https://thunderfulgames.com/,ja na fila gamedevmap 06/09,em-escopo,porta-ok:https://thunderfulgames.careers.haileyhr.app/%20
Trancenders Media,Microstudio,Tomelilla,Scania,Sweden,https://transcenders.eu/,NOVO,em-escopo,nao-triado
Triassic Games,Developer,Helsingborg,Scania,Sweden,https://www.triassicgames.com,ja na fila gamedevmap 06/09,em-escopo,nao-triado
Turborilla,Mobile,Skelleftea,Vasterbotten,Sweden,https://www.turborilla.com/,NOVO,em-escopo,nao-triado
Turborilla,Mobile,Umea,Norrland,Sweden,https://www.turborilla.com/,NOVO,em-escopo,"site vivo, porta de carreiras nao localizada no HTML"
Ullbors Illustrations,Microstudio,Sollentuna,Stockholm,Sweden,https://www.ullbors.art/,NOVO,em-escopo,nao-triado
Uncloudy Labs,Developer,Gothenburg,Vastra Gotaland,Sweden,https://dreamtangovr.com/,ja na fila gamedevmap 06/09,em-escopo,"site vivo, porta de carreiras nao localizada no HTML"
VaragtP Studios,Developer,Lundsbrunn,Vastra Gotaland,Sweden,https://www.varagtp.com/,NOVO,em-escopo,nao-triado
Vavel Games,Online,Skelleftea,Vasterbotten,Sweden,https://vavel.gs/,NOVO,em-escopo,porta-sem-resposta
Venturous Games,Developer,Lund,Scania,Sweden,https://www.venturous.se,NOVO,em-escopo,"site vivo, porta de carreiras nao localizada no HTML"
Viktorart,Microstudio,Boden,Norrbotten,Sweden,https://www.viktorart.com/,NOVO,em-escopo,nao-triado
Virtuverse,Developer,Gothenburg,Vastra Gotaland,Sweden,https://virtuverse.io/,NOVO,em-escopo,"site vivo, porta de carreiras nao localizada no HTML"
Walrus Game Studios,Microstudio,Surahammar,Vastmanland,Sweden,https://walrusgamestudios.com/,NOVO,em-escopo,nao-triado
Warcry Interactive,Developer,Gothenburg,Vastra Gotaland,Sweden,https://warcryinteractive.com/,NOVO,em-escopo,porta-sem-resposta
Wayfinder Studios,Developer,Umea,Norrland,Sweden,https://www.wayfinderstudios.com/,NOVO,em-escopo,porta-ok:https://www.wayfinderstudios.com/careers
Wemotion,Developer,Linkoping,Ostergotland,Sweden,https://www.wemotion.se,NOVO,em-escopo,porta-sem-resposta
Wereviz (Dual Decade),Mobile,Gothenburg,Vastra Gotaland,Sweden,http://dualdecade.com/,NOVO,em-escopo,"site vivo, porta de carreiras nao localizada no HTML"
Whacky Mole Studio,Developer,Karlskrona,Gotaland,Sweden,https://www.whackymole.com/,NOVO,em-escopo,nao-triado
Wildcore,Mobile,Vaxjo,Kronoberg,Sweden,https://www.wildcoregames.com/,NOVO,em-escopo,nao-triado
Wildlife Studios,Mobile,Lidingo,Stockholm,Sweden,https://wildlifestudios.com/,NOVO,em-escopo,porta-ok:https://wildlifestudios.com/careers
Windmill Game Invest,Investment,Skoevde,Vastra Gotaland,Sweden,https://windmillinvest.se/,NOVO,fora-de-escopo,nao-triado
Windup Games,Developer,Umea,Norrland,Sweden,https://www.windupgames.com/,NOVO,em-escopo,porta-ok:https://www.google.com/url?q=https%3A%2F%2Fcareers.kindabrave.com%2Fdepartments%2Fwindup-games&amp;sa=D&amp;sntz=1&amp;usg=AOvVaw2o47ZXKfXCTQFuf81drERL
Wing It Games,Developer,Lund,Scania,Sweden,https://wingitgames.com/,NOVO,em-escopo,"site vivo, porta de carreiras nao localizada no HTML"
WINGS Fund,Incubator/Accelerator,Bromma,Stockholm,Sweden,,NOVO,fora-de-escopo,nao-triado
Winteractive,Developer,Gothenburg,Vastra Gotaland,Sweden,https://winteractive.se/,NOVO,em-escopo,"site vivo, porta de carreiras nao localizada no HTML"
WinterKeep Interactive,Developer,Umea,Norrland,Sweden,https://www.winterkeep.com/,NOVO,em-escopo,porta-ok:https://www.winterkeep.com/career
Wishfully Studios,Developer,Gothenburg,Vastra Gotaland,Sweden,https://wishfully.se/,NOVO,em-escopo,porta-sem-resposta
Wognum Studios,Developer,Nybro,Gotland,Sweden,https://wognum.itch.io/,NOVO,em-escopo,nao-triado
WuzzyWizard Studio,Microstudio,Linkoping,Ostergotland,Sweden,https://wuzzywizard.itch.io/,NOVO,em-escopo,"site vivo, porta de carreiras nao localizada no HTML"
Y/CJ/Y,Microstudio,Gothenburg,Vastra Gotaland,Sweden,https://www.whycjwhy.com/,NOVO,em-escopo,"site vivo, porta de carreiras nao localizada no HTML"
YCJY Games,Developer,Gothenburg,Vastra Gotaland,Sweden,https://whycjwhy.com/,NOVO,em-escopo,"site vivo, porta de carreiras nao localizada no HTML"
Yoger Games,Developer,Enkoping,Stockholm,Sweden,https://www.yogergames.com/,NOVO,em-escopo,nao-triado
Zapray Games,Microstudio,Stenungsund,Vastra Gotaland,Sweden,https://zapraygames.com/,NOVO,em-escopo,nao-triado
Zcooly,Mobile,Skoevde,Vastra Gotaland,Sweden,https://zcooly.com/,NOVO,em-escopo,"site vivo, porta de carreiras nao localizada no HTML"
5am Games,Developer,Zürich,Zürich,Switzerland,https://5am-games.com/,ja na fila gamedevmap 06/09,em-escopo,"site vivo, porta de carreiras nao localizada no HTML"
Aberrant Labs,Developer,Zürich,Zürich,Switzerland,https://pathogenicgame.com/,ja na fila gamedevmap 06/09,em-escopo,"site vivo, porta de carreiras nao localizada no HTML"
Aerovery Lab,Developer,Geneva,Geneva,Switzerland,https://flight-of-nova.com/,ja na fila gamedevmap 06/09,em-escopo,"site vivo, porta de carreiras nao localizada no HTML"
AMT Games,Mobile,Flueelen,Uri,Switzerland,https://amt-games.com/,NOVO,em-escopo,nao-triado
Asteroid Lab,Mobile,Berne,Berne,Switzerland,http://asteroidlab.com/,NOVO,em-escopo,nao-triado
BISBOG,Mobile,Lausanne,Vaud,Switzerland,https://www.bisbog.com/,NOVO,em-escopo,"site vivo, porta de carreiras nao localizada no HTML"
bitforge,Mobile,Berne,Berne,Switzerland,https://bitforge.ch/,NOVO,em-escopo,nao-triado
Blindflug Studios,Developer,Zürich,Zürich,Switzerland,https://blindflugstudios.com/,NOVO,em-escopo,porta-ok:https://www.blindflugstudios.com/jobs
Blobfish Games,Developer,Zürich,Zürich,Switzerland,https://www.blobfishgames.com/,ja na fila gamedevmap 06/09,em-escopo,"site vivo, porta de carreiras nao localizada no HTML"
Colorbloks,Developer,Saint Gallen,Saint Gallen,Switzerland,https://colorbloks.com,ja na fila gamedevmap 06/09,em-escopo,nao-triado
CtrlMovie,Mobile,Schenkon,Lucerne,Switzerland,https://www.ctrlmovie.com/,NOVO,em-escopo,nao-triado
David Stark,Developer,Zürich,Zürich,Switzerland,https://zarkonnen.com/,ja na fila gamedevmap 06/09,em-escopo,"site vivo, porta de carreiras nao localizada no HTML"
Deep Worlds,Developer,Geneva,Geneva,Switzerland,https://deepworlds.studio/,ja na fila gamedevmap 06/09,em-escopo,porta-ok:https://tally.so/r/RGRv7d
Demimonde,Developer,Zürich,Zürich,Switzerland,https://octahedrongame.com/,ja na fila gamedevmap 06/09,em-escopo,"site vivo, porta de carreiras nao localizada no HTML"
Digital Kingdom,Developer,Vevey,Vaud,Switzerland,https://digitalkingdom.ch/,ja na fila gamedevmap 06/09,em-escopo,nao-triado
dreiplay studio,Serious Games,Zürich,Zürich,Switzerland,https://dreiplay.ch/,NOVO,em-escopo,"site vivo, porta de carreiras nao localizada no HTML"
EA Geneva (Electronic Arts),Publisher,Geneva,Geneva,Switzerland,https://ea.com/,ja conhecido (painel/csv),fora-de-escopo,nao-triado
Eleon Game Studios,Developer,Lausanne,Vaud,Switzerland,http://www.eleon-studios.com/,ja na fila gamedevmap 06/09,em-escopo,porta-sem-resposta
Etter Studios,Developer,Zürich,Zürich,Switzerland,https://www.etterstudio.com,ja na fila gamedevmap 06/09,em-escopo,"site vivo, porta de carreiras nao localizada no HTML"
EverdreamSoft,Mobile,Geneva,Geneva,Switzerland,https://www.everdreamsoft.com,NOVO,em-escopo,"site vivo, porta de carreiras nao localizada no HTML"
Furinkazan,Developer,Lausanne,Vaud,Switzerland,https://www.furinkazan.ch/,ja na fila gamedevmap 06/09,em-escopo,"site vivo, porta de carreiras nao localizada no HTML"
Gbanga,Developer,Zürich,Zürich,Switzerland,https://www.gbanga.com,ja na fila gamedevmap 06/09,em-escopo,porta-ok:https://gbanga.com/services/recruiting-games/
GIANTS Software,Developer,Schlieren,Zürich,Switzerland,https://giants-software.com/,ja conhecido (painel/csv),em-escopo,nao-triado
GoLive Games,Publisher,Zug,Zug,Switzerland,https://www.golive.games,NOVO,fora-de-escopo,nao-triado
Hidden Fields,Developer,Lucerne,Lucerne,Switzerland,https://hidden-fields.itch.io,ja na fila gamedevmap 06/09,em-escopo,nao-triado
Holodia,Health,Zürich,Zürich,Switzerland,https://holodia.com/,NOVO,fora-de-escopo,nao-triado
Holonautic,Extended Reality (XR),Horw,Lucerne,Switzerland,https://www.holonautic.com,NOVO,em-escopo,nao-triado
Indoor Astronaut,Microstudio,Zürich,Zürich,Switzerland,https://indoorastronaut.ch/,NOVO,em-escopo,"site vivo, porta de carreiras nao localizada no HTML"
Inlusio,Developer,Zürich,Zürich,Switzerland,https://www.inlusio.ch,ja na fila gamedevmap 06/09,em-escopo,"site vivo, porta de carreiras nao localizada no HTML"
Kalamona Studios,Developer,St. Gallen,Saint Gallen,Switzerland,https://kalamonastudios.com/,ja conhecido (painel/csv),em-escopo,nao-triado
Karios Games,Mobile,Geneva,Geneva,Switzerland,https://www.kariosgames.com/,NOVO,em-escopo,"site vivo, porta de carreiras nao localizada no HTML"
Kerzoven,Developer,Biberstein,Aargau,Switzerland,https://kerzoven.com/,ja na fila gamedevmap 06/09,em-escopo,nao-triado
Koboldgames,Developer,Brugg,Aargau,Switzerland,https://www.koboldgames.ch,ja na fila gamedevmap 06/09,em-escopo,nao-triado
Koch Media,Publisher,Saint Gallen,Saint Gallen,Switzerland,https://www.kochmedia.com,NOVO,fora-de-escopo,nao-triado
Lakestar,Investment,Zürich,Zürich,Switzerland,https://lakestar.com/,NOVO,fora-de-escopo,nao-triado
LUAL Games,Developer,Zürich,Zürich,Switzerland,https://lual.games/,ja na fila gamedevmap 06/09,em-escopo,"site vivo, porta de carreiras nao localizada no HTML"
Lululu Entertainment,Developer,Zürich,Zürich,Switzerland,https://lululu.games/,ja na fila gamedevmap 06/09,em-escopo,"site vivo, porta de carreiras nao localizada no HTML"
Mac N Cheese Games,Developer,Zürich,Zürich,Switzerland,https://mncgames.itch.io/,ja na fila gamedevmap 06/09,em-escopo,"site vivo, porta de carreiras nao localizada no HTML"
Magic Leap,Extended Reality (XR),Zürich,Zürich,Switzerland,https://www.magicleap.com,NOVO,em-escopo,"site vivo, porta de carreiras nao localizada no HTML"
Massively Multiplayer Online Science,Online,Monthey,Valais,Switzerland,http://mmos.ch/,NOVO,em-escopo,nao-triado
Metaroot,Publisher,Zürich,Zürich,Switzerland,https://www.metaroot.ch/,NOVO,fora-de-escopo,nao-triado
Mindmaze,Health,Geneva,Geneva,Switzerland,https://mindmazetherapeutics.com/,NOVO,fora-de-escopo,nao-triado
Mindmaze,Health,Lausanne,Vaud,Switzerland,https://mindmazetherapeutics.com/,NOVO,fora-de-escopo,nao-triado
Naraven Games,Developer,Lausanne,Vaud,Switzerland,https://naravengames.com/,ja conhecido (painel/csv),em-escopo,"site vivo, porta de carreiras nao localizada no HTML"
Niantic,Extended Reality (XR),Zürich,Zürich,Switzerland,https://nianticlabs.com/,NOVO,em-escopo,"quadro Greenhouse (scopely) vivo com 3D Artist junior/senior/lead em Barcelona - 3D generico de mobile, prioridade MEDIA"
Ohnsinn,Developer,Zürich,Zürich,Switzerland,https://ohnsinn.com/,ja na fila gamedevmap 06/09,em-escopo,"site vivo, porta de carreiras nao localizada no HTML"
Okomotive,Developer,Zürich,Zürich,Switzerland,https://www.okomotive.ch,ja na fila gamedevmap 06/09,em-escopo,"site vivo, porta de carreiras nao localizada no HTML"
OramaVR,Health,Geneva,Geneva,Switzerland,https://oramavr.com/,NOVO,fora-de-escopo,nao-triado
OZWE Games,Extended Reality (XR),Lausanne,Vaud,Switzerland,https://www.ozwe.com,NOVO,em-escopo,"as mencoes a 3D Artist sao posts de blog, nao vaga"
Playables,Developer,Zürich,Zürich,Switzerland,https://www.playables.net,ja na fila gamedevmap 06/09,em-escopo,"site vivo, porta de carreiras nao localizada no HTML"
RNDRLN Games,Mobile,Flims Dorf,Graubunden,Switzerland,https://www.rndrln-games.com,NOVO,em-escopo,nao-triado
Senopi,Health,Zürich,Zürich,Switzerland,https://www.senopi.com,NOVO,fora-de-escopo,nao-triado
SIRO Games,Developer,Geneva,Geneva,Switzerland,https://sirogamessarl.com/,ja na fila gamedevmap 06/09,em-escopo,"site vivo, porta de carreiras nao localizada no HTML"
Somniacs,Extended Reality (XR),Zürich,Zürich,Switzerland,https://www.somniacs.co,NOVO,em-escopo,porta-ok:https://birdly.com/careers
Stardust,Developer,Zürich,Zürich,Switzerland,https://stardust.ch/,NOVO,em-escopo,porta-ok:https://www.stardust.ch/careers/
Stelex Software,Microstudio,Maggia,Ticino,Switzerland,https://www.stelexsoftware.com/,NOVO,em-escopo,nao-triado
Stormed Inc.,Mobile,Zürich,Zürich,Switzerland,https://stormed.gg,NOVO,em-escopo,"site vivo, porta de carreiras nao localizada no HTML"
Stray Fawn Studios,Developer,Zürich,Zürich,Switzerland,https://www.strayfawnstudio.com,ja conhecido (painel/csv),em-escopo,porta-ok:https://strayfawnstudio.com/jobs/
Streax,Mobile,Zürich,Zürich,Switzerland,https://www.streax.gg,NOVO,em-escopo,"site vivo, porta de carreiras nao localizada no HTML"
Struckd,Mobile,Zürich,Zürich,Switzerland,https://www.struckd.com,NOVO,em-escopo,"site vivo, porta de carreiras nao localizada no HTML"
Sunnyside Games,Mobile,Lausanne,Vaud,Switzerland,https://www.sunnysidegames.ch,NOVO,em-escopo,"site vivo, porta de carreiras nao localizada no HTML"
Swiss Game Developers Association (SGDA),Organization,Zürich,Zürich,Switzerland,https://www.sgda.ch,NOVO,fora-de-escopo,nao-triado
Swiss Game Hub,Organization,Zürich,Zürich,Switzerland,https://www.swissgamehub.com/,NOVO,fora-de-escopo,nao-triado
Team Niche,Developer,Zürich,Zürich,Switzerland,https://www.niche-game.com,ja na fila gamedevmap 06/09,em-escopo,"site vivo, porta de carreiras nao localizada no HTML"
Timestep Studio,Developer,Flims Waldhaus,Graubunden,Switzerland,https://timestep.studio/,ja na fila gamedevmap 06/09,em-escopo,nao-triado
Tourmaline Studio,Developer,Geneva,Geneva,Switzerland,https://www.tourmaline-studio.com,ja na fila gamedevmap 06/09,em-escopo,"site vivo, porta de carreiras nao localizada no HTML"
Urban Games,Developer,Schaffhausen,Schaffhausen,Switzerland,https://www.urbangames.com,ja conhecido (painel/csv),em-escopo,nao-triado
VertaMed,Health,Zürich,Zürich,Switzerland,https://www.virtamed.com,NOVO,fora-de-escopo,nao-triado
Violet Saint,Developer,Nyon,Vaud,Switzerland,https://violetsaint.com/,ja na fila gamedevmap 06/09,em-escopo,nao-triado
Virtual Switzerland,Organization,Geneva,Geneva,Switzerland,https://www.virtualswitzerland.org,NOVO,fora-de-escopo,nao-triado
Virtually Live,Extended Reality (XR),Zürich,Zürich,Switzerland,https://www.virtuallylive.com,NOVO,em-escopo,porta-ok:https://www.virtuallylive.com
WOWL,Extended Reality (XR),Neuchatel,Neuchatel,Switzerland,https://www.wowl.ch,NOVO,em-escopo,nao-triado
Bad Logic Studios,Developer,Coventry,West Midlands,United Kingdom,http://badlogicstudios.com/,ja na fila gamedevmap 06/09,em-escopo,nao-triado
Golden Horde Studios,Developer,Cambridge,Cambridgeshire,United Kingdom,https://goldenhordestudios.com/,ja na fila gamedevmap 06/09,em-escopo,"site vivo, porta de carreiras nao localizada no HTML"
Nocturnal Interactive,Developer,Rotheram,Yorkshire,United Kingdom,https://impress.games/press-kit/nocturnal-interactive,ja na fila gamedevmap 06/09,em-escopo,nao-triado
Atomic Theory (Rocket Science Group),Developer,Cardiff,South Wales,Wales,https://atomictheory.gg/,NOVO,em-escopo,"quadro ashby vivo, 7 vagas, nenhuma da disciplina"
Bird in Sky,Microstudio,Rhyl,Denbighshire,Wales,https://www.birdinskygames.com/,NOVO,em-escopo,nao-triado
Cloth Cat Games,Mobile,Cardiff,South Wales,Wales,https://games.clothcat.com/,ja conhecido (painel/csv),em-escopo,"site vivo, porta de carreiras nao localizada no HTML"
COPA Gaming,Developer,Cardiff,South Wales,Wales,https://www.copagaming.co.uk/,NOVO,em-escopo,porta-ok:https://www.copagaming.co.uk/careers
Creative Wales,Organization,Cardiff,South Wales,Wales,https://www.creative.wales/,NOVO,fora-de-escopo,nao-triado
Curveball Games,Publisher,Swansea,Swansea,Wales,https://curveball-leisure.com/,NOVO,fora-de-escopo,nao-triado
Cyberlamb Studios,Developer,Pwllheli,Gwynedd,Wales,https://www.cyberlambstudios.com,NOVO,em-escopo,nao-triado
dakko dakko,Developer,Cardiff,South Wales,Wales,https://www.dakkodakko.com/,NOVO,em-escopo,"site vivo, porta de carreiras nao localizada no HTML"
Deceptive Games,Developer,Ynysybwl,South Wales,Wales,https://www.deceptive-games.com,NOVO,em-escopo,nao-triado
Dragon Scale Studios,Developer,Cardiff,South Wales,Wales,https://www.dragonscalestudios.co.uk/,NOVO,em-escopo,porta-ok:https://il.linkedin.com/company/wix-com?trk=public_jobs_topcard_logo
DragonfiAR,Developer,Swansea,Swansea,Wales,https://www.dragonfiar.com,NOVO,em-escopo,nao-triado
Goldborough Studio,Developer,Lawrenny,Pembrokeshire,Wales,https://www.goldboroughstudio.com,NOVO,em-escopo,nao-triado
Good Gate Media,Developer,Cardiff,South Wales,Wales,https://www.goodgatemedia.com,NOVO,em-escopo,"site vivo, porta de carreiras nao localizada no HTML"
Hotel Outlaw,Developer,Swansea,Swansea,Wales,https://hoteloutlaw.co.uk/,NOVO,em-escopo,nao-triado
Huw Millward,Microstudio,Cardiff,South Wales,Wales,https://huw2k8.itch.io/,NOVO,em-escopo,"site vivo, porta de carreiras nao localizada no HTML"
Pill Bug Interactive,Developer,Llanharan,Mid Glamorgan,Wales,https://www.pillbug.zone,NOVO,em-escopo,nao-triado
Psyanotek Limited,Developer,St. Asaph,Denbighshire,Wales,http://psyanotek.com/,NOVO,em-escopo,nao-triado
Psytech Games,Extended Reality (XR),Blaenavon,Gwent,Wales,https://www.psytecgames.com/,NOVO,em-escopo,nao-triado
Pug Fugly Games,Developer,Pontllanfraith,Caerphilly,Wales,https://itch.io/profile/pugfuglygames,NOVO,em-escopo,nao-triado
Space Colony Studios,Developer,Cardiff,South Wales,Wales,https://www.spacecolonystudios.com/,NOVO,em-escopo,porta-ok:https://www.spacecolonystudios.com/careers
Squarehead Studios,Developer,Llangynidr,Powys,Wales,http://www.squareheadstudios.co.uk,NOVO,em-escopo,nao-triado
STARGAZY,Developer,Cardiff,South Wales,Wales,https://www.stargazystudios.com/,NOVO,em-escopo,"site vivo, porta de carreiras nao localizada no HTML"
Sugar Creative,Extended Reality (XR),Cardiff,South Wales,Wales,https://sugar.agency/,NOVO,em-escopo,porta-ok:https://www.sugar.agency/careers
Terminal Velocity (Rocket Science Group),Developer,Cardiff,South Wales,Wales,https://terminalvelocity.gg/,NOVO,em-escopo,porta-ok:https://www.rocketscience.gg/careers/
Tin Fox,Microstudio,Swansea,Swansea,Wales,,NOVO,em-escopo,nao-triado
Tiny Rebel Games,Online,Cardiff,South Wales,Wales,https://petaverse.com/,NOVO,em-escopo,porta-ok:https://petaverse.com/careers
Wales Interactive,Mobile,Cardiff,South Wales,Wales,https://www.walesinteractive.com,NOVO,em-escopo,porta-ok:https://www.walesinteractive.com/careers
