estudio,pais,cidade,site,ja_na_campanha,tem_vaga_disciplina,url_da_vaga,veto_encontrado,observacao
Foxie Ventures,Austrália,Adelaide,https://www.foxieventures.com/,nao,sim,https://www.foxieventures.com/jobs/,NENHUM dos 11 termos,"MEDIA (ambiente). Environment Artist, Adelaide, Full Time. O quadro trata as posicoes como Express Interest. Busca literal dos 11 termos: nenhum. | ficha: https://3dvf.com/en/studio/foxie-ventures/"
Gradient Effects,EUA,Los Angeles,https://www.gradientfx.com/,nao,sim,https://www.gradientfx.com/jobs/,NENHUM dos 11 termos,"ALTA. 3D MODELER - Los Angeles. Anuncio integral lido: Maya, ZBrush, MudBox, Mari, materiais/shader/look development. Candidatura em https://gradientfx.com/application/. Busca literal dos 11 termos na pagina inteira: nenhum. Diz apenas NO PHONE CALLS e que nao aceita walk-in. | ficha: https://3dvf.com/en/studio/gradient-effects/"
GFactory,França,Lyon,https://www.the-gfactory.com/fr/,nao,sim,https://www.the-gfactory.com/fr/jobs/,"french (falso positivo: descreve a empresa como french art outsourcing studio, nao exige idioma)","MEDIA (ambiente). 3D ENVIRONMENT ARTIST MID/SENIOR, remote freelancer. Ambiente, entao MEDIA pela regra. Formato freelance, nao fixo. Unico dos 11 termos que aparece e french, e no contexto da descricao da empresa. | ficha: https://3dvf.com/en/studio/the-gfactory/"
Jungler,França,Saint Denis La plaine,https://www.jungler.tv/,nao,sim,https://www.jungler.tv/jobs,NENHUM dos 11 termos,"ALTA (pool de perfis, nao vaga datada). Pagina lista perfis procurados com botao Apply por perfil, entre eles 3D Look Dev, 3D Modeling - Characters, 3D Surfacing e Groom Artist, todos em La Plaine St-Denis. NAO e anuncio datado, e captacao permanente por perfil. Busca literal dos 11 termos: nenhum. | ficha: https://3dvf.com/en/studio/jungler/"
37Degrees Studio,Nova Zelândia,Wellington,https://37degrees-studio.com/,nao,sim,https://37degrees-studio.com/careers/,"NENHUM dos 11 termos, mas ver observacao","MEDIA (ambiente). SENIOR MATTE PAINTER/ENVIRONMENT ARTIST, Wellington. Nenhum dos 11 termos aparece, porem o texto diz literalmente Operating fully in-office from Wellington NZ e pede que o candidato informe your visa situation for working in New Zealand. Nao e veto escrito, e restricao presencial declarada. Candidatura por email. | ficha: https://3dvf.com/en/studio/37degrees-studio/"
Massive Entertainment,Suécia,Malmö,https://www.massive.se/,nao,sim,https://www.massive.se/job/lead-character-artist-744000144027102/,NENHUM dos 11 termos,"ALTA. Lead Character Artist, Malmo, The Division 2 (Ubisoft). Anuncio integral lido: Maya/3ds Max/ZBrush/Substance, personagem 3D puro. Busca literal dos 11 termos de veto: nenhum. Quadro tem 7 vagas. | ficha: https://3dvf.com/en/studio/massive-entertainment/"
Studio Rakete,Alemanha,Hamburg,http://www.studiorakete.de/,sim,nao_verificado,,,Ja conhecido pela campanha (dominio): Studio Rakete. Nao revarrido nesta rodada. | ficha: https://3dvf.com/en/studio/studio-rakete/
Trixter,Alemanha,Munich,https://www.trixter.de/,sim,nao_verificado,,,Ja conhecido pela campanha (dominio): TRIXTER (Speculative Job Application). Nao revarrido nesta rodada. | ficha: https://3dvf.com/en/studio/trixter/
3p Studio,Austrália,Brisbane,https://www.3pstudio.com.au/,nao,nao_verificado,,,"Home lida, sem link de carreiras identificavel; nenhum ATS detectado. | ficha: https://3dvf.com/en/studio/3p-studio/"
Blackbird VFX,Austrália,Sydney,https://blackbird.la/,sim,nao_verificado,,,Ja conhecido pela campanha (nome): Blackbird Interactive. Nao revarrido nesta rodada. | ficha: https://3dvf.com/en/studio/blackbird-vfx/
Blowfish Studios,Austrália,Sydney,https://www.blowfishstudios.com/,nao,nao_encontrada,,,"Pagina de carreiras lida (https://www.blowfishstudios.com/careers): nenhum titulo da disciplina no HTML. Pode ser quadro carregado por JavaScript, que nao da para ler sem navegador. | ficha: https://3dvf.com/en/studio/blowfish-studios/"
Cheeky Little,Austrália,Manly,https://www.cheekylittle.com.au/,sim,nao_verificado,,,Ja conhecido pela campanha (dominio): Cheeky Little Media (2ª via). Nao revarrido nesta rodada. | ficha: https://3dvf.com/en/studio/cheeky-little/
Cumulus VFX,Austrália,Byron Bay,https://www.cumulusvfx.com/,nao,nao_verificado,,,"Home lida, sem link de carreiras identificavel; nenhum ATS detectado. | ficha: https://3dvf.com/en/studio/cumulus-vfx/"
Cutting Edge Post,Austrália,Sydney,https://www.cuttingedge.com.au/,nao,nao_verificado,,,Site nao respondeu ao curl (home inacessivel); board nao pode ser lido sem navegador. | ficha: https://3dvf.com/en/studio/cutting-edge-post/
Eye Candy Animation,Austrália,Braddon,https://eyecandyanimation.com/,nao,nao_verificado,,,"Home lida, sem link de carreiras identificavel; nenhum ATS detectado. | ficha: https://3dvf.com/en/studio/eye-candy-animation/"
Fin Design + Effects,Austrália,Sydney,https://www.findesign.com.au/,sim,nao_verificado,,,Ja conhecido pela campanha (dominio): FIN Design + Effects. Nao revarrido nesta rodada. | ficha: https://3dvf.com/en/studio/fin-design-effects/
Flying Bark,Austrália,Alexandria,https://www.flyingbark.com.au/,sim,nao_verificado,,,Ja conhecido pela campanha (dominio): Flying Bark Productions. Nao revarrido nesta rodada. | ficha: https://3dvf.com/en/studio/flying-bark/
Goodman Brothers,Austrália,Sydney,https://www.goodmanbrothers.com/,nao,nao_verificado,,,"Home lida, sem link de carreiras identificavel; nenhum ATS detectado. | ficha: https://3dvf.com/en/studio/goodman-brothers/"
Jumbla,Austrália,Melbourne,https://www.jumbla.com/,nao,nao_encontrada,,,"Pagina de carreiras lida (https://www.jumbla.com/careers): nenhum titulo da disciplina no HTML. Pode ser quadro carregado por JavaScript, que nao da para ler sem navegador. | ficha: https://3dvf.com/en/studio/jumbla/"
Luma Pictures,Austrália,Melbourne,https://www.lumapictures.com/,sim,nao_verificado,,,Ja conhecido pela campanha (dominio): Luma Pictures. Nao revarrido nesta rodada. | ficha: https://3dvf.com/en/studio/luma-pictures/
Mighty Nice,Austrália,Chippendale,https://mightynice.com.au/,sim,nao_verificado,,,Ja conhecido pela campanha (dominio): Mighty Nice. Nao revarrido nesta rodada. | ficha: https://3dvf.com/en/studio/mighty-nice/
Mode Games,Austrália,Sydney,https://mode-games.com/,nao,nao_encontrada,,,"Pagina de carreiras lida (https://mode-games.com/jobs): nenhum titulo da disciplina no HTML. Pode ser quadro carregado por JavaScript, que nao da para ler sem navegador. | ficha: https://3dvf.com/en/studio/mode-games/"
Pixel Zoo Animation Studios,Austrália,Brisbane,https://www.pixelzoo.com.au/,sim,nao_verificado,,,Ja conhecido pela campanha (dominio): Pixel Zoo. Nao revarrido nesta rodada. | ficha: https://3dvf.com/en/studio/pixel-zoo-animation-studios/
Plastic Wax,Austrália,Sydney,https://www.plasticwax.com/,sim,nao_verificado,,,Ja conhecido pela campanha (dominio): Plastic Wax. Nao revarrido nesta rodada. | ficha: https://3dvf.com/en/studio/plastic-wax/
Resin,Austrália,Adelaide,https://www.resin.tv/,nao,nao_verificado,,,"Home lida, sem link de carreiras identificavel; nenhum ATS detectado. | ficha: https://3dvf.com/en/studio/resin/"
Rising Sun Pictures,Austrália,Adelaide,https://www.rsp.com.au/,sim,nao_verificado,,,Ja conhecido pela campanha (dominio): Rising Sun Pictures. Nao revarrido nesta rodada. | ficha: https://3dvf.com/en/studio/rising-sun-pictures/
Rotor Studios,Austrália,Sydney,https://www.rotorstudios.com/,nao,nao_encontrada,,,"Pagina de carreiras lida (https://rotorstudios.elmotalent.com.au/careers/careers/jobs): nenhum titulo da disciplina no HTML. Pode ser quadro carregado por JavaScript, que nao da para ler sem navegador. | ficha: https://3dvf.com/en/studio/rotor-studios/"
Spinifex Group,Austrália,Sydney,https://www.spinifexgroup.com/,nao,nao_verificado,,,"Home lida, sem link de carreiras identificavel; nenhum ATS detectado. | ficha: https://3dvf.com/en/studio/spinifex-group/"
Studio Hackett,Austrália,Sydney,https://www.studiohackett.com/,nao,nao_verificado,,,"Home lida, sem link de carreiras identificavel; nenhum ATS detectado. | ficha: https://3dvf.com/en/studio/studio-hackett/"
Studio Pancho,Austrália,Melbourne,https://www.pancho.com.au/,nao,nao_verificado,,,"Home lida, sem link de carreiras identificavel; nenhum ATS detectado. | ficha: https://3dvf.com/en/studio/studio-pancho/"
Sweaty Chair,Austrália,Sydney,https://www.sweatychair.com/,nao,nao_encontrada,,,"Pagina de carreiras lida (https://www.sweatychair.com/careers): nenhum titulo da disciplina no HTML. Pode ser quadro carregado por JavaScript, que nao da para ler sem navegador. | ficha: https://3dvf.com/en/studio/sweaty-chair/"
The Post Lounge,Austrália,Redfern Collingwood Brisbane,https://www.thepostlounge.com/,nao,nao_encontrada,,,"Pagina de carreiras lida (https://www.thepostlounge.com/jobs): nenhum titulo da disciplina no HTML. Pode ser quadro carregado por JavaScript, que nao da para ler sem navegador. | ficha: https://3dvf.com/en/studio/the-post-lounge/"
Vandal,Austrália,Sydney,https://www.vandal.sydney/,nao,nao_verificado,,,"Home lida, sem link de carreiras identificavel; nenhum ATS detectado. | ficha: https://3dvf.com/en/studio/vandal/"
Arx Anima,Áustria,Vienne,https://www.arxanima.com/,sim,nao_verificado,,,Ja conhecido pela campanha (dominio): arx anima. Nao revarrido nesta rodada. | ficha: https://3dvf.com/en/studio/arx-anima/
Big Bad Boo Studios,Áustria / Canadá,Vancouver Vienne,https://www.bigbadboo.com/,nao,nao_verificado,,,"Home lida, sem link de carreiras identificavel; nenhum ATS detectado. | ficha: https://3dvf.com/en/studio/big-bad-boo-studios/"
MULTI AWESOME STUDIO e.U.,Áustria,Hallein,https://multiawesome.eu/,nao,nao_verificado,,,"Home lida, sem link de carreiras identificavel; nenhum ATS detectado. | ficha: https://3dvf.com/en/studio/multi-ytdqyf-hallein/"
Benuts,Bélgica,La Hulpe,https://benuts.be/,nao,nao_verificado,,,"Home lida, sem link de carreiras identificavel; nenhum ATS detectado. | ficha: https://3dvf.com/en/studio/benuts/"
Digital District,Bélgica / França,Paris Mumbai Wavre,https://www.digital-district.fr/,nao,nao_verificado,,,Site nao respondeu ao curl (home inacessivel); board nao pode ser lido sem navegador. | ficha: https://3dvf.com/en/studio/digital-district/
Dreamwall,Bélgica,Charleroi,https://www.dreamwall.be/,sim,nao_verificado,,,Ja conhecido pela campanha (dominio): DreamWall. Nao revarrido nesta rodada. | ficha: https://3dvf.com/en/studio/dreamwall/
EVO,Bélgica,Froyennes,https://www.evolutioncom.eu/,nao,nao_encontrada,,,"Pagina de carreiras lida (https://www.evolutioncom.eu/recrutement/): nenhum titulo da disciplina no HTML. Pode ser quadro carregado por JavaScript, que nao da para ler sem navegador. | ficha: https://3dvf.com/en/studio/evo-nxeincbwe-froyennes/"
Komposit,Bélgica,Namur,https://www.komposit.be,nao,nao_verificado,,,"Home lida, sem link de carreiras identificavel; nenhum ATS detectado. | ficha: https://3dvf.com/en/studio/komposit/"
Nozon,Bélgica,Bruxelles,https://www.nozon.com/,nao,nao_verificado,,,Site nao respondeu ao curl (home inacessivel); board nao pode ser lido sem navegador. | ficha: https://3dvf.com/en/studio/nozon/
nWave Studios,Bélgica,Forest,https://www.nwave.com/,sim,nao_verificado,,,Ja conhecido pela campanha (dominio): nWave Studios. Nao revarrido nesta rodada. | ficha: https://3dvf.com/en/studio/nwave/
UFX Studios,Bélgica,Bruxelles,http://www.ufxstudios.com/,nao,nao_verificado,,,"Home lida, sem link de carreiras identificavel; nenhum ATS detectado. | ficha: https://3dvf.com/en/studio/umedia/"
Tornado Studios,Bulgária,Ruse,https://tornado-studios.com/,nao,nao_verificado,,,"Home lida, sem link de carreiras identificavel; nenhum ATS detectado. | ficha: https://3dvf.com/en/studio/tornado-studios/"
10th Ave Animation,Canadá,St-Augustin-de-Desmaures,https://10ave.com/en/,sim,nao_verificado,,,Ja conhecido pela campanha (dominio): 10th Ave Productions. Nao revarrido nesta rodada. | ficha: https://3dvf.com/en/studio/10th-ave-animation/
A Thinking Ape,Canadá,Vancouver,https://athinkingape.com/,nao,nao_encontrada,,,ATS detectado (greenhouse) e consultado por API: nenhuma vaga da disciplina no retorno. | ficha: https://3dvf.com/en/studio/a-thinking-ape/
AA Studios,Canadá,Montreal,https://www.aastudios.ca,nao,nao_verificado,,,"Home lida, sem link de carreiras identificavel; nenhum ATS detectado. | ficha: https://3dvf.com/en/studio/aa-studio/"
Alter Ego,Canadá,Toronto,https://www.alteregopost.com/,nao,nao_verificado,,,"Home lida, sem link de carreiras identificavel; nenhum ATS detectado. | ficha: https://3dvf.com/en/studio/alter-ego/"
Animatrik Film Design,Canadá,Vancouver,https://www.animatrik.com/,nao,nao_verificado,,,"Home lida, sem link de carreiras identificavel; nenhum ATS detectado. | ficha: https://3dvf.com/en/studio/animatrik-film-design/"
Animism Studios,Canadá,Vancouver,https://animism.studio/,nao,nao_verificado,,,Site nao respondeu ao curl (home inacessivel); board nao pode ser lido sem navegador. | ficha: https://3dvf.com/en/studio/animism-studios/
Aptitude X,Canadá,Montréal,https://www.aptitudex.com/,nao,nao_encontrada,,,"Pagina de carreiras lida (https://www.aptitudex.com/careers): nenhum titulo da disciplina no HTML. Pode ser quadro carregado por JavaScript, que nao da para ler sem navegador. | ficha: https://3dvf.com/en/studio/aptitude-x/"
Artifex Studios,Canadá,Vancouver,https://www.artifexstudios.com/,sim,nao_verificado,,,Ja conhecido pela campanha (nome): Artifex Animation Studios. Nao revarrido nesta rodada. | ficha: https://3dvf.com/en/studio/artifex-studios/
Atmosphere Visual Effects,Canadá,Vancouver,https://www.atmosphere-vfx.com/,nao,nao_verificado,,,"Home lida, sem link de carreiras identificavel; nenhum ATS detectado. | ficha: https://3dvf.com/en/studio/atmosphere-visual-effects/"
Bardel Entertainment,Canadá,Montréal Vancouver,https://bardel.ca/,nao,nao_verificado,,,"Home lida, sem link de carreiras identificavel; nenhum ATS detectado. | ficha: https://3dvf.com/en/studio/bardel-entertainment/"
Barnstorm VFX,Canadá,Vancouver,https://www.barnstormvfx.com/,sim,nao_verificado,,,"Ja conhecido pela campanha (nome): Barnstorm VFX (Environment Generalist, Vancouver) - A MAO POR reCAPTCHA DO BAMBOOHR. Nao revarrido nesta rodada. | ficha: https://3dvf.com/en/studio/barnstorm-vfx/"
Beenox,Canadá,Quebec,https://beenox.com/en/,nao,nao_encontrada,,,"Pagina de carreiras lida (https://beenox.com/en/careers/): nenhum titulo da disciplina no HTML. Pode ser quadro carregado por JavaScript, que nao da para ler sem navegador. | ficha: https://3dvf.com/en/studio/beenox/"
Big Jump Entertainment,Canadá,Ottawa,https://bigjumpent.com/,nao,nao_encontrada,,,"Pagina de carreiras lida (https://bigjumpent.com/careers/): nenhum titulo da disciplina no HTML. Pode ser quadro carregado por JavaScript, que nao da para ler sem navegador. | ficha: https://3dvf.com/en/studio/big-jump-entertainment/"
Big Studios Inc,Canadá,Toronto,https://www.bigstudios.com/,nao,nao_verificado,,,"Home lida, sem link de carreiras identificavel; nenhum ATS detectado. | ficha: https://3dvf.com/en/studio/big-studios-inc/"
BKOM Studios,Canadá,Quebec,https://www.bkomstudios.com/,nao,nao_encontrada,,,"Pagina de carreiras lida (https://jobs.bkom.com/jobs/Careers): nenhum titulo da disciplina no HTML. Pode ser quadro carregado por JavaScript, que nao da para ler sem navegador. | ficha: https://3dvf.com/en/studio/bkmo-studios/"
Blackbird Interactive,Canadá,Vancouver,https://blackbirdinteractive.com/,sim,nao_verificado,,,Ja conhecido pela campanha (nome): Blackbird Interactive. Nao revarrido nesta rodada. | ficha: https://3dvf.com/en/studio/blackbird-interactive/
BLVD,Canadá,Montreal,https://blvd-mtl.com/,nao,nao_verificado,,,"Home lida, sem link de carreiras identificavel; nenhum ATS detectado. | ficha: https://3dvf.com/en/studio/blvd/"
Bron Animation,Canadá,Burnaby,https://bronstudios.com/,nao,nao_verificado,,,"Home lida, sem link de carreiras identificavel; nenhum ATS detectado. | ficha: https://3dvf.com/en/studio/bron-studios/"
BUF Montreal,Canadá,Montreal,https://www.buf.com/,sim,nao_verificado,,,Ja conhecido pela campanha (dominio): BUF. Nao revarrido nesta rodada. | ficha: https://3dvf.com/en/studio/buf-montreal/
By The Booth,Canadá,Toronto,https://bythebooth.com/,nao,nao_verificado,,,"Home lida, sem link de carreiras identificavel; nenhum ATS detectado. | ficha: https://3dvf.com/en/studio/by-the-booth/"
Cartoon Conrad Productions,Canadá,Beaver Bank,https://cartoonconrad.com/,nao,nao_encontrada,,,"Pagina de carreiras lida (https://cartoonconrad.com/contact/jobs.html): nenhum titulo da disciplina no HTML. Pode ser quadro carregado por JavaScript, que nao da para ler sem navegador. | ficha: https://3dvf.com/en/studio/cartoon-conrad-productions/"
Chuck Gammage Animation,Canadá,Toronto,https://www.cganim.com/,nao,nao_verificado,,,"Home lida, sem link de carreiras identificavel; nenhum ATS detectado. | ficha: https://3dvf.com/en/studio/chuck-gammage-animation/"
Cinesite,Canadá,Vancouver,https://www.cinesite.com/,sim,nao_verificado,,,"Ja conhecido pela campanha (dominio): Cinesite (Holger Voss, Group Head of CG VFX). Nao revarrido nesta rodada. | ficha: https://3dvf.com/en/studio/cinesite/"
Company 3,Canadá,Los Angeles,https://www.company3.com/,nao,nao_encontrada,,,"Pagina de carreiras lida (https://www.company3.com/careers/): nenhum titulo da disciplina no HTML. Pode ser quadro carregado por JavaScript, que nao da para ler sem navegador. | ficha: https://3dvf.com/en/studio/company-three/"
Copernicus Animation Studios,Canadá,Halifax,https://www.copernicusstudios.com/,sim,nao_verificado,,,Ja conhecido pela campanha (nome): Copernicus Studios. Nao revarrido nesta rodada. | ficha: https://3dvf.com/en/studio/copernicus-animation-studios/
CoSA Visual Effects,Canadá,Vancouver,https://cosavfx.com/,nao,nao_verificado,,,Site nao respondeu ao curl (home inacessivel); board nao pode ser lido sem navegador. | ficha: https://3dvf.com/en/studio/cosa-visual-effects/
Crafty Apes,Canadá,Vancouver,https://www.craftyapes.com/,sim,nao_verificado,,,Ja conhecido pela campanha (nome): Crafty Apes (Vancouver e mais cinco escritorios) - quadro no Dayforce LIDO em 07/09: sem v. Nao revarrido nesta rodada. | ficha: https://3dvf.com/en/studio/crafty-apes/
Deluxe Animation,Canadá,Toronto,https://www.deluxeanimation.com/,nao,nao_verificado,,,Site nao respondeu ao curl (home inacessivel); board nao pode ser lido sem navegador. | ficha: https://3dvf.com/en/studio/deluxe-animation/
Digital Dimension,Canadá,Montreal,https://www.digitaldimension.com/,sim,nao_verificado,,,Ja conhecido pela campanha (dominio): Digital Dimension (Saturday). Nao revarrido nesta rodada. | ficha: https://3dvf.com/en/studio/digital-dimension/
Digital Ronin,Canadá,Hammonds Plains,https://digitalronin.ca/#home,nao,nao_verificado,,,"Home lida, sem link de carreiras identificavel; nenhum ATS detectado. | ficha: https://3dvf.com/en/studio/digital-ronin/"
DNEG,Canadá,Vancouver,https://www.dneg.com/,sim,nao_verificado,,,Ja conhecido pela campanha (dominio): DNEG Animation. Nao revarrido nesta rodada. | ficha: https://3dvf.com/en/studio/dneg/
Down Smash Studios,Canadá,Richmond Hill,https://www.downsmashstudios.com/#/home,nao,nao_verificado,,,"Home lida, sem link de carreiras identificavel; nenhum ATS detectado. | ficha: https://3dvf.com/en/studio/down-smash-studios/"
Drink Box Studios,Canadá,Toronto,https://drinkboxstudios.com/blog/,sim,nao_verificado,,,Ja conhecido pela campanha (dominio): DrinkBox Studios. Nao revarrido nesta rodada. | ficha: https://3dvf.com/en/studio/drink-box-studios/
Eggplant Picture &#038; Sound,Canadá,Toronto Eggplant Picture & Sound,https://www.eggplantps.com/,nao,nao_verificado,,,"Home lida, sem link de carreiras identificavel; nenhum ATS detectado. | ficha: https://3dvf.com/en/studio/eggplant-picture-sound/"
Electronic Arts Vancouver,Canadá,Burnaby,https://www.ea.com/,sim,nao_verificado,,,"Ja conhecido pela campanha (dominio): Electronic Arts / Respawn Entertainment (Ryan Lastimosa, Franchise Art Director). Nao revarrido nesta rodada. | ficha: https://3dvf.com/en/studio/electronic-arts-vancouver/"
Elliot Animation,Canadá,Toronto,https://elliottanimation.ca/,nao,nao_verificado,,,"Home lida, sem link de carreiras identificavel; nenhum ATS detectado. | ficha: https://3dvf.com/en/studio/elliot-animation/"
FatBelly VFX,Canadá,Vancouver,,nao,nao_verificado,,,Sem site publicado na ficha 3DVF. | ficha: https://3dvf.com/en/studio/fatbelly-vfx/
Felix &#038; Paul Studios,Canadá,Montreal Felix & Paul Studios,https://www.felixandpaul.com/,nao,nao_encontrada,,,ATS detectado (bamboohr) e consultado por API: nenhuma vaga da disciplina no retorno. | ficha: https://3dvf.com/en/studio/felix-paul-studios/
Folks VFX,Canadá,Toronto,https://folksvfx.com/,nao,nao_encontrada,,,"Pagina de carreiras lida (https://folksvfx.com/careers/): nenhum titulo da disciplina no HTML. Pode ser quadro carregado por JavaScript, que nao da para ler sem navegador. | ficha: https://3dvf.com/en/studio/folks-vfx/"
Fort York VFX,Canadá,Toronto,https://www.fortyork.tv/,nao,nao_verificado,,,"Home lida, sem link de carreiras identificavel; nenhum ATS detectado. | ficha: https://3dvf.com/en/studio/fort-york-vfx/"
Framestore,Canadá,Montreal,https://www.framestore.com/,sim,nao_verificado,,,Ja conhecido pela campanha (dominio): Framestore. Nao revarrido nesta rodada. | ficha: https://3dvf.com/en/studio/framestore/
Frima Studio,Canadá,Quebec,https://www.frimastudio.com/en/,sim,nao_verificado,,,"Ja conhecido pela campanha (dominio): Frima Studio (Jimmy Lemay, VP Développement des marchés). Nao revarrido nesta rodada. | ficha: https://3dvf.com/en/studio/frima-studio/"
Fuse FX,Canadá,Vancouver,https://fusefx.com/,nao,nao_encontrada,,,"Pagina de carreiras lida (https://folksvfx.com/careers/): nenhum titulo da disciplina no HTML. Pode ser quadro carregado por JavaScript, que nao da para ler sem navegador. | ficha: https://3dvf.com/en/studio/fuse-fx/"
Gallus Entertainment,Canadá,Sudbury,https://gallusentertainment.com/,nao,nao_verificado,,,Site nao respondeu ao curl (home inacessivel); board nao pode ser lido sem navegador. | ficha: https://3dvf.com/en/studio/gallus-entertainment/
Gasket Games,Canadá,Vancouver,https://www.gasketgames.com/,nao,nao_encontrada,,,ATS detectado (bamboohr/bamboohr) e consultado por API: nenhuma vaga da disciplina no retorno. | ficha: https://3dvf.com/en/studio/gasket-games/
Goldtooth,Canadá,Vancouver,https://goldtooth.com/,nao,nao_encontrada,,,"Pagina de carreiras lida (https://goldtooth.com/careers/): nenhum titulo da disciplina no HTML. Pode ser quadro carregado por JavaScript, que nao da para ler sem navegador. | ficha: https://3dvf.com/en/studio/goldtooth/"
Guru Studio,Canadá,Toronto,https://gurustudio.com/,sim,nao_verificado,,,Ja conhecido pela campanha (dominio): Guru Studio. Nao revarrido nesta rodada. | ficha: https://3dvf.com/en/studio/guru-studio/
Head Gear Animation,Canadá,Toronto,https://www.headgearanimation.com/,nao,nao_verificado,,,"Home lida, sem link de carreiras identificavel; nenhum ATS detectado. | ficha: https://3dvf.com/en/studio/head-gear-animation/"
Hoplite Studio,Canadá,Montréal,https://hoplitevfx.com/,nao,nao_verificado,,,"Home lida, sem link de carreiras identificavel; nenhum ATS detectado. | ficha: https://3dvf.com/en/studio/hoplite/"
Hothead Games,Canadá,Vancouver,https://hotheadgames.com/,sim,nao_verificado,,,Ja conhecido pela campanha (dominio): Hothead Games. Nao revarrido nesta rodada. | ficha: https://3dvf.com/en/studio/hothead-games/
House Of Cool,Canadá,Toronto,https://houseofcool.com/,sim,nao_verificado,,,Ja conhecido pela campanha (dominio): House of Cool. Nao revarrido nesta rodada. | ficha: https://3dvf.com/en/studio/house-of-cool/
Huminah Huminah Animation,Canadá,Dartmouth,https://hhanimation.com/MainPage/,nao,nao_verificado,,,"Home lida, sem link de carreiras identificavel; nenhum ATS detectado. | ficha: https://3dvf.com/en/studio/huminah-huminah-animation/"
Hybride,Canadá,Montreal,https://hybride.com/,sim,nao_verificado,,,Ja conhecido pela campanha (dominio): Hybride. Nao revarrido nesta rodada. | ficha: https://3dvf.com/en/studio/hybride/
Ice VFX,Canadá,Montreal,https://www.icevfx.com/,nao,nao_verificado,,,"Home lida, sem link de carreiras identificavel; nenhum ATS detectado. | ficha: https://3dvf.com/en/studio/ice-vfx/"
ICON Creative Studio,Canadá,Vancouver Vancouver,https://www.iconcreativestudio.com/,sim,nao_verificado,,,Ja conhecido pela campanha (dominio): ICON Creative Studio. Nao revarrido nesta rodada. | ficha: https://3dvf.com/en/studio/icon-creative-studio/
Image Engine,Canadá,Vancouver,https://image-engine.com/,sim,nao_verificado,,,"Ja conhecido pela campanha (dominio): Image Engine (Barry Poon, Head of Assets). Nao revarrido nesta rodada. | ficha: https://3dvf.com/en/studio/image-engine/"
Industrial Brothers,Canadá,Toronto,https://www.industrialbrothers.com/,sim,nao_verificado,,,Ja conhecido pela campanha (dominio): Industrial Brothers. Nao revarrido nesta rodada. | ficha: https://3dvf.com/en/studio/industrial-brothers/
IOM Media,Canadá,Halifax,https://www.iom-media.com/,sim,nao_verificado,,,Ja conhecido pela campanha (dominio): IoM Media. Nao revarrido nesta rodada. | ficha: https://3dvf.com/en/studio/iom-media/
Jam Filled Entertainment,Canadá,Ottawa,https://www.jamfilled.com/,sim,nao_verificado,,,Ja conhecido pela campanha (dominio): Jam Filled Entertainment. Nao revarrido nesta rodada. | ficha: https://3dvf.com/en/studio/jam-filled-entertainment/
Kalos Studios,Canadá,Vancouver,https://www.kalosstudios.com/,nao,nao_verificado,,,"Home lida, sem link de carreiras identificavel; nenhum ATS detectado. | ficha: https://3dvf.com/en/studio/kalos-studios/"
Kerosene VFX,Canadá,Toronto,https://www.kerosenevfx.com/,sim,nao_verificado,,,Ja conhecido pela campanha (dominio): Kerosene VFX. Nao revarrido nesta rodada. | ficha: https://3dvf.com/en/studio/kerosene-vfx/
Key Frame Digital,Canadá,St Catharines,https://keyframe.ca/,sim,nao_verificado,,,Ja conhecido pela campanha (dominio): Keyframe Digital Productions. Nao revarrido nesta rodada. | ficha: https://3dvf.com/en/studio/key-frame-digital/
Klei Entertainment,Canadá,Vancouver,https://www.klei.com/,sim,nao_verificado,,,"Ja conhecido pela campanha (dominio): Klei Entertainment (Vancouver) - SEM-PORTA, quadro com zero vaga e so email. Nao revarrido nesta rodada. | ficha: https://3dvf.com/en/studio/klei-entertainment/"
Kreaturz,Canadá,Blainville,https://kreaturz.com/,nao,nao_verificado,,,Site nao respondeu ao curl (home inacessivel); board nao pode ser lido sem navegador. | ficha: https://3dvf.com/en/studio/kreaturz/
L&rsquo;Atelier Animation,Canadá,Montréal L'Atelier Animation,https://www.latelieranimation.com/,sim,nao_verificado,,,Ja conhecido pela campanha (dominio): LAtelier Animation (Candidature spontanee / Spontaneous application). Nao revarrido nesta rodada. | ficha: https://3dvf.com/en/studio/latelier-animation/
Linetest,Canadá,Vancouver,https://linetest.tv/,nao,nao_verificado,,,"Home lida, sem link de carreiras identificavel; nenhum ATS detectado. | ficha: https://3dvf.com/en/studio/linetest/"
Little Blackstone Studios,Canadá,Toronto,https://www.littleblackstone.ca/lbs2014/,nao,nao_verificado,,,"Home lida, sem link de carreiras identificavel; nenhum ATS detectado. | ficha: https://3dvf.com/en/studio/little-blackstone-studios/"
Lux Visual Effects,Canadá,Squamish,https://www.luxvfx.com/,nao,nao_verificado,,,"Home lida, sem link de carreiras identificavel; nenhum ATS detectado. | ficha: https://3dvf.com/en/studio/lux-visual-effects/"
Mainframe Studios,Canadá,Vancouver,https://www.mainframe.ca/,sim,nao_verificado,,,Ja conhecido pela campanha (dominio): Mainframe Studios. Nao revarrido nesta rodada. | ficha: https://3dvf.com/en/studio/mainframe-studios/
Mavericks VFX,Canadá,Toronto,https://mavericks-vfx.com/,nao,nao_verificado,,,"Home lida, sem link de carreiras identificavel; nenhum ATS detectado. | ficha: https://3dvf.com/en/studio/mavericks-vfx/"
MELS,Canadá,Montreal,https://www.mels-studios.com/,nao,nao_encontrada,,,ATS detectado (smartrecruiters) e consultado por API: nenhuma vaga da disciplina no retorno. | ficha: https://3dvf.com/en/studio/mels/
Mercury Filmworks,Canadá,Ottawa,https://mercuryfilmworks.com/,nao,nao_encontrada,,,ATS detectado (bamboohr) e consultado por API: nenhuma vaga da disciplina no retorno. | ficha: https://3dvf.com/en/studio/mercury-filmworks/
META Productions,Canadá,Calgary,https://metaproductions.tv/,nao,nao_verificado,,,"Home lida, sem link de carreiras identificavel; nenhum ATS detectado. | ficha: https://3dvf.com/en/studio/meta-productions/"
Moment Factory,Canadá,Montreal,https://www.momentfactory.com/,nao,nao_encontrada,,,"Pagina de carreiras lida (https://www.momentfactory.com/pages/careers): nenhum titulo da disciplina no HTML. Pode ser quadro carregado por JavaScript, que nao da para ler sem navegador. | ficha: https://3dvf.com/en/studio/moment-factory/"
Monsters Aliens Robots Zombies VFX,Canadá,Toronto,https://monstersaliensrobotszombies.com/,nao,nao_verificado,,,"Home lida, sem link de carreiras identificavel; nenhum ATS detectado. | ficha: https://3dvf.com/en/studio/monsters-aliens-robots-zombies-vfx/"
MOOV Studio,Canadá,Quebec,https://www.moovstudio.com/index.html,nao,nao_verificado,,,Site nao respondeu ao curl (home inacessivel); board nao pode ser lido sem navegador. | ficha: https://3dvf.com/en/studio/moov-studio/
Morro Images,Canadá,St. Catharines,https://www.morroimages.com/,nao,nao_verificado,,,Site nao respondeu ao curl (home inacessivel); board nao pode ser lido sem navegador. | ficha: https://3dvf.com/en/studio/morro-images/
Motive Video Game Studio,Canadá,Montreal,https://www.ea.com/ea-studios/motive,sim,nao_verificado,,,"Ja conhecido pela campanha (dominio): Electronic Arts / Respawn Entertainment (Ryan Lastimosa, Franchise Art Director). Nao revarrido nesta rodada. | ficha: https://3dvf.com/en/studio/motive-video-game-studio/"
Mr X,Canadá,Toronto,https://www.mrxfx.com/,nao,nao_encontrada,,,"Pagina de carreiras lida (https://mrxfx.com/careers-mrxfx/): nenhum titulo da disciplina no HTML. Pode ser quadro carregado por JavaScript, que nao da para ler sem navegador. | ficha: https://3dvf.com/en/studio/mr-x/"
Next Level Games,Canadá,Vancouver,https://www.nextlevelgames.com/,sim,nao_verificado,,,Ja conhecido pela campanha (dominio): Next Level Games (Nintendo). Nao revarrido nesta rodada. | ficha: https://3dvf.com/en/studio/next-level-games/
On Animations Studios,Canadá,Montreal,https://www.onanimationstudios.com/,nao,nao_encontrada,,,"Pagina de carreiras lida (https://www.onanimationstudios.com/#section-emplois): nenhum titulo da disciplina no HTML. Pode ser quadro carregado por JavaScript, que nao da para ler sem navegador. | ficha: https://3dvf.com/en/studio/on-animations-studios/"
Pipeline Studios,Canadá,Hamilton,https://www.pipelinestudios.com/,sim,nao_verificado,,,"Ja conhecido pela campanha (dominio): Pipeline Studios (Robyn Moir, Art Director). Nao revarrido nesta rodada. | ficha: https://3dvf.com/en/studio/pipeline-studios/"
Piranha Games,Canadá,Burnaby,https://piranhagames.com/,sim,nao_verificado,,,Ja conhecido pela campanha (nome): Piranha Games (Character Artist). Nao revarrido nesta rodada. | ficha: https://3dvf.com/en/studio/piranha-games/
Pix Ray VFX,Canadá,Toronto,https://www.pixray.ca/,nao,nao_encontrada,,,"Pagina de carreiras lida (https://www.pixray.ca/join-us): nenhum titulo da disciplina no HTML. Pode ser quadro carregado por JavaScript, que nao da para ler sem navegador. | ficha: https://3dvf.com/en/studio/pix-ray-vfx/"
Pixels &#038; Coffee Media,Canadá,Cambridge Pixels & Coffee Media,https://www.pixelsncoffee.com/,nao,nao_verificado,,,Site nao respondeu ao curl (home inacessivel); board nao pode ser lido sem navegador. | ficha: https://3dvf.com/en/studio/pixels-coffee-media/
Playfight VFX,Canadá,Toronto,https://www.playfight.com/,sim,nao_verificado,,,Ja conhecido pela campanha (dominio): Playfight. Nao revarrido nesta rodada. | ficha: https://3dvf.com/en/studio/play-fight/
Portfolio Entertainment,Canadá,Toronto,https://www.portfolioentertainment.com/,nao,nao_encontrada,,,"Pagina de carreiras lida (https://9story.com/careers/): nenhum titulo da disciplina no HTML. Pode ser quadro carregado por JavaScript, que nao da para ler sem navegador. | ficha: https://3dvf.com/en/studio/portfolio-entertainment/"
Pureblink,Canadá,Toronto,https://pureblink.digital/,nao,nao_verificado,,,"Home lida, sem link de carreiras identificavel; nenhum ATS detectado. | ficha: https://3dvf.com/en/studio/pureblink/"
Raynault VFX,Canadá,Montreal,https://www.raynault.com/,nao,nao_encontrada,,,"Pagina de carreiras lida (https://www.raynault.com/careers): nenhum titulo da disciplina no HTML. Pode ser quadro carregado por JavaScript, que nao da para ler sem navegador. | ficha: https://3dvf.com/en/studio/raynault-vfx/"
Rayon FX,Canadá,Montreal,https://www.rayonfx.com/,nao,nao_verificado,,,"Home lida, sem link de carreiras identificavel; nenhum ATS detectado. | ficha: https://3dvf.com/en/studio/rayon-fx/"
Reactiv,Canadá,Toronto,https://www.getreactiv.com/,sim,nao_verificado,,,Ja conhecido pela campanha (dominio): Reactiv. Nao revarrido nesta rodada. | ficha: https://3dvf.com/en/studio/reactiv/
Real by Fake,Canadá,Montreal,https://www.realbyfake.com/,nao,nao_verificado,,,"Home lida, sem link de carreiras identificavel; nenhum ATS detectado. | ficha: https://3dvf.com/en/studio/real-by-fake/"
ReDefine,Canadá,Montreal,https://redefine.co/,nao,nao_encontrada,,,"Pagina de carreiras lida (https://redefine.co/join-us): nenhum titulo da disciplina no HTML. Pode ser quadro carregado por JavaScript, que nao da para ler sem navegador. | ficha: https://3dvf.com/en/studio/redefine/"
REDLAB,Canadá,Toronto,https://www.redlabto.com/,nao,nao_encontrada,,,"Pagina de carreiras lida (https://tinyurl.com/redcareers): nenhum titulo da disciplina no HTML. Pode ser quadro carregado por JavaScript, que nao da para ler sem navegador. | ficha: https://3dvf.com/en/studio/redlab/"
Reel FX,Canadá,Montreal,https://www.reelfx.com/,sim,nao_verificado,,,"Ja conhecido pela campanha (dominio): Reel FX (Chuck Peil, EVP Business Development). Nao revarrido nesta rodada. | ficha: https://3dvf.com/en/studio/reel-fx/"
Relic Entertainment,Canadá,Vancouver,https://www.relic.com/,sim,nao_verificado,,,Ja conhecido pela campanha (dominio): Relic Entertainment. Nao revarrido nesta rodada. | ficha: https://3dvf.com/en/studio/relic-entertainment/
Rigbox Studio,Canadá,Montreal,https://rigbox.studio/,nao,nao_verificado,,,"Home lida, sem link de carreiras identificavel; nenhum ATS detectado. | ficha: https://3dvf.com/en/studio/rigbox-studio/"
Rocket Science VFX,Canadá,Toronto,https://www.rsvfx.com/,nao,nao_encontrada,,,"Pagina de carreiras lida (https://www.rsvfx.com/careers/): nenhum titulo da disciplina no HTML. Pode ser quadro carregado por JavaScript, que nao da para ler sem navegador. | ficha: https://3dvf.com/en/studio/rocket-science-vfx/"
Rodeo FX,Canadá,Montreal Spécialities Publicités Séries VFX – Effets Visuels,https://www.rodeofx.com/,sim,nao_verificado,,,"Ja conhecido pela campanha (dominio): Rodeo FX (Deak Ferrand, Head of Art Department). Nao revarrido nesta rodada. | ficha: https://3dvf.com/en/studio/rodeo-fx/"
Savian,Canadá,Edmonton,https://savian.ca/,sim,nao_verificado,,,Ja conhecido pela campanha (dominio): Savian. Nao revarrido nesta rodada. | ficha: https://3dvf.com/en/studio/savian/
Scanline VFX,Canadá,Vancouver,https://www.scanlinevfx.com/,nao,nao_verificado,,,"Home lida, sem link de carreiras identificavel; nenhum ATS detectado. | ficha: https://3dvf.com/en/studio/scanline-vfx/"
SHED,Canadá,Montreal,https://www.shedmtl.com/,sim,nao_verificado,,,Ja conhecido pela campanha (dominio): SHED. Nao revarrido nesta rodada. | ficha: https://3dvf.com/en/studio/shed/
Side FX,Canadá,Toronto,https://www.sidefx.com/,nao,nao_encontrada,,,ATS detectado (bamboohr) e consultado por API: nenhuma vaga da disciplina no retorno. | ficha: https://3dvf.com/en/studio/side-fx/
Side Street Post &#038; VFX,Canadá,Vancouver Side Street Post & VFX,https://sidestreetpost.com/,nao,nao_verificado,,,"Home lida, sem link de carreiras identificavel; nenhum ATS detectado. | ficha: https://3dvf.com/en/studio/side-street-post-vfx/"
Singing Frog Studio,Canadá,Montreal,https://www.singingfrogstudio.com/,nao,nao_verificado,,,"Home lida, sem link de carreiras identificavel; nenhum ATS detectado. | ficha: https://3dvf.com/en/studio/singing-frog-studio/"
Sinking Ship Entertainment,Canadá,Toronto,https://www.sinkingship.ca/,nao,nao_verificado,,,"Home lida, sem link de carreiras identificavel; nenhum ATS detectado. | ficha: https://3dvf.com/en/studio/sinking-ship-entertainment/"
SkyBox Labs,Canadá,Burnaby,https://skyboxlabs.com/,nao,nao_encontrada,,,"Pagina de carreiras lida (https://skyboxlabs.com/jobs/): nenhum titulo da disciplina no HTML. Pode ser quadro carregado por JavaScript, que nao da para ler sem navegador. | ficha: https://3dvf.com/en/studio/skybox-labs/"
Slap Happy Cartoons,Canadá,Vancouver,https://slaphappycartoons.com/,nao,nao_verificado,,,"Home lida, sem link de carreiras identificavel; nenhum ATS detectado. | ficha: https://3dvf.com/en/studio/slap-happy-cartoons/"
Smiley Guy Studios,Canadá,Toronto,https://smileyguystudios.com/,nao,nao_verificado,,,"Home lida, sem link de carreiras identificavel; nenhum ATS detectado. | ficha: https://3dvf.com/en/studio/smiley-guy-studios/"
Smoking Gun Interactive,Canadá,Vancouver,https://www.smokingguninc.com/,sim,nao_verificado,,,"Ja conhecido pela campanha (dominio): Smoking Gun Interactive / Keywords (Vancouver) - RELOCATION ASSISTANCE POR ESCRITO, sem va. Nao revarrido nesta rodada. | ficha: https://3dvf.com/en/studio/smoking-gun-interactive/"
Soho VFX,Canadá,Toronto,https://sohovfx.com/,nao,nao_encontrada,,,"Pagina de carreiras lida (https://sohovfx.com/join-us/): nenhum titulo da disciplina no HTML. Pode ser quadro carregado por JavaScript, que nao da para ler sem navegador. | ficha: https://3dvf.com/en/studio/soho-vfx/"
Sony Pictures Imageworks,Canadá,Vancouver,https://www.imageworks.com/,sim,nao_verificado,,,Ja conhecido pela campanha (dominio): Sony Pictures Imageworks. Nao revarrido nesta rodada. | ficha: https://3dvf.com/en/studio/sony-pictures-imageworks/
Spin VFX,Canadá,Toronto,https://www.spinvfx.com/,nao,nao_encontrada,,,"Pagina de carreiras lida (https://www.spinvfx.com/spin-careers/): nenhum titulo da disciplina no HTML. Pode ser quadro carregado por JavaScript, que nao da para ler sem navegador. | ficha: https://3dvf.com/en/studio/spine-vfx/"
Squeeze,Canadá,Montreal,https://www.squeezestudio.com/,sim,nao_verificado,,,Ja conhecido pela campanha (dominio): Squeeze Animation Studios. Nao revarrido nesta rodada. | ficha: https://3dvf.com/en/studio/squeeze/
Starno,Canadá,Montreal,https://www.starno.net/,nao,nao_verificado,,,"Home lida, sem link de carreiras identificavel; nenhum ATS detectado. | ficha: https://3dvf.com/en/studio/starno/"
Stellar Creative Lab Inc.,Canadá,Vancouver,https://www.stellarcreativelab.com/,sim,nao_verificado,,,Ja conhecido pela campanha (dominio): Stellar Creative Lab. Nao revarrido nesta rodada. | ficha: https://3dvf.com/en/studio/stellar-creative-lab-inc/
Stereo D,Canadá,Toronto,https://www.stereodllc.com/,nao,nao_verificado,,,Site nao respondeu ao curl (home inacessivel); board nao pode ser lido sem navegador. | ficha: https://3dvf.com/en/studio/stereo-d/
Stormborn Studios,Canadá,Vancouver,https://stormbornvfx.com/,nao,nao_verificado,,,"Home lida, sem link de carreiras identificavel; nenhum ATS detectado. | ficha: https://3dvf.com/en/studio/stormborn-studios/"
Studio Feather,Canadá,Toronto,https://studiofeather.com/,nao,nao_verificado,,,"Home lida, sem link de carreiras identificavel; nenhum ATS detectado. | ficha: https://3dvf.com/en/studio/studio-feather/"
Switch VFX Animation,Canadá,Toronto,https://www.switchent.com/,nao,nao_verificado,,,"Home lida, sem link de carreiras identificavel; nenhum ATS detectado. | ficha: https://3dvf.com/en/studio/switch-vfx-animation/"
Tantrum,Canadá,Toronto,https://www.tantrum.studio/,nao,nao_verificado,,,"Home lida, sem link de carreiras identificavel; nenhum ATS detectado. | ficha: https://3dvf.com/en/studio/tantrum/"
Taqqut Productions,Canadá,Toronto,https://taqqut.com/,nao,nao_encontrada,,,"Pagina de carreiras lida (https://taqqut.com/careers/): nenhum titulo da disciplina no HTML. Pode ser quadro carregado por JavaScript, que nao da para ler sem navegador. | ficha: https://3dvf.com/en/studio/taqqut-productions/"
Tendril,Canadá,Toronto,https://tendril.ca/,sim,nao_verificado,,,"Ja conhecido pela campanha (dominio): Tendril (Amanda Westerhout, Talent Manager). Nao revarrido nesta rodada. | ficha: https://3dvf.com/en/studio/tendril/"
The Embassy VFX,Canadá,Vancouver,https://theembassyvfx.com/,sim,nao_verificado,,,"Ja conhecido pela campanha (dominio): The Embassy VFX (Steve Woo, Head of Studio). Nao revarrido nesta rodada. | ficha: https://3dvf.com/en/studio/the-embassy-vfx/"
The Juggernaut,Canadá,Toronto,https://www.thejuggernaut.ca,sim,nao_verificado,,,Ja conhecido pela campanha (dominio): The Juggernaut. Nao revarrido nesta rodada. | ficha: https://3dvf.com/en/studio/the-juggernaut/
The Sequence Group,Canadá,Vancouver,https://thesequencegroup.com/,sim,nao_verificado,,,"Ja conhecido pela campanha (dominio): The Sequence Group (Luke Bicevskis, Partner & Creative Director). Nao revarrido nesta rodada. | ficha: https://3dvf.com/en/studio/the-sequence-group/"
Titmouse,Canadá,Vancouver,https://titmouse.net/,nao,nao_encontrada,,,ATS detectado (lever) e consultado por API: nenhuma vaga da disciplina no retorno. | ficha: https://3dvf.com/en/studio/titmouse/
Tonic DNA,Canadá,Montreal,https://www.tonicdna.com/,sim,nao_verificado,,,Ja conhecido pela campanha (dominio): Tonic DNA (2ª via). Nao revarrido nesta rodada. | ficha: https://3dvf.com/en/studio/tonic-dna/
Torpedo Pictures,Canadá,Toronto,https://www.torpedopictures.ca/,nao,nao_encontrada,,,"Pagina de carreiras lida (https://www.torpedopictures.ca/jobs): nenhum titulo da disciplina no HTML. Pode ser quadro carregado por JavaScript, que nao da para ler sem navegador. | ficha: https://3dvf.com/en/studio/torpido-pictures/"
TouTenKartoon,Canadá,Montreal,https://toutenkartoon.ca/,nao,nao_verificado,,,Site nao respondeu ao curl (home inacessivel); board nao pode ser lido sem navegador. | ficha: https://3dvf.com/en/studio/toutenkartoon/
Unstandard Studio,Canadá,Québec City,https://www.unstandardstudio.com,nao,nao_verificado,,,"Home lida, sem link de carreiras identificavel; nenhum ATS detectado. | ficha: https://3dvf.com/en/studio/unstandard-studio/"
Volta,Canadá,Quebec,https://www.volta.ca/,nao,nao_encontrada,,,"Pagina de carreiras lida (https://www.volta.ca/careers/): nenhum titulo da disciplina no HTML. Pode ser quadro carregado por JavaScript, que nao da para ler sem navegador. | ficha: https://3dvf.com/en/studio/volta/"
Waterproof Studios,Canadá,Vancouver,https://waterproofstudios.com/,sim,nao_verificado,,,Ja conhecido pela campanha (dominio): Waterproof Studios (2ª via). Nao revarrido nesta rodada. | ficha: https://3dvf.com/en/studio/waterproof-studios/
WGames,Canadá,Toronto,https://wgames.com/,nao,nao_encontrada,,,ATS detectado (bamboohr/bamboohr) e consultado por API: nenhuma vaga da disciplina no retorno. | ficha: https://3dvf.com/en/studio/wgames/
WildBrain,Canadá,Toronto,https://www.wildbrain.com/,sim,nao_verificado,,,"Ja conhecido pela campanha (nome): WildBrain Studios (Senior Designer, Vancouver) - quadro inteiro lido, e a vaga e design 2D. Nao revarrido nesta rodada. | ficha: https://3dvf.com/en/studio/wildbrain/"
Wonderslust,Canadá,Halifax,https://www.wonderlustmedia.ca/,nao,nao_verificado,,,"Home lida, sem link de carreiras identificavel; nenhum ATS detectado. | ficha: https://3dvf.com/en/studio/wonderslust/"
Yeti Farm Creative,Canadá,Kelowna,https://www.yetifarmcreative.com/,nao,nao_encontrada,,,"Pagina de carreiras lida (https://artistsanimation.com/careers/): nenhum titulo da disciplina no HTML. Pode ser quadro carregado por JavaScript, que nao da para ler sem navegador. | ficha: https://3dvf.com/en/studio/yeti-farm-creative/"
Yowza ! Animation,Canadá,Toronto,https://yowzaanimation.com/,nao,nao_encontrada,,,"Pagina de carreiras lida (https://yowzaanimation.com/careers/): nenhum titulo da disciplina no HTML. Pode ser quadro carregado por JavaScript, que nao da para ler sem navegador. | ficha: https://3dvf.com/en/studio/yowza-animation/"
Zink,Canadá,Toronto,https://www.zink.ca,nao,nao_verificado,,,"Home lida, sem link de carreiras identificavel; nenhum ATS detectado. | ficha: https://3dvf.com/en/studio/zink/"
Zoic Studios,Canadá,Vancouver,https://www.zoicstudios.com/,sim,nao_verificado,,,"Ja conhecido pela campanha (dominio): Zoic Studios (Steve Melchiorre, Senior Executive Producer). Nao revarrido nesta rodada. | ficha: https://3dvf.com/en/studio/zoic-studios/"
Kredenc,Chéquia,Prague,https://kredenc.studio/,nao,nao_verificado,,,Site nao respondeu ao curl (home inacessivel); board nao pode ser lido sem navegador. | ficha: https://3dvf.com/en/studio/kredenc/
The Mill,Coreia do Sul / Reino Unido / Bélgica / França,Liège Seoul Paris Bengaluru London,https://themill.com/,sim,nao_verificado,,,"Ja conhecido pela campanha (dominio): MPC Paris e Liège (Béatrice Bauwens, Director). Nao revarrido nesta rodada. | ficha: https://3dvf.com/en/studio/the-mill/"
VCR WORKS,Coreia do Sul,Séoul,https://vcrworks.kr,nao,nao_verificado,,,"Home lida, sem link de carreiras identificavel; nenhum ATS detectado. | ficha: https://3dvf.com/en/studio/vcr-works/"
3D Realms,Dinamarca,Aalborg,https://3drealms.com/,nao,nao_verificado,,,"Home lida, sem link de carreiras identificavel; nenhum ATS detectado. | ficha: https://3dvf.com/en/studio/3d-realms/"
Animated Learning Lab,Dinamarca,Viborg,https://www.animatedlearning.dk,nao,nao_verificado,,,"Home lida, sem link de carreiras identificavel; nenhum ATS detectado. | ficha: https://3dvf.com/en/studio/animated-learning-lab/"
Anne Hoberg Illustration,Dinamarca,Viborg,https://www.annehoberg.com,nao,nao_verificado,,,"Home lida, sem link de carreiras identificavel; nenhum ATS detectado. | ficha: https://3dvf.com/en/studio/anne-hoberg-illustration/"
Bacon X,Dinamarca,Frederiksberg,https://baconx.com/,nao,nao_verificado,,,"Home lida, sem link de carreiras identificavel; nenhum ATS detectado. | ficha: https://3dvf.com/en/studio/bacon-x-2/"
Copenhagen Bombay,Dinamarca,Copenhagen,https://copenhagenbombay.com/,nao,nao_verificado,,,"Home lida, sem link de carreiras identificavel; nenhum ATS detectado. | ficha: https://3dvf.com/en/studio/copenhagen-bombay/"
Doktor,Dinamarca,Viborg,https://www.playdoktor.com,nao,nao_verificado,,,Site nao respondeu ao curl (home inacessivel); board nao pode ser lido sem navegador. | ficha: https://3dvf.com/en/studio/doktor/
Drawesome Pictures,Dinamarca,Viborg,https://www.drawesomefilms.com,nao,nao_verificado,,,"Home lida, sem link de carreiras identificavel; nenhum ATS detectado. | ficha: https://3dvf.com/en/studio/drawesome-pictures/"
Dupondi Studio,Dinamarca,Viborg,https://www.dupondi.dk,nao,nao_verificado,,,Site nao respondeu ao curl (home inacessivel); board nao pode ser lido sem navegador. | ficha: https://3dvf.com/en/studio/dupondi-studio/
Dystopian Creatives,Dinamarca,Aarhus,https://dystopiancreatives.com/,nao,nao_verificado,,,Site nao respondeu ao curl (home inacessivel); board nao pode ser lido sem navegador. | ficha: https://3dvf.com/en/studio/dystopian-creatives/
Eye Candy Film,Dinamarca,Copenhagen,https://www.eyecandyfilm.dk/,nao,nao_verificado,,,"Home lida, sem link de carreiras identificavel; nenhum ATS detectado. | ficha: https://3dvf.com/en/studio/eye-candy-film/"
Ghost VFX,Dinamarca,Copenhagen,https://ghost.dk/,nao,nao_verificado,,,Site nao respondeu ao curl (home inacessivel); board nao pode ser lido sem navegador. | ficha: https://3dvf.com/en/studio/ghost-vfx/
Gimmick VFX,Dinamarca,Copenhagen,https://gimmickvfx.com/,nao,nao_verificado,,,"Home lida, sem link de carreiras identificavel; nenhum ATS detectado. | ficha: https://3dvf.com/en/studio/gimmick-vfx/"
Good Job Studios,Dinamarca,Viborg,https://www.goodjobstudios.com,sim,nao_verificado,,,Ja conhecido pela campanha (nome): Good Job Games (Senior 3D Artist e 3D Artist). Nao revarrido nesta rodada. | ficha: https://3dvf.com/en/studio/good-job-studios/
Happy Flyfish,Dinamarca,Viborg,https://www.happyflyfish.dk,nao,nao_verificado,,,Site nao respondeu ao curl (home inacessivel); board nao pode ser lido sem navegador. | ficha: https://3dvf.com/en/studio/happy-flyfish/
Hide The Zebra,Dinamarca,Copenhagen,https://www.hidethezebra.com/,nao,nao_verificado,,,Site nao respondeu ao curl (home inacessivel); board nao pode ser lido sem navegador. | ficha: https://3dvf.com/en/studio/hide-the-zebra/
Hydralab,Dinamarca,Copenhagen,https://cph.hydralab.com/,nao,nao_verificado,,,"Home lida, sem link de carreiras identificavel; nenhum ATS detectado. | ficha: https://3dvf.com/en/studio/hydralab/"
IO Interactive,Dinamarca,Copenhagen,https://www.ioi.dk/,sim,nao_verificado,,,Ja conhecido pela campanha (dominio): IO Interactive. Nao revarrido nesta rodada. | ficha: https://3dvf.com/en/studio/io-interactive/
Ja Film,Dinamarca,Aarhus,https://www.jafilm.dk/,nao,nao_verificado,,,"Home lida, sem link de carreiras identificavel; nenhum ATS detectado. | ficha: https://3dvf.com/en/studio/ja-film/"
Jody prody,Dinamarca,Viborg,https://www.jodyprody.com,nao,nao_verificado,,,Site nao respondeu ao curl (home inacessivel); board nao pode ser lido sem navegador. | ficha: https://3dvf.com/en/studio/jody-prody/
Kiloo,Dinamarca,Aarhus,https://www.kiloogames.com/,nao,nao_verificado,,,"Home lida, sem link de carreiras identificavel; nenhum ATS detectado. | ficha: https://3dvf.com/en/studio/kiloo/"
Logic Artists,Dinamarca,Copenhagen,https://www.logicartists.com/,nao,nao_verificado,,,"Home lida, sem link de carreiras identificavel; nenhum ATS detectado. | ficha: https://3dvf.com/en/studio/logic-artists/"
M2 Film,Dinamarca,Aarhus,https://www.m2film.dk/,nao,nao_encontrada,,,"Pagina de carreiras lida (https://m2film.dk/jobs/): nenhum titulo da disciplina no HTML. Pode ser quadro carregado por JavaScript, que nao da para ler sem navegador. | ficha: https://3dvf.com/en/studio/m2-film/"
Mads Juul Storyboard,Dinamarca,Viborg,https://www.mjstoryboard.blogspot.com,nao,nao_verificado,,,Site nao respondeu ao curl (home inacessivel); board nao pode ser lido sem navegador. | ficha: https://3dvf.com/en/studio/mads-juul-storyboard/
Nice Ninja,Dinamarca,Copenhagen,https://niceninja.com/,nao,nao_verificado,,,"Home lida, sem link de carreiras identificavel; nenhum ATS detectado. | ficha: https://3dvf.com/en/studio/nice-ninja/"
Nørlum,Dinamarca,Viborg,https://www.noerlum.com/,nao,nao_verificado,,,"Home lida, sem link de carreiras identificavel; nenhum ATS detectado. | ficha: https://3dvf.com/en/studio/norlum/"
Ouros Animation,Dinamarca,Viborg,https://www.ouros.net,nao,nao_verificado,,,"Home lida, sem link de carreiras identificavel; nenhum ATS detectado. | ficha: https://3dvf.com/en/studio/ouros-animation/"
Paracosmic Studios,Dinamarca,Viborg,https://www.paracosmicstudios.dk,nao,nao_verificado,,,Site nao respondeu ao curl (home inacessivel); board nao pode ser lido sem navegador. | ficha: https://3dvf.com/en/studio/paracosmic-studios/
Quick Draw,Dinamarca,Viborg,https://www.jonasmjensen.blogspot.com,nao,nao_verificado,,,Site nao respondeu ao curl (home inacessivel); board nao pode ser lido sem navegador. | ficha: https://3dvf.com/en/studio/quick-draw/
Re:Frame Studio,Dinamarca,Viborg,https://www.reframestudio.dk,nao,nao_verificado,,,"Home lida, sem link de carreiras identificavel; nenhum ATS detectado. | ficha: https://3dvf.com/en/studio/reframe-studio/"
Reto Moto,Dinamarca,Copenhagen,https://www.reto.dk/,nao,nao_verificado,,,"Home lida, sem link de carreiras identificavel; nenhum ATS detectado. | ficha: https://3dvf.com/en/studio/reto-moto/"
Rokoko,Dinamarca,Copenhagen,https://www.rokoko.com,nao,nao_encontrada,,,ATS detectado (teamtailor) e consultado por API: nenhuma vaga da disciplina no retorno. | ficha: https://3dvf.com/en/studio/rokoko/
Sammy Torres,Dinamarca,Viborg,https://www.sammytorres.wixsite.com/portfolio,nao,nao_verificado,,,Site nao respondeu ao curl (home inacessivel); board nao pode ser lido sem navegador. | ficha: https://3dvf.com/en/studio/sammy-torres/
Slipgate Ironworks,Dinamarca,Aalborg,https://www.slipgate-ironworks.com/,sim,nao_verificado,,,Ja conhecido pela campanha (dominio): Slipgate Ironworks. Nao revarrido nesta rodada. | ficha: https://3dvf.com/en/studio/slipgate-ironworks/
Sun Creature,Dinamarca,Copenhagen,https://suncreature.com/,sim,nao_verificado,,,Ja conhecido pela campanha (dominio): Sun Creature (2ª via). Nao revarrido nesta rodada. | ficha: https://3dvf.com/en/studio/sun-creature/
SYBO Games,Dinamarca,Copenhagen,https://sybogames.com/,nao,nao_encontrada,,,ATS detectado (teamtailor) e consultado por API: nenhuma vaga da disciplina no retorno. | ficha: https://3dvf.com/en/studio/sybo-games/
TGB VFX,Dinamarca,Copenhagen,https://www.tgbvfx.com/,nao,nao_verificado,,,Site nao respondeu ao curl (home inacessivel); board nao pode ser lido sem navegador. | ficha: https://3dvf.com/en/studio/tgb-vfx/
Tumblehead Animation,Dinamarca,Viborg,https://www.tumblehead.com/,sim,nao_verificado,,,Ja conhecido pela campanha (dominio): Tumblehead. Nao revarrido nesta rodada. | ficha: https://3dvf.com/en/studio/tumblehead-animation/
Unity Technologies,Dinamarca,Copenhagen,https://unity.com/,nao,nao_encontrada,,,"Pagina de carreiras lida (https://unity.com/careers): nenhum titulo da disciplina no HTML. Pode ser quadro carregado por JavaScript, que nao da para ler sem navegador. | ficha: https://3dvf.com/en/studio/unity-technologies/"
Vizlab Studios,Dinamarca,Viborg,https://vizlabstudios.com/,nao,nao_verificado,,,"Home lida, sem link de carreiras identificavel; nenhum ATS detectado. | ficha: https://3dvf.com/en/studio/vizlab-studios/"
Wil Film,Dinamarca,Copenhagen,https://www.wilfilm.dk/,nao,nao_encontrada,,,"Pagina de carreiras lida (https://www.wilfilm.dk/jobs/): nenhum titulo da disciplina no HTML. Pode ser quadro carregado por JavaScript, que nao da para ler sem navegador. | ficha: https://3dvf.com/en/studio/wil-film/"
X Hamburg,Dinamarca,Frederiksberg Bacon X,https://baconx.com/,nao,nao_verificado,,,"Home lida, sem link de carreiras identificavel; nenhum ATS detectado. | ficha: https://3dvf.com/en/studio/bacon-x/"
Triton Digital,Eslováquia,Bratislava,https://www.triton.digital/,nao,nao_verificado,,,"Home lida, sem link de carreiras identificavel; nenhum ATS detectado. | ficha: https://3dvf.com/en/studio/triton-digital/"
3D2D Frente,Espanha,Madrid,https://www.3d2dfrente.com/,nao,nao_verificado,,,Site nao respondeu ao curl (home inacessivel); board nao pode ser lido sem navegador. | ficha: https://3dvf.com/en/studio/3d2d-frente/
3Doubles Produciiones,Espanha,Santa Cruz de Tenerife,https://www.3doubles.com/,sim,nao_verificado,,,Ja conhecido pela campanha (dominio): 3Doubles Producciones. Nao revarrido nesta rodada. | ficha: https://3dvf.com/en/studio/3doubles-produciiones/
ATLANTIS Animation,Espanha,Santa Cruz de Tenerife Spécialités Animation 3D Long métrage Séries ATLANTIS Ani,https://atlantisanimation.com/,nao,nao_encontrada,,,"Pagina de carreiras lida (https://atlantisanimation.com/careers/): nenhum titulo da disciplina no HTML. Pode ser quadro carregado por JavaScript, que nao da para ler sem navegador. | ficha: https://3dvf.com/en/studio/atlantis-animation-tenerife/"
B-WATER ANIMATION STUDIOS,Espanha,Santa Cruz de Tenerife,https://b-waterstudios.com/#,sim,nao_verificado,,,Ja conhecido pela campanha (dominio): B-Water Animation Studios. Nao revarrido nesta rodada. | ficha: https://3dvf.com/en/studio/b-water-animation-studios/
Birdland Animation,Espanha,Las Palmas de Gran Canaria,https://birdlandanimation.com/,nao,nao_verificado,,,Site nao respondeu ao curl (home inacessivel); board nao pode ser lido sem navegador. | ficha: https://3dvf.com/en/studio/birdland-animation/
El Ranchito VFX,Espanha,Madrid,https://www.elranchito.es/,sim,nao_verificado,,,Ja conhecido pela campanha (dominio): El Ranchito. Nao revarrido nesta rodada. | ficha: https://3dvf.com/en/studio/el-ranchito-vfx/
Fortiche,Espanha / França,Las Palmas de Gran Canaria Montpellier Paris,https://forticheprod.com/,sim,nao_verificado,,,Ja conhecido pela campanha (dominio): Fortiche Production. Nao revarrido nesta rodada. | ficha: https://3dvf.com/en/studio/fortiche/
Free Your Mind,Espanha,Madrid,https://www.fym.tv/,nao,nao_verificado,,,"Home lida, sem link de carreiras identificavel; nenhum ATS detectado. | ficha: https://3dvf.com/en/studio/free-your-mind/"
Hampa Animation Studio,Espanha,Valencia,https://www.hampastudio.com/,sim,nao_verificado,,,Ja conhecido pela campanha (dominio): Hampa Studio. Nao revarrido nesta rodada. | ficha: https://3dvf.com/en/studio/hampa-animation-studio/
i-Real Studios,Espanha,Madrid,https://www.i-realstudios.com/,nao,nao_verificado,,,Site nao respondeu ao curl (home inacessivel); board nao pode ser lido sem navegador. | ficha: https://3dvf.com/en/studio/i-real-studios/
Illusorium Studios,Espanha,Madrid,https://illusoriumstudios.com/,sim,nao_verificado,,,Ja conhecido pela campanha (dominio): Illusorium Studios. Nao revarrido nesta rodada. | ficha: https://3dvf.com/en/studio/illusorium/
Keytoon,Espanha,Valencia,https://www.keytoon.com/,sim,nao_verificado,,,Ja conhecido pela campanha (dominio): Keytoon Animation (2ª via). Nao revarrido nesta rodada. | ficha: https://3dvf.com/en/studio/keytoon/
La Huella FX,Espanha,Madrid,https://www.lahuellafx.com/,nao,nao_verificado,,,"Home lida, sem link de carreiras identificavel; nenhum ATS detectado. | ficha: https://3dvf.com/en/studio/la-huella-fx/"
Lanczos,Espanha,Madrid,https://www.lanczos.tv/,nao,nao_verificado,,,"Home lida, sem link de carreiras identificavel; nenhum ATS detectado. | ficha: https://3dvf.com/en/studio/lanczos/"
Mediatonic,Espanha,Madrid,https://www.mediatonicgames.com/,nao,nao_encontrada,,,"Pagina de carreiras lida (https://www.epicgames.com/site/en-US/careers/jobs?company=Mediatonic&amp;gh_src=1d0ec4e74us): nenhum titulo da disciplina no HTML. Pode ser quadro carregado por JavaScript, que nao da para ler sem navegador. | ficha: https://3dvf.com/en/studio/mediatonic-3/"
Mediatonic,Espanha,Madrid,https://www.mediatonicgames.com/,nao,nao_encontrada,,,"Pagina de carreiras lida (https://www.epicgames.com/site/en-US/careers/jobs?company=Mediatonic&amp;gh_src=1d0ec4e74us): nenhum titulo da disciplina no HTML. Pode ser quadro carregado por JavaScript, que nao da para ler sem navegador. | ficha: https://3dvf.com/en/studio/mediatonic/"
Morgana Studios,Espanha,Madrid,https://www.morganastudios.com/,sim,nao_verificado,,,Ja conhecido pela campanha (dominio): Morgana Studios. Nao revarrido nesta rodada. | ficha: https://3dvf.com/en/studio/morgana-studios/
Onirikal Studio,Espanha,Barcelona,https://www.onirikal.com/,nao,nao_verificado,,,Site nao respondeu ao curl (home inacessivel); board nao pode ser lido sem navegador. | ficha: https://3dvf.com/en/studio/onirikal-studio/
Raised By Monsters,Espanha,Madrid,,nao,nao_verificado,,,Sem site publicado na ficha 3DVF. | ficha: https://3dvf.com/en/studio/raised-by-monsters/
Serena,Espanha,Madrid,https://www.serena.tv/,nao,nao_verificado,,,"Home lida, sem link de carreiras identificavel; nenhum ATS detectado. | ficha: https://3dvf.com/en/studio/serena/"
The Frank Barton Company,Espanha,Madrid,https://www.thefrankbartoncompany.com/,sim,nao_verificado,,,Ja conhecido pela campanha (dominio): The Frank Barton Company. Nao revarrido nesta rodada. | ficha: https://3dvf.com/en/studio/the-frank-barton-company/
The SPA Studios,Espanha,Madrid,https://www.thespastudios.com/,nao,nao_verificado,,,"Home lida, sem link de carreiras identificavel; nenhum ATS detectado. | ficha: https://3dvf.com/en/studio/the-spa-studios/"
Twin Pines VFX,Espanha,Madrid,https://www.twinpines.es/,sim,nao_verificado,,,Ja conhecido pela campanha (dominio): Twin Pines. Nao revarrido nesta rodada. | ficha: https://3dvf.com/en/studio/twin-pines-vfx/
USER T38,Espanha,Madrid,https://www.usert38.com/,sim,nao_verificado,,,Ja conhecido pela campanha (dominio): User T38. Nao revarrido nesta rodada. | ficha: https://3dvf.com/en/studio/user-t38/
Virtual Art,Espanha,Valencia,https://www.virtualart.es/,nao,nao_verificado,,,"Home lida, sem link de carreiras identificavel; nenhum ATS detectado. | ficha: https://3dvf.com/en/studio/virtual-art/"
A52,EUA,Los Angeles,https://www.a52.com/,nao,nao_verificado,,,"Home lida, sem link de carreiras identificavel; nenhum ATS detectado. | ficha: https://3dvf.com/en/studio/a52/"
After Party,EUA,New York,https://www.afterpartyvfx.com/,nao,nao_verificado,,,"Home lida, sem link de carreiras identificavel; nenhum ATS detectado. | ficha: https://3dvf.com/en/studio/after-party/"
Alkemy X,EUA / Países Baixos / Canadá,New York Philadelphie Amsterdam Burbank Vancouver,https://www.alkemy-x.com,nao,nao_verificado,,,"Home lida, sem link de carreiras identificavel; nenhum ATS detectado. | ficha: https://3dvf.com/en/studio/alkemy-x/"
Alt.vfx,EUA / Austrália,Melbourne Sydney Brisbane Los Angeles Tokyo,https://altvfx.com/,sim,nao_verificado,,,"Ja conhecido pela campanha (dominio): Alt.VFX (Colin Renshaw, fundador e diretor). Nao revarrido nesta rodada. | ficha: https://3dvf.com/en/studio/alt-fx/"
Animasia Studio,EUA,Los Angeles Kuala Lumpur,https://www.animasia-studio.com/,nao,nao_verificado,,,"Home lida, sem link de carreiras identificavel; nenhum ATS detectado. | ficha: https://3dvf.com/en/studio/animasia-studio/"
Armada Content Company,EUA,No data was found,http://www.armada.company,nao,nao_verificado,,,"Home lida, sem link de carreiras identificavel; nenhum ATS detectado. | ficha: https://3dvf.com/en/studio/armada-content-company/"
Artemple-Hollywood,EUA,Culver City,https://www.artemplehollywood.com,nao,nao_encontrada,,,"Pagina de carreiras lida (https://www.artemplehollywood.com/careers): nenhum titulo da disciplina no HTML. Pode ser quadro carregado por JavaScript, que nao da para ler sem navegador. | ficha: https://3dvf.com/en/studio/artemple-hollywood/"
Artjail,EUA / Canadá,Santa Monica New York Toronto,https://Artjail.com/,sim,nao_verificado,,,Ja conhecido pela campanha (dominio): Artjail. Nao revarrido nesta rodada. | ficha: https://3dvf.com/en/studio/artjail/
Atomic Cartoon,EUA / Canadá,Burbank CA Ottawa Vancouver,https://atomiccartoons.com/,sim,nao_verificado,,,"Ja conhecido pela campanha (dominio): Atomic Cartoons (Joey Wilson, Head of CG Assets). Nao revarrido nesta rodada. | ficha: https://3dvf.com/en/studio/atomic-cartoon/"
Attack Motion Design,EUA,Chicago,https://www.attackmotiondesign.com/,nao,nao_verificado,,,"Home lida, sem link de carreiras identificavel; nenhum ATS detectado. | ficha: https://3dvf.com/en/studio/attack-motion-design/"
Austin Visual,EUA,Austin,https://austinvisuals.com/,nao,nao_verificado,,,"Home lida, sem link de carreiras identificavel; nenhum ATS detectado. | ficha: https://3dvf.com/en/studio/austin-visual/"
Awesome Incorporated,EUA,Atlanta,https://www.awesomeinc.com/,nao,nao_verificado,,,"Home lida, sem link de carreiras identificavel; nenhum ATS detectado. | ficha: https://3dvf.com/en/studio/awesome-incorporated/"
Base fx,EUA,Los Angeles Xiamen Wuxi Kuala Lumpur Beijing,https://www.base-fx.com/,nao,nao_verificado,,,Site nao respondeu ao curl (home inacessivel); board nao pode ser lido sem navegador. | ficha: https://3dvf.com/en/studio/base-fx/
Bento Box Entertainment,EUA,Atlanta North Hollywood,https://www.bentoboxent.com/,nao,nao_encontrada,,,ATS detectado (lever) e consultado por API: nenhuma vaga da disciplina no retorno. | ficha: https://3dvf.com/en/studio/bento-box-entertainment/
Binyan,EUA / Reino Unido / Austrália,Dubaï Prahran Londres New York Erskineville,https://binyanstudios.com/,nao,nao_encontrada,,,"Pagina de carreiras lida (https://www.binyanstudios.com/what-we-do/#careers): nenhum titulo da disciplina no HTML. Pode ser quadro carregado por JavaScript, que nao da para ler sem navegador. | ficha: https://3dvf.com/en/studio/binyan/"
BioWare,EUA / Canadá,Austin Edmonton,https://www.bioware.com/,nao,nao_encontrada,,,"Pagina de carreiras lida (https://www.bioware.com/careers/): nenhum titulo da disciplina no HTML. Pode ser quadro carregado por JavaScript, que nao da para ler sem navegador. | ficha: https://3dvf.com/en/studio/bioware/"
Blue Sky Studios,EUA,"Greenwich, Blue Sky",https://blueskystudios.com/,nao,nao_verificado,,,Site nao respondeu ao curl (home inacessivel); board nao pode ser lido sem navegador. | ficha: https://3dvf.com/en/studio/blue-sky/
Blur Studio,EUA,Culver City,https://blur.com/,sim,nao_verificado,,,Ja conhecido pela campanha (dominio): Blur Studio. Nao revarrido nesta rodada. | ficha: https://3dvf.com/en/studio/blur-studio/
Bot VFX,EUA,Atlanta,https://botvfx.com/,nao,nao_encontrada,,,"Pagina de carreiras lida (https://botvfx.com/jobs/): nenhum titulo da disciplina no HTML. Pode ser quadro carregado por JavaScript, que nao da para ler sem navegador. | ficha: https://3dvf.com/en/studio/bot-vfx/"
Brainstorm Digital,EUA,New York,https://www.brainstorm-digital.com/,nao,nao_encontrada,,,"Pagina de carreiras lida (https://www.brainstorm-digital.com/careers): nenhum titulo da disciplina no HTML. Pode ser quadro carregado por JavaScript, que nao da para ler sem navegador. | ficha: https://3dvf.com/en/studio/brainstorm-digital/"
Brazen Animation,EUA,Dallas,https://www.brazenanimation.com/,nao,nao_encontrada,,,"Pagina de carreiras lida (https://www.brazenanimation.com/careers/): nenhum titulo da disciplina no HTML. Pode ser quadro carregado por JavaScript, que nao da para ler sem navegador. | ficha: https://3dvf.com/en/studio/brazen-animation/"
Brickyard VFX,EUA,Boston,https://www.brickyardvfx.com/,nao,nao_verificado,,,"Home lida, sem link de carreiras identificavel; nenhum ATS detectado. | ficha: https://3dvf.com/en/studio/brickyard-vfx/"
BWA Studios,EUA,New York,https://www.bwastudios.com/,nao,nao_verificado,,,"Home lida, sem link de carreiras identificavel; nenhum ATS detectado. | ficha: https://3dvf.com/en/studio/bwa-studios/"
Cadence Effects,EUA,New Lebanon,https://cadence-effects.com/,nao,nao_verificado,,,"Home lida, sem link de carreiras identificavel; nenhum ATS detectado. | ficha: https://3dvf.com/en/studio/cadence-effects/"
Calabash Animation,EUA,Chicago,https://calabashanimation.com,sim,nao_verificado,,,Ja conhecido pela campanha (dominio): Calabash. Nao revarrido nesta rodada. | ficha: https://3dvf.com/en/studio/calabash-animation/
Cannonball VFX,EUA,Portland,https://www.cannonballvfx.com,nao,nao_verificado,,,"Home lida, sem link de carreiras identificavel; nenhum ATS detectado. | ficha: https://3dvf.com/en/studio/cannonball-vfx/"
Cantina Creative,EUA,Los Angeles,https://www.cantinacreative.com/,nao,nao_encontrada,,,"Pagina de carreiras lida (https://www.cantinacreative.com/careerspage): nenhum titulo da disciplina no HTML. Pode ser quadro carregado por JavaScript, que nao da para ler sem navegador. | ficha: https://3dvf.com/en/studio/cantina-creative/"
Carbon,EUA,Los Angeles,https://www.carbonvfx.com/,nao,nao_verificado,,,"Home lida, sem link de carreiras identificavel; nenhum ATS detectado. | ficha: https://3dvf.com/en/studio/carbon/"
Cartoon Network Studios,EUA,Burbank,https://www.cartoonnetworkstudios.com/,nao,nao_verificado,,,"Home lida, sem link de carreiras identificavel; nenhum ATS detectado. | ficha: https://3dvf.com/en/studio/cartoon-network-studios/"
CBS VFX,EUA,Los Angeles,https://www.cbs-vfx.com,nao,nao_verificado,,,"Home lida, sem link de carreiras identificavel; nenhum ATS detectado. | ficha: https://3dvf.com/en/studio/cbs-vfx/"
Chicken Bone VF,EUA,Los Angeles,https://chickenbonefx.com/,nao,nao_verificado,,,"Home lida, sem link de carreiras identificavel; nenhum ATS detectado. | ficha: https://3dvf.com/en/studio/chicken-bone-vfx/"
CineMagix Labs,EUA,North Miami,https://www.cinemagixlabs.com/,nao,nao_encontrada,,,"Pagina de carreiras lida (https://www.cinemagixlabs.com/careers): nenhum titulo da disciplina no HTML. Pode ser quadro carregado por JavaScript, que nao da para ler sem navegador. | ficha: https://3dvf.com/en/studio/cinemagix-labs/"
Clear Angle Studios,EUA / Reino Unido / Canadá,London Atlanta Los Angeles Vancouver,https://www.clearanglestudios.co.uk/,nao,nao_encontrada,,,"Pagina de carreiras lida (https://www.clearanglestudios.co.uk/career-opportunities/): nenhum titulo da disciplina no HTML. Pode ser quadro carregado por JavaScript, que nao da para ler sem navegador. | ficha: https://3dvf.com/en/studio/clear-angle-studios/"
Control Shift Video,EUA,Houston,https://controlshiftvideo.com/,nao,nao_encontrada,,,"Pagina de carreiras lida (https://controlshiftvideo.com/careers): nenhum titulo da disciplina no HTML. Pode ser quadro carregado por JavaScript, que nao da para ler sem navegador. | ficha: https://3dvf.com/en/studio/control-shift-video/"
Dark Catt Studios,EUA,Chicago,https://darkcatt.com/,nao,nao_encontrada,,,"Pagina de carreiras lida (https://darkcatt.com/careers.html): nenhum titulo da disciplina no HTML. Pode ser quadro carregado por JavaScript, que nao da para ler sem navegador. | ficha: https://3dvf.com/en/studio/dark-catt-studios/"
Day for Nite,EUA,Los Angeles,https://www.dayfornite.com,sim,nao_verificado,,,Ja conhecido pela campanha (dominio): Day For Nite. Nao revarrido nesta rodada. | ficha: https://3dvf.com/en/studio/day-for-nite/
Deeproot Studios,EUA,Sandy,https://deeprootstudios.com/,nao,nao_verificado,,,"Home lida, sem link de carreiras identificavel; nenhum ATS detectado. | ficha: https://3dvf.com/en/studio/deeproot-studios/"
Deluxe,EUA,Burbank,https://www.bydeluxe.com/,nao,nao_encontrada,,,ATS detectado (workday) e consultado por API: nenhuma vaga da disciplina no retorno. | ficha: https://3dvf.com/en/studio/deluxe/
Digital Brew,EUA,Orlando,https://www.digitalbrew.com/,nao,nao_encontrada,,,"Pagina de carreiras lida (https://www.digitalbrew.com/careers/): nenhum titulo da disciplina no HTML. Pode ser quadro carregado por JavaScript, que nao da para ler sem navegador. | ficha: https://3dvf.com/en/studio/digital-brew/"
Digital Domain,EUA,Los Angeles,https://www.digitaldomain.com/,sim,nao_verificado,,,Ja conhecido pela campanha (nome): Digital Domain (portal de carreiras). Nao revarrido nesta rodada. | ficha: https://3dvf.com/en/studio/digital-domain/
Digital Frontier FX,EUA,Los Angeles,https://www.digitalfrontierfx.com/,nao,nao_encontrada,,,"Pagina de carreiras lida (mailto:jobs@digitalfrontierfx.com): nenhum titulo da disciplina no HTML. Pode ser quadro carregado por JavaScript, que nao da para ler sem navegador. | ficha: https://3dvf.com/en/studio/digital-frontier-fx/"
Digital Image Studios,EUA,Michigan,https://www.dimage.com/,nao,nao_encontrada,,,"Pagina de carreiras lida (https://www.dimage.com/careers/): nenhum titulo da disciplina no HTML. Pode ser quadro carregado por JavaScript, que nao da para ler sem navegador. | ficha: https://3dvf.com/en/studio/digital-image-studios/"
Digital Kitchen,EUA,Los Angeles,https://thisisdk.com,nao,nao_verificado,,,"Home lida, sem link de carreiras identificavel; nenhum ATS detectado. | ficha: https://3dvf.com/en/studio/digital-kitchen/"
DreamWorks Animation,EUA,Glendale,https://www.dreamworks.com/,sim,nao_verificado,,,"Ja conhecido pela campanha (nome): DreamWorks Animation (Senior Producer, Assets, Montréal). Nao revarrido nesta rodada. | ficha: https://3dvf.com/en/studio/dreamworks-animation/"
East of LA VFX,EUA,Burbank,https://www.eastoflavfx.com,nao,nao_verificado,,,"Home lida, sem link de carreiras identificavel; nenhum ATS detectado. | ficha: https://3dvf.com/en/studio/east-of-la-vfx/"
East Side Effects,EUA,New York,https://www.ese.nyc/,nao,nao_encontrada,,,"Pagina de carreiras lida (https://ese.nyc/jobs/): nenhum titulo da disciplina no HTML. Pode ser quadro carregado por JavaScript, que nao da para ler sem navegador. | ficha: https://3dvf.com/en/studio/east-side-effects/"
Eight VFX,EUA,Los Angeles,https://www.eightvfx.com/,nao,nao_verificado,,,Site nao respondeu ao curl (home inacessivel); board nao pode ser lido sem navegador. | ficha: https://3dvf.com/en/studio/eight-vfx/
Element X,EUA,Dallas,https://elementxcreative.com/,nao,nao_verificado,,,"Home lida, sem link de carreiras identificavel; nenhum ATS detectado. | ficha: https://3dvf.com/en/studio/element-x/"
Evening Star,EUA,Los Angeles,https://eveningstar.studio/,nao,nao_encontrada,,,"Pagina de carreiras lida (https://eveningstar.studio/careers.html): nenhum titulo da disciplina no HTML. Pode ser quadro carregado por JavaScript, que nao da para ler sem navegador. | ficha: https://3dvf.com/en/studio/evening-star/"
Evil Eye Pictures,EUA,San Francisco,https://www.evileyepictures.com/,nao,nao_encontrada,,,"Pagina de carreiras lida (https://www.evileyepictures.com/jobs/no-open-positions): nenhum titulo da disciplina no HTML. Pode ser quadro carregado por JavaScript, que nao da para ler sem navegador. | ficha: https://3dvf.com/en/studio/evil-eye-pictures/"
Factory VFX,EUA,San Francisco,https://www.factoryvfx.com/,nao,nao_encontrada,,,"Pagina de carreiras lida (https://www.factoryvfx.com/jobs.html): nenhum titulo da disciplina no HTML. Pode ser quadro carregado por JavaScript, que nao da para ler sem navegador. | ficha: https://3dvf.com/en/studio/factory-vfx/"
Fern,EUA,Atlanta,https://www.fern.team/,nao,nao_verificado,,,"Home lida, sem link de carreiras identificavel; nenhum ATS detectado. | ficha: https://3dvf.com/en/studio/fern/"
Flavor,EUA,Los Angeles,https://flavor.tv/,nao,nao_verificado,,,"Home lida, sem link de carreiras identificavel; nenhum ATS detectado. | ficha: https://3dvf.com/en/studio/flavor/"
Fox VFX lab,EUA,Los Angeles,https://www.foxvfxlab.com/,nao,nao_encontrada,,,"Pagina de carreiras lida (https://www.ilm.com/careers/): nenhum titulo da disciplina no HTML. Pode ser quadro carregado por JavaScript, que nao da para ler sem navegador. | ficha: https://3dvf.com/en/studio/fox-vfx-lab/"
Furious FX,EUA,Burbank,https://www.furiousvfx.com/,nao,nao_verificado,,,"Home lida, sem link de carreiras identificavel; nenhum ATS detectado. | ficha: https://3dvf.com/en/studio/furious-fx/"
Fuse Animation,EUA,Minneapolis,https://www.fuseanimation.com/,nao,nao_verificado,,,"Home lida, sem link de carreiras identificavel; nenhum ATS detectado. | ficha: https://3dvf.com/en/studio/fuse-animation/"
Green Gold Animation,EUA / Singapura,Hyderabad Los Angeles Singapore,https://www.greengold.tv/,nao,nao_verificado,,,"Home lida, sem link de carreiras identificavel; nenhum ATS detectado. | ficha: https://3dvf.com/en/studio/green-gold-animation/"
Halon Entertainment,EUA,Los Angeles,https://www.halon.com,nao,nao_verificado,,,"Home lida, sem link de carreiras identificavel; nenhum ATS detectado. | ficha: https://3dvf.com/en/studio/halon-entertainment/"
Hoax Films,EUA,Los Angeles,https://hoaxfilms.com/,nao,nao_verificado,,,"Home lida, sem link de carreiras identificavel; nenhum ATS detectado. | ficha: https://3dvf.com/en/studio/hoax-films/"
Hook,EUA,Ann Arbor,https://byhook.com/,sim,nao_verificado,,,Ja conhecido pela campanha (dominio): Hook. Nao revarrido nesta rodada. | ficha: https://3dvf.com/en/studio/hook/
Hootenanny,EUA,Chicago,https://www.hootenanny.tv/,nao,nao_verificado,,,"Home lida, sem link de carreiras identificavel; nenhum ATS detectado. | ficha: https://3dvf.com/en/studio/hootenanny/"
Hydraulx,EUA,Los Angeles,https://www.hydraulx.com/,sim,nao_verificado,,,"Ja conhecido pela campanha (dominio): Hydraulx VFX (Senior Modeler e Mid Modeler, Vancouver). Nao revarrido nesta rodada. | ficha: https://3dvf.com/en/studio/hydraulx/"
iBelieveInSwordfish,EUA,San Rafael,https://www.swordfish-sf.com/,nao,nao_verificado,,,"Home lida, sem link de carreiras identificavel; nenhum ATS detectado. | ficha: https://3dvf.com/en/studio/ibelieveinswordfish/"
ILM (Industrial Light &#038; Magic),EUA / Reino Unido / Austrália / Canadá,Mumbai Vancouver San Francisco Moore Park Londres ILM (Industrial Light & Magic),https://www.ilm.com,sim,nao_verificado,,,"Ja conhecido pela campanha (dominio): Lucasfilm e Industrial Light & Magic (Ivan Busquets, VFX Supervisor). Nao revarrido nesta rodada. | ficha: https://3dvf.com/en/studio/ilm/"
Imaginary Forces,EUA,Los Angeles,https://www.imaginaryforces.com/,nao,nao_verificado,,,"Home lida, sem link de carreiras identificavel; nenhum ATS detectado. | ficha: https://3dvf.com/en/studio/imaginary-forces/"
Indigo Studios,EUA,Atlanta,https://www.indigostudios.com/,nao,nao_encontrada,,,"Pagina de carreiras lida (mailto:careers@indigostudios.com): nenhum titulo da disciplina no HTML. Pode ser quadro carregado por JavaScript, que nao da para ler sem navegador. | ficha: https://3dvf.com/en/studio/indigo-studios/"
Infusion Studios,EUA,Portland,https://www.infusionstudios3d.com/,nao,nao_encontrada,,,"Pagina de carreiras lida (https://www.infusionstudios3d.com/careers): nenhum titulo da disciplina no HTML. Pode ser quadro carregado por JavaScript, que nao da para ler sem navegador. | ficha: https://3dvf.com/en/studio/infusion-studios/"
Ingenuity Studios,EUA,Los Angeles,https://www.ingenuitystudios.com/,nao,nao_encontrada,,,"Pagina de carreiras lida (https://www.ingenuitystudios.com/careers): nenhum titulo da disciplina no HTML. Pode ser quadro carregado por JavaScript, que nao da para ler sem navegador. | ficha: https://3dvf.com/en/studio/ingenuity-studios/"
Jamm,EUA,Culver City,https://www.jamm.la,nao,nao_verificado,,,Site nao respondeu ao curl (home inacessivel); board nao pode ser lido sem navegador. | ficha: https://3dvf.com/en/studio/jamm/
Janimation,EUA,Dallas,https://www.janimation.com/,nao,nao_verificado,,,"Home lida, sem link de carreiras identificavel; nenhum ATS detectado. | ficha: https://3dvf.com/en/studio/janimation/"
Kevin,EUA,Los Angeles,https://yourstrulykevin.com/,nao,nao_verificado,,,"Home lida, sem link de carreiras identificavel; nenhum ATS detectado. | ficha: https://3dvf.com/en/studio/kevin/"
Laika,EUA,Portland,https://www.laika.com/,nao,nao_encontrada,,,"Pagina de carreiras lida (https://www.laika.com/careers): nenhum titulo da disciplina no HTML. Pode ser quadro carregado por JavaScript, que nao da para ler sem navegador. | ficha: https://3dvf.com/en/studio/laika/"
Legend 3D,EUA,Los Angeles,https://legend3d.com/,nao,nao_verificado,,,"Home lida, sem link de carreiras identificavel; nenhum ATS detectado. | ficha: https://3dvf.com/en/studio/legend-3d/"
Lerfilm Inc.,EUA,Burbank,https://www.lerfilm.com/,nao,nao_verificado,,,"Home lida, sem link de carreiras identificavel; nenhum ATS detectado. | ficha: https://3dvf.com/en/studio/lerfilm-inc/"
Leviathan,EUA,Chicago,https://www.lvthn.com/,nao,nao_verificado,,,"Home lida, sem link de carreiras identificavel; nenhum ATS detectado. | ficha: https://3dvf.com/en/studio/leviathan/"
Little Fluffy Clouds Animation,EUA,San Francisco,https://littlefluffyclouds.com/,nao,nao_verificado,,,"Home lida, sem link de carreiras identificavel; nenhum ATS detectado. | ficha: https://3dvf.com/en/studio/little-fluffy-clouds-animation/"
Lola Visual Effects,EUA,Los Angeles,https://lolavfx.com,nao,nao_verificado,,,"Home lida, sem link de carreiras identificavel; nenhum ATS detectado. | ficha: https://3dvf.com/en/studio/lola-visual-effects/"
Magnopus,EUA,Los Angeles,https://www.magnopus.com/,nao,nao_encontrada,,,ATS detectado (lever) e consultado por API: nenhuma vaga da disciplina no retorno. | ficha: https://3dvf.com/en/studio/magnopus/
Mammal Studios,EUA,Los Angeles,https://www.mammalstudios.com/,nao,nao_verificado,,,"Home lida, sem link de carreiras identificavel; nenhum ATS detectado. | ficha: https://3dvf.com/en/studio/mammal-studios/"
ManvsMachine,EUA,Los Angeles,https://mvsm.com/,sim,nao_verificado,,,Ja conhecido pela campanha (dominio): ManvsMachine. Nao revarrido nesta rodada. | ficha: https://3dvf.com/en/studio/manvsmachine/
Mikros Animation,EUA / Reino Unido / França / Canadá,London Bangalore Culver City Montreal Paris,https://www.mikrosanimation.com,sim,nao_verificado,,,Ja conhecido pela campanha (nome): Mikros Animation. Nao revarrido nesta rodada. | ficha: https://3dvf.com/en/studio/mikros-animation/
Mirada,EUA,Los Angeles,https://www.mirada.com/,sim,nao_verificado,,,Ja conhecido pela campanha (dominio): Mirada Studios (candidatura espontânea). Nao revarrido nesta rodada. | ficha: https://3dvf.com/en/studio/mirada/
MOONDOG Animation Studio,EUA,Mt. Pleasant,https://www.moondoganimation.com/,nao,nao_verificado,,,"Home lida, sem link de carreiras identificavel; nenhum ATS detectado. | ficha: https://3dvf.com/en/studio/moondog-animation-studio/"
Moonlight FX,EUA,Houston,https://moonlightfx.com/,nao,nao_verificado,,,"Home lida, sem link de carreiras identificavel; nenhum ATS detectado. | ficha: https://3dvf.com/en/studio/moonlight-fx/"
Mousetrappe,EUA,Burbank,https://www.mousetrappe.com/,nao,nao_verificado,,,"Home lida, sem link de carreiras identificavel; nenhum ATS detectado. | ficha: https://3dvf.com/en/studio/mousetrappe/"
Muse VFX,EUA,Los Angeles,https://www.musevfx.com,nao,nao_verificado,,,"Home lida, sem link de carreiras identificavel; nenhum ATS detectado. | ficha: https://3dvf.com/en/studio/muse-vfx/"
Netflix Animation Studios,EUA / Austrália / Canadá,Burbank Vancouver Sydney,https://www.netflixanimation.com/,sim,nao_verificado,,,"Ja conhecido pela campanha (nome): Netflix Animation Studios (Expression of Interest CFX, Sydney). Nao revarrido nesta rodada. | ficha: https://3dvf.com/en/studio/animal-logic/"
New Wave Entertainment,EUA,Burbank,https://www.nwe.com/,nao,nao_verificado,,,"Home lida, sem link de carreiras identificavel; nenhum ATS detectado. | ficha: https://3dvf.com/en/studio/new-wave-entertainment/"
Nice Shoes,EUA,New York,https://www.niceshoes.com/,sim,nao_verificado,,,Ja conhecido pela campanha (dominio): Nice Shoes. Nao revarrido nesta rodada. | ficha: https://3dvf.com/en/studio/nice-shoes/
Nickelodeon Animation,EUA,Burbank,https://www.nickanimation.com/,nao,nao_verificado,,,"Home lida, sem link de carreiras identificavel; nenhum ATS detectado. | ficha: https://3dvf.com/en/studio/nickelodeon-animation/"
Nomad,EUA,Los Angeles,https://nomadedit.com/,nao,nao_verificado,,,"Home lida, sem link de carreiras identificavel; nenhum ATS detectado. | ficha: https://3dvf.com/en/studio/nomad/"
Ntropic,EUA,San Francisco,https://www.ntropic.com/,nao,nao_verificado,,,"Home lida, sem link de carreiras identificavel; nenhum ATS detectado. | ficha: https://3dvf.com/en/studio/ntropic/"
One Tree Forest Films,EUA,Chicago,https://www.onetreeforestfilms.com/,nao,nao_verificado,,,Site nao respondeu ao curl (home inacessivel); board nao pode ser lido sem navegador. | ficha: https://3dvf.com/en/studio/one-tree-forest-films/
Opsis,EUA,Los Angeles,https://www.opsis-hq.com,nao,nao_verificado,,,Site nao respondeu ao curl (home inacessivel); board nao pode ser lido sem navegador. | ficha: https://3dvf.com/en/studio/opsis/
Picture Shop,EUA,Burbank,https://www.pictureshop.com/,nao,nao_verificado,,,"Home lida, sem link de carreiras identificavel; nenhum ATS detectado. | ficha: https://3dvf.com/en/studio/picture-shop/"
Picturemill,EUA,Los Angeles,https://www.picturemill.com/,nao,nao_verificado,,,"Home lida, sem link de carreiras identificavel; nenhum ATS detectado. | ficha: https://3dvf.com/en/studio/picturemill/"
Pixar Animation Studios,EUA,Emeryville,https://www.pixar.com/,sim,nao_verificado,,,"Ja conhecido pela campanha (dominio): Pixar Animation Studios (Jeremie Talbot, Characters Supervisor). Nao revarrido nesta rodada. | ficha: https://3dvf.com/en/studio/pixar-animation-studios/"
Pixlhut,EUA,Detroit,https://www.pixlhut.com/,nao,nao_encontrada,,,"Pagina de carreiras lida (https://www.pixlhut.com/careers): nenhum titulo da disciplina no HTML. Pode ser quadro carregado por JavaScript, que nao da para ler sem navegador. | ficha: https://3dvf.com/en/studio/pixlhut/"
Possible,EUA,Los Angeles,https://www.possibleproductions.com,nao,nao_verificado,,,"Home lida, sem link de carreiras identificavel; nenhum ATS detectado. | ficha: https://3dvf.com/en/studio/possible/"
Powerhouse Animation Studios,EUA,Austin,https://www.powerhouseanimation.com/,nao,nao_encontrada,,,"Pagina de carreiras lida (https://www.powerhouseanimation.com/careers/): nenhum titulo da disciplina no HTML. Pode ser quadro carregado por JavaScript, que nao da para ler sem navegador. | ficha: https://3dvf.com/en/studio/powerhouse-animation-studios/"
Primal Screen,EUA,Atlanta,https://www.primalscreen.com/,nao,nao_verificado,,,"Home lida, sem link de carreiras identificavel; nenhum ATS detectado. | ficha: https://3dvf.com/en/studio/primal-screen/"
Prologue,EUA,Los Angeles,https://www.prologue.com/,nao,nao_verificado,,,"Home lida, sem link de carreiras identificavel; nenhum ATS detectado. | ficha: https://3dvf.com/en/studio/prologue/"
Proof,EUA,Los Angeles,https://www.proof-inc.com/,nao,nao_encontrada,,,"Pagina de carreiras lida (https://www.proof-inc.com/about--join-us): nenhum titulo da disciplina no HTML. Pode ser quadro carregado por JavaScript, que nao da para ler sem navegador. | ficha: https://3dvf.com/en/studio/proof/"
Psyop,EUA,Los Angeles,https://www.psyop.com/,sim,nao_verificado,,,Ja conhecido pela campanha (dominio): Psyop. Nao revarrido nesta rodada. | ficha: https://3dvf.com/en/studio/psyop/
Red Storm,EUA,Cary,https://www.ubisoft.com/fr-FR/studio/red-storm.aspx,sim,nao_verificado,,,"Ja conhecido pela campanha (dominio): Ubisoft Québec (Henrick Pelletier, Lead Character Artist). Nao revarrido nesta rodada. | ficha: https://3dvf.com/en/studio/red-storm/"
Refuge VFX,EUA,Portland,https://www.refugevfx.com/,nao,nao_encontrada,,,"Pagina de carreiras lida (https://www.refugevfx.com/careers): nenhum titulo da disciplina no HTML. Pode ser quadro carregado por JavaScript, que nao da para ler sem navegador. | ficha: https://3dvf.com/en/studio/refuge-vfx/"
Rethink Studios,EUA,Chicago,https://www.rethinkstudios.tv/,nao,nao_verificado,,,"Home lida, sem link de carreiras identificavel; nenhum ATS detectado. | ficha: https://3dvf.com/en/studio/rethink-studios/"
Rhythm &#038; Hues Studios,EUA,Los Angeles Rhythm & Hues Studios,https://www.rhythm.com/,nao,nao_verificado,,,Site nao respondeu ao curl (home inacessivel); board nao pode ser lido sem navegador. | ficha: https://3dvf.com/en/studio/rhythm-hues-studios/
Richter Studios,EUA,Chicago,https://www.richterstudios.com/,nao,nao_encontrada,,,"Pagina de carreiras lida (https://www.richterstudios.com/about/careers/): nenhum titulo da disciplina no HTML. Pode ser quadro carregado por JavaScript, que nao da para ler sem navegador. | ficha: https://3dvf.com/en/studio/richter-studios/"
Roof Studio,EUA,Brooklyn,https://www.roofstudio.tv/,nao,nao_verificado,,,"Home lida, sem link de carreiras identificavel; nenhum ATS detectado. | ficha: https://3dvf.com/en/studio/roof-studio/"
Run Kick Shout,EUA,Chicago,https://www.runkickshout.com/,nao,nao_verificado,,,"Home lida, sem link de carreiras identificavel; nenhum ATS detectado. | ficha: https://3dvf.com/en/studio/run-kick-shout/"
Salt Studios,EUA,New York,https://www.salt-studios.com/,nao,nao_verificado,,,Site nao respondeu ao curl (home inacessivel); board nao pode ser lido sem navegador. | ficha: https://3dvf.com/en/studio/salt-studios/
Sans Strings Studio,EUA,San Francisco,https://sansstrings.studio/,sim,nao_verificado,,,Ja conhecido pela campanha (dominio): Sans Strings Studio. Nao revarrido nesta rodada. | ficha: https://3dvf.com/en/studio/sans-strings-studio/
Sarofsky,EUA,Chicago,https://www.sarofsky.com/,nao,nao_encontrada,,,"Pagina de carreiras lida (https://www.sarofsky.com/careers): nenhum titulo da disciplina no HTML. Pode ser quadro carregado por JavaScript, que nao da para ler sem navegador. | ficha: https://3dvf.com/en/studio/sarofsky/"
Shade VFX,EUA,Los Angeles,https://www.shadevfx.com/,nao,nao_verificado,,,"Home lida, sem link de carreiras identificavel; nenhum ATS detectado. | ficha: https://3dvf.com/en/studio/shade-vfx/"
Shadowmachine,EUA,Los Angeles,https://www.shadowmachine.com/,nao,nao_verificado,,,"Home lida, sem link de carreiras identificavel; nenhum ATS detectado. | ficha: https://3dvf.com/en/studio/shadowmachine/"
Skydance Media,EUA,Los Angeles,https://www.skydancemedia.com/,nao,nao_verificado,,,Site nao respondeu ao curl (home inacessivel); board nao pode ser lido sem navegador. | ficha: https://3dvf.com/en/studio/skydance-media/
Southbay VFX,EUA,Los Angeles,https://www.southbayfx.com/,nao,nao_verificado,,,"Home lida, sem link de carreiras identificavel; nenhum ATS detectado. | ficha: https://3dvf.com/en/studio/southbay-vfx/"
Sperasoft,EUA,San Jose,https://sperasoft.com,sim,nao_verificado,,,Ja conhecido pela campanha (dominio): Sperasoft. Nao revarrido nesta rodada. | ficha: https://3dvf.com/en/studio/sperasoft/
Sprite Animation Studios,EUA,Los Angeles,https://www.spriteanimation.com/,nao,nao_verificado,,,"Home lida, sem link de carreiras identificavel; nenhum ATS detectado. | ficha: https://3dvf.com/en/studio/sprite-animation-studios/"
Stargate Studios,EUA,Los Angeles,https://www.stargatestudios.net/,nao,nao_verificado,,,"Home lida, sem link de carreiras identificavel; nenhum ATS detectado. | ficha: https://3dvf.com/en/studio/stargate-studios/"
Superseed Studios,EUA,Irvine,https://superseedstudios.com/,sim,nao_verificado,,,Ja conhecido pela campanha (dominio): Superseed Studios. Nao revarrido nesta rodada. | ficha: https://3dvf.com/en/studio/superseed-studios/
Tau Films,EUA / Canadá,Pékin Kuala Lumpur Los Angeles Hyderabad Mumbai Vancouver,https://taufilms.com/,nao,nao_encontrada,,,"Pagina de carreiras lida (https://taufilms.com/careers): nenhum titulo da disciplina no HTML. Pode ser quadro carregado por JavaScript, que nao da para ler sem navegador. | ficha: https://3dvf.com/en/studio/tau-films/"
Taylor James,EUA,New York,https://www.taylorjames.com/,nao,nao_verificado,,,"Home lida, sem link de carreiras identificavel; nenhum ATS detectado. | ficha: https://3dvf.com/en/studio/taylor-james-2/"
Taylor James,EUA,New York,https://www.taylorjames.com/,nao,nao_verificado,,,"Home lida, sem link de carreiras identificavel; nenhum ATS detectado. | ficha: https://3dvf.com/en/studio/taylor-james/"
The Molecule VFX,EUA,Los Angeles,https://www.themolecule.com/,nao,nao_verificado,,,"Home lida, sem link de carreiras identificavel; nenhum ATS detectado. | ficha: https://3dvf.com/en/studio/the-molecule-vfx/"
The Third Floor,EUA,Los Angeles,https://www.thethirdfloorinc.com/,sim,nao_verificado,,,Ja conhecido pela campanha (nome): The Third Floor (Animation Division). Nao revarrido nesta rodada. | ficha: https://3dvf.com/en/studio/the-third-floor/
Theory Studios,EUA,Orlando,https://theorystudios.com/,sim,nao_verificado,,,Ja conhecido pela campanha (dominio): Theory Studios. Nao revarrido nesta rodada. | ficha: https://3dvf.com/en/studio/theory-studios/
TiltShift,EUA,Los Angeles,https://www.tilt-shift.com,nao,nao_verificado,,,Site nao respondeu ao curl (home inacessivel); board nao pode ser lido sem navegador. | ficha: https://3dvf.com/en/studio/tiltshift/
Tippett Studio,EUA / Canadá,Toronto,https://www.tippett.com/,sim,nao_verificado,,,Ja conhecido pela campanha (dominio): Tippett Studio. Nao revarrido nesta rodada. | ficha: https://3dvf.com/en/studio/tippett-studio/
Trace VFX,EUA,New York,https://www.tracevfx.com/,nao,nao_verificado,,,Site nao respondeu ao curl (home inacessivel); board nao pode ser lido sem navegador. | ficha: https://3dvf.com/en/studio/trace-vfx/
Uncharted Territory,EUA,Los Angeles,https://www.uncharted-territory.com/,nao,nao_verificado,,,"Home lida, sem link de carreiras identificavel; nenhum ATS detectado. | ficha: https://3dvf.com/en/studio/uncharted-territory/"
VFX Legion,EUA,Burbank,https://www.vfxlegion.com/,sim,nao_verificado,,,Ja conhecido pela campanha (dominio): VFX Legion (Artist Application). Nao revarrido nesta rodada. | ficha: https://3dvf.com/en/studio/vfx-legion/
VFX Pick,EUA,Oklahoma City,https://www.vfxpick.com/,nao,nao_verificado,,,"Home lida, sem link de carreiras identificavel; nenhum ATS detectado. | ficha: https://3dvf.com/en/studio/vfx-pick/"
Virtuos,EUA / Singapura / Polônia / Irlanda / França / Canadá,Chengdu City Kuala Lumpur Los Angeles Montreal Dublin Singapore Ho Chi Minh City,https://www.virtuosgames.com/,sim,nao_verificado,,,Ja conhecido pela campanha (dominio): Virtuos. Nao revarrido nesta rodada. | ficha: https://3dvf.com/en/studio/virtuos/
Walt Disney Animation Studios,EUA,Burbank,https://www.disneyanimation.com/,nao,nao_encontrada,,,"Pagina de carreiras lida (https://www.disneyanimation.com/careers/): nenhum titulo da disciplina no HTML. Pode ser quadro carregado por JavaScript, que nao da para ler sem navegador. | ficha: https://3dvf.com/en/studio/walt-disney-animation-studios/"
Warner Bros Animation,EUA,Burbank,https://www.warnerbroscareers.com/,sim,nao_verificado,,,"Ja conhecido pela campanha (nome): Warner Bros (Workday warnerbros.wd5/Global, 337 vagas) - QUADRO NOVO, e ZERO na disciplina. Nao revarrido nesta rodada. | ficha: https://3dvf.com/en/studio/warner-bros-animation/"
Whiskytree,EUA,San Francisco,https://www.whiskytree.com/,nao,nao_encontrada,,,"Pagina de carreiras lida (https://www.whiskytree.com/#join-us): nenhum titulo da disciplina no HTML. Pode ser quadro carregado por JavaScript, que nao da para ler sem navegador. | ficha: https://3dvf.com/en/studio/whiskytree/"
WickedLiquid,EUA,Irvine,https://www.wickedliquid.com/,nao,nao_verificado,,,"Home lida, sem link de carreiras identificavel; nenhum ATS detectado. | ficha: https://3dvf.com/en/studio/wickedliquid/"
Wild Canary Animation,EUA,Burbank,https://www.wildcanary.com/,sim,nao_verificado,,,Ja conhecido pela campanha (dominio): Wild Canary. Nao revarrido nesta rodada. | ficha: https://3dvf.com/en/studio/wild-canary-animation/
Wylie VFX,EUA,Culver City,https://www.WylieVFX.com/,nao,nao_verificado,,,"Home lida, sem link de carreiras identificavel; nenhum ATS detectado. | ficha: https://3dvf.com/en/studio/wylie-vfx/"
XYZ,EUA,San Francisco,https://www.wearexyz.com,nao,nao_verificado,,,"Home lida, sem link de carreiras identificavel; nenhum ATS detectado. | ficha: https://3dvf.com/en/studio/xyz/"
Zag,EUA,Los Angeles,https://www.zag-inc.com/,nao,nao_verificado,,,"Home lida, sem link de carreiras identificavel; nenhum ATS detectado. | ficha: https://3dvf.com/en/studio/zag/"
Zero VFX,EUA,Boston,https://www.zerovfx.com/,nao,nao_verificado,,,"Home lida, sem link de carreiras identificavel; nenhum ATS detectado. | ficha: https://3dvf.com/en/studio/zero-vfx/"
Anima,Finlândia,Petaling Jaya Selangor Helsinki,https://www.anima.fi/,sim,nao_verificado,,,Ja conhecido pela campanha (dominio): Anima Vitae. Nao revarrido nesta rodada. | ficha: https://3dvf.com/en/studio/anima/
Brink,Finlândia,Helsinki,https://www.brinkhelsinki.com/,nao,nao_verificado,,,"Home lida, sem link de carreiras identificavel; nenhum ATS detectado. | ficha: https://3dvf.com/en/studio/brink/"
Cocoa,Finlândia,Helsinki,https://www.cocoa.fi/,nao,nao_encontrada,,,"Pagina de carreiras lida (mailto:jobs@cocoa.fi): nenhum titulo da disciplina no HTML. Pode ser quadro carregado por JavaScript, que nao da para ler sem navegador. | ficha: https://3dvf.com/en/studio/cocoa/"
EA &#8211; Tracktwenty,Finlândia,Helsinki EA - Tracktwenty,https://www.ea.com/ea-studios/tracktwenty,sim,nao_verificado,,,"Ja conhecido pela campanha (dominio): Electronic Arts / Respawn Entertainment (Ryan Lastimosa, Franchise Art Director). Nao revarrido nesta rodada. | ficha: https://3dvf.com/en/studio/ea-tracktwenty/"
Fake,Finlândia,Helsinki,https://www.fake.fi/,nao,nao_verificado,,,"Home lida, sem link de carreiras identificavel; nenhum ATS detectado. | ficha: https://3dvf.com/en/studio/fake/"
Frozenbyte,Finlândia,Helsinki,https://www.frozenbyte.com/,sim,nao_verificado,,,Ja conhecido pela campanha (dominio): Frozenbyte. Nao revarrido nesta rodada. | ficha: https://3dvf.com/en/studio/frozenbyte/
Grim,Finlândia,Helsinki,https://www.grim.fi/,nao,nao_verificado,,,"Home lida, sem link de carreiras identificavel; nenhum ATS detectado. | ficha: https://3dvf.com/en/studio/grim/"
Housemarque,Finlândia,Helsinki,https://www.housemarque.com/,nao,nao_encontrada,,,ATS detectado (greenhouse) e consultado por API: nenhuma vaga da disciplina no retorno. | ficha: https://3dvf.com/en/studio/housemarque/
Nopia,Finlândia,Pori,https://www.nopia.fi/,nao,nao_verificado,,,"Home lida, sem link de carreiras identificavel; nenhum ATS detectado. | ficha: https://3dvf.com/en/studio/nopia/"
Outo,Finlândia,Oulu,https://www.outo.fi,nao,nao_verificado,,,"Home lida, sem link de carreiras identificavel; nenhum ATS detectado. | ficha: https://3dvf.com/en/studio/outo/"
Pikkukala,Finlândia,Helsinki,https://pikkukala.com/,nao,nao_verificado,,,"Home lida, sem link de carreiras identificavel; nenhum ATS detectado. | ficha: https://3dvf.com/en/studio/pikkukala/"
Piñata,Finlândia,Helsinki,https://pinata.fi/,nao,nao_verificado,,,"Home lida, sem link de carreiras identificavel; nenhum ATS detectado. | ficha: https://3dvf.com/en/studio/pinata/"
Remedy Entertainment,Finlândia,Espoo,https://www.remedygames.com/,nao,nao_encontrada,,,"Pagina de carreiras lida (https://www.remedygames.com/careers): nenhum titulo da disciplina no HTML. Pode ser quadro carregado por JavaScript, que nao da para ler sem navegador. | ficha: https://3dvf.com/en/studio/remedy-entertainment/"
Silent Owl Films,Finlândia,Helsinki,https://www.silentowlfilms.com/,nao,nao_verificado,,,"Home lida, sem link de carreiras identificavel; nenhum ATS detectado. | ficha: https://3dvf.com/en/studio/silent-owl-films/"
Supercell,Finlândia,Helsinki,https://www.supercell.com/,sim,nao_verificado,,,"Ja conhecido pela campanha (nome): Supercell (Art Director, Clash of Clans). Nao revarrido nesta rodada. | ficha: https://3dvf.com/en/studio/supercell/"
Toast,Finlândia,Helsinki,https://www.toast.fi/,nao,nao_verificado,,,"Home lida, sem link de carreiras identificavel; nenhum ATS detectado. | ficha: https://3dvf.com/en/studio/toast/"
Troll VFX,Finlândia,Tampere,https://www.trollvfx.com/,nao,nao_encontrada,,,"Pagina de carreiras lida (https://www.trollvfx.com/jobs): nenhum titulo da disciplina no HTML. Pode ser quadro carregado por JavaScript, que nao da para ler sem navegador. | ficha: https://3dvf.com/en/studio/troll-vfx/"
Wargaming.net,Finlândia,Helsinki,https://wargaming.com/,sim,nao_verificado,,,Ja conhecido pela campanha (dominio): Wargaming. Nao revarrido nesta rodada. | ficha: https://3dvf.com/en/studio/wargaming-net/
2 Minutes,França / Canadá,Saint-Laurent Saint Pierre Hong Kong Paris Angoulême,https://2minutes.fr/,nao,nao_verificado,,,"Home lida, sem link de carreiras identificavel; nenhum ATS detectado. | ficha: https://3dvf.com/en/studio/2-minutes/"
2WICE Studio,França,Paris,http://2wice.studio,nao,nao_verificado,,,"Home lida, sem link de carreiras identificavel; nenhum ATS detectado. | ficha: https://3dvf.com/en/studio/2wice-studio/"
3.0 Studio,França,Angoulême,https://www.3point0studio.com,nao,nao_verificado,,,"Home lida, sem link de carreiras identificavel; nenhum ATS detectado. | ficha: https://3dvf.com/en/studio/3-0-studio/"
3D Emotion,França,Taluyers,https://www.3demotion.net/,nao,nao_verificado,,,"Home lida, sem link de carreiras identificavel; nenhum ATS detectado. | ficha: https://3dvf.com/en/studio/3d-emotion/"
3D Matchmovers an AArts Company,França,Salon-de-Provence,https://3d-matchmovers.com/,nao,nao_verificado,,,Site nao respondeu ao curl (home inacessivel); board nao pode ser lido sem navegador. | ficha: https://3dvf.com/en/studio/3d-matchmovers-an-aarts-company/
ADV Studios,França,Paris,https://advstudios.fr/,nao,nao_encontrada,,,"Pagina de carreiras lida (https://advstudios.fr/index.php/jobs/): nenhum titulo da disciplina no HTML. Pode ser quadro carregado por JavaScript, que nao da para ler sem navegador. | ficha: https://3dvf.com/en/studio/adv-studios/"
Akama Film Director,França,Paris,http://www.akama-filmdirector.com,nao,nao_verificado,,,"Home lida, sem link de carreiras identificavel; nenhum ATS detectado. | ficha: https://3dvf.com/en/studio/akama/"
Alt-Studio,França,Antony,https://alt-studio.com/,nao,nao_verificado,,,"Home lida, sem link de carreiras identificavel; nenhum ATS detectado. | ficha: https://3dvf.com/en/studio/alt-studio/"
Ambre Collective,França,Paris,https://ambrecollective.com/,nao,nao_verificado,,,Site nao respondeu ao curl (home inacessivel); board nao pode ser lido sem navegador. | ficha: https://3dvf.com/en/studio/ambre-collective/
Amplitude Studios,França,Paris,https://www.amplitude-studios.com/,nao,nao_encontrada,,,"Pagina de carreiras lida (https://www.amplitude-studios.com/#Careers): nenhum titulo da disciplina no HTML. Pode ser quadro carregado por JavaScript, que nao da para ler sem navegador. | ficha: https://3dvf.com/en/studio/amplitude-studios/"
Amuse Animation,França,Paris,https://www.amuse-network.com/,nao,nao_verificado,,,Site nao respondeu ao curl (home inacessivel); board nao pode ser lido sem navegador. | ficha: https://3dvf.com/en/studio/amuse-animation/
Andarta Pictures,França,Bourg-lès-Valence,https://fr.andarta-pictures.com,nao,nao_verificado,,,"Home lida, sem link de carreiras identificavel; nenhum ATS detectado. | ficha: https://3dvf.com/en/studio/andarta-pictures/"
Ankama,França,Roubaix,https://www.ankama.com/fr,sim,nao_verificado,,,"Ja conhecido pela campanha (nome): Ankama (Artiste 3D, F/H). Nao revarrido nesta rodada. | ficha: https://3dvf.com/en/studio/ankama/"
Archipicture,França,Penol,https://www.archipicture.fr,nao,nao_encontrada,,,"Pagina de carreiras lida (https://www.vacanceole.com/): nenhum titulo da disciplina no HTML. Pode ser quadro carregado por JavaScript, que nao da para ler sem navegador. | ficha: https://3dvf.com/en/studio/archipicture/"
Arkane Studio,França,Lyon,https://www.arkane-studios.com/fr,sim,nao_verificado,,,Ja conhecido pela campanha (dominio): Arkane Studios. Nao revarrido nesta rodada. | ficha: https://3dvf.com/en/studio/arkane-studio/
Art Graphique &#038; Patrimoine,França,Saint-Denis Art Graphique & Patrimoine,https://www.artgp.fr/,nao,nao_encontrada,,,"Pagina de carreiras lida (https://artgp.fr/nous-rejoindre/): nenhum titulo da disciplina no HTML. Pode ser quadro carregado por JavaScript, que nao da para ler sem navegador. | ficha: https://3dvf.com/en/studio/art-graphique-patrimoine/"
Artefacto,França,Betton,https://www.artefacto-ar.com/,nao,nao_verificado,,,"Home lida, sem link de carreiras identificavel; nenhum ATS detectado. | ficha: https://3dvf.com/en/studio/artefacto/"
ARTEFACTORYLAB,França,Paris,https://www.artefactorylab.com/,nao,nao_verificado,,,"Home lida, sem link de carreiras identificavel; nenhum ATS detectado. | ficha: https://3dvf.com/en/studio/artefactorylab-9jejnf-paris/"
Artefacts Studio,França,Villeurbanne,https://www.artefacts-studio.fr/,sim,nao_verificado,,,Ja conhecido pela campanha (dominio): Artefacts Studio. Nao revarrido nesta rodada. | ficha: https://3dvf.com/en/studio/artefacts-studio/
Asile,França,Paris,https://asile-paris.com/,nao,nao_verificado,,,"Home lida, sem link de carreiras identificavel; nenhum ATS detectado. | ficha: https://3dvf.com/en/studio/asile/"
Asobo Studio,França,Bordeaux,https://www.asobostudio.com/fr,nao,nao_verificado,,,"Home lida, sem link de carreiras identificavel; nenhum ATS detectado. | ficha: https://3dvf.com/en/studio/asobo-studio/"
Asylum,França,Lyon,https://www.asylum.fr/,nao,nao_verificado,,,"Home lida, sem link de carreiras identificavel; nenhum ATS detectado. | ficha: https://3dvf.com/en/studio/asylum-r7pukaa-lyon/"
Aurora Game Studio,França,Hiersac,https://www.auroragamestudio.com/,nao,nao_verificado,,,"Home lida, sem link de carreiras identificavel; nenhum ATS detectado. | ficha: https://3dvf.com/en/studio/aurora-game-studio/"
Autour de Minuit,França,Paris,https://blog.autourdeminuit.com/,nao,nao_verificado,,,"Home lida, sem link de carreiras identificavel; nenhum ATS detectado. | ficha: https://3dvf.com/en/studio/autour-de-minuit/"
Autrechose,França,Paris,https://www.autrechose.fr/,nao,nao_verificado,,,"Home lida, sem link de carreiras identificavel; nenhum ATS detectado. | ficha: https://3dvf.com/en/studio/autrechose/"
Backlight Studio,França,Saint-Denis,https://backlight.fr/,nao,nao_verificado,,,"Home lida, sem link de carreiras identificavel; nenhum ATS detectado. | ficha: https://3dvf.com/en/studio/backlight-studio/"
BACKUP,França,Paris,https://ap-backup.com/,nao,nao_verificado,,,"Home lida, sem link de carreiras identificavel; nenhum ATS detectado. | ficha: https://3dvf.com/en/studio/backup/"
Batis Studio,França,Athens,https://www.batis3d.com/,nao,nao_encontrada,,,"Pagina de carreiras lida (mailto:jobs@batis3d.com): nenhum titulo da disciplina no HTML. Pode ser quadro carregado por JavaScript, que nao da para ler sem navegador. | ficha: https://3dvf.com/en/studio/batis-studio/"
Behind,França,Lyon,,nao,nao_verificado,,,Sem site publicado na ficha 3DVF. | ficha: https://3dvf.com/en/studio/behind/
Beview,França,Le Barp,https://www.beview.fr/,nao,nao_verificado,,,"Home lida, sem link de carreiras identificavel; nenhum ATS detectado. | ficha: https://3dvf.com/en/studio/beview/"
BIG COMPANY,França,Lyon,https://www.bigcompany.fr/,nao,nao_encontrada,,,"Pagina de carreiras lida (https://www.bigcompany.fr/news-jobs/): nenhum titulo da disciplina no HTML. Pode ser quadro carregado por JavaScript, que nao da para ler sem navegador. | ficha: https://3dvf.com/en/studio/big-company/"
Bizaroïd,França,Paris,https://bizaroid.tv/,nao,nao_verificado,,,"Home lida, sem link de carreiras identificavel; nenhum ATS detectado. | ficha: https://3dvf.com/en/studio/bizaroid/"
Blackmeal,França,Nantes Paris,https://blackmeal.com/,nao,nao_verificado,,,"Home lida, sem link de carreiras identificavel; nenhum ATS detectado. | ficha: https://3dvf.com/en/studio/blackmeal/"
Bloody bird,França,No data was found,https://www.bloodybird.com/,nao,nao_verificado,,,"Home lida, sem link de carreiras identificavel; nenhum ATS detectado. | ficha: https://3dvf.com/en/studio/bloody-bird/"
Blue Spirit Studios,França / Canadá,Angoulême Montréal Paris,https://www.spirit-prod.com/,sim,nao_verificado,,,Ja conhecido pela campanha (dominio): Blue Spirit. Nao revarrido nesta rodada. | ficha: https://3dvf.com/en/studio/blue-spirit-studios/
Blue vista,França,Champagne au Mont d'Or,https://www.bluevistaprod.com/studio-animation-3d-lyon/,nao,nao_verificado,,,"Home lida, sem link de carreiras identificavel; nenhum ATS detectado. | ficha: https://3dvf.com/en/studio/blue-vista/"
Blump Studio,França,Paris,https://www.blump.fr/,nao,nao_encontrada,,,"Pagina de carreiras lida (mailto:career@blump.fr): nenhum titulo da disciplina no HTML. Pode ser quadro carregado por JavaScript, que nao da para ler sem navegador. | ficha: https://3dvf.com/en/studio/blump-studio/"
Bobbypills,França,Paris,https://www.bobbypills.com/,nao,nao_verificado,,,"Home lida, sem link de carreiras identificavel; nenhum ATS detectado. | ficha: https://3dvf.com/en/studio/bobbypills/"
BoldBrush,França,Montpellier,https://www.boldbrushvfx.com/,nao,nao_verificado,,,"Home lida, sem link de carreiras identificavel; nenhum ATS detectado. | ficha: https://3dvf.com/en/studio/bold-brush/"
Borderline Films,França,Angoulême,https://borderlinefilms.fr,nao,nao_verificado,,,"Home lida, sem link de carreiras identificavel; nenhum ATS detectado. | ficha: https://3dvf.com/en/studio/borderline-films/"
BR3DB,França,Chamalieres,https://www.br3db.com/,nao,nao_verificado,,,"Home lida, sem link de carreiras identificavel; nenhum ATS detectado. | ficha: https://3dvf.com/en/studio/br3db/"
Brunch studio,França,Paris,https://www.brunchstudio.tv/,nao,nao_encontrada,,,"Pagina de carreiras lida (https://www.brunchstudio.tv/careers): nenhum titulo da disciplina no HTML. Pode ser quadro carregado por JavaScript, que nao da para ler sem navegador. | ficha: https://3dvf.com/en/studio/brunch-rgmtk6nb-paris/"
Buf,França,Paris,https://buf.com/,sim,nao_verificado,,,Ja conhecido pela campanha (dominio): BUF. Nao revarrido nesta rodada. | ficha: https://3dvf.com/en/studio/buf/
Bullit Studio,França,No data was found,https://bullit-studio.fr/,nao,nao_verificado,,,Site nao respondeu ao curl (home inacessivel); board nao pode ser lido sem navegador. | ficha: https://3dvf.com/en/studio/bullit-studio/
Busterwood,França,Paris,https://busterwood.com,nao,nao_encontrada,,,"Pagina de carreiras lida (https://busterwood.com/jobs/index.html): nenhum titulo da disciplina no HTML. Pode ser quadro carregado por JavaScript, que nao da para ler sem navegador. | ficha: https://3dvf.com/en/studio/busterwood/"
Cadence Capture,França,Blanquefort,http://www.cadencecapture.com,nao,nao_verificado,,,"Home lida, sem link de carreiras identificavel; nenhum ATS detectado. | ficha: https://3dvf.com/en/studio/cadence-capture/"
Capsule Studio,França,Paris,https://capsule.studio/,nao,nao_verificado,,,"Home lida, sem link de carreiras identificavel; nenhum ATS detectado. | ficha: https://3dvf.com/en/studio/capsule-studio/"
Caribara Animation,França,Paris,https://caribara-animation.com/,nao,nao_verificado,,,Site nao respondeu ao curl (home inacessivel); board nao pode ser lido sem navegador. | ficha: https://3dvf.com/en/studio/caribara-animation/
Carre Prod,França,Paris,,nao,nao_verificado,,,Sem site publicado na ficha 3DVF. | ficha: https://3dvf.com/en/studio/carre-prod/
CGEV,França,Paris,https://www.cgev.fr/,nao,nao_encontrada,,,"Pagina de carreiras lida (https://www.cgev.fr/jobs): nenhum titulo da disciplina no HTML. Pode ser quadro carregado por JavaScript, que nao da para ler sem navegador. | ficha: https://3dvf.com/en/studio/cgev/"
CGS,França,,,nao,nao_verificado,,,Sem site publicado na ficha 3DVF. | ficha: https://3dvf.com/en/studio/cgs/
Chouette Compagnie,França,Montreuil,https://www.chouetteco.com/,nao,nao_encontrada,,,"Pagina de carreiras lida (https://www.chouetteco.com/jobs): nenhum titulo da disciplina no HTML. Pode ser quadro carregado por JavaScript, que nao da para ler sem navegador. | ficha: https://3dvf.com/en/studio/chouette-compagnie/"
Circus,França,Avignon Paris,https://circus.fr/,sim,nao_verificado,,,Ja conhecido pela campanha (dominio): Circus. Nao revarrido nesta rodada. | ficha: https://3dvf.com/en/studio/circus/
Clutch Frame,França,Montry,https://clutch-frame.com/,nao,nao_encontrada,,,"Pagina de carreiras lida (https://clutch-frame.com/jobs/): nenhum titulo da disciplina no HTML. Pode ser quadro carregado por JavaScript, que nao da para ler sem navegador. | ficha: https://3dvf.com/en/studio/clutch-frame/"
Corsaire VFX,França,Montpellier,,nao,nao_verificado,,,Sem site publicado na ficha 3DVF. | ficha: https://3dvf.com/en/studio/corsaire-vfx/
Cosmo Av,França,Ivry-sur-Seine,https://www.cosmoav.com/,nao,nao_verificado,,,"Home lida, sem link de carreiras identificavel; nenhum ATS detectado. | ficha: https://3dvf.com/en/studio/cosmo-av/"
Cousin Bizarre,França,Paris,https://cousinbizarre.com/,nao,nao_verificado,,,"Home lida, sem link de carreiras identificavel; nenhum ATS detectado. | ficha: https://3dvf.com/en/studio/cousin-bizarre/"
Crabs Studio,França,Juvignac,https://www.crabs-studio.com/,nao,nao_verificado,,,"Home lida, sem link de carreiras identificavel; nenhum ATS detectado. | ficha: https://3dvf.com/en/studio/crabs-studio/"
Creasynth,França,Saint-Nazaire,https://creasynth.com/,nao,nao_verificado,,,Site nao respondeu ao curl (home inacessivel); board nao pode ser lido sem navegador. | ficha: https://3dvf.com/en/studio/creasynth/
Cube,França,Levallois Perret,https://www.cube-creative.com/,sim,nao_verificado,,,Ja conhecido pela campanha (dominio): Cube Creative. Nao revarrido nesta rodada. | ficha: https://3dvf.com/en/studio/cube/
Cyanide Studio,França,Nanterre,https://www.cyanide-studio.com/accueil,nao,nao_encontrada,,,"Pagina de carreiras lida (https://cyanide-studio.com/fr/nous-rejoindre/): nenhum titulo da disciplina no HTML. Pode ser quadro carregado por JavaScript, que nao da para ler sem navegador. | ficha: https://3dvf.com/en/studio/cyanide-studio/"
Cyber Group Studios,França,Paris,https://www.cybergroupstudios.com/,sim,nao_verificado,,,Ja conhecido pela campanha (dominio): Cyber Group Studios. Nao revarrido nesta rodada. | ficha: https://3dvf.com/en/studio/cyber-group-studios/
Dada ! Animation,França,Paris,https://www.dada-animation.com,nao,nao_encontrada,,,"Pagina de carreiras lida (https://www.dada-animation.com/jobs/): nenhum titulo da disciplina no HTML. Pode ser quadro carregado por JavaScript, que nao da para ler sem navegador. | ficha: https://3dvf.com/en/studio/dada-animation/"
Darewise,França,Paris,https://www.darewise.com/,nao,nao_verificado,,,Site nao respondeu ao curl (home inacessivel); board nao pode ser lido sem navegador. | ficha: https://3dvf.com/en/studio/darewise/
Dark Matters,França,Tigery,https://www.darkmatters.one/,nao,nao_verificado,,,"Home lida, sem link de carreiras identificavel; nenhum ATS detectado. | ficha: https://3dvf.com/en/studio/dark-matters/"
Derrière Les Pixels,França,NICE,https://www.derrierelespixels.com/,nao,nao_verificado,,,"Home lida, sem link de carreiras identificavel; nenhum ATS detectado. | ficha: https://3dvf.com/en/studio/derriere-les-pixels/"
Digiblur Studio,França,Toulouse,https://digiblur-studio.com/,nao,nao_verificado,,,"Home lida, sem link de carreiras identificavel; nenhum ATS detectado. | ficha: https://3dvf.com/en/studio/digiblur-studio/"
Digital Banana,França,Paris,https://www.digitalbananastudio.com/,nao,nao_verificado,,,"Home lida, sem link de carreiras identificavel; nenhum ATS detectado. | ficha: https://3dvf.com/en/studio/digital-banana/"
Digiteyes,França,Saint Ouen,https://digiteyes.fr/,nao,nao_verificado,,,Site nao respondeu ao curl (home inacessivel); board nao pode ser lido sem navegador. | ficha: https://3dvf.com/en/studio/digiteyes/
Dlp Paris,França,Paris,https://dlpparis.com/,nao,nao_verificado,,,"Home lida, sem link de carreiras identificavel; nenhum ATS detectado. | ficha: https://3dvf.com/en/studio/dlp-paris/"
Don&rsquo;t Nod,França,Paris Don't Nod,https://dont-nod.com/,nao,nao_encontrada,,,ATS detectado (smartrecruiters) e consultado por API: nenhuma vaga da disciplina no retorno. | ficha: https://3dvf.com/en/studio/dont-nod/
Dontnod Entertainment,França,Paris,https://dont-nod.com/,nao,nao_encontrada,,,ATS detectado (smartrecruiters) e consultado por API: nenhuma vaga da disciplina no retorno. | ficha: https://3dvf.com/en/studio/dontnod-entertainment/
Drama Studios,França,Rennes,https://studiosdrama.com/,nao,nao_verificado,,,"Home lida, sem link de carreiras identificavel; nenhum ATS detectado. | ficha: https://3dvf.com/en/studio/drama-studios/"
Duck Factory,França,Issy-Les-Moulineaux,https://www.dkft.fr/,nao,nao_verificado,,,"Home lida, sem link de carreiras identificavel; nenhum ATS detectado. | ficha: https://3dvf.com/en/studio/duck-factory/"
Dwarf Animation Studio,França,PEROLS,https://www.dwarfanimation.com/,sim,nao_verificado,,,Ja conhecido pela campanha (dominio): Dwarf Animation Studio. Nao revarrido nesta rodada. | ficha: https://3dvf.com/en/studio/dwarf-animation-perols/
Eddy,França,Paris,https://www.eddy.tv/,nao,nao_verificado,,,"Home lida, sem link de carreiras identificavel; nenhum ATS detectado. | ficha: https://3dvf.com/en/studio/eddy/"
Effigy 3D,França,Paris,https://effigy-3d.com/,nao,nao_verificado,,,"Home lida, sem link de carreiras identificavel; nenhum ATS detectado. | ficha: https://3dvf.com/en/studio/effigy-3d/"
EISKO,França,Paris,https://www.eisko.com/,sim,nao_verificado,,,Ja conhecido pela campanha (dominio): Eisko. Nao revarrido nesta rodada. | ficha: https://3dvf.com/en/studio/eisko/
EJT-Labo I Promenons-nous dans les bois,França,Saint-Quirin,https://ejt-labo.com/,nao,nao_verificado,,,"Home lida, sem link de carreiras identificavel; nenhum ATS detectado. | ficha: https://3dvf.com/en/studio/ejt-labo-i-promenons-nous-dans-les-bois/"
Ellipse Studio Angoulême,França,Angoulême,https://www.dargaudmedia.com/fr/index.html,nao,nao_verificado,,,Site nao respondeu ao curl (home inacessivel); board nao pode ser lido sem navegador. | ficha: https://3dvf.com/en/studio/dargaud-media-ellipse-studio/
Ellipse Studio Paris,França,Paris,https://www.dargaudmedia.com/fr/index.html,nao,nao_verificado,,,Site nao respondeu ao curl (home inacessivel); board nao pode ser lido sem navegador. | ficha: https://3dvf.com/en/studio/ellipse-studio/
Epicure Studio,França,Croissy sur seine,https://www.epicure.fr/,nao,nao_encontrada,,,"Pagina de carreiras lida (https://epicure.fr/recrutement/): nenhum titulo da disciplina no HTML. Pode ser quadro carregado por JavaScript, que nao da para ler sem navegador. | ficha: https://3dvf.com/en/studio/epicure-studio/"
Ex Persona,França,Strasbourg,https://ex-persona.com/,nao,nao_encontrada,,,"Pagina de carreiras lida (https://ex-persona.com/the-studio/jobs/): nenhum titulo da disciplina no HTML. Pode ser quadro carregado por JavaScript, que nao da para ler sem navegador. | ficha: https://3dvf.com/en/studio/ex-persona/"
Factory,França,"Altrincham, Cheshire",https://www.factorycreate.com/,nao,nao_verificado,,,Site nao respondeu ao curl (home inacessivel); board nao pode ser lido sem navegador. | ficha: https://3dvf.com/en/studio/factory/
FAKE IT STUDIO,França,Pérenchies,https://www.fakeit.studio/,nao,nao_verificado,,,"Home lida, sem link de carreiras identificavel; nenhum ATS detectado. | ficha: https://3dvf.com/en/studio/fake-it-studio/"
Firm Studio,França,Paris,https://www.firm-studio.fr/,nao,nao_verificado,,,"Home lida, sem link de carreiras identificavel; nenhum ATS detectado. | ficha: https://3dvf.com/en/studio/firm-studio/"
Focus Home Interactive,França,Paris,https://www.focus-home.com/en-us,nao,nao_encontrada,,,ATS detectado (recruitee) e consultado por API: nenhuma vaga da disciplina no retorno. | ficha: https://3dvf.com/en/studio/focus-home-interactive/
Fokys Studio,França,Clisson,,nao,nao_verificado,,,Sem site publicado na ficha 3DVF. | ficha: https://3dvf.com/en/studio/fokys-studio/
Foliascope,França,Beaumont-Lès-Valence,https://www.foliascope.fr/,nao,nao_encontrada,,,"Pagina de carreiras lida (https://www.foliascope.fr/jobs/job/): nenhum titulo da disciplina no HTML. Pode ser quadro carregado por JavaScript, que nao da para ler sem navegador. | ficha: https://3dvf.com/en/studio/foliascope/"
Folimage,França,Valence,https://www.folimage.fr/en/,nao,nao_verificado,,,"Home lida, sem link de carreiras identificavel; nenhum ATS detectado. | ficha: https://3dvf.com/en/studio/folimage/"
Fost,França,Angoulême Paris Paris Fost Paris,https://fost.studio,nao,nao_encontrada,,,"Pagina de carreiras lida (https://fost.studio/jobs/): nenhum titulo da disciplina no HTML. Pode ser quadro carregado por JavaScript, que nao da para ler sem navegador. | ficha: https://3dvf.com/en/studio/fost-paris/"
FULLSCREEN,França,Paris,https://www.fullscreen.fr,nao,nao_verificado,,,"Home lida, sem link de carreiras identificavel; nenhum ATS detectado. | ficha: https://3dvf.com/en/studio/fullscreen/"
Fygostudio,França,Bordeaux,https://fygostudio.com,nao,nao_verificado,,,"Home lida, sem link de carreiras identificavel; nenhum ATS detectado. | ficha: https://3dvf.com/en/studio/fygostudio/"
Gabi Production,França,Angoulême,https://www.magelis.org/annuaire-entreprises/91907/gabi-production/,nao,nao_verificado,,,"Home lida, sem link de carreiras identificavel; nenhum ATS detectado. | ficha: https://3dvf.com/en/studio/gabi-production/"
Game Atelier,França,Paris,https://www.game-atelier.com/,nao,nao_encontrada,,,"Pagina de carreiras lida (https://www.game-atelier.com/careers): nenhum titulo da disciplina no HTML. Pode ser quadro carregado por JavaScript, que nao da para ler sem navegador. | ficha: https://3dvf.com/en/studio/game-xlg2tqou-paris/"
Gameloft,França,Paris,,sim,nao_verificado,,,Ja conhecido pela campanha (nome): Gameloft. Nao revarrido nesta rodada. | ficha: https://3dvf.com/en/studio/gameloft/
Gao Shan Pictures,França,Saint Gilles les bains - La Réunion,https://www.gaoshanpictures.com/,nao,nao_encontrada,,,"Pagina de carreiras lida (https://www.gaoshanpictures.com/recrutement): nenhum titulo da disciplina no HTML. Pode ser quadro carregado por JavaScript, que nao da para ler sem navegador. | ficha: https://3dvf.com/en/studio/gao-shan-pictures/"
Garuda VFX,França,Rennes,https://www.garudavfx.com/,nao,nao_verificado,,,"Home lida, sem link de carreiras identificavel; nenhum ATS detectado. | ficha: https://3dvf.com/en/studio/garuda-vfx/"
Gaumont Animation,França,Neuilly-sur-Seine,https://www.gaumont.us/,nao,nao_verificado,,,Site nao respondeu ao curl (home inacessivel); board nao pode ser lido sem navegador. | ficha: https://3dvf.com/en/studio/gaumont-animation/
Goblinz Studio,França,Yutz,https://goblinzstudio.com/,nao,nao_verificado,,,"Home lida, sem link de carreiras identificavel; nenhum ATS detectado. | ficha: https://3dvf.com/en/studio/goblinz-studio/"
Golaem,França,Chantepie,https://golaem.com/,nao,nao_verificado,,,"Home lida, sem link de carreiras identificavel; nenhum ATS detectado. | ficha: https://3dvf.com/en/studio/golaem/"
Golem Images,França,Marseille,https://www.golem-images.com/,nao,nao_verificado,,,"Home lida, sem link de carreiras identificavel; nenhum ATS detectado. | ficha: https://3dvf.com/en/studio/golem-images/"
Golem-Studio,França,Toulouse,https://golem-studio.com/,nao,nao_verificado,,,"Home lida, sem link de carreiras identificavel; nenhum ATS detectado. | ficha: https://3dvf.com/en/studio/golem-studio/"
Greebl Studio,França,Paris,http://greebl.studio,nao,nao_verificado,,,"Home lida, sem link de carreiras identificavel; nenhum ATS detectado. | ficha: https://3dvf.com/en/studio/greebl-studio/"
Handidoo Films,França,Angoulême,https://oliviervinuesa.wixsite.com/handidoo-films,nao,nao_verificado,,,"Home lida, sem link de carreiras identificavel; nenhum ATS detectado. | ficha: https://3dvf.com/en/studio/handidoo-films/"
Happy Flamingos,França,Paris,https://happyflamingos.com/,nao,nao_verificado,,,"Home lida, sem link de carreiras identificavel; nenhum ATS detectado. | ficha: https://3dvf.com/en/studio/happy-flamingos/"
Hercules,França,Puteaux,https://www.hrcls.tv/,nao,nao_verificado,,,"Home lida, sem link de carreiras identificavel; nenhum ATS detectado. | ficha: https://3dvf.com/en/studio/hercules/"
HILO3D,França,BORDEAUX,https://hilo3d.com,nao,nao_verificado,,,Site nao respondeu ao curl (home inacessivel); board nao pode ser lido sem navegador. | ficha: https://3dvf.com/en/studio/hilo3d-r5thgkkz-bordeaux/
Hocus Pocus,França,Lyon,https://hocuspocus-studio.fr/en,sim,nao_verificado,,,Ja conhecido pela campanha (dominio): Hocus Pocus Studio. Nao revarrido nesta rodada. | ficha: https://3dvf.com/en/studio/hocus-pocus/
Hora concept,França,Mimizan,https://horaconcept.fr/,nao,nao_verificado,,,Site nao respondeu ao curl (home inacessivel); board nao pode ser lido sem navegador. | ficha: https://3dvf.com/en/studio/hora-concept/
I-REEL,França,Bagnolet,https://www.i-reel.fr/,nao,nao_verificado,,,"Home lida, sem link de carreiras identificavel; nenhum ATS detectado. | ficha: https://3dvf.com/en/studio/i-reel/"
Iconic,França,Clichy,https://iconic.paris/,nao,nao_verificado,,,"Home lida, sem link de carreiras identificavel; nenhum ATS detectado. | ficha: https://3dvf.com/en/studio/iconic/"
IIW Studio,França,Paris,https://www.iiwstudio.fr/,nao,nao_verificado,,,Site nao respondeu ao curl (home inacessivel); board nao pode ser lido sem navegador. | ficha: https://3dvf.com/en/studio/iiw-studio/
Illogic Studios,França,Montpellier,https://www.illogicstudios.com/,sim,nao_verificado,,,Ja conhecido pela campanha (nome): Illogic. Nao revarrido nesta rodada. | ficha: https://3dvf.com/en/studio/illogic-studios/
Illumination Studios Paris,França,Paris,https://www.illuminationstudiosparis.com/,sim,nao_verificado,,,Ja conhecido pela campanha (nome): Illumination Studios Paris (Surfacing Artist) - QUADRO ESVAZIADO. Nao revarrido nesta rodada. | ficha: https://3dvf.com/en/studio/illumination-studios-paris/
IMA Solutions,França,Toulouse,https://ima-solutions.fr/,nao,nao_verificado,,,"Home lida, sem link de carreiras identificavel; nenhum ATS detectado. | ficha: https://3dvf.com/en/studio/ima-solutions/"
Intangibles,França,Paris,https://intangibles.fr/,nao,nao_encontrada,,,"Pagina de carreiras lida (https://intangibles.fr/recrutement/): nenhum titulo da disciplina no HTML. Pode ser quadro carregado por JavaScript, que nao da para ler sem navegador. | ficha: https://3dvf.com/en/studio/intangibles/"
Inthebox,França,Annecy,https://www.inthebox.pro/,nao,nao_verificado,,,"Home lida, sem link de carreiras identificavel; nenhum ATS detectado. | ficha: https://3dvf.com/en/studio/in-the-box/"
Irrational Studio,França,Paris,https://irrational.tv/,nao,nao_verificado,,,"Home lida, sem link de carreiras identificavel; nenhum ATS detectado. | ficha: https://3dvf.com/en/studio/irrational-studio/"
J3DMODDING,França,Uzès,https://j3dmodding.com/,nao,nao_verificado,,,"Home lida, sem link de carreiras identificavel; nenhum ATS detectado. | ficha: https://3dvf.com/en/studio/j3dmodding-plc7y4bgd-uzes/"
Je suis bien content,França,Montreuil,https://jsbc.fr/,nao,nao_verificado,,,"Home lida, sem link de carreiras identificavel; nenhum ATS detectado. | ficha: https://3dvf.com/en/studio/je-suis-bien-content/"
JOKYO Images,França,Lyon,https://www.jokyo-images.com/,nao,nao_verificado,,,"Home lida, sem link de carreiras identificavel; nenhum ATS detectado. | ficha: https://3dvf.com/en/studio/jokyo-images/"
JPL Films,França,Rennes,https://jplfilms.com/,nao,nao_verificado,,,"Home lida, sem link de carreiras identificavel; nenhum ATS detectado. | ficha: https://3dvf.com/en/studio/jpl-films/"
Kalank,França,Angoulême,https://kalank.fr/,nao,nao_verificado,,,"Home lida, sem link de carreiras identificavel; nenhum ATS detectado. | ficha: https://3dvf.com/en/studio/kalank/"
Karlab,França,Montpellier,https://www.karlab.fr/,nao,nao_verificado,,,"Home lida, sem link de carreiras identificavel; nenhum ATS detectado. | ficha: https://3dvf.com/en/studio/karlab/"
Kawanimation,França,Bordeaux,http://www.kawanimation.com,nao,nao_verificado,,,"Home lida, sem link de carreiras identificavel; nenhum ATS detectado. | ficha: https://3dvf.com/en/studio/kawanimation/"
Kingsize,França,Paris,https://www.atlantistv.fr/,nao,nao_encontrada,,,"Pagina de carreiras lida (https://www.atlantistv.fr/emissions/les-plus-belles-vacances/): nenhum titulo da disciplina no HTML. Pode ser quadro carregado por JavaScript, que nao da para ler sem navegador. | ficha: https://3dvf.com/en/studio/kingsize/"
Kreaction,França,Vannes,https://www.kreaction.com/,nao,nao_encontrada,,,"Pagina de carreiras lida (https://www.kreaction.com/offres-emploi-artiste-3d-vannes-39.html): nenhum titulo da disciplina no HTML. Pode ser quadro carregado por JavaScript, que nao da para ler sem navegador. | ficha: https://3dvf.com/en/studio/kreaction/"
L&rsquo;Autre Image,França,Paris L'Autre Image,https://www.autreimage.com/,nao,nao_encontrada,,,"Pagina de carreiras lida (https://www.autreimage.com/jobs/): nenhum titulo da disciplina no HTML. Pode ser quadro carregado por JavaScript, que nao da para ler sem navegador. | ficha: https://3dvf.com/en/studio/lautre-image/"
L&rsquo;Horda,França,Pérols L'Horda,https://www.lhorda-studio.com/,nao,nao_verificado,,,Site nao respondeu ao curl (home inacessivel); board nao pode ser lido sem navegador. | ficha: https://3dvf.com/en/studio/lhorda/
La Cabane Productions,França,Paris,https://lacabaneproductions.com/,nao,nao_encontrada,,,"Pagina de carreiras lida (mailto:jobs@lacabaneproductions.com): nenhum titulo da disciplina no HTML. Pode ser quadro carregado por JavaScript, que nao da para ler sem navegador. | ficha: https://3dvf.com/en/studio/la-cabane-productions/"
La planète rouge,França,Marseille,https://www.laplaneterouge.fr/,nao,nao_verificado,,,"Home lida, sem link de carreiras identificavel; nenhum ATS detectado. | ficha: https://3dvf.com/en/studio/la-planete-rouge/"
La Pompadour,França,Nantes,https://www.lapompadour.tv/motion-design-nantes/,nao,nao_verificado,,,"Home lida, sem link de carreiras identificavel; nenhum ATS detectado. | ficha: https://3dvf.com/en/studio/la-pompadour/"
La Poule Noire,França,Angoulême,https://www.lapoulenoire.fr/,nao,nao_verificado,,,"Home lida, sem link de carreiras identificavel; nenhum ATS detectado. | ficha: https://3dvf.com/en/studio/la-poule-noire/"
La Station Animation,França,Paris,https://www.lastationanimation.com/,sim,nao_verificado,,,Ja conhecido pela campanha (dominio): La Station Animation. Nao revarrido nesta rodada. | ficha: https://3dvf.com/en/studio/la-station-animation/
LaFabric3D,França,Avrillé,https://lafabric3d.com/,nao,nao_verificado,,,"Home lida, sem link de carreiras identificavel; nenhum ATS detectado. | ficha: https://3dvf.com/en/studio/lafabric3d/"
Lagoon Studios,França,Ivry sur seine,https://www.lagoonstudios.com/,nao,nao_verificado,,,"Home lida, sem link de carreiras identificavel; nenhum ATS detectado. | ficha: https://3dvf.com/en/studio/lagoon-studios/"
Lampyre 3D,França,Montpellier,https://www.lampyre.net/,nao,nao_verificado,,,"Home lida, sem link de carreiras identificavel; nenhum ATS detectado. | ficha: https://3dvf.com/en/studio/lampyre-h61g4l0rt-montpellier/"
LE BIG SHOT,França,IVRY-SUR-SEINE,http://www.lebigshot.com,nao,nao_verificado,,,"Home lida, sem link de carreiras identificavel; nenhum ATS detectado. | ficha: https://3dvf.com/en/studio/le-big-shot/"
Le Labo Blanc,França,Paris,http://www.lelaboblanc.paris,nao,nao_verificado,,,"Home lida, sem link de carreiras identificavel; nenhum ATS detectado. | ficha: https://3dvf.com/en/studio/le-labo-blanc/"
Les Androids associés,França,Paris,https://www.androids.fr/,nao,nao_verificado,,,"Home lida, sem link de carreiras identificavel; nenhum ATS detectado. | ficha: https://3dvf.com/en/studio/les-androids-associes/"
Les films du poisson rouge,França,Angouleme,https://lesfilmsdupoissonrouge.com/,nao,nao_verificado,,,"Home lida, sem link de carreiras identificavel; nenhum ATS detectado. | ficha: https://3dvf.com/en/studio/les-films-du-poisson-rouge/"
Les images mécaniques,França,Lyon,https://images-mecaniques.fr/,nao,nao_verificado,,,Site nao respondeu ao curl (home inacessivel); board nao pode ser lido sem navegador. | ficha: https://3dvf.com/en/studio/les-mbd0tux-lyon/
Les Tontons Truqueurs,França,Vendargues,https://www.lestontonstruqueurs.com/,nao,nao_verificado,,,Site nao respondeu ao curl (home inacessivel); board nao pode ser lido sem navegador. | ficha: https://3dvf.com/en/studio/les-tontons-truqueurs/
LS GROUP (ex Light And Shadows),França,Suresnes,https://www.ls-group.fr/,nao,nao_encontrada,,,"Pagina de carreiras lida (https://www.ls-group.fr/careers): nenhum titulo da disciplina no HTML. Pode ser quadro carregado por JavaScript, que nao da para ler sem navegador. | ficha: https://3dvf.com/en/studio/ls-zygdgg66-suresnes/"
Lux Motion,França,Le val d'Hazey,https://www.luxmotion.design,nao,nao_verificado,,,Site nao respondeu ao curl (home inacessivel); board nao pode ser lido sem navegador. | ficha: https://3dvf.com/en/studio/lux-dnumccgm-le-val-dhazey/
Mac Guff,França,Paris,https://www.macguff.com/,sim,nao_verificado,,,Ja conhecido pela campanha (nome): Mac Guff. Nao revarrido nesta rodada. | ficha: https://3dvf.com/en/studio/mac-guff-ligne/
Malherbe Paris,França,Paris,https://malherbe.paris/,nao,nao_encontrada,,,"Pagina de carreiras lida (https://malherbe.paris/careers/): nenhum titulo da disciplina no HTML. Pode ser quadro carregado por JavaScript, que nao da para ler sem navegador. | ficha: https://3dvf.com/en/studio/malherbe-paris/"
Malil’Art Production,França,Angouleme,https://www.malil-art.com/,nao,nao_verificado,,,"Home lida, sem link de carreiras identificavel; nenhum ATS detectado. | ficha: https://3dvf.com/en/studio/malilart-production/"
Mango3D,França,paris,https://mango3d.io/,nao,nao_verificado,,,"Home lida, sem link de carreiras identificavel; nenhum ATS detectado. | ficha: https://3dvf.com/en/studio/mango3d/"
Matchmove For Visual Effects &#8211; M4VFX,França,Pessac Matchmove For Visual Effects - M4VFX,https://www.m4vfx.com/,nao,nao_verificado,,,"Home lida, sem link de carreiras identificavel; nenhum ATS detectado. | ficha: https://3dvf.com/en/studio/matchmove-for-visual-effects-m4vfx/"
Mathematic,França,Paris,https://mathematic.tv/,sim,nao_verificado,,,Ja conhecido pela campanha (nome): Mathematic. Nao revarrido nesta rodada. | ficha: https://3dvf.com/en/studio/mathematic/
MD STUDIO,França,Montpellier,https://www.archi-3d.fr/,nao,nao_verificado,,,"Home lida, sem link de carreiras identificavel; nenhum ATS detectado. | ficha: https://3dvf.com/en/studio/md-nuvynoe-montpellier/"
Mécanique Générale,França,Paris,https://www.mecanique-g.com/,nao,nao_encontrada,,,"Pagina de carreiras lida (mailto:jobs@mecanique-g.com): nenhum titulo da disciplina no HTML. Pode ser quadro carregado por JavaScript, que nao da para ler sem navegador. | ficha: https://3dvf.com/en/studio/mecanique-generale/"
Menhir fx,França,Montpellier,https://menhirfx.com/fr,sim,nao_verificado,,,Ja conhecido pela campanha (dominio): Menhir FX (candidatura espontanea). Nao revarrido nesta rodada. | ficha: https://3dvf.com/en/studio/menhir-fx/
MIAM! animation,França,Paris Paris,https://www.miam-animation.com/,sim,nao_verificado,,,Ja conhecido pela campanha (dominio): MIAM! animation. Nao revarrido nesta rodada. | ficha: https://3dvf.com/en/studio/miam-animation/
MilkyCo. Studio,França,Nantes,https://milkyco-studio.com/,nao,nao_verificado,,,"Home lida, sem link de carreiras identificavel; nenhum ATS detectado. | ficha: https://3dvf.com/en/studio/milkyco-studio/"
Millimages,França,Paris,https://www.millimages.com/,sim,nao_verificado,,,"Ja conhecido pela campanha (dominio): Millimages (Fatima Hannat, Head of Studio). Nao revarrido nesta rodada. | ficha: https://3dvf.com/en/studio/millimages/"
Mirabell Studio,França,Paris,https://www.mirabellstudio.com/,nao,nao_verificado,,,"Home lida, sem link de carreiras identificavel; nenhum ATS detectado. | ficha: https://3dvf.com/en/studio/mirabell-t4vfjqwd5-paris/"
Miyu,França,Angoulême,https://www.miyu.fr/,nao,nao_verificado,,,"Home lida, sem link de carreiras identificavel; nenhum ATS detectado. | ficha: https://3dvf.com/en/studio/miyu/"
Mocaplab,França,Aubervilliers,https://www.mocaplab.com/fr,nao,nao_verificado,,,"Home lida, sem link de carreiras identificavel; nenhum ATS detectado. | ficha: https://3dvf.com/en/studio/mocaplab/"
Monark,França,Paris,https://mnrk.io/,nao,nao_verificado,,,"Home lida, sem link de carreiras identificavel; nenhum ATS detectado. | ficha: https://3dvf.com/en/studio/monark/"
Monsieur K,França,Paris,https://studio-monsieurk.fr/,nao,nao_verificado,,,"Home lida, sem link de carreiras identificavel; nenhum ATS detectado. | ficha: https://3dvf.com/en/studio/monsieur-k/"
MOON STUDIO,França,Paris,https://www.moon-studio.io/,nao,nao_verificado,,,"Home lida, sem link de carreiras identificavel; nenhum ATS detectado. | ficha: https://3dvf.com/en/studio/moon-hz1r5cf8w-paris/"
Moonycat Entertainment,França,Montpellier,https://www.codingame.com/start,nao,nao_encontrada,,,"Pagina de carreiras lida (https://www.codingame.com/careers): nenhum titulo da disciplina no HTML. Pode ser quadro carregado por JavaScript, que nao da para ler sem navegador. | ficha: https://3dvf.com/en/studio/moonycat-entertainment/"
Motion-Up,França,Vannes,,nao,nao_verificado,,,Sem site publicado na ficha 3DVF. | ficha: https://3dvf.com/en/studio/motion-up/
MOTIONORAMA,França,Castelnau le Lez,https://www.motionorama.com,nao,nao_verificado,,,"Home lida, sem link de carreiras identificavel; nenhum ATS detectado. | ficha: https://3dvf.com/en/studio/motionorama-cwkcp1x-castelnau-le-lez/"
Museo3d,França,Bordeaux,https://www.museo3d.fr/,nao,nao_verificado,,,"Home lida, sem link de carreiras identificavel; nenhum ATS detectado. | ficha: https://3dvf.com/en/studio/museo3d/"
MyFlower,França,Albi,https://www.myflower.tv/,nao,nao_verificado,,,"Home lida, sem link de carreiras identificavel; nenhum ATS detectado. | ficha: https://3dvf.com/en/studio/myflower/"
MYSTERY MACHINE,França,Boulogne,,nao,nao_verificado,,,Sem site publicado na ficha 3DVF. | ficha: https://3dvf.com/en/studio/mystery-f7ypv7yxtk-boulogne/
N°130,França,Montreuil,https://no130.io/,nao,nao_verificado,,,"Home lida, sem link de carreiras identificavel; nenhum ATS detectado. | ficha: https://3dvf.com/en/studio/n130/"
Neels,França,Saint-Ouen,https://www.neels.fr,nao,nao_verificado,,,"Home lida, sem link de carreiras identificavel; nenhum ATS detectado. | ficha: https://3dvf.com/en/studio/neels/"
neodigital,França,Courbépine,https://www.neodigital.fr/,nao,nao_encontrada,,,"Pagina de carreiras lida (https://www.neodigital.fr/recrutement/): nenhum titulo da disciplina no HTML. Pode ser quadro carregado por JavaScript, que nao da para ler sem navegador. | ficha: https://3dvf.com/en/studio/neodigital/"
Neoset,França,Paris,https://www.neoset.net,nao,nao_encontrada,,,"Pagina de carreiras lida (https://www.neoset.net/offres-de-services/): nenhum titulo da disciplina no HTML. Pode ser quadro carregado por JavaScript, que nao da para ler sem navegador. | ficha: https://3dvf.com/en/studio/neoset/"
Nightshift,França,Paris,https://www.nightshift.fr/,nao,nao_encontrada,,,"Pagina de carreiras lida (https://www.nightshift.fr/join-us/): nenhum titulo da disciplina no HTML. Pode ser quadro carregado por JavaScript, que nao da para ler sem navegador. | ficha: https://3dvf.com/en/studio/nightshift/"
Ninoc Studio,França,Reims,https://ninocstudio.com/,nao,nao_verificado,,,"Home lida, sem link de carreiras identificavel; nenhum ATS detectado. | ficha: https://3dvf.com/en/studio/ninoc-studio/"
Nobody Studio,França,Montpellier,https://nobody-studio.com/,nao,nao_verificado,,,"Home lida, sem link de carreiras identificavel; nenhum ATS detectado. | ficha: https://3dvf.com/en/studio/nobody-studio/"
NOID,França,PARIS,https://www.noid-studio.com/,nao,nao_encontrada,,,"Pagina de carreiras lida (https://www.noid-studio.com/join-us): nenhum titulo da disciplina no HTML. Pode ser quadro carregado por JavaScript, que nao da para ler sem navegador. | ficha: https://3dvf.com/en/studio/noid/"
noOne,França,Paris,https://www.noone-studio.com/,sim,nao_verificado,,,Ja conhecido pela campanha (dominio): noOne (Careers). Nao revarrido nesta rodada. | ficha: https://3dvf.com/en/studio/noone/
Normaal,França,Angoulême,https://normaal.fr/,nao,nao_verificado,,,"Home lida, sem link de carreiras identificavel; nenhum ATS detectado. | ficha: https://3dvf.com/en/studio/normaal/"
Novelab,França,Paris,http://novelab.io,nao,nao_verificado,,,"Home lida, sem link de carreiras identificavel; nenhum ATS detectado. | ficha: https://3dvf.com/en/studio/novelab-yect690fzu-paris/"
Okenite Animation,França,Rosières prés Troyes,https://okan3d.com/,nao,nao_verificado,,,"Home lida, sem link de carreiras identificavel; nenhum ATS detectado. | ficha: https://3dvf.com/en/studio/okenite-animation/"
Onirim,França,Paris,https://onirim.com/#15811,nao,nao_verificado,,,"Home lida, sem link de carreiras identificavel; nenhum ATS detectado. | ficha: https://3dvf.com/en/studio/onirim/"
ONiRiXEL,França,Toulouse,https://www.onirixel.com,nao,nao_verificado,,,"Home lida, sem link de carreiras identificavel; nenhum ATS detectado. | ficha: https://3dvf.com/en/studio/onirixel/"
Ooolala,França,Bourg-lès-Valence,https://ooolala.fr,nao,nao_encontrada,,,"Pagina de carreiras lida (https://ooolala.fr/jobs/): nenhum titulo da disciplina no HTML. Pode ser quadro carregado por JavaScript, que nao da para ler sem navegador. | ficha: https://3dvf.com/en/studio/ooolala/"
Orbis,França,Boulogne Billancourt,https://orbis-prod.fr/,nao,nao_verificado,,,"Home lida, sem link de carreiras identificavel; nenhum ATS detectado. | ficha: https://3dvf.com/en/studio/orbis/"
Oscar B studio,França,Alfortville,https://www.oscarbstudio.com/,sim,nao_verificado,,,Ja conhecido pela campanha (dominio): Oscar B Studio (Paris e Lyon). Nao revarrido nesta rodada. | ficha: https://3dvf.com/en/studio/oscar-b-studio/
Parallel Studio,França,Paris,https://parallelstudio.tv/,nao,nao_verificado,,,"Home lida, sem link de carreiras identificavel; nenhum ATS detectado. | ficha: https://3dvf.com/en/studio/parallel-studio/"
Parmi Les Lucioles Films,França,Valence,https://www.parmilesluciolesfilms.fr/,nao,nao_verificado,,,"Home lida, sem link de carreiras identificavel; nenhum ATS detectado. | ficha: https://3dvf.com/en/studio/parmi-les-lucioles-films/"
Paume,França,Paris,https://paume.paris/,nao,nao_verificado,,,"Home lida, sem link de carreiras identificavel; nenhum ATS detectado. | ficha: https://3dvf.com/en/studio/paume/"
Personne n’est parfait !,França,Rennes,https://www.personnenestparfait.fr/,nao,nao_verificado,,,"Home lida, sem link de carreiras identificavel; nenhum ATS detectado. | ficha: https://3dvf.com/en/studio/personne-nest-parfait/"
Pipangai Studio,França,Le Port - La Réunion,https://www.pipangai.fr/,nao,nao_verificado,,,"Home lida, sem link de carreiras identificavel; nenhum ATS detectado. | ficha: https://3dvf.com/en/studio/pipangai-studio/"
Pixel Commando,França,Champagne au Mont d'Or,https://pixelcommando.fr/,nao,nao_verificado,,,"Home lida, sem link de carreiras identificavel; nenhum ATS detectado. | ficha: https://3dvf.com/en/studio/pixel-commando/"
Point Flottant,França,Paris,https://fr.pointflottant.com/,nao,nao_verificado,,,"Home lida, sem link de carreiras identificavel; nenhum ATS detectado. | ficha: https://3dvf.com/en/studio/point-0bswgva2fc-paris/"
Pôle Nord Studio,França,Paris,http://polenordstudio.fr,nao,nao_verificado,,,"Home lida, sem link de carreiras identificavel; nenhum ATS detectado. | ficha: https://3dvf.com/en/studio/pole-nord-studio/"
Polymorph Software,França,Pacé,https://polymorph.fr/,nao,nao_verificado,,,"Home lida, sem link de carreiras identificavel; nenhum ATS detectado. | ficha: https://3dvf.com/en/studio/polymorph-software/"
Praxinos,França,Metz,https://praxinos.coop/,nao,nao_verificado,,,"Home lida, sem link de carreiras identificavel; nenhum ATS detectado. | ficha: https://3dvf.com/en/studio/praxinos/"
Printixel,França,lyon,https://printixel.com,nao,nao_verificado,,,"Home lida, sem link de carreiras identificavel; nenhum ATS detectado. | ficha: https://3dvf.com/en/studio/printixel-czrzvpef6-lyon/"
Prodigious,França,Paris,,nao,nao_verificado,,,Sem site publicado na ficha 3DVF. | ficha: https://3dvf.com/en/studio/prodigious/
Protozoaire,França,Strasbourg,http://www.protozoaire.com/,nao,nao_verificado,,,"Home lida, sem link de carreiras identificavel; nenhum ATS detectado. | ficha: https://3dvf.com/en/studio/protozoaire/"
Providence VFX,França,La Madeleine,https://www.providence-vfx.com/,nao,nao_encontrada,,,"Pagina de carreiras lida (https://www.providence-vfx.com/careers): nenhum titulo da disciplina no HTML. Pode ser quadro carregado por JavaScript, que nao da para ler sem navegador. | ficha: https://3dvf.com/en/studio/providence-vfx/"
Pump,França,Lyon,https://www.univers-pump.fr,nao,nao_verificado,,,"Home lida, sem link de carreiras identificavel; nenhum ATS detectado. | ficha: https://3dvf.com/en/studio/pump-pbrbpozi-lyon/"
Quantic Dream,França,Paris,https://www.quanticdream.com/fr,sim,nao_verificado,,,Ja conhecido pela campanha (nome): Quantic Dream (Candidature Spontanée). Nao revarrido nesta rodada. | ficha: https://3dvf.com/en/studio/quantic-dream/
Quasarts,França,Montpellier,https://keyplan3d.com,nao,nao_verificado,,,"Home lida, sem link de carreiras identificavel; nenhum ATS detectado. | ficha: https://3dvf.com/en/studio/quasarts-vb0jjiarrj-montpellier/"
RCD Except,França,Guyancourt,https://www.rcdexcept.com/fr/,nao,nao_verificado,,,"Home lida, sem link de carreiras identificavel; nenhum ATS detectado. | ficha: https://3dvf.com/en/studio/rcd-except/"
Realcast,França,Paris,https://realcast.io/,nao,nao_verificado,,,"Home lida, sem link de carreiras identificavel; nenhum ATS detectado. | ficha: https://3dvf.com/en/studio/realcast/"
Ride FX,França,Auray,https://ride-fx.com/,nao,nao_verificado,,,"Home lida, sem link de carreiras identificavel; nenhum ATS detectado. | ficha: https://3dvf.com/en/studio/ride-dadnmzlrb-auray/"
Riverman Studio,França,Paris,,nao,nao_verificado,,,Sem site publicado na ficha 3DVF. | ficha: https://3dvf.com/en/studio/riverman-go9tgu3fr-paris/
Rockin VFX Studio,França,Piolenc,,nao,nao_verificado,,,Sem site publicado na ficha 3DVF. | ficha: https://3dvf.com/en/studio/rockin-vfx-studio/
Rooftop Production,França,Montpellier,https://rooftop-production.com/,nao,nao_verificado,,,Site nao respondeu ao curl (home inacessivel); board nao pode ser lido sem navegador. | ficha: https://3dvf.com/en/studio/rooftop-1ue499bgo-montpellier/
Sabotage studio,França,Paris,https://www.sabotage-studio.com/,sim,nao_verificado,,,Ja conhecido pela campanha (nome): Sabotage Studio. Nao revarrido nesta rodada. | ficha: https://3dvf.com/en/studio/sabotage-studio/
Sacrebleu Productions,França,Paris,https://sacrebleuprod.fr/,nao,nao_verificado,,,"Home lida, sem link de carreiras identificavel; nenhum ATS detectado. | ficha: https://3dvf.com/en/studio/sacrebleu-productions/"
SAS TRIBIA,França,Bègles,http://www.tribia.net,nao,nao_verificado,,,"Home lida, sem link de carreiras identificavel; nenhum ATS detectado. | ficha: https://3dvf.com/en/studio/sas-tribia/"
scenesis pictures,França,Paris,http://scenesis-pictures.fr,nao,nao_verificado,,,"Home lida, sem link de carreiras identificavel; nenhum ATS detectado. | ficha: https://3dvf.com/en/studio/scenesis-sx900g5p-75003/"
Shaft Design,França,Pierrelaye,https://shaftdesign.fr/,nao,nao_verificado,,,Site nao respondeu ao curl (home inacessivel); board nao pode ser lido sem navegador. | ficha: https://3dvf.com/en/studio/shaft-design/
Shards,França,Paris,https://www.shards-cgi.com/,nao,nao_verificado,,,"Home lida, sem link de carreiras identificavel; nenhum ATS detectado. | ficha: https://3dvf.com/en/studio/shards/"
Silex Animation,França,Angoulême,https://www.silexfilms.com/animation/,nao,nao_verificado,,,"Home lida, sem link de carreiras identificavel; nenhum ATS detectado. | ficha: https://3dvf.com/en/studio/silex-animation/"
Slam Creations,França,Montreuil,https://slamcreations.fr,nao,nao_verificado,,,"Home lida, sem link de carreiras identificavel; nenhum ATS detectado. | ficha: https://3dvf.com/en/studio/slam-creations/"
SoWhen?,França,Montreuil,https://www.sowhen.fr/,nao,nao_verificado,,,"Home lida, sem link de carreiras identificavel; nenhum ATS detectado. | ficha: https://3dvf.com/en/studio/sowhen-ovbi21fof-montreuil/"
Spiders,França,Paris,https://www.spiders-games.com/,nao,nao_verificado,,,"Home lida, sem link de carreiras identificavel; nenhum ATS detectado. | ficha: https://3dvf.com/en/studio/spiders/"
St-louis Posthouse,França,Paris,https://www.st-louis.tv/,nao,nao_verificado,,,"Home lida, sem link de carreiras identificavel; nenhum ATS detectado. | ficha: https://3dvf.com/en/studio/st-louis-posthouse/"
STEEL Animation,França,Boulogne-Billancourt,https://steelanimation.fr/,nao,nao_verificado,,,"Home lida, sem link de carreiras identificavel; nenhum ATS detectado. | ficha: https://3dvf.com/en/studio/steel-animation/"
Stilla Studio,França,Paris,https://www.stilla-studio.fr,nao,nao_verificado,,,"Home lida, sem link de carreiras identificavel; nenhum ATS detectado. | ficha: https://3dvf.com/en/studio/stilla-mchl1nh-paris/"
Stim Studio,França,Lyon,https://stimstudio.com/,sim,nao_verificado,,,Ja conhecido pela campanha (dominio): Stim Studio (Expression of Interest). Nao revarrido nesta rodada. | ficha: https://3dvf.com/en/studio/stim-studio/
Stooko,França,Loire-Authion,https://www.stooko.fr/,nao,nao_verificado,,,"Home lida, sem link de carreiras identificavel; nenhum ATS detectado. | ficha: https://3dvf.com/en/studio/stooko/"
Strobe VFX,França,Paris,https://strobevfx.com,nao,nao_verificado,,,"Home lida, sem link de carreiras identificavel; nenhum ATS detectado. | ficha: https://3dvf.com/en/studio/strobe-vfx/"
STUDIO &#8211; ADN FAMILY,França,Biarritz STUDIO - ADN FAMILY,https://studio.adnfamily.com/,nao,nao_verificado,,,"Home lida, sem link de carreiras identificavel; nenhum ATS detectado. | ficha: https://3dvf.com/en/studio/adn-family/"
Studio Alyen,França,Marseille,https://www.alyen.com/,nao,nao_verificado,,,"Home lida, sem link de carreiras identificavel; nenhum ATS detectado. | ficha: https://3dvf.com/en/studio/studio-alyen/"
Studio Hari,França,Paris,https://www.studiohari.com/,nao,nao_verificado,,,Site nao respondeu ao curl (home inacessivel); board nao pode ser lido sem navegador. | ficha: https://3dvf.com/en/studio/studio-hari/
Studio Kippik,França,Paris,https://www.kippik.fr/,nao,nao_encontrada,,,"Pagina de carreiras lida (mailto:jobs@kippik.fr): nenhum titulo da disciplina no HTML. Pode ser quadro carregado por JavaScript, que nao da para ler sem navegador. | ficha: https://3dvf.com/en/studio/studio-kippik/"
Studio la Cachette,França,Paris,https://www.studiolacachette.com/,nao,nao_verificado,,,"Home lida, sem link de carreiras identificavel; nenhum ATS detectado. | ficha: https://3dvf.com/en/studio/studio-la-cachette/"
Studio La Lanterne,França,Paris,https://studiolalanterne.com/,nao,nao_verificado,,,"Home lida, sem link de carreiras identificavel; nenhum ATS detectado. | ficha: https://3dvf.com/en/studio/studio-la-lanterne/"
Studio Raclette,França,Saint andré lez lille,https://www.studioraclette.com,nao,nao_encontrada,,,"Pagina de carreiras lida (https://www.studioraclette.com/jobs): nenhum titulo da disciplina no HTML. Pode ser quadro carregado por JavaScript, que nao da para ler sem navegador. | ficha: https://3dvf.com/en/studio/studio-vvcxciw3-saint-andre-lez-lille/"
Studio Redfrog,França,Lille,https://www.studioredfrog.com/,nao,nao_verificado,,,"Home lida, sem link de carreiras identificavel; nenhum ATS detectado. | ficha: https://3dvf.com/en/studio/studio-redfrog/"
Studio Train-Train,França,Lille,,nao,nao_verificado,,,Sem site publicado na ficha 3DVF. | ficha: https://3dvf.com/en/studio/studio-train-train/
Studio Unagi,França,,,nao,nao_verificado,,,Sem site publicado na ficha 3DVF. | ficha: https://3dvf.com/en/studio/studio-unagi/
Studio403,França,Isle,https://studio403.fr,nao,nao_verificado,,,"Home lida, sem link de carreiras identificavel; nenhum ATS detectado. | ficha: https://3dvf.com/en/studio/studio403/"
Studios Post&#038;Prod,França,Boulogne Billancourt Studios Post&Prod,https://www.studiospostprod.com/,nao,nao_verificado,,,"Home lida, sem link de carreiras identificavel; nenhum ATS detectado. | ficha: https://3dvf.com/en/studio/studio-postprod/"
Style &#038; Design,França,Maurepas Style & Design,https://www.styleanddesign.fr/,nao,nao_verificado,,,"Home lida, sem link de carreiras identificavel; nenhum ATS detectado. | ficha: https://3dvf.com/en/studio/837159/"
Supamonks Studio,França,Arcueil,https://www.supamonks.com/,sim,nao_verificado,,,Ja conhecido pela campanha (dominio): Supamonks. Nao revarrido nesta rodada. | ficha: https://3dvf.com/en/studio/supamonks-studio/
Superights,França,Paris,https://www.superights.net/fr/,nao,nao_verificado,,,"Home lida, sem link de carreiras identificavel; nenhum ATS detectado. | ficha: https://3dvf.com/en/studio/superights/"
Superprod Animation,França,Paris,https://www.superprodanimation.net/fr/,sim,nao_verificado,,,Ja conhecido pela campanha (nome): Superprod Animation. Nao revarrido nesta rodada. | ficha: https://3dvf.com/en/studio/superprod-animation/
superStory,França,Romans,https://www.superstory.fr/,nao,nao_verificado,,,"Home lida, sem link de carreiras identificavel; nenhum ATS detectado. | ficha: https://3dvf.com/en/studio/superstory/"
SYNTHES&rsquo;3D,França,AIX-EN-PROVENCE SYNTHES'3D,https://www.synthes3d.com/,nao,nao_verificado,,,"Home lida, sem link de carreiras identificavel; nenhum ATS detectado. | ficha: https://3dvf.com/en/studio/synthes3d/"
TAT Productions,França,Toulouse,https://tatprod.com/,sim,nao_verificado,,,Ja conhecido pela campanha (dominio): TAT Productions. Nao revarrido nesta rodada. | ficha: https://3dvf.com/en/studio/tat-productions/
TBWA,França,Boulogne Billancourt,https://www.tbwa-paris.com/fr,nao,nao_verificado,,,"Home lida, sem link de carreiras identificavel; nenhum ATS detectado. | ficha: https://3dvf.com/en/studio/tbwa/"
TeamTO,França,Paris,https://www.teamto.com/,sim,nao_verificado,,,Ja conhecido pela campanha (dominio): TeamTO. Nao revarrido nesta rodada. | ficha: https://3dvf.com/en/studio/teamto/
Ten2Ten Films,França,Rennes,https://ten2ten.net/,nao,nao_verificado,,,"Home lida, sem link de carreiras identificavel; nenhum ATS detectado. | ficha: https://3dvf.com/en/studio/ten2ten-films/"
Terminus,França,Nantes,https://terminus-studio.com,nao,nao_verificado,,,"Home lida, sem link de carreiras identificavel; nenhum ATS detectado. | ficha: https://3dvf.com/en/studio/terminus-vxxukcqd-nantes/"
The Seed,França,Aubervilliers,https://www.the-seed.fr/,nao,nao_verificado,,,"Home lida, sem link de carreiras identificavel; nenhum ATS detectado. | ficha: https://3dvf.com/en/studio/the-seed/"
The Shading,França,Paris,https://www.theshading.com/,nao,nao_verificado,,,"Home lida, sem link de carreiras identificavel; nenhum ATS detectado. | ficha: https://3dvf.com/en/studio/the-d1pn4vxix-paris/"
Tigobo Animation,França,Angoulême,https://www.tigoboanimation.com,nao,nao_verificado,,,"Home lida, sem link de carreiras identificavel; nenhum ATS detectado. | ficha: https://3dvf.com/en/studio/tigobo-animation/"
TNZPV (Tu Nous ZA Pas Vus),França,Arles,https://www.tnzpv.com/,nao,nao_encontrada,,,"Pagina de carreiras lida (https://www.tnzpv.com/jobs/): nenhum titulo da disciplina no HTML. Pode ser quadro carregado por JavaScript, que nao da para ler sem navegador. | ficha: https://3dvf.com/en/studio/tu-nous-za-pas-vus/"
Tokoto Studio,França,Villeurbanne,https://tokoto.fr/,nao,nao_verificado,,,"Home lida, sem link de carreiras identificavel; nenhum ATS detectado. | ficha: https://3dvf.com/en/studio/tokoto-studio/"
Toonkit,França,Angouleme,https://www.toonkit-studio.com/,nao,nao_verificado,,,"Home lida, sem link de carreiras identificavel; nenhum ATS detectado. | ficha: https://3dvf.com/en/studio/toonkit/"
Tribia,França,Bègles,https://tribia.net/,nao,nao_verificado,,,"Home lida, sem link de carreiras identificavel; nenhum ATS detectado. | ficha: https://3dvf.com/en/studio/tribia/"
Trimaran VFX,França,Vanves,https://www.trimaran.com/,sim,nao_verificado,,,Ja conhecido pela campanha (dominio): Trimaran VFX. Nao revarrido nesta rodada. | ficha: https://3dvf.com/en/studio/trimaran-vfx/
Tronatic Studio,França,Saint Avertin,https://www.tronatic-studio.com/,nao,nao_verificado,,,"Home lida, sem link de carreiras identificavel; nenhum ATS detectado. | ficha: https://3dvf.com/en/studio/tronatic-x2h5pua8bq-saint-avertin/"
Troublemakers,França,Paris,https://troublemakers.tv/,nao,nao_verificado,,,"Home lida, sem link de carreiras identificavel; nenhum ATS detectado. | ficha: https://3dvf.com/en/studio/troublemakers/"
Tsunami Studio,França,Marcheprime,https://www.tsunami-studio.com/,nao,nao_verificado,,,"Home lida, sem link de carreiras identificavel; nenhum ATS detectado. | ficha: https://3dvf.com/en/studio/tsunami-studio/"
Twist &#038; Cie,França,Levallois Perret Twist & Cie,https://www.twistandcie.com/,nao,nao_verificado,,,"Home lida, sem link de carreiras identificavel; nenhum ATS detectado. | ficha: https://3dvf.com/en/studio/twist-cie/"
Ubisoft,França,Annecy Lyon,https://www.ubisoft.com/fr-FR/studio/annecy.aspx,sim,nao_verificado,,,"Ja conhecido pela campanha (dominio): Ubisoft Québec (Henrick Pelletier, Lead Character Artist). Nao revarrido nesta rodada. | ficha: https://3dvf.com/en/studio/ubisoft/"
Unique Animation,França,Angoulême,https://uniqueanimation.com,nao,nao_verificado,,,"Home lida, sem link de carreiras identificavel; nenhum ATS detectado. | ficha: https://3dvf.com/en/studio/unique-animation/"
Unit Image,França,Paris,https://www.unit-image.fr/,sim,nao_verificado,,,Ja conhecido pela campanha (dominio): Unit Image (2ª via). Nao revarrido nesta rodada. | ficha: https://3dvf.com/en/studio/unit-image/
Unltd,França,Montreal,https://www.go-unlimited.co/,nao,nao_verificado,,,"Home lida, sem link de carreiras identificavel; nenhum ATS detectado. | ficha: https://3dvf.com/en/studio/unltd/"
Valentinstudio,França,Lyon,https://valentinstudio.com/fr/,nao,nao_encontrada,,,"Pagina de carreiras lida (https://valentinstudio.com/fr/jobs/): nenhum titulo da disciplina no HTML. Pode ser quadro carregado por JavaScript, que nao da para ler sem navegador. | ficha: https://3dvf.com/en/studio/valentinstudio-onxudr5g-lyon/"
Viewmakers,França,Villeurbanne,http://viewmakers.fr,nao,nao_verificado,,,"Home lida, sem link de carreiras identificavel; nenhum ATS detectado. | ficha: https://3dvf.com/en/studio/viewmakers/"
VIRTUAL LIGHTNING BOX,França,Paris,https://virtuallightningbox.com,nao,nao_verificado,,,"Home lida, sem link de carreiras identificavel; nenhum ATS detectado. | ficha: https://3dvf.com/en/studio/virtual-yqfu0uvskb-paris/"
Virtual Production House,França,Elancourt,https://virtualproductionhouse.com/,nao,nao_verificado,,,"Home lida, sem link de carreiras identificavel; nenhum ATS detectado. | ficha: https://3dvf.com/en/studio/virtual-production-house/"
Vision Age VFX,França,Chagny,https://www.visionage-vfx.com/,nao,nao_verificado,,,"Home lida, sem link de carreiras identificavel; nenhum ATS detectado. | ficha: https://3dvf.com/en/studio/vision-age-vfx/"
Vivement Lundi !,França,Rennes,https://www.vivement-lundi.com/vivement-lundi/Accueil-Vivement-Lundi.html,nao,nao_verificado,,,"Home lida, sem link de carreiras identificavel; nenhum ATS detectado. | ficha: https://3dvf.com/en/studio/vivement-lundi/"
Voxler,França,Marseille,https://voxler.fr,nao,nao_encontrada,,,"Pagina de carreiras lida (https://voxler.fr/#careers): nenhum titulo da disciplina no HTML. Pode ser quadro carregado por JavaScript, que nao da para ler sem navegador. | ficha: https://3dvf.com/en/studio/voxler-09ftt541-marseille/"
Werlen Meyer,França,Paris,https://www.werlenmeyer.com/,nao,nao_verificado,,,"Home lida, sem link de carreiras identificavel; nenhum ATS detectado. | ficha: https://3dvf.com/en/studio/werlen-meyer/"
Wizz / QUAD GROUP,França,Clichy,https://wizz.fr/,nao,nao_verificado,,,"Home lida, sem link de carreiras identificavel; nenhum ATS detectado. | ficha: https://3dvf.com/en/studio/wizz-quad-group/"
XD Productions,França,Bry-sur-Marne,https://www.xdprod.com/,nao,nao_verificado,,,"Home lida, sem link de carreiras identificavel; nenhum ATS detectado. | ficha: https://3dvf.com/en/studio/xd-productions/"
Xilam Animation,França,Paris,https://xilam.com/,sim,nao_verificado,,,Ja conhecido pela campanha (dominio): Xilam Animation. Nao revarrido nesta rodada. | ficha: https://3dvf.com/en/studio/xilam-animation/
Zagtoon,França,Paris,https://www.zag-inc.com/,nao,nao_verificado,,,"Home lida, sem link de carreiras identificavel; nenhum ATS detectado. | ficha: https://3dvf.com/en/studio/zagtoon/"
Digic Pictures,Hungria,Budapest,https://digicgroup.com/,sim,nao_verificado,,,Ja conhecido pela campanha (nome): Digic Pictures. Nao revarrido nesta rodada. | ficha: https://3dvf.com/en/studio/digic-pictures/
Moonrock Animation Studio,Hungria,Budapest,,nao,nao_verificado,,,Sem site publicado na ficha 3DVF. | ficha: https://3dvf.com/en/studio/moonrock-animation-studio/
Brown Bag Films,Irlanda / Canadá,Dublin Bali Toronto,https://www.brownbagfilms.com/,sim,nao_verificado,,,Ja conhecido pela campanha (dominio): Brown Bag Films. Nao revarrido nesta rodada. | ficha: https://3dvf.com/en/studio/brown-bag-films/
SSVFX,Irlanda,Dublin,https://www.ssvfx.ie,sim,nao_verificado,,,Ja conhecido pela campanha (dominio): SSVFX. Nao revarrido nesta rodada. | ficha: https://3dvf.com/en/studio/ssvfx/
CCP Games,Islândia,Reykjavik,https://www.ccpgames.com/,nao,nao_encontrada,,,"Pagina de carreiras lida (https://www.ccpgames.com/careers): nenhum titulo da disciplina no HTML. Pode ser quadro carregado por JavaScript, que nao da para ler sem navegador. | ficha: https://3dvf.com/en/studio/ccp-games/"
Gagarin,Islândia,Reykjavik,https://www.gagarin.is/,nao,nao_verificado,,,"Home lida, sem link de carreiras identificavel; nenhum ATS detectado. | ficha: https://3dvf.com/en/studio/gagarin/"
Reykjavík IO,Islândia,Reykjavik,https://www.reykjavikio.com/,nao,nao_verificado,,,"Home lida, sem link de carreiras identificavel; nenhum ATS detectado. | ficha: https://3dvf.com/en/studio/reykjavik-io/"
RVX,Islândia,Reykjavik,https://www.rvx.is/,nao,nao_encontrada,,,"Pagina de carreiras lida (https://www.rvx.is/jobs/): nenhum titulo da disciplina no HTML. Pode ser quadro carregado por JavaScript, que nao da para ler sem navegador. | ficha: https://3dvf.com/en/studio/rvx/"
Solfar Studios,Islândia,Reykjavik,https://www.solfar.com/,nao,nao_verificado,,,"Home lida, sem link de carreiras identificavel; nenhum ATS detectado. | ficha: https://3dvf.com/en/studio/solfar-studios/"
Split VFX,Islândia,Reykjavík,https://www.split.is/,nao,nao_verificado,,,"Home lida, sem link de carreiras identificavel; nenhum ATS detectado. | ficha: https://3dvf.com/en/studio/split-vfx/"
Uchi VFX,Itália,Milan,https://www.uchivfx.com/,nao,nao_encontrada,,,"Pagina de carreiras lida (https://www.uchivfx.com/join-us): nenhum titulo da disciplina no HTML. Pode ser quadro carregado por JavaScript, que nao da para ler sem navegador. | ficha: https://3dvf.com/en/studio/uchi-vfx/"
La Fabrique d’images,Luxemburgo,Luxembourg,https://www.fabrique-d-images.com/,sim,nao_verificado,,,Ja conhecido pela campanha (dominio): Fabrique d'Images. Nao revarrido nesta rodada. | ficha: https://3dvf.com/en/studio/la-fabrique-dimages/
Studio 352,Luxemburgo,Contern,https://www.melusineproductions.com/aboutus,nao,nao_verificado,,,Site nao respondeu ao curl (home inacessivel); board nao pode ser lido sem navegador. | ficha: https://3dvf.com/en/studio/studio-352/
Zeilt Productions,Luxemburgo,Luxembourg,,sim,nao_verificado,,,Ja conhecido pela campanha (nome): ZEILT productions. Nao revarrido nesta rodada. | ficha: https://3dvf.com/en/studio/zeilt-productions/
Animasjonshuset,Noruega,Oslo,https://animasjonshuset.no/,nao,nao_verificado,,,"Home lida, sem link de carreiras identificavel; nenhum ATS detectado. | ficha: https://3dvf.com/en/studio/animasjonshuset/"
Animaskin,Noruega,Oslo,https://www.animaskin.no/,nao,nao_verificado,,,Site nao respondeu ao curl (home inacessivel); board nao pode ser lido sem navegador. | ficha: https://3dvf.com/en/studio/animaskin/
Clockwork,Noruega,Oslo,https://www.clockwork.no/,nao,nao_verificado,,,"Home lida, sem link de carreiras identificavel; nenhum ATS detectado. | ficha: https://3dvf.com/en/studio/clockwork/"
Expanse,Noruega,Oslo,https://www.expanse.no/,nao,nao_verificado,,,"Home lida, sem link de carreiras identificavel; nenhum ATS detectado. | ficha: https://3dvf.com/en/studio/expanse/"
Firegrader,Noruega,Lørenskog,https://www.firegrader.com/,nao,nao_verificado,,,"Home lida, sem link de carreiras identificavel; nenhum ATS detectado. | ficha: https://3dvf.com/en/studio/firegrader/"
Funcom,Noruega,Oslo,https://www.funcom.com/,sim,nao_verificado,,,Ja conhecido pela campanha (dominio): Funcom. Nao revarrido nesta rodada. | ficha: https://3dvf.com/en/studio/funcom/
Gimpville,Noruega,Oslo,https://gimpville.no/,sim,nao_verificado,,,Ja conhecido pela campanha (dominio): Gimpville. Nao revarrido nesta rodada. | ficha: https://3dvf.com/en/studio/gimpville/
Helmet,Noruega,Trondheim,https://www.helmet.no/,nao,nao_verificado,,,"Home lida, sem link de carreiras identificavel; nenhum ATS detectado. | ficha: https://3dvf.com/en/studio/helmet/"
Helping Hand,Noruega,Oslo,https://www.helpinghand.as/,nao,nao_verificado,,,"Home lida, sem link de carreiras identificavel; nenhum ATS detectado. | ficha: https://3dvf.com/en/studio/helping-hand/"
Qvisten,Noruega,Oslo,https://www.qvistenanimation.no/,sim,nao_verificado,,,Ja conhecido pela campanha (nome): Qvisten Animation. Nao revarrido nesta rodada. | ficha: https://3dvf.com/en/studio/qvisten/
Rendering.no,Noruega,Sandnes,https://rendering.no/,nao,nao_encontrada,,,"Pagina de carreiras lida (https://rendering.no/careers/): nenhum titulo da disciplina no HTML. Pode ser quadro carregado por JavaScript, que nao da para ler sem navegador. | ficha: https://3dvf.com/en/studio/rendering-no/"
Shortcut,Noruega,Oslo,https://shortcutoslo.no/,nao,nao_verificado,,,"Home lida, sem link de carreiras identificavel; nenhum ATS detectado. | ficha: https://3dvf.com/en/studio/shortcut/"
Snowcastle Games,Noruega,Oslo,https://www.snowcastlegames.com/,nao,nao_encontrada,,,"Pagina de carreiras lida (https://www.snowcastlegames.com/jobsmain): nenhum titulo da disciplina no HTML. Pode ser quadro carregado por JavaScript, que nao da para ler sem navegador. | ficha: https://3dvf.com/en/studio/snowcastle-games/"
Stardust Effects,Noruega,Oslo,https://www.stardusteffects.no/,sim,nao_verificado,,,Ja conhecido pela campanha (dominio): Stardust Effects. Nao revarrido nesta rodada. | ficha: https://3dvf.com/en/studio/stardust-effects/
Steamheads,Noruega,Oslo,https://www.steamheads.no/,nao,nao_verificado,,,"Home lida, sem link de carreiras identificavel; nenhum ATS detectado. | ficha: https://3dvf.com/en/studio/steamheads/"
Storm Studios,Noruega,Oslo,https://www.stormstudios.no/,sim,nao_verificado,,,Ja conhecido pela campanha (dominio): Storm Studios. Nao revarrido nesta rodada. | ficha: https://3dvf.com/en/studio/storm-studios/
Studio Boi,Noruega,Bergen,https://studioboi.no/,nao,nao_verificado,,,"Home lida, sem link de carreiras identificavel; nenhum ATS detectado. | ficha: https://3dvf.com/en/studio/studio-boi/"
Sunstone Film &#038; Animasjon,Noruega,Bergen Sunstone Film & Animasjon,https://www.sunstonefilm.no/,nao,nao_verificado,,,"Home lida, sem link de carreiras identificavel; nenhum ATS detectado. | ficha: https://3dvf.com/en/studio/sunstone-film-animasjon/"
Trollcake Studios,Noruega,Oslo,https://www.trollcake.com/,nao,nao_verificado,,,Site nao respondeu ao curl (home inacessivel); board nao pode ser lido sem navegador. | ficha: https://3dvf.com/en/studio/trollcake-studios/
VARG Studios,Noruega,Oslo,https://www.vargstudios.com/,nao,nao_verificado,,,Site nao respondeu ao curl (home inacessivel); board nao pode ser lido sem navegador. | ficha: https://3dvf.com/en/studio/varg-studios/
Blockhead VFX,Nova Zelândia / Austrália,Auckland Sydney,https://www.blockheadvfx.com/,nao,nao_encontrada,,,"Pagina de carreiras lida (https://www.blockheadvfx.com/join-us/): nenhum titulo da disciplina no HTML. Pode ser quadro carregado por JavaScript, que nao da para ler sem navegador. | ficha: https://3dvf.com/en/studio/blockhead-vfx/"
CAUSE and FX,Nova Zelândia,Auckland,http://www.causeandfx.nz/,nao,nao_verificado,,,"Home lida, sem link de carreiras identificavel; nenhum ATS detectado. | ficha: https://3dvf.com/en/studio/causefx/"
Cirkus,Nova Zelândia,Auckland,https://www.cirkus.nz/,sim,nao_verificado,,,Ja conhecido pela campanha (dominio): Cirkus. Nao revarrido nesta rodada. | ficha: https://3dvf.com/en/studio/cirkus/
Eleven FX,Nova Zelândia,Auckland,https://www.elevenfx.com/,nao,nao_encontrada,,,"Pagina de carreiras lida (https://www.elevenfx.com/careers): nenhum titulo da disciplina no HTML. Pode ser quadro carregado por JavaScript, que nao da para ler sem navegador. | ficha: https://3dvf.com/en/studio/eleven-fx/"
Floating Rock,Nova Zelândia,Wellington,https://www.floating-rock.com/,sim,nao_verificado,,,Ja conhecido pela campanha (dominio): Floating Rock. Nao revarrido nesta rodada. | ficha: https://3dvf.com/en/studio/floating-rock/
Flux Animation Studio,Nova Zelândia,Auckland,https://www.fluxmedia.co.nz/,sim,nao_verificado,,,Ja conhecido pela campanha (dominio): Flux Animation Studio. Nao revarrido nesta rodada. | ficha: https://3dvf.com/en/studio/flux-animation-studio/
Huhu Studios,Nova Zelândia,Snells Beach,https://huhustudios.com/,nao,nao_verificado,,,"Home lida, sem link de carreiras identificavel; nenhum ATS detectado. | ficha: https://3dvf.com/en/studio/huhu-studios/"
Images &#038; Sound,Nova Zelândia,Auckland Images & Sound,https://www.imagesandsound.co.nz/,nao,nao_verificado,,,"Home lida, sem link de carreiras identificavel; nenhum ATS detectado. | ficha: https://3dvf.com/en/studio/images-sound/"
Nyuk Nyuk Studios,Nova Zelândia,Wellington,https://www.nyuknyuk.com/,nao,nao_verificado,,,"Home lida, sem link de carreiras identificavel; nenhum ATS detectado. | ficha: https://3dvf.com/en/studio/nyuk-nyuk-studios/"
Park Road Post Production,Nova Zelândia,Wellington,https://www.parkroad.co.nz/,nao,nao_verificado,,,"Home lida, sem link de carreiras identificavel; nenhum ATS detectado. | ficha: https://3dvf.com/en/studio/park-road-post-production/"
Toybox,Nova Zelândia,Auckland,https://www.toybox.co.nz/,nao,nao_verificado,,,"Home lida, sem link de carreiras identificavel; nenhum ATS detectado. | ficha: https://3dvf.com/en/studio/toybox/"
Wētā FX,Nova Zelândia / Austrália / Canadá,Vancouver Melbourne Wellington,https://www.wetafx.co.nz/,sim,nao_verificado,,,"Ja conhecido pela campanha (dominio): Weta FX (Tim Forbes, Creatures Supervisor). Nao revarrido nesta rodada. | ficha: https://3dvf.com/en/studio/weta-fx/"
Yukfoo Animation,Nova Zelândia,Auckland,https://www.yukfoo.net/,sim,nao_verificado,,,Ja conhecido pela campanha (dominio): Yukfoo Animation. Nao revarrido nesta rodada. | ficha: https://3dvf.com/en/studio/yukfoo-animation/
3DE,Polônia,Warsaw,https://www.3de.com.pl/,nao,nao_verificado,,,Site nao respondeu ao curl (home inacessivel); board nao pode ser lido sem navegador. | ficha: https://3dvf.com/en/studio/3de/
Alien Vision,Polônia,Varsovie,https://alien.vision/,nao,nao_verificado,,,"Home lida, sem link de carreiras identificavel; nenhum ATS detectado. | ficha: https://3dvf.com/en/studio/alien-vision/"
Badi Badi,Polônia,Warsaw,https://badibadi.com/,sim,nao_verificado,,,Ja conhecido pela campanha (dominio): Badi Badi. Nao revarrido nesta rodada. | ficha: https://3dvf.com/en/studio/badi-badi/
Bloober Team,Polônia,Kraków,https://www.blooberteam.com/,nao,nao_encontrada,,,ATS detectado (recruitee) e consultado por API: nenhuma vaga da disciplina no retorno. | ficha: https://3dvf.com/en/studio/bloober-team/
Boombit,Polônia,Gdańsk,https://boombit.com/,sim,nao_verificado,,,Ja conhecido pela campanha (dominio): BoomBit. Nao revarrido nesta rodada. | ficha: https://3dvf.com/en/studio/boombit/
CD Projekt Red,Polônia,Warsaw,https://en.cdprojektred.com/,sim,nao_verificado,,,Ja conhecido pela campanha (nome): CD PROJEKT RED (The Witcher 4). Nao revarrido nesta rodada. | ficha: https://3dvf.com/en/studio/cd-projekt-red/
CG Folks,Polônia,Warsaw,https://cgfolks.com/,nao,nao_verificado,,,"Home lida, sem link de carreiras identificavel; nenhum ATS detectado. | ficha: https://3dvf.com/en/studio/cg-folks/"
Chimney,Polônia,Warsaw,https://www.chimneygroup.com/,nao,nao_verificado,,,"Home lida, sem link de carreiras identificavel; nenhum ATS detectado. | ficha: https://3dvf.com/en/studio/chimney/"
CI Games,Polônia,Warsaw,https://cigames.com/,sim,nao_verificado,,,Ja conhecido pela campanha (dominio): CI Games. Nao revarrido nesta rodada. | ficha: https://3dvf.com/en/studio/ci-games/
Donkey Crew,Polônia,Wroclaw,https://www.donkey.team/,sim,nao_verificado,,,Ja conhecido pela campanha (dominio): Donkey Crew. Nao revarrido nesta rodada. | ficha: https://3dvf.com/en/studio/donkey-crew/
eNStudios,Polônia,Poznań,https://en.enstudios.pl/,nao,nao_verificado,,,Site nao respondeu ao curl (home inacessivel); board nao pode ser lido sem navegador. | ficha: https://3dvf.com/en/studio/enstudios/
Grupa Smacznego / GS Animation,Polônia,Gdańsk,https://www.g-s.pl/,nao,nao_verificado,,,"Home lida, sem link de carreiras identificavel; nenhum ATS detectado. | ficha: https://3dvf.com/en/studio/grupa-smacznego-gs-animation/"
People Can Fly,Polônia,Warsaw,https://peoplecanfly.com/,sim,nao_verificado,,,Ja conhecido pela campanha (dominio): People Can Fly. Nao revarrido nesta rodada. | ficha: https://3dvf.com/en/studio/people-can-fly/
Platige Image,Polônia,Varsaw,https://www.platige.com/,sim,nao_verificado,,,"Ja conhecido pela campanha (dominio): Platige Image (Bartek Kujbida, Head of Platige Montréal). Nao revarrido nesta rodada. | ficha: https://3dvf.com/en/studio/platige/"
Smile,Polônia,Warsaw,https://smile-studios.com/,nao,nao_encontrada,,,"Pagina de carreiras lida (https://smile-studios.com/jobs/): nenhum titulo da disciplina no HTML. Pode ser quadro carregado por JavaScript, que nao da para ler sem navegador. | ficha: https://3dvf.com/en/studio/smile/"
Techland,Polônia,Wrocław,https://techland.net/,sim,nao_verificado,,,Ja conhecido pela campanha (dominio): Techland. Nao revarrido nesta rodada. | ficha: https://3dvf.com/en/studio/techland/
Televisor,Polônia,Warsaw,https://televisor.pl/,nao,nao_encontrada,,,"Pagina de carreiras lida (https://televisor.studio/career/): nenhum titulo da disciplina no HTML. Pode ser quadro carregado por JavaScript, que nao da para ler sem navegador. | ficha: https://3dvf.com/en/studio/televisor/"
22cans,Reino Unido,Guildford,https://22cans.com/,sim,nao_verificado,,,Ja conhecido pela campanha (dominio): 22cans. Nao revarrido nesta rodada. | ficha: https://3dvf.com/en/studio/22cans/
A Productions,Reino Unido,Bristol,https://aproductions.co.uk/,nao,nao_encontrada,,,"Pagina de carreiras lida (https://aproductions.co.uk/careers/): nenhum titulo da disciplina no HTML. Pode ser quadro carregado por JavaScript, que nao da para ler sem navegador. | ficha: https://3dvf.com/en/studio/a-productions/"
Aardman Animations,Reino Unido,Bristol Bristol,https://www.aardman.com,nao,nao_encontrada,,,"Pagina de carreiras lida (https://www.aardman.com/careers/): nenhum titulo da disciplina no HTML. Pode ser quadro carregado por JavaScript, que nao da para ler sem navegador. | ficha: https://3dvf.com/en/studio/aardman-animations/"
Angels &#038; Demons,Reino Unido,Londres Angels & Demons,https://angelsdemons.co.uk/,nao,nao_verificado,,,Site nao respondeu ao curl (home inacessivel); board nao pode ser lido sem navegador. | ficha: https://3dvf.com/en/studio/angels-demons/
Atomhawk Design,Reino Unido / Canadá,Leamington Spa Gateshead Vancouver,https://atomhawk.com/,nao,nao_encontrada,,,"Pagina de carreiras lida (https://atomhawk.com/careers/): nenhum titulo da disciplina no HTML. Pode ser quadro carregado por JavaScript, que nao da para ler sem navegador. | ficha: https://3dvf.com/en/studio/atomhawk-design/"
Avalanche Studios,Reino Unido / Suécia,Liverpool Stockholm Malmö,https://avalanchestudios.com/,nao,nao_encontrada,,,"Pagina de carreiras lida (https://avalanchestudios.com/careers): nenhum titulo da disciplina no HTML. Pode ser quadro carregado por JavaScript, que nao da para ler sem navegador. | ficha: https://3dvf.com/en/studio/avalanche-studios/"
Basilic Fly Studio,Reino Unido / Canadá,Pune Londres Chennai Vancouver,https://www.basilicflystudio.com/,nao,nao_encontrada,,,"Pagina de carreiras lida (https://basilicflystudio.com/careers): nenhum titulo da disciplina no HTML. Pode ser quadro carregado por JavaScript, que nao da para ler sem navegador. | ficha: https://3dvf.com/en/studio/basilic-fly-studio/"
Blinkink,Reino Unido,Londres,https://blinkink.co.uk/,sim,nao_verificado,,,"Ja conhecido pela campanha (dominio): Blinkink (Josef Byrne, EP e fundador). Nao revarrido nesta rodada. | ficha: https://3dvf.com/en/studio/blinkink/"
Bolder,Reino Unido,Brighton,https://boldercreative.co.uk/,nao,nao_verificado,,,"Home lida, sem link de carreiras identificavel; nenhum ATS detectado. | ficha: https://3dvf.com/en/studio/bolder/"
BossAlien,Reino Unido,Brighton,https://www.bossalien.com/,sim,nao_verificado,,,Ja conhecido pela campanha (dominio): BossAlien. Nao revarrido nesta rodada. | ficha: https://3dvf.com/en/studio/bossalien/
Box Studio,Reino Unido,Brighton,https://www.thisisthebox.co.uk/,nao,nao_verificado,,,Site nao respondeu ao curl (home inacessivel); board nao pode ser lido sem navegador. | ficha: https://3dvf.com/en/studio/box-studio/
Climax Games,Reino Unido,Portsmouth,https://www.climaxstudios.com,nao,nao_encontrada,,,"Pagina de carreiras lida (https://www.climaxstudios.com/join-our-team/jobs/): nenhum titulo da disciplina no HTML. Pode ser quadro carregado por JavaScript, que nao da para ler sem navegador. | ficha: https://3dvf.com/en/studio/climax-games/"
Cloth Cat Animation,Reino Unido,Cardiff,https://www.clothcatanimation.com/,sim,nao_verificado,,,Ja conhecido pela campanha (nome): Cloth Cat Animation. Nao revarrido nesta rodada. | ficha: https://3dvf.com/en/studio/cloth-cat-animation/
Coatsink,Reino Unido,Sunderland,https://coatsink.com/,sim,nao_verificado,,,Ja conhecido pela campanha (dominio): Coatsink. Nao revarrido nesta rodada. | ficha: https://3dvf.com/en/studio/coatsink/
Codemasters,Reino Unido,Southam Warwickshire,https://www.codemasters.com/,nao,nao_encontrada,,,"Pagina de carreiras lida (https://www.codemasters.com/en-us/ea-studios/codemasters/careers): nenhum titulo da disciplina no HTML. Pode ser quadro carregado por JavaScript, que nao da para ler sem navegador. | ficha: https://3dvf.com/en/studio/codemasters/"
Cognitive,Reino Unido,Folkestone,https://www.wearecognitive.com,nao,nao_verificado,,,"Home lida, sem link de carreiras identificavel; nenhum ATS detectado. | ficha: https://3dvf.com/en/studio/cognitive/"
Dambuster Studios,Reino Unido,Nottingham,https://www.dsdambuster.com/,sim,nao_verificado,,,Ja conhecido pela campanha (nome): Dambuster Studios. Nao revarrido nesta rodada. | ficha: https://3dvf.com/en/studio/dambuster-studios/
Dimension,Reino Unido,London,https://www.dimensionstudio.co/,nao,nao_encontrada,,,ATS detectado (bamboohr) e consultado por API: nenhuma vaga da disciplina no retorno. | ficha: https://3dvf.com/en/studio/dimension/
Dovetail Games,Reino Unido,Chatham,https://dovetailgames.com/,sim,nao_verificado,,,Ja conhecido pela campanha (dominio): Dovetail Games. Nao revarrido nesta rodada. | ficha: https://3dvf.com/en/studio/dovetail-games/
Electric Theatre Collective,Reino Unido,Londres,https://electrictheatre.tv,sim,nao_verificado,,,Ja conhecido pela campanha (nome): Electric Theatre Collective. Nao revarrido nesta rodada. | ficha: https://3dvf.com/en/studio/electric-theatre-collective/
Exient,Reino Unido,Leamington Spa,https://www.exient.com,nao,nao_verificado,,,"Home lida, sem link de carreiras identificavel; nenhum ATS detectado. | ficha: https://3dvf.com/en/studio/exient/"
Fen Research,Reino Unido,Cambridge,https://www.fenresearch.com/,nao,nao_verificado,,,"Home lida, sem link de carreiras identificavel; nenhum ATS detectado. | ficha: https://3dvf.com/en/studio/fen-research/"
Fettle Animation,Reino Unido,Huddersfield,https://fettleanimation.com/,nao,nao_verificado,,,Site nao respondeu ao curl (home inacessivel); board nao pode ser lido sem navegador. | ficha: https://3dvf.com/en/studio/fettle-animation/
Figment,Reino Unido,Guildford,,nao,nao_verificado,,,Sem site publicado na ficha 3DVF. | ficha: https://3dvf.com/en/studio/figment/
Fireproof Games,Reino Unido,Guildford,https://www.fireproofgames.com/,sim,nao_verificado,,,Ja conhecido pela campanha (dominio): Fireproof Games. Nao revarrido nesta rodada. | ficha: https://3dvf.com/en/studio/fireproof-games/
Firesprite,Reino Unido,Liverpool,https://www.firesprite.com/,nao,nao_encontrada,,,"Pagina de carreiras lida (https://www.firesprite.com/careers): nenhum titulo da disciplina no HTML. Pode ser quadro carregado por JavaScript, que nao da para ler sem navegador. | ficha: https://3dvf.com/en/studio/firesprite/"
Flix Interactive,Reino Unido,Bromsgrove,https://www.flixinteractive.com/,sim,nao_verificado,,,Ja conhecido pela campanha (dominio): Flix Interactive. Nao revarrido nesta rodada. | ficha: https://3dvf.com/en/studio/flix-interactive/
Fortitude Games,Reino Unido,Guildford,https://www.fortitudegames.co.uk/,nao,nao_verificado,,,Site nao respondeu ao curl (home inacessivel); board nao pode ser lido sem navegador. | ficha: https://3dvf.com/en/studio/fortitude-games/
Freefolk,Reino Unido,London,https://www.freefolk.com/,sim,nao_verificado,,,Ja conhecido pela campanha (dominio): Freefolk. Nao revarrido nesta rodada. | ficha: https://3dvf.com/en/studio/freefolk/
Frontier,Reino Unido,Cambridge,https://www.frontier.co.uk/,nao,nao_encontrada,,,"Pagina de carreiras lida (https://www.frontier.co.uk/careers): nenhum titulo da disciplina no HTML. Pode ser quadro carregado por JavaScript, que nao da para ler sem navegador. | ficha: https://3dvf.com/en/studio/frontier/"
Full Fat,Reino Unido,Warwick,https://www.fullfat.com/,nao,nao_verificado,,,Site nao respondeu ao curl (home inacessivel); board nao pode ser lido sem navegador. | ficha: https://3dvf.com/en/studio/full-fat/
Funko Animation Studios,Reino Unido,Bath,https://funkoanimationstudios.tv/,nao,nao_encontrada,,,"Pagina de carreiras lida (https://funkoanimationstudios.tv/jobs): nenhum titulo da disciplina no HTML. Pode ser quadro carregado por JavaScript, que nao da para ler sem navegador. | ficha: https://3dvf.com/en/studio/funko-animation-studios/"
FuturLab,Reino Unido,Hove,https://futurlab.co.uk/,nao,nao_encontrada,,,"Pagina de carreiras lida (https://futurlab.co.uk/careers): nenhum titulo da disciplina no HTML. Pode ser quadro carregado por JavaScript, que nao da para ler sem navegador. | ficha: https://3dvf.com/en/studio/futurlab/"
Gutsy Animations,Reino Unido / Finlândia,Bristol Helsinki,https://www.gutsy.fi/,nao,nao_verificado,,,"Home lida, sem link de carreiras identificavel; nenhum ATS detectado. | ficha: https://3dvf.com/en/studio/gutsy-animations/"
Hangar 13,Reino Unido,Brighton,https://hangar13games.com,nao,nao_encontrada,,,"Pagina de carreiras lida (https://hangar13games.com/careers/): nenhum titulo da disciplina no HTML. Pode ser quadro carregado por JavaScript, que nao da para ler sem navegador. | ficha: https://3dvf.com/en/studio/hangar-13/"
Hello Games,Reino Unido,Guildford,,nao,nao_verificado,,,Sem site publicado na ficha 3DVF. | ficha: https://3dvf.com/en/studio/hello-games/
Humain,Reino Unido,Belfast,https://humain-studios.com/,nao,nao_encontrada,,,"Pagina de carreiras lida (https://humain-studios.com/careers): nenhum titulo da disciplina no HTML. Pode ser quadro carregado por JavaScript, que nao da para ler sem navegador. | ficha: https://3dvf.com/en/studio/humain/"
IMG Studios,Reino Unido,London,,nao,nao_verificado,,,Sem site publicado na ficha 3DVF. | ficha: https://3dvf.com/en/studio/img-studios/
Infocandy Animations,Reino Unido,Bristol,https://infocandy.co.uk/,nao,nao_verificado,,,"Home lida, sem link de carreiras identificavel; nenhum ATS detectado. | ficha: https://3dvf.com/en/studio/infocandy-animations/"
iSiteTV,Reino Unido,Colchester,https://isite.solutions/,nao,nao_encontrada,,,"Pagina de carreiras lida (https://isite.solutions/careers): nenhum titulo da disciplina no HTML. Pode ser quadro carregado por JavaScript, que nao da para ler sem navegador. | ficha: https://3dvf.com/en/studio/isitetv/"
IXOR Visual Effects Studios,Reino Unido,London,https://www.ixorvfx.com/,sim,nao_verificado,,,Ja conhecido pela campanha (dominio): IXOR. Nao revarrido nesta rodada. | ficha: https://3dvf.com/en/studio/ixor-visual-effects-studios/
Jagex,Reino Unido,Cambridge,https://www.jagex.com,sim,nao_verificado,,,Ja conhecido pela campanha (dominio): Jagex. Nao revarrido nesta rodada. | ficha: https://3dvf.com/en/studio/jagex/
Keyframe Studios,Reino Unido,London,https://www.keyframestudios.co.uk,nao,nao_verificado,,,Site nao respondeu ao curl (home inacessivel); board nao pode ser lido sem navegador. | ficha: https://3dvf.com/en/studio/keyframe-studios/
Kuro Animation,Reino Unido,"Gateshead, Tyne & Wear",https://kurodragon.com/,nao,nao_verificado,,,"Home lida, sem link de carreiras identificavel; nenhum ATS detectado. | ficha: https://3dvf.com/en/studio/kuro-dragon/"
Kwalee,Reino Unido,Leamington Spa,https://www.kwalee.com/,nao,nao_encontrada,,,"Pagina de carreiras lida (https://www.kwalee.com/careers): nenhum titulo da disciplina no HTML. Pode ser quadro carregado por JavaScript, que nao da para ler sem navegador. | ficha: https://3dvf.com/en/studio/kwalee/"
LIGHT,Reino Unido / França,Londres Royan Paris,https://lightvfx.com/,nao,nao_encontrada,,,"Pagina de carreiras lida (https://lightvfx.com/careers): nenhum titulo da disciplina no HTML. Pode ser quadro carregado por JavaScript, que nao da para ler sem navegador. | ficha: https://3dvf.com/en/studio/light/"
Lockwood Publishing (LKWD),Reino Unido,Nottingham,,nao,nao_verificado,,,Sem site publicado na ficha 3DVF. | ficha: https://3dvf.com/en/studio/lockwood-publishing-lkwd/
Lucid,Reino Unido,Liverpool,https://www.lucidgames.co.uk/,nao,nao_encontrada,,,ATS detectado (recruitee) e consultado por API: nenhuma vaga da disciplina no retorno. | ficha: https://3dvf.com/en/studio/lucid/
Lumiere,Reino Unido,Chelmsford,https://lumierestudios.co.uk/,nao,nao_verificado,,,"Home lida, sem link de carreiras identificavel; nenhum ATS detectado. | ficha: https://3dvf.com/en/studio/lumiere/"
Milk VFX,Reino Unido,London,https://www.milk-vfx.com,sim,nao_verificado,,,Ja conhecido pela campanha (dominio): Milk VFX. Nao revarrido nesta rodada. | ficha: https://3dvf.com/en/studio/milk-vfx/
Mobile Pie,Reino Unido,Bristol,https://mobilepie.com,nao,nao_verificado,,,"Home lida, sem link de carreiras identificavel; nenhum ATS detectado. | ficha: https://3dvf.com/en/studio/mobile-pie/"
Moonraker VFX,Reino Unido,Bristol,https://moonrakervfx.com/,sim,nao_verificado,,,"Ja conhecido pela campanha (dominio): Moonraker VFX (Scott Metcalfe, Executive Producer). Nao revarrido nesta rodada. | ficha: https://3dvf.com/en/studio/moonraker-vfx/"
NaturalMotion,Reino Unido,London,https://www.naturalmotion.com,sim,nao_verificado,,,Ja conhecido pela campanha (dominio): NaturalMotion. Nao revarrido nesta rodada. | ficha: https://3dvf.com/en/studio/naturalmotion/
nDreams,Reino Unido,Farnborough,https://www.ndreams.com,sim,nao_verificado,,,"Ja conhecido pela campanha (dominio): nDreams (Careers, formulario de contato). Nao revarrido nesta rodada. | ficha: https://3dvf.com/en/studio/ndreams/"
nineteentwenty,Reino Unido,London,https://www.nineteen-twenty.com/,nao,nao_encontrada,,,ATS detectado (teamtailor) e consultado por API: nenhuma vaga da disciplina no retorno. | ficha: https://3dvf.com/en/studio/nineteentwenty/
Ninja Theory,Reino Unido,Cambridge,https://ninjatheory.com,sim,nao_verificado,,,Ja conhecido pela campanha (dominio): Ninja Theory. Nao revarrido nesta rodada. | ficha: https://3dvf.com/en/studio/ninja-theory/
Oddbod Creations,Reino Unido,Brighton,https://www.oddbodcreations.com/,nao,nao_verificado,,,Site nao respondeu ao curl (home inacessivel); board nao pode ser lido sem navegador. | ficha: https://3dvf.com/en/studio/oddbod-creations/
One of Us,Reino Unido,London,https://www.weacceptyou.com/,sim,nao_verificado,,,"Ja conhecido pela campanha (nome): One Of Us (Modeller, Paris) - A MAO POR TURNSTILE, dossie campo a campo pronto. Nao revarrido nesta rodada. | ficha: https://3dvf.com/en/studio/one-of-us/"
Outpost VFX,Reino Unido,Bournemouth,https://outpost-vfx.com/,sim,nao_verificado,,,Ja conhecido pela campanha (nome): Outpost VFX. Nao revarrido nesta rodada. | ficha: https://3dvf.com/en/studio/outpost-vfx/
Painting Practice,Reino Unido,Cardiff,https://paintingpractice.com/,sim,nao_verificado,,,Ja conhecido pela campanha (dominio): Painting Practice (Cardiff). Nao revarrido nesta rodada. | ficha: https://3dvf.com/en/studio/painting-practice/
PaperSeven,Reino Unido,Hove,,nao,nao_verificado,,,Sem site publicado na ficha 3DVF. | ficha: https://3dvf.com/en/studio/paperseven/
Passion Animation Studios,Reino Unido,Londres,https://www.passion-pictures.com/uk/animation-studios/,sim,nao_verificado,,,Ja conhecido pela campanha (dominio): Passion Pictures. Nao revarrido nesta rodada. | ficha: https://3dvf.com/en/studio/passion-animation-studios/
PenelopeVFX,Reino Unido,Barnsley,https://www.penelopevfx.co.uk/,nao,nao_verificado,,,Site nao respondeu ao curl (home inacessivel); board nao pode ser lido sem navegador. | ficha: https://3dvf.com/en/studio/penelopevfx/
Picturesmith,Reino Unido,London,https://picturesmith.tv/,nao,nao_verificado,,,"Home lida, sem link de carreiras identificavel; nenhum ATS detectado. | ficha: https://3dvf.com/en/studio/picturesmith/"
Pixel Toys,Reino Unido,Leamington Spa,https://pixeltoys.com/,nao,nao_encontrada,,,ATS detectado (bamboohr) e consultado por API: nenhuma vaga da disciplina no retorno. | ficha: https://3dvf.com/en/studio/pixel-toys/
Playground Games,Reino Unido,Leamington Spa,https://www.playground-games.com,sim,nao_verificado,,,Ja conhecido pela campanha (dominio): Playground Games. Nao revarrido nesta rodada. | ficha: https://3dvf.com/en/studio/playground-games/
Rare,Reino Unido,Twycross,https://www.rare.co.uk/,nao,nao_encontrada,,,"Pagina de carreiras lida (https://www.rare.co.uk/careers): nenhum titulo da disciplina no HTML. Pode ser quadro carregado por JavaScript, que nao da para ler sem navegador. | ficha: https://3dvf.com/en/studio/rare/"
Realtime,Reino Unido,Westby,https://www.realtimeuk.com/,sim,nao_verificado,,,"Ja conhecido pela campanha (dominio): REALTIME (Jane Forsyth, Head of Production - Games). Nao revarrido nesta rodada. | ficha: https://3dvf.com/en/studio/realtime/"
Red Star,Reino Unido,Sheffield,http://redstar3d.com/,sim,nao_verificado,,,Ja conhecido pela campanha (dominio): Red Star Studio. Nao revarrido nesta rodada. | ficha: https://3dvf.com/en/studio/red-star/
Rewind,Reino Unido,St. Albans,https://rewind.co/,nao,nao_verificado,,,Site nao respondeu ao curl (home inacessivel); board nao pode ser lido sem navegador. | ficha: https://3dvf.com/en/studio/rewind/
Ripstone,Reino Unido,Liverpool,https://ripstone.com,nao,nao_verificado,,,"Home lida, sem link de carreiras identificavel; nenhum ATS detectado. | ficha: https://3dvf.com/en/studio/ripstone/"
RISE,Reino Unido / Alemanha,Berlin Cologne London Stuttgart Munich,https://www.risefx.com/,nao,nao_encontrada,,,"Pagina de carreiras lida (https://www.risefx.com/rise-visual-effects-studios-jobs.php): nenhum titulo da disciplina no HTML. Pode ser quadro carregado por JavaScript, que nao da para ler sem navegador. | ficha: https://3dvf.com/en/studio/rise/"
RJDM Studios,Reino Unido,Northampton,https://www.rjdm.com/,nao,nao_verificado,,,"Home lida, sem link de carreiras identificavel; nenhum ATS detectado. | ficha: https://3dvf.com/en/studio/rjdm-studios/"
Rumpus Animation,Reino Unido,Bristol,https://rumpusanimation.com/,nao,nao_verificado,,,"Home lida, sem link de carreiras identificavel; nenhum ATS detectado. | ficha: https://3dvf.com/en/studio/rumpus-animation/"
Seed Animation,Reino Unido,London,https://www.seedanimation.com,nao,nao_verificado,,,Site nao respondeu ao curl (home inacessivel); board nao pode ser lido sem navegador. | ficha: https://3dvf.com/en/studio/seed-animation/
SEGA HARDlight,Reino Unido,Leamington Spa,https://www.hardlightstudio.com,sim,nao_verificado,,,Ja conhecido pela campanha (dominio): Hard Light. Nao revarrido nesta rodada. | ficha: https://3dvf.com/en/studio/sega-hardlight/
Squint/Opera,Reino Unido,Londres,https://www.squintopera.com/#home,nao,nao_verificado,,,"Home lida, sem link de carreiras identificavel; nenhum ATS detectado. | ficha: https://3dvf.com/en/studio/squint-opera-tpboujk-londres/"
Studio Giggle,Reino Unido,Bristol,https://www.studiogiggle.co.uk,nao,nao_verificado,,,"Home lida, sem link de carreiras identificavel; nenhum ATS detectado. | ficha: https://3dvf.com/en/studio/studio-giggle/"
Studio Gobo,Reino Unido,Hove,https://www.studiogobo.com/,sim,nao_verificado,,,Ja conhecido pela campanha (dominio): Studio Gobo. Nao revarrido nesta rodada. | ficha: https://3dvf.com/en/studio/studio-gobo/
Suited and Booted Studios,Reino Unido,Bath,https://suitedandbooted.org,nao,nao_verificado,,,"Home lida, sem link de carreiras identificavel; nenhum ATS detectado. | ficha: https://3dvf.com/en/studio/suited-and-booted-studios/"
Sun &#038; Moon studios,Reino Unido,Bristol Sun & Moon studios,https://sunandmoonstudios.co.uk/,sim,nao_verificado,,,Ja conhecido pela campanha (dominio): Sun & Moon Studios. Nao revarrido nesta rodada. | ficha: https://3dvf.com/en/studio/sun-moon-studios/
Super Punk Games,Reino Unido,Nottingham,https://superpunkgames.com/,sim,nao_verificado,,,Ja conhecido pela campanha (dominio): Super Punk Games. Nao revarrido nesta rodada. | ficha: https://3dvf.com/en/studio/super-punk-games/
Super Spline Studios,Reino Unido,Leamington Spa,https://supersplinestudios.com/,nao,nao_encontrada,,,"Pagina de carreiras lida (https://supersplinestudios.com/jobs/): nenhum titulo da disciplina no HTML. Pode ser quadro carregado por JavaScript, que nao da para ler sem navegador. | ficha: https://3dvf.com/en/studio/super-spline-studios/"
Tag Collective Arts,Reino Unido,London,https://www.tagww.com/,nao,nao_verificado,,,"Home lida, sem link de carreiras identificavel; nenhum ATS detectado. | ficha: https://3dvf.com/en/studio/tag-collective-arts/"
Team17,Reino Unido,Wakefield,,sim,nao_verificado,,,Ja conhecido pela campanha (nome): Team17. Nao revarrido nesta rodada. | ficha: https://3dvf.com/en/studio/team17/
The Senate Visual Effects,Reino Unido,Twickenham,https://www.senatevfx.com,nao,nao_verificado,,,Site nao respondeu ao curl (home inacessivel); board nao pode ser lido sem navegador. | ficha: https://3dvf.com/en/studio/the-senate-visual-effects/
The Yard VFX,Reino Unido / França,LONDON Montpellier,https://theyard-vfx.com/,nao,nao_encontrada,,,ATS detectado (teamtailor) e consultado por API: nenhuma vaga da disciplina no retorno. | ficha: https://3dvf.com/en/studio/the-yard-vfx/
Tiny Talisman Games,Reino Unido,Bath,https://www.tinytalismangames.com/,nao,nao_verificado,,,"Home lida, sem link de carreiras identificavel; nenhum ATS detectado. | ficha: https://3dvf.com/en/studio/tiny-talisman-games/"
TT Fusion,Reino Unido,Wilmslow,https://www.ttgames.com/,sim,nao_verificado,,,Ja conhecido pela campanha (dominio): TT Games. Nao revarrido nesta rodada. | ficha: https://3dvf.com/en/studio/tt-fusion/
TT Games,Reino Unido,Knutsford,https://www.ttgames.com/,sim,nao_verificado,,,Ja conhecido pela campanha (dominio): TT Games. Nao revarrido nesta rodada. | ficha: https://3dvf.com/en/studio/tt-games/
TT Odyssey,Reino Unido,Knutsford TT Games,https://www.ttgames.com/,sim,nao_verificado,,,Ja conhecido pela campanha (dominio): TT Games. Nao revarrido nesta rodada. | ficha: https://3dvf.com/en/studio/tt-games-3/
Unionx VFX,Reino Unido,Londres,https://unionvfx.com,sim,nao_verificado,,,Ja conhecido pela campanha (dominio): Union VFX. Nao revarrido nesta rodada. | ficha: https://3dvf.com/en/studio/unionx-vfx/
Vine FX,Reino Unido,Cambridge,https://vinefx.com/,sim,nao_verificado,,,"Ja conhecido pela campanha (nome): Vine FX (CG Generalist & Compositors, Manchester). Nao revarrido nesta rodada. | ficha: https://3dvf.com/en/studio/vine-fx/"
Well Played Games,Reino Unido,Leamington Spa,https://wellplayed.games,nao,nao_encontrada,,,"Pagina de carreiras lida (https://wellplayed.games/#work-with-us): nenhum titulo da disciplina no HTML. Pode ser quadro carregado por JavaScript, que nao da para ler sem navegador. | ficha: https://3dvf.com/en/studio/well-played-games/"
West Pier Studio,Reino Unido,Brighton,https://www.westpierstudio.com/,nao,nao_encontrada,,,"Pagina de carreiras lida (https://www.westpierstudio.com/careers): nenhum titulo da disciplina no HTML. Pode ser quadro carregado por JavaScript, que nao da para ler sem navegador. | ficha: https://3dvf.com/en/studio/west-pier-studio/"
Whatboy,Reino Unido,Sutton,https://www.whatboy.com/,nao,nao_verificado,,,"Home lida, sem link de carreiras identificavel; nenhum ATS detectado. | ficha: https://3dvf.com/en/studio/whatboy/"
White Paper Games,Reino Unido,Manchester,https://www.whitepapergames.com/,nao,nao_verificado,,,"Home lida, sem link de carreiras identificavel; nenhum ATS detectado. | ficha: https://3dvf.com/en/studio/white-paper-games/"
Wildseed Studios,Reino Unido,Bristol,https://wildseedstudios.com,sim,nao_verificado,,,Ja conhecido pela campanha (dominio): Wildseed Studios. Nao revarrido nesta rodada. | ficha: https://3dvf.com/en/studio/wildseed-studios/
Zoo VFX,Reino Unido,Londres,https://zoovfx.com/,nao,nao_verificado,,,Site nao respondeu ao curl (home inacessivel); board nao pode ser lido sem navegador. | ficha: https://3dvf.com/en/studio/zoo-vfx/
StaticVFX,Romênia,Bucharest,,nao,nao_verificado,,,Sem site publicado na ficha 3DVF. | ficha: https://3dvf.com/en/studio/staticvfx/
Omens Studios,Singapura,Singapore,https://www.omens-studios.com/,sim,nao_verificado,,,Ja conhecido pela campanha (dominio): Omens Studios. Nao revarrido nesta rodada. | ficha: https://3dvf.com/en/studio/omens-studios/
Arrowhead Game Studios,Suécia,Stockholm,https://www.arrowheadgamestudios.com/,sim,nao_verificado,,,Ja conhecido pela campanha (nome): Arrowhead Game Studios. Nao revarrido nesta rodada. | ficha: https://3dvf.com/en/studio/arrowhead-game-studios/
Coffee Stain Studios,Suécia,Skövde,https://www.coffeestainstudios.com/,nao,nao_encontrada,,,ATS detectado (teamtailor) e consultado por API: nenhuma vaga da disciplina no retorno. | ficha: https://3dvf.com/en/studio/coffee-stain-studios/
Divine Robot,Suécia,Malmö,https://www.divinerobot.com/en/,nao,nao_encontrada,,,"Pagina de carreiras lida (https://divinerobot.com/career/): nenhum titulo da disciplina no HTML. Pode ser quadro carregado por JavaScript, que nao da para ler sem navegador. | ficha: https://3dvf.com/en/studio/divine-robot/"
EA &#8211; Dice,Suécia,Stockholm EA - Dice,https://www.dice.se/,nao,nao_encontrada,,,"Pagina de carreiras lida (https://www.dice.se/careers): nenhum titulo da disciplina no HTML. Pode ser quadro carregado por JavaScript, que nao da para ler sem navegador. | ficha: https://3dvf.com/en/studio/dice/"
ELK Studios,Suécia,Stockholm,https://www.elk-studios.com/,nao,nao_encontrada,,,"Pagina de carreiras lida (https://www.elk-studios.com/career/): nenhum titulo da disciplina no HTML. Pode ser quadro carregado por JavaScript, que nao da para ler sem navegador. | ficha: https://3dvf.com/en/studio/elk-studios/"
Fable Fx,Suécia,Stockholm,https://www.fablefx.com/,nao,nao_encontrada,,,"Pagina de carreiras lida (https://www.fablefx.com/careers): nenhum titulo da disciplina no HTML. Pode ser quadro carregado por JavaScript, que nao da para ler sem navegador. | ficha: https://3dvf.com/en/studio/fable-fx/"
Fall Damage Studio,Suécia,Stockholm,https://www.falldamagestudio.com/,nao,nao_verificado,,,Site nao respondeu ao curl (home inacessivel); board nao pode ser lido sem navegador. | ficha: https://3dvf.com/en/studio/fall-damage-studio/
Fatshark Studios,Suécia,Stockholm,https://www.fatshark.se/,sim,nao_verificado,,,"Ja conhecido pela campanha (nome): Fatshark (Character Artist, titulo novo nao anunciado). Nao revarrido nesta rodada. | ficha: https://3dvf.com/en/studio/fatshark-studios/"
Filmic Art,Suécia,Stockholm,https://www.filmicart.com/en/,sim,nao_verificado,,,Ja conhecido pela campanha (nome): Filmic Art. Nao revarrido nesta rodada. | ficha: https://3dvf.com/en/studio/filmic-art/
Frictional Games,Suécia,Malmö,https://frictionalgames.com/,nao,nao_encontrada,,,"Pagina de carreiras lida (https://frictionalgames.com/careers-faq/): nenhum titulo da disciplina no HTML. Pode ser quadro carregado por JavaScript, que nao da para ler sem navegador. | ficha: https://3dvf.com/en/studio/frictional-games/"
Goodbye Kansas Studios,Suécia,Stockholm,https://goodbyekansasstudios.com/,sim,nao_verificado,,,Ja conhecido pela campanha (nome): Goodbye Kansas Studios. Nao revarrido nesta rodada. | ficha: https://3dvf.com/en/studio/goodbye-kansas-studios/
Haymaker FX,Suécia,Gothenburg,https://www.haymakerfx.com/,nao,nao_encontrada,,,"Pagina de carreiras lida (https://www.haymakerfx.com/careers/): nenhum titulo da disciplina no HTML. Pode ser quadro carregado por JavaScript, que nao da para ler sem navegador. | ficha: https://3dvf.com/en/studio/haymaker-fx/"
Hazelight Studios,Suécia,Stockholm,https://www.hazelight.se/,nao,nao_encontrada,,,"Pagina de carreiras lida (https://www.hazelight.se/careers): nenhum titulo da disciplina no HTML. Pode ser quadro carregado por JavaScript, que nao da para ler sem navegador. | ficha: https://3dvf.com/en/studio/hazelight-studios/"
Important Looking Pirates,Suécia,Stockholm,https://ilpvfx.com/,sim,nao_verificado,,,Ja conhecido pela campanha (dominio): Important Looking Pirates. Nao revarrido nesta rodada. | ficha: https://3dvf.com/en/studio/ilpvfx/
King,Suécia,Stockholm,https://careers.king.com/,nao,nao_encontrada,,,"Pagina de carreiras lida (https://cdn.phenompeople.com/CareerConnectResources/ACMKDSUS/en_us/desktop/assets/images/favicon.ico?v=1715775894125): nenhum titulo da disciplina no HTML. Pode ser quadro carregado por JavaScript, que nao da para ler sem navegador. | ficha: https://3dvf.com/en/studio/king/"
Machinegames,Suécia,Uppsala,https://www.machinegames.com/,nao,nao_verificado,,,"Home lida, sem link de carreiras identificavel; nenhum ATS detectado. | ficha: https://3dvf.com/en/studio/machinegames/"
Milford Film &#038; Animation,Suécia,Stockholm Milford Film & Animation,https://www.milford.se/,sim,nao_verificado,,,"Ja conhecido pela campanha (dominio): Milford Animation Studio (Demian Zarins, Managing Director). Nao revarrido nesta rodada. | ficha: https://3dvf.com/en/studio/milford-film-animation/"
Paradox Interactive,Suécia,Stockholm,https://www.paradoxplaza.com/,sim,nao_verificado,,,"Ja conhecido pela campanha (nome): Paradox Interactive (Connect, departamento Art). Nao revarrido nesta rodada. | ficha: https://3dvf.com/en/studio/paradox-interactive/"
Resolution Games,Suécia,Stockholm,https://www.resolutiongames.com/,sim,nao_verificado,,,"Ja conhecido pela campanha (nome): Resolution Games (Connect, banco de talentos). Nao revarrido nesta rodada. | ficha: https://3dvf.com/en/studio/resolution-games/"
Rovio Entertainment,Suécia,Stockholm,https://www.rovio.com/,nao,nao_encontrada,,,"Pagina de carreiras lida (https://www.rovio.com/careers/): nenhum titulo da disciplina no HTML. Pode ser quadro carregado por JavaScript, que nao da para ler sem navegador. | ficha: https://3dvf.com/en/studio/rovio-entertainment/"
Sharkmob,Suécia,Malmö,https://www.sharkmob.com/,sim,nao_verificado,,,"Ja conhecido pela campanha (nome): Sharkmob (Connect, banco de talentos). Nao revarrido nesta rodada. | ficha: https://3dvf.com/en/studio/sharkmob/"
Sir Lancelot Animation Studio,Suécia,Malmö,https://sirlancelot.se/,nao,nao_verificado,,,"Home lida, sem link de carreiras identificavel; nenhum ATS detectado. | ficha: https://3dvf.com/en/studio/sir-lancelot-animation-studio/"
Snow Animation Studio,Suécia,Malmö,https://www.snowanimation.com/,nao,nao_verificado,,,"Home lida, sem link de carreiras identificavel; nenhum ATS detectado. | ficha: https://3dvf.com/en/studio/snow-animation-studio/"
Starbreeze Studios,Suécia,Stockholm,https://www.starbreeze.com/,sim,nao_verificado,,,"Ja conhecido pela campanha (dominio): Starbreeze Entertainment (Marina Jonsdottir, Recruiter). Nao revarrido nesta rodada. | ficha: https://3dvf.com/en/studio/starbreeze-studios/"
Station Interactive AB,Suécia,Karlshamn,https://www.station-interactive.com/,nao,nao_verificado,,,Site nao respondeu ao curl (home inacessivel); board nao pode ser lido sem navegador. | ficha: https://3dvf.com/en/studio/station-interactive-ab/
Stunlock Studios,Suécia,Skövde,https://www.stunlock.com/,sim,nao_verificado,,,Ja conhecido pela campanha (nome): Stunlock Studios. Nao revarrido nesta rodada. | ficha: https://3dvf.com/en/studio/stunlock-studios/
Swiss International,Suécia,Stockholm,https://swiss.se/,nao,nao_encontrada,,,"Pagina de carreiras lida (https://swiss.se/career/): nenhum titulo da disciplina no HTML. Pode ser quadro carregado por JavaScript, que nao da para ler sem navegador. | ficha: https://3dvf.com/en/studio/swiss-international/"
Tarsier Studios,Suécia,Malmö,https://tarsier.se/,sim,nao_verificado,,,Ja conhecido pela campanha (nome): Tarsier Studios (Simployer). Nao revarrido nesta rodada. | ficha: https://3dvf.com/en/studio/tarsier-studios/
Ustwo,Suécia,Malmö,https://www.ustwo.com/,nao,nao_encontrada,,,"Pagina de carreiras lida (https://www.ustwo.com/join-us/): nenhum titulo da disciplina no HTML. Pode ser quadro carregado por JavaScript, que nao da para ler sem navegador. | ficha: https://3dvf.com/en/studio/ustwo/"
wec360,Suécia,Örebro,https://www.wec360.com/en/,nao,nao_verificado,,,"Home lida, sem link de carreiras identificavel; nenhum ATS detectado. | ficha: https://3dvf.com/en/studio/wec360/"
