fonte,estudio,pais,cidade,site,ja_na_campanha,tem_vaga_disciplina,url_da_vaga,veto_encontrado,observacao
tinyurl.com/mapOfStudios -> Google My Maps msid 113662601588408460998.00047bb475f51963d7c48,,,,https://tinyurl.com/mapOfStudios,,nao,,FONTE MORTA,"O tinyurl responde 301 para a URL do My Maps classico (www.google.com/maps/ms?msid=113662601588408460998.00047bb475f51963d7c48). O Google converte esse msid antigo para o mid novo 19reUmf7JAbj6w3BHokdlpQ1HcoA e devolve HTTP 404 em TODAS as portas: /maps/d/kml?mid=...&forcekml=1, /maps/d/viewer?mid=..., maps.google.com/maps/ms?...&output=kml e mapsengine.google.com/map/kml. Corpo do 404: ""<title>Error 404 (Not Found)!!1</title> ... The requested URL was not found on this server."" Zero estudios extraidos."
tinyurl.com/Animation-VFX-Game-job-studios -> planilha Google 1eR2oAXOuflr8CZeGoz3JTrsgNj3KuefbdXJOmNtjEVM,Blue Zoo Animation,England,London,,sim,sim,https://careers.blue-zoo.co.uk/vacancies/1310/blender-modeller--experienced.html,,"[viva] planilha: Modeler | data na planilha September 5, 2026. Blender Modeller - Experienced, Londres. Anuncio integral lido (6073 car.). Busca literal por authoriz/eligib/sponsor/work permit/must be based/LMIA/days a week/French/resident/visa/citizen/UK only: NENHUM. So o menu do site cita ""Brexit FAQs"". Modelagem de personagens, props e ambientes."
tinyurl.com/Animation-VFX-Game-job-studios -> planilha Google 1eR2oAXOuflr8CZeGoz3JTrsgNj3KuefbdXJOmNtjEVM,DNEG,England,London,,sim,sim,https://jobs.jobvite.com/double-negative-visual-effects/job/ovLGAfwg,must be eligible to work in the UK without visa sponsorship + local to London + office 3x a week,"[viva] planilha: Modeler | data na planilha August 24, 2026; September 5, 2026. Character Modeller for VFX style Creatures. VETO ESCRITO em destaque no topo do anuncio."
tinyurl.com/Animation-VFX-Game-job-studios -> planilha Google 1eR2oAXOuflr8CZeGoz3JTrsgNj3KuefbdXJOmNtjEVM,IGG Canada,Canada,Vancouver,,sim,sim,https://igg.bamboohr.com/careers/289,Legally eligible to work in Canada - we are unable to sponsor work permits,"[viva] planilha: Character Artist | data na planilha September 5, 2026. 3D Character Artist (Mobile Game), Vancouver, aberta em 05/09/2026, full-time, CAD 60-85k. Lida pela API JSON do BambooHR (/careers/289/detail) porque a pagina e renderizada em JS. VETO ESCRITO."
tinyurl.com/Animation-VFX-Game-job-studios -> planilha Google 1eR2oAXOuflr8CZeGoz3JTrsgNj3KuefbdXJOmNtjEVM,Folks VFX,Canada,Montreal,,nao,sim,https://www.linkedin.com/feed/update/urn:li:activity:7501380289416294400/,,"[viva] planilha: Groom Artist | data na planilha September 5, 2026. Post de LinkedIn de recrutador (Michael Jalbert): Senior Groom Artist, freelance de 3 semanas, inicio imediato. Nao ha URL de requisicao, so o post. Contrato curtissimo."
tinyurl.com/Animation-VFX-Game-job-studios -> planilha Google 1eR2oAXOuflr8CZeGoz3JTrsgNj3KuefbdXJOmNtjEVM,Image Engine,Canada,Vancouver,,sim,sim,https://imageengine.bamboohr.com/careers/183,Candidates are required to be based in British Columbia and eligible to work in Canada,"[viva] planilha: Texture/Look Development Artist | data na planilha September 4, 2026. Texture & Look Development Artist - Mid (Short-Term), Vancouver, publicada 28/05/2026, contrato a termo. Lida pela API JSON do BambooHR. VETO ESCRITO."
tinyurl.com/Animation-VFX-Game-job-studios -> planilha Google 1eR2oAXOuflr8CZeGoz3JTrsgNj3KuefbdXJOmNtjEVM,TAT Productions,France,Toulouse,,sim,sim,https://jobs.tatprod.com/fr/offres/lead-character-modeling--blendshape-3d-e13168,,"[viva] planilha: Modeler | data na planilha September 3, 2026. Lead Character Modeling & Blendshape 3D F/H, CDD 12 meses, Toulouse. O ATS pergunta ""Autorisation de travail en France: J ai besoin d un visa"" - e PERGUNTA de formulario, nao veto. Mobilidade oferece presencial, hibrido 4 dias/mes ou 100% teletrabalho."
tinyurl.com/Animation-VFX-Game-job-studios -> planilha Google 1eR2oAXOuflr8CZeGoz3JTrsgNj3KuefbdXJOmNtjEVM,ILM - Sydney,Australia,Sydney,,nao,sim,https://www.disneycareers.com/en/job/moore-park/senior-modeler/391/100108246096,,"[viva] planilha: Modeler | data na planilha September 3, 2026. Senior Modeler, ILM Sydney (Disney Careers). ESTUDIO NOVO PARA A CAMPANHA. Anuncio integral (27474 car.): nenhum veto de autorizacao. Unica condicao escrita: hibrido, minimo 2 dias por semana no escritorio. Pede showreel/ArtStation."
tinyurl.com/Animation-VFX-Game-job-studios -> planilha Google 1eR2oAXOuflr8CZeGoz3JTrsgNj3KuefbdXJOmNtjEVM,Brown Bag Films,Canada,Toronto,,sim,sim,https://milo-hr.my.salesforce-sites.com/recruit/fRecruit__ApplyJob?vacancyNo=VN1902&portal=Toronto,legally eligible to work in Canada and have Ontario residency,"[viva] planilha: Modeler | data na planilha September 2, 2026. Character Modeler, Brown Bag Films / 9 Story, Toronto. VETO ESCRITO de residencia em Ontario."
tinyurl.com/Animation-VFX-Game-job-studios -> planilha Google 1eR2oAXOuflr8CZeGoz3JTrsgNj3KuefbdXJOmNtjEVM,DNEG,England,London,,sim,sim,https://jobs.jobvite.com/double-negative-visual-effects/job/oQKJAfwD,,"[viva] planilha: Groom TD | data na planilha September 2, 2026. Groom TD (DNEG ANIM), Londres, Hybrid Remote. Anuncio integral (3131 car.): busca literal por authoriz/eligib/sponsor/work permit/must be based/LMIA/days a week/French/resident/visa/citizen NAO retornou NADA. Contraste util: a vaga irma da DNEG Londres (Character Modeller) traz o veto no topo, esta NAO."
tinyurl.com/Animation-VFX-Game-job-studios -> planilha Google 1eR2oAXOuflr8CZeGoz3JTrsgNj3KuefbdXJOmNtjEVM,Disney Television Animation,United States,Glendale,,sim,sim,https://www.disneycareers.com/en/job/glendale/character-design-lead-disney-television-animation/391/99997785168,"fully on-site role based in Glendale, CA","[viva] planilha: Character Designer | data na planilha September 1, 2026. Character Design Lead, Disney Television Animation. FORA DA DISCIPLINA: design de personagem 2D, nao modelagem 3D."
tinyurl.com/Animation-VFX-Game-job-studios -> planilha Google 1eR2oAXOuflr8CZeGoz3JTrsgNj3KuefbdXJOmNtjEVM,Skydance Animation Madrid,Spain,Madrid,,sim,sim,https://jobs.lever.co/skydance/7b435bb2-09fd-4f2f-8fca-9c2fa6666adc,Must be available for at least 3 months onsite + Must be currently enrolled in your last year,"[viva] planilha: Surfacing Artist | data na planilha September 1, 2026. Character Surfacing TRAINEE, Madrid. ESTAGIO exigindo matricula em curso - fora do perfil de Senior."
tinyurl.com/Animation-VFX-Game-job-studios -> planilha Google 1eR2oAXOuflr8CZeGoz3JTrsgNj3KuefbdXJOmNtjEVM,Skydance Animation Madrid,Spain,Madrid,,sim,sim,https://jobs.lever.co/skydance/f5cdab33-a028-4fe2-bc19-638926d0ca80,Must be available for at least 3 months onsite + Must be currently enrolled in your last year,"[viva] planilha: Surfacing Artist | data na planilha September 1, 2026. Environment Surfacing TRAINEE, Madrid. ESTAGIO. Ambiente, disciplina media."
tinyurl.com/Animation-VFX-Game-job-studios -> planilha Google 1eR2oAXOuflr8CZeGoz3JTrsgNj3KuefbdXJOmNtjEVM,Avalanche Studios,Sweden,Stockholm,,sim,sim,https://jobs.lever.co/avalanchestudios/8f7bd580-5877-446e-83cb-97bb1fce0f6a,relocation assistance is not available for this role,"[viva] planilha: Character Artist | data na planilha September 1, 2026. Lead Character Artist, Estocolmo, permanente, hibrido. Nao ha veto legal escrito, mas o anuncio diz textualmente que NAO ha apoio de mudanca."
tinyurl.com/Animation-VFX-Game-job-studios -> planilha Google 1eR2oAXOuflr8CZeGoz3JTrsgNj3KuefbdXJOmNtjEVM,Insomniac Games,United States,Burbank,,sim,sim,https://job-boards.greenhouse.io/insomniac/jobs/6143980004,,"[viva] planilha: Character TD | data na planilha August 31, 2026. Character TD, Insomniac Games, Burbank. Os termos authorized/sponsorship aparecem como PERGUNTAS do formulario Greenhouse, nao como veto. Disciplina limitrofe: TD de personagem e mais tecnico que artistico."
tinyurl.com/Animation-VFX-Game-job-studios -> planilha Google 1eR2oAXOuflr8CZeGoz3JTrsgNj3KuefbdXJOmNtjEVM,Lakshya Digital,England,London,,sim,sim,https://apply.workable.com/keywords-intl1/j/CA33DB1208/,,"[viva] planilha: Character Artist | data na planilha August 31, 2026. Character Artist - Hair Specialist (Lakshya Digital / Keywords Studios), CONTRATO, REMOTO, locais declarados Canada e Reino Unido. Lida pela API v2 do Workable porque a pagina e JS. Busca literal de veto no texto integral: NENHUM. Grooming de cabelo/pelo em tempo real - disciplina alta."
tinyurl.com/Animation-VFX-Game-job-studios -> planilha Google 1eR2oAXOuflr8CZeGoz3JTrsgNj3KuefbdXJOmNtjEVM,Ubisoft,Canada,Montreal,,sim,sim,https://jobs.smartrecruiters.com/Ubisoft2/744000141713411-team-lead-modeling-unreal,,"[viva] planilha: Modeler | data na planilha August 31, 2026. Team Lead - Modeling (Unreal), Ubisoft Montreal. Anuncio integral no SmartRecruiters: nenhum veto encontrado."
tinyurl.com/Animation-VFX-Game-job-studios -> planilha Google 1eR2oAXOuflr8CZeGoz3JTrsgNj3KuefbdXJOmNtjEVM,Wargaming,Cyprus,Nicosia,,sim,sim,https://job-boards.greenhouse.io/wargamingen/jobs/8161671,,"[viva] planilha: Character Artist | data na planilha August 31, 2026. 3D Character Artist (World of Tanks:HEAT), Wargaming Nicosia. O anuncio diz ""This role is eligible for relocation & immigration support"" - e o CONTRARIO de veto. Unica das 6 URLs da Wargaming da planilha que continua viva."
tinyurl.com/Animation-VFX-Game-job-studios -> planilha Google 1eR2oAXOuflr8CZeGoz3JTrsgNj3KuefbdXJOmNtjEVM,Automatik VFX,Germany,Berlin,,nao,sim,https://www.linkedin.com/feed/update/urn:li:activity:7498743793677172736/,EU candidate can apply if they are willing to relocate,"[viva] planilha: Character Artist | data na planilha August 28, 2026. Character Artist, Automatik VFX Berlim. ESTUDIO NOVO. Post de LinkedIn com email direto jobs_berlin@automatik-vfx.com. Restricao escrita a candidato da UE."
tinyurl.com/Animation-VFX-Game-job-studios -> planilha Google 1eR2oAXOuflr8CZeGoz3JTrsgNj3KuefbdXJOmNtjEVM,Rising Sun Pictures,Australia,Adelaide,,sim,indeterminado,https://careers.rsp.com.au/job/Senior-Modelling-Artist/623-en_US,,"[nao confirmada] planilha: Modeler | data na planilha August 27, 2026. Senior Modelling Artist, Rising Sun Pictures, Adelaide. O ATS (SAP SuccessFactors) devolve ""The system can t display the job at this time"" para a requisicao 623 e a busca do quadro nao lista nada sem JS. NAO deu para confirmar se esta viva nem para ler o texto."
tinyurl.com/Animation-VFX-Game-job-studios -> planilha Google 1eR2oAXOuflr8CZeGoz3JTrsgNj3KuefbdXJOmNtjEVM,ILM - London,England,London,,sim,nao - anuncio caiu,https://jobs.disneycareers.com/job/london/lead-texture-artist-ilm-london/391/99760148800,,"[morta] planilha: Texture Artist | data na planilha August 27, 2026. Lead Texture Artist ILM Londres: a requisicao 99760148800 nao existe mais, o Disney Careers devolve a pagina generica ""Working at DISNEY"". Alem disso o painel ja registra que o Vini aplicou e foi recusado nesta requisicao."
tinyurl.com/Animation-VFX-Game-job-studios -> planilha Google 1eR2oAXOuflr8CZeGoz3JTrsgNj3KuefbdXJOmNtjEVM,ILM - London,England,London,,sim,nao - anuncio caiu,https://jobs.disneycareers.com/job/london/senior-texture-artist-ilm-london/391/99760148496,,"[morta] planilha: Texture Artist | data na planilha August 27, 2026. Senior Texture Artist ILM Londres (99760148496): mesma pagina generica, requisicao encerrada. O painel ja registra envio e recusa."
tinyurl.com/Animation-VFX-Game-job-studios -> planilha Google 1eR2oAXOuflr8CZeGoz3JTrsgNj3KuefbdXJOmNtjEVM,Framestore,Canada,Montreal,,sim,sim,https://framestore.recruitee.com/o/modeleurse-3d-3d-modeller-contrat-court-terme,,"[viva] planilha: Modeler | data na planilha August 27, 2026. 3D Modeller - Short term contract, Framestore Montreal, presencial. O formulario pergunta ""Will you need visa sponsorship?"" - PERGUNTA, nao veto. Nenhum veto escrito no corpo."
tinyurl.com/Animation-VFX-Game-job-studios -> planilha Google 1eR2oAXOuflr8CZeGoz3JTrsgNj3KuefbdXJOmNtjEVM,Skydance Animation Madrid,Spain,Madrid,,sim,sim,https://jobs.lever.co/skydance/4c18ce73-8217-44a7-af15-b5a5f18bc07e,,"[viva] planilha: Surfacing Artist | data na planilha August 27, 2026. Junior Environment Surfacing Artist, Skydance Madrid, full time, hibrido. Ambiente e nivel junior - fora do alvo de Senior."
tinyurl.com/Animation-VFX-Game-job-studios -> planilha Google 1eR2oAXOuflr8CZeGoz3JTrsgNj3KuefbdXJOmNtjEVM,Ubisoft,Canada,Montreal,,sim,nao - anuncio caiu,https://jobs.smartrecruiters.com/Ubisoft2/744000145742707-3d-character-modeler-march-of-giants,,"[morta] planilha: Modeler | data na planilha August 27, 2026. 3D Character Modeler - March of Giants, Ubisoft: o SmartRecruiters responde literalmente ""This job has expired""."
tinyurl.com/Animation-VFX-Game-job-studios -> planilha Google 1eR2oAXOuflr8CZeGoz3JTrsgNj3KuefbdXJOmNtjEVM,WildBrain Studios,Canada,Vancouver,,sim,sim,https://wildbrain-career.talent-soft.com/job/job-groom-supervisor-cg-feature-_5580.aspx,,"[viva] planilha: Groom Supervisor | data na planilha August 26, 2026. Groom Supervisor, CG (Feature), WildBrain Vancouver. Anuncio integral: nenhum veto de autorizacao. Vaga de SUPERVISAO de grooming."
tinyurl.com/Animation-VFX-Game-job-studios -> planilha Google 1eR2oAXOuflr8CZeGoz3JTrsgNj3KuefbdXJOmNtjEVM,Cloud Chamber,Canada,Montreal,,sim,sim,https://job-boards.greenhouse.io/cloudchamberen/jobs/7888170003,For candidates located in Quebec: requires professional proficiency in both French and English,"[viva] planilha: Character Artist | data na planilha August 25, 2026. Lead Character Artist, Cloud Chamber Montreal. O requisito de frances so se aplica a quem ja esta no Quebec. ""Are you authorized to work in North America?"" e pergunta de formulario."
tinyurl.com/Animation-VFX-Game-job-studios -> planilha Google 1eR2oAXOuflr8CZeGoz3JTrsgNj3KuefbdXJOmNtjEVM,Cloud Chamber,United States,Novato,,sim,sim,https://job-boards.greenhouse.io/cloudchamberen/jobs/7888172003,For candidates located in Quebec: requires professional proficiency in both French and English,"[viva] planilha: Character Artist | data na planilha August 25, 2026. Lead Character Artist, Cloud Chamber Novato (California). Mesma familia da anterior, requisicao diferente."
tinyurl.com/Animation-VFX-Game-job-studios -> planilha Google 1eR2oAXOuflr8CZeGoz3JTrsgNj3KuefbdXJOmNtjEVM,Ubisoft,Canada,Montreal,,sim,sim,https://jobs.smartrecruiters.com/Ubisoft2/744000145282762,,"[viva] planilha: Character Artist | data na planilha August 25, 2026. Senior Character Artist (Rainbow Six Siege), Ubisoft Montreal. Anuncio integral no SmartRecruiters: NENHUM veto. Disciplina alta, AAA."
tinyurl.com/Animation-VFX-Game-job-studios -> planilha Google 1eR2oAXOuflr8CZeGoz3JTrsgNj3KuefbdXJOmNtjEVM,Brown Bag Films,Ireland,Dublin,,sim,nao - anuncio caiu,https://milo-hr.my.salesforce-sites.com/recruit/fRecruit__ApplyJob?vacancyNo=VN1884&portal=Dublin,,"[morta] planilha: Texture Artist | data na planilha August 24, 2026. Texture Artist, Brown Bag Films Dublin: o portal Milo responde ""Error: That job is no longer open for applications."""
tinyurl.com/Animation-VFX-Game-job-studios -> planilha Google 1eR2oAXOuflr8CZeGoz3JTrsgNj3KuefbdXJOmNtjEVM,DNEG,Canada,Montreal,,sim,sim,https://jobs.jobvite.com/double-negative-visual-effects/job/ooyGAfwW,,"[viva] planilha: Modeler | data na planilha August 24, 2026. Modeleur de personnages / Character Modeler (DNEG Animation), Montreal, Hybrid Remote. Anuncio integral bilingue (8495 car.): busca literal de veto NAO retornou nada - ao contrario da irma de Londres."
tinyurl.com/Animation-VFX-Game-job-studios -> planilha Google 1eR2oAXOuflr8CZeGoz3JTrsgNj3KuefbdXJOmNtjEVM,3Doubles Producciones,Spain,Santa Cruz de Tenerife,,sim,sim,https://3doubles.factorial.es/job_posting/3d-modeler-lead-318348,,"[viva] planilha: Modeler | data na planilha August 21, 2026. 3D Modeler - Lead, 3Doubles Producciones, Tenerife. Presencial declarado, contrato full-time. Nenhum veto de autorizacao (as ocorrencias de ""permit"" sao do aviso de cookies em espanhol)."
tinyurl.com/Animation-VFX-Game-job-studios -> planilha Google 1eR2oAXOuflr8CZeGoz3JTrsgNj3KuefbdXJOmNtjEVM,Digital Domain,Canada,Vancouver,,sim,sim,https://www.linkedin.com/feed/update/urn:li:activity:7494111972645584896/,BC residents only. eligible to work in Canada,"[viva] planilha: Texture Artist | data na planilha August 21, 2026. Texture Artist, Digital Domain Vancouver, contrato de 1 mes, home office dentro da Columbia Britanica. VETO ESCRITO de residencia."
tinyurl.com/Animation-VFX-Game-job-studios -> planilha Google 1eR2oAXOuflr8CZeGoz3JTrsgNj3KuefbdXJOmNtjEVM,Stirling Animation Studio,Scotland,Stirling,,sim,sim,https://stirlinganimationstudios.bamboohr.com/careers/77,Artists must be based regionally within the UK (outside the M25),"[viva] planilha: Modeler/Surfacing Artist | data na planilha August 20, 2026. Character Modeling and Surfacing Artists, Stirling (Escocia), freelance, aberta 24/06/2026. Lida pela API JSON do BambooHR. VETO ESCRITO de base no Reino Unido."
tinyurl.com/Animation-VFX-Game-job-studios -> planilha Google 1eR2oAXOuflr8CZeGoz3JTrsgNj3KuefbdXJOmNtjEVM,Stirling Animation Studio,Scotland,Stirling,,sim,sim,https://stirlinganimationstudios.bamboohr.com/careers/80,Artists must be based regionally within the UK (outside the M25),"[viva] planilha: Modeler/Surfacing Artist | data na planilha August 20, 2026. Character Surfacing Artists, Stirling, freelance, aberta 17/07/2026. Mesmo veto de base."
tinyurl.com/Animation-VFX-Game-job-studios -> planilha Google 1eR2oAXOuflr8CZeGoz3JTrsgNj3KuefbdXJOmNtjEVM,Stirling Animation Studio,Scotland,Stirling,,sim,sim,https://stirlinganimationstudios.bamboohr.com/careers/81,Artists must be based regionally within the UK (outside the M25),"[viva] planilha: Modeler | data na planilha August 20, 2026. Prop Modeling & Surfacing Artists, Stirling, freelance. Mesmo veto de base."
tinyurl.com/Animation-VFX-Game-job-studios -> planilha Google 1eR2oAXOuflr8CZeGoz3JTrsgNj3KuefbdXJOmNtjEVM,Stirling Animation Studio,Scotland,Stirling,,sim,sim,https://stirlinganimationstudios.bamboohr.com/careers/82,Artists must be based regionally within the UK (outside the M25),"[viva] planilha: Surfacing Artist | data na planilha August 20, 2026. Environment Modelers, Stirling, freelance. Ambiente + mesmo veto de base."
tinyurl.com/Animation-VFX-Game-job-studios -> planilha Google 1eR2oAXOuflr8CZeGoz3JTrsgNj3KuefbdXJOmNtjEVM,Stirling Animation Studio,Scotland,Stirling,,sim,sim,https://stirlinganimationstudios.bamboohr.com/careers/79,Artists must be based regionally within the UK (outside the M25),"[viva] planilha: Surfacing Artist | data na planilha August 20, 2026. Environment Surfacing Artist, Stirling, freelance. Ambiente + mesmo veto de base."
tinyurl.com/Animation-VFX-Game-job-studios -> planilha Google 1eR2oAXOuflr8CZeGoz3JTrsgNj3KuefbdXJOmNtjEVM,Rodeo FX,Canada,Toronto,,sim,sim,https://jobs.smartrecruiters.com/RodeoFX/744000144123709,,"[viva] planilha: Look Development Artist | data na planilha August 20, 2026. Senior Lookdev Artist - Multiple Positions, Rodeo FX Toronto. Anuncio integral no SmartRecruiters: nenhum veto. A palavra ""hybrid"" so aparece na expressao ""hybrid environments (feature film, advertising, series)""."
tinyurl.com/Animation-VFX-Game-job-studios -> planilha Google 1eR2oAXOuflr8CZeGoz3JTrsgNj3KuefbdXJOmNtjEVM,Massive Entertainment,Sweden,Malmö,,sim,sim,https://jobs.smartrecruiters.com/Ubisoft2/744000144027102,,"[viva] planilha: Character Artist | data na planilha August 19, 2026. Lead Character Artist [Tom Clancy s The Division 2], Massive Entertainment (Ubisoft), Malmo. Anuncio integral: NENHUM veto."
tinyurl.com/Animation-VFX-Game-job-studios -> planilha Google 1eR2oAXOuflr8CZeGoz3JTrsgNj3KuefbdXJOmNtjEVM,Lighthouse Games,England,Leamington Spa,,sim,sim,https://apply.workable.com/lighthousegames/j/F7F90250DA/,,"[viva] planilha: Character Artist | data na planilha August 19, 2026. Lead Character Artist, Lighthouse Games, Royal Leamington Spa (Inglaterra), presencial. Lida pela API v2 do Workable porque a pagina e JS. Busca literal de veto no texto integral: NENHUM."
tinyurl.com/Animation-VFX-Game-job-studios -> planilha Google 1eR2oAXOuflr8CZeGoz3JTrsgNj3KuefbdXJOmNtjEVM,Awaken Realms,Poland,Wrocław,,sim,sim,https://www.skillshot.pl/jobs/39589-3d-character-artist-at-awaken-realms,,"[viva] planilha: Character Artist | data na planilha August 18, 2026. 3D Character Artist na Awaken Realms (Wroclaw), anunciada pelo portal polones Skillshot.pl. Anuncio integral: nenhum veto."
tinyurl.com/Animation-VFX-Game-job-studios -> planilha Google 1eR2oAXOuflr8CZeGoz3JTrsgNj3KuefbdXJOmNtjEVM,Mob Entertainment,United States,St. Louis,,sim,sim,https://job-boards.greenhouse.io/mobentertainment/jobs/5207518007,,"[viva] planilha: Character Artist | data na planilha August 18, 2026. Senior Character Artist, Mob Entertainment, St. Louis, USD 82-102k. As mencoes a sponsorship/authorized sao PERGUNTAS do formulario Greenhouse e do bloco de autodeclaracao de veterano dos EUA, nao veto."
tinyurl.com/Animation-VFX-Game-job-studios -> planilha Google 1eR2oAXOuflr8CZeGoz3JTrsgNj3KuefbdXJOmNtjEVM,Team from Earth,Cyprus,Limassol,,nao,sim,https://www.linkedin.com/feed/update/urn:li:activity:7495394621028560900/,candidates who are based in Europe,"[viva] planilha: Character Artist | data na planilha August 18, 2026. Middle & Senior 3D Character Artists, Team from Earth (Limassol, Chipre). ESTUDIO NOVO. Post de LinkedIn de Viktor Deksnis pedindo Marvelous Designer e hard surface. Restricao escrita de base na Europa."
tinyurl.com/Animation-VFX-Game-job-studios -> planilha Google 1eR2oAXOuflr8CZeGoz3JTrsgNj3KuefbdXJOmNtjEVM,Prismatic Studios,New Zealand,Auckland,,sim,nao - anuncio caiu,https://www.prismaticstudios.co.nz/careers/,,"[morta] planilha: Character Artist | data na planilha August 17, 2026. Prismatic Studios (Auckland): a pagina de carreiras declara textualmente ""We Currently Have No Open Positions"". Nao ha vaga de Character Artist no ar."
tinyurl.com/Animation-VFX-Game-job-studios -> planilha Google 1eR2oAXOuflr8CZeGoz3JTrsgNj3KuefbdXJOmNtjEVM,2K Sports Lab,Canada,Vancouver,,nao,sim,https://job-boards.greenhouse.io/2k/jobs/7835808003,,"[viva] planilha: Character Artist | data na planilha August 17, 2026. Senior Character Artist, 2K Sports Lab, Burnaby. ""2 days a week"" e ""legally authorized to work in the country"" sao PERGUNTAS do formulario Greenhouse. ESTUDIO NOVO PARA A CAMPANHA."
tinyurl.com/Animation-VFX-Game-job-studios -> planilha Google 1eR2oAXOuflr8CZeGoz3JTrsgNj3KuefbdXJOmNtjEVM,Frontier Developments,England,Cambridge,,sim,sim,https://jobs.eu.lever.co/frontier/3571ace3-9f1a-4db2-9e2b-5eb8c8487181,,"[viva] planilha: Character Artist | data na planilha August 12, 2026. Experienced Character Artist, Frontier Developments, Cambridge, permanente. O anuncio OFERECE pacote de mudanca (""We can provide a comprehensive relocation support package""), o oposto de veto. Presencial ou hibrido com minimo 3 dias."
tinyurl.com/Animation-VFX-Game-job-studios -> planilha Google 1eR2oAXOuflr8CZeGoz3JTrsgNj3KuefbdXJOmNtjEVM,Skydance Animation Madrid,Spain,Madrid,,sim,sim,https://jobs.lever.co/skydance/9ad28cab-87cd-4235-ae9b-b4c53a3457e5/,,"[viva] planilha: Groom TD | data na planilha August 12, 2026. Senior Grooming TD, Skydance Animation Madrid, full time, hibrido. Anuncio integral: nenhum veto (a palavra authorized so aparece no aviso antifraude do Skydance). Grooming e disciplina do Vini."
tinyurl.com/Animation-VFX-Game-job-studios -> planilha Google 1eR2oAXOuflr8CZeGoz3JTrsgNj3KuefbdXJOmNtjEVM,Asobo Studio,France,Bordeaux,,sim,sim,https://jobs.eu.lever.co/asobostudio/1ab1d28f-6f7c-4106-b43f-6ef78dcb7603,,"[viva] planilha: Character Artist | data na planilha August 11, 2026. Character Artist H/F (projeto narrativo nao anunciado), Asobo Studio, Bordeaux, presencial. Anuncio em frances; nenhum veto de autorizacao (a mencao a visa e do texto de igualdade de oportunidades)."
tinyurl.com/Animation-VFX-Game-job-studios -> planilha Google 1eR2oAXOuflr8CZeGoz3JTrsgNj3KuefbdXJOmNtjEVM,Teyon,Poland,Kraków,,sim,sim,"https://teyon.elevato.net/en/seniorlead-character-artist,j,158",,"[viva] planilha: Character Artist | data na planilha August 10, 2026. Senior/Lead Character Artist, Teyon, Cracovia. O anuncio OFERECE ""Relocation support for candidates willing to move to Krakow"". Modalidade: Krakow, remoto ou hibrido."
tinyurl.com/Animation-VFX-Game-job-studios -> planilha Google 1eR2oAXOuflr8CZeGoz3JTrsgNj3KuefbdXJOmNtjEVM,Skydance Animation Madrid,Spain,Madrid,,sim,sim,https://jobs.lever.co/skydance/90d2f2b7-537f-491d-8bf6-88a28c66e1fd/,,"[viva] planilha: Surfacing Artist | data na planilha August 7, 2026. Senior Environment Surfacing Artist, Skydance Madrid, hibrido. Ambiente - disciplina media."
tinyurl.com/Animation-VFX-Game-job-studios -> planilha Google 1eR2oAXOuflr8CZeGoz3JTrsgNj3KuefbdXJOmNtjEVM,Miraculous,France,Paris,,nao,indeterminado,https://www.linkedin.com/feed/update/urn:li:activity:7491476830961729538/,,"[nao confirmada] planilha: Modeler | data na planilha August 7, 2026. Modeler na Miraculous (Paris). ESTUDIO NOVO. A fonte e um post de LinkedIn que exige login para exibir o conteudo, entao nao deu para ler o anuncio nem confirmar se segue no ar."
tinyurl.com/Animation-VFX-Game-job-studios -> planilha Google 1eR2oAXOuflr8CZeGoz3JTrsgNj3KuefbdXJOmNtjEVM,Candlestick Games,Canada,Warkworth,,sim,nao - anuncio caiu,https://www.workwithindies.com/careers/candlestick-games-stylized-3d-character-artist,,"[morta] planilha: Character Artist | data na planilha August 6, 2026. Stylized 3D Character Artist, Candlestick Games (Ontario, remoto, CAD 25-30/h). A pagina do Work With Indies diz textualmente ""This position has been closed."""
tinyurl.com/Animation-VFX-Game-job-studios -> planilha Google 1eR2oAXOuflr8CZeGoz3JTrsgNj3KuefbdXJOmNtjEVM,Skeleton Key,Canada,Montreal,,sim,sim,https://job-boards.greenhouse.io/hasbro/jobs/4318250009,"hybrid role, requiring you to work onsite three days per week in Montreal","[viva] planilha: Character Artist | data na planilha August 6, 2026. Lead Character Artist, Skeleton Key (grupo Hasbro), Montreal. Sem veto de autorizacao; a condicao escrita e presenca de 3 dias."
tinyurl.com/Animation-VFX-Game-job-studios -> planilha Google 1eR2oAXOuflr8CZeGoz3JTrsgNj3KuefbdXJOmNtjEVM,Illumination Studios Paris,France,Paris,,sim,sim,https://jobs.lever.co/illumination/88ab5915-96db-448b-98d7-7d3385c5f0bf,,"[viva] planilha: Surfacing Artist | data na planilha August 5, 2026. CHARACTER SURFACING - STAGE 2026, Illumination Studios Paris. E ESTAGIO (""stage""), nao vaga de Senior."
tinyurl.com/Animation-VFX-Game-job-studios -> planilha Google 1eR2oAXOuflr8CZeGoz3JTrsgNj3KuefbdXJOmNtjEVM,thatgamecompany,United States,Santa Monica,,sim,sim,https://thatgamecompany.com/careers/?ashby_jid=36e101a4-c7ba-4884-8999-cd04abb979ee,Applicants must be authorized to work for any employer in the U.S or Canada. We are unable to sponsor,"[viva] planilha: Character Artist | data na planilha August 5, 2026. 3D Character Artist (Mid-Senior), thatgamecompany, remoto nos EUA, USD 81-114k. Lida pela API GraphQL do Ashby. VETO ESCRITO de autorizacao."
tinyurl.com/Animation-VFX-Game-job-studios -> planilha Google 1eR2oAXOuflr8CZeGoz3JTrsgNj3KuefbdXJOmNtjEVM,ILM - London,England,London,,sim,nao - anuncio caiu,https://jobs.disneycareers.com/job/london/creature-td-all-levels-ilm-london/391/98766698640,,"[morta] planilha: Creature TD | data na planilha August 5, 2026. Creature TD (all levels) ILM Londres: requisicao 98766698640 encerrada, o Disney Careers devolve a pagina generica."
tinyurl.com/Animation-VFX-Game-job-studios -> planilha Google 1eR2oAXOuflr8CZeGoz3JTrsgNj3KuefbdXJOmNtjEVM,ILM - London,England,London,,sim,nao - anuncio caiu,https://jobs.disneycareers.com/job/london/groom-artist-all-levels-ilm-london/391/98766698384,,"[morta] planilha: Groom Artist | data na planilha August 5, 2026. Groom Artist (all levels) ILM Londres: requisicao 98766698384 encerrada, mesma pagina generica."
tinyurl.com/Animation-VFX-Game-job-studios -> planilha Google 1eR2oAXOuflr8CZeGoz3JTrsgNj3KuefbdXJOmNtjEVM,Swaybox Studios,United States,New Orleans,,sim,sim,https://job-boards.greenhouse.io/swayboxstudios/jobs/4337820009,,"[viva] planilha: Modeler | data na planilha August 4, 2026. CG Modeler, Swaybox Studios, Nova Orleans. Sponsorship/legal right to work sao PERGUNTAS do formulario. Atencao: o escopo do cargo e modelar cenarios, props e veiculos - AMBIENTE, disciplina media."
tinyurl.com/Animation-VFX-Game-job-studios -> planilha Google 1eR2oAXOuflr8CZeGoz3JTrsgNj3KuefbdXJOmNtjEVM,One Man Studio,England,Horsham,,nao,nao - anuncio caiu,https://onemanstudio.bamboohr.com/careers/27,,"[morta] planilha: Character Artist | data na planilha August 4, 2026. Character Artist na One Man Studio (Horsham, Inglaterra): a API do BambooHR devolve 404 para /careers/27. Vaga removida. ESTUDIO seria NOVO."
tinyurl.com/Animation-VFX-Game-job-studios -> planilha Google 1eR2oAXOuflr8CZeGoz3JTrsgNj3KuefbdXJOmNtjEVM,Krafton,Canada,Montreal,,sim,nao - anuncio caiu,https://job-boards.greenhouse.io/studiokraftonboard/jobs/8617947002,,"[morta] planilha: Modeler | data na planilha August 4, 2026. Modeler na KRAFTON Montreal: a URL da requisicao 8617947002 redireciona para o quadro, que hoje tem 3 vagas (Talent & Culture, Game Director, Production) e nenhuma de modelagem."
tinyurl.com/Animation-VFX-Game-job-studios -> planilha Google 1eR2oAXOuflr8CZeGoz3JTrsgNj3KuefbdXJOmNtjEVM,Naughty Dog,United States,Santa Monica,,nao,nao - anuncio caiu,https://job-boards.greenhouse.io/naughtydog/jobs/6119894004,,"[morta] planilha: Character Artist | data na planilha August 4, 2026. Character Artist na Naughty Dog: a requisicao 6119894004 redireciona para o quadro, que hoje tem 14 vagas em Santa Monica e NENHUMA de arte de personagem. ESTUDIO seria NOVO."
tinyurl.com/Animation-VFX-Game-job-studios -> planilha Google 1eR2oAXOuflr8CZeGoz3JTrsgNj3KuefbdXJOmNtjEVM,Neowiz,South Korea,Seongnam,,sim,sim,https://jobs.lever.co/neowiz/5ad83a87-38c2-4441-81da-5ab73e3217fc,,"[viva] planilha: Modeler | data na planilha July 30, 2026. 3D Character Modeler para o proximo jogo de Lies of P, NEOWIZ / NOUGH Studio, Seongnam (Coreia do Sul), presencial, efetivo. Anuncio em coreano no Lever. Coreia do Sul esta no escopo."
tinyurl.com/Animation-VFX-Game-job-studios -> planilha Google 1eR2oAXOuflr8CZeGoz3JTrsgNj3KuefbdXJOmNtjEVM,Kabam,Canada,Vancouver,,sim,nao - anuncio caiu,https://jobs.lever.co/kabam/5b23b3c6-9298-47b1-9d90-9f31034cee69,,"[morta] planilha: Character Artist | data na planilha July 24, 2026. Character Artist na Kabam (Vancouver): o Lever devolve 404, ""The job posting you re looking for might have closed""."
tinyurl.com/Animation-VFX-Game-job-studios -> planilha Google 1eR2oAXOuflr8CZeGoz3JTrsgNj3KuefbdXJOmNtjEVM,Frontier Developments,England,Cambridge,,sim,sim,https://jobs.eu.lever.co/frontier/d23ea53d-3ade-4e1f-b3e0-fe24fbd6917f,,"[viva] planilha: Shading Artist | data na planilha July 24, 2026. Shader Artist, Frontier Developments, Cambridge, permanente, hibrido com minimo 3 dias. Oferece pacote de mudanca. Disciplina limitrofe: shading tecnico dentro de Technical Art."
tinyurl.com/Animation-VFX-Game-job-studios -> planilha Google 1eR2oAXOuflr8CZeGoz3JTrsgNj3KuefbdXJOmNtjEVM,Blue Zoo Animation,England,London,,sim,nao - anuncio caiu,https://careers.blue-zoo.co.uk/vacancies/1261/uk-only--mid-level-environment-modeller.html,,"[morta] planilha: Modeler | data na planilha July 24, 2026. UK-only Mid-level Environment Modeller da Blue Zoo: o quadro devolve ""Vacancy Not Found"". Era de ambiente e com restricao a Reino Unido no proprio titulo."
tinyurl.com/Animation-VFX-Game-job-studios -> planilha Google 1eR2oAXOuflr8CZeGoz3JTrsgNj3KuefbdXJOmNtjEVM,Dream Games,England,London,,sim,sim,https://jobs.lever.co/dreamgames/a4654540-bb96-464e-b2c7-74fd862c72f7,,"[viva] planilha: Look Development TD | data na planilha July 23, 2026. Pipeline Look Dev Technical Director, Dream Games Animation Studio, Londres, presencial. Disciplina limitrofe: e TD de pipeline, mais tecnico que artistico."
tinyurl.com/Animation-VFX-Game-job-studios -> planilha Google 1eR2oAXOuflr8CZeGoz3JTrsgNj3KuefbdXJOmNtjEVM,Behaviour Interactive,Canada,Montreal,,sim,sim,https://jobs.lever.co/bhvr/86ddd557-7d9b-48f1-ab04-0a90ba38e2dc,,"[viva] planilha: Character Artist | data na planilha July 22, 2026. Senior 3D Character Artist (projeto nao anunciado), Behaviour Interactive, Montreal, permanente full-time, hibrido. Anuncio integral: nenhum veto de autorizacao."
tinyurl.com/Animation-VFX-Game-job-studios -> planilha Google 1eR2oAXOuflr8CZeGoz3JTrsgNj3KuefbdXJOmNtjEVM,Framestore,Australia,Melbourne,,sim,nao - anuncio caiu,https://framestore.recruitee.com/o/launchpad-internship-2026-melbourne-1,,"[morta] planilha: Modeler | data na planilha July 22, 2026. Launchpad Internship 2026 Melbourne da Framestore: o Recruitee devolve 404. Era estagio, fora do perfil."
tinyurl.com/Animation-VFX-Game-job-studios -> planilha Google 1eR2oAXOuflr8CZeGoz3JTrsgNj3KuefbdXJOmNtjEVM,Mob Entertainment,United States,St. Louis,,sim,nao - anuncio caiu,https://job-boards.greenhouse.io/mobentertainment/jobs/5189608007,,"[morta] planilha: Character Artist | data na planilha July 20, 2026. Character Artist na Mob Entertainment (requisicao 5189608007): redireciona para o quadro. A requisicao viva da mesma casa e a 5207518007 (Senior Character Artist)."
tinyurl.com/Animation-VFX-Game-job-studios -> planilha Google 1eR2oAXOuflr8CZeGoz3JTrsgNj3KuefbdXJOmNtjEVM,Infinity Ward,Spain,Barcelona,,nao,nao - anuncio caiu,https://xboxgaming.wd1.myworkdayjobs.com/en-US/External/job/Barcelona/Model-Art-Lead_R027813,,"[morta] planilha: Modeler | data na planilha July 17, 2026. Model Art Lead, Infinity Ward Barcelona (Workday R027813). A API do quadro (POST /wday/cxs/xboxgaming/External/jobs) devolve 7 resultados para ""Model Art Lead"" e NENHUM e essa requisicao; o endpoint direto da requisicao devolve 403 permission denied. ESTUDIO seria NOVO."
tinyurl.com/Animation-VFX-Game-job-studios -> planilha Google 1eR2oAXOuflr8CZeGoz3JTrsgNj3KuefbdXJOmNtjEVM,Image Engine,Canada,Vancouver,,sim,sim,https://imageengine.bamboohr.com/careers/28,Candidates are required to be based in British Columbia and eligible to work in Canada,"[viva] planilha: Look Development Artist | data na planilha July 17, 2026. Look Development Artist - Senior (Short-Term contract), Image Engine Vancouver. ATENCAO: a data de publicacao no JSON do BambooHR e 2023-03-14, ou seja e uma requisicao antiga que segue com status Open. VETO ESCRITO."
tinyurl.com/Animation-VFX-Game-job-studios -> planilha Google 1eR2oAXOuflr8CZeGoz3JTrsgNj3KuefbdXJOmNtjEVM,Digital Domain,Canada,Vancouver,,sim,sim,https://www.linkedin.com/feed/update/urn:li:activity:7483283253593014273/,current BC residents and eligible to work in Canada,"[viva] planilha: Look Development Artist; Modeler | data na planilha July 16, 2026. Look Development Supervisor e Modeler para Jan/2027, Digital Domain, post de LinkedIn. VETO ESCRITO de residencia na Columbia Britanica."
tinyurl.com/Animation-VFX-Game-job-studios -> planilha Google 1eR2oAXOuflr8CZeGoz3JTrsgNj3KuefbdXJOmNtjEVM,Big Shot Pictures,United States,Los Angeles,,sim,indeterminado,https://www.linkedin.com/jobs/view/4441266952,,"[nao confirmada] planilha: Character Artist | data na planilha July 16, 2026. Big Shot Pictures (Los Angeles). A URL da planilha nao e uma vaga: e a BUSCA generica do LinkedIn por ""Senior Character Artist in United States"" (491 resultados). Nao ha requisicao para verificar."
tinyurl.com/Animation-VFX-Game-job-studios -> planilha Google 1eR2oAXOuflr8CZeGoz3JTrsgNj3KuefbdXJOmNtjEVM,Stim Studio,Spain,Santa Cruz de Tenerife,,sim,nao - anuncio caiu,https://www.stimstudio.com/en/careers/sets-and-props-lookdev-artist/,,"[morta] planilha: Look Development Artist | data na planilha July 16, 2026. Sets and Props Lookdev Artist, Stim Studio: a pagina devolve 404 (""Oups! La page que vous avez demandee n existe pas"")."
tinyurl.com/Animation-VFX-Game-job-studios -> planilha Google 1eR2oAXOuflr8CZeGoz3JTrsgNj3KuefbdXJOmNtjEVM,Stim Studio,Spain,Santa Cruz de Tenerife,,sim,nao - anuncio caiu,https://www.stimstudio.com/en/careers/lookdev-supervisor/,,"[morta] planilha: Look Development Supervisor | data na planilha July 16, 2026. Lookdev Supervisor, Stim Studio: 404."
tinyurl.com/Animation-VFX-Game-job-studios -> planilha Google 1eR2oAXOuflr8CZeGoz3JTrsgNj3KuefbdXJOmNtjEVM,Stim Studio,Spain,Santa Cruz de Tenerife,,sim,nao - anuncio caiu,https://www.stimstudio.com/en/careers/sets-and-props-modeling-artist/,,"[morta] planilha: Modeler | data na planilha July 16, 2026. Sets and Props Modeling Artist, Stim Studio: 404."
tinyurl.com/Animation-VFX-Game-job-studios -> planilha Google 1eR2oAXOuflr8CZeGoz3JTrsgNj3KuefbdXJOmNtjEVM,Stim Studio,Spain,Santa Cruz de Tenerife,,sim,nao - anuncio caiu,https://www.stimstudio.com/en/careers/character-modeling-artist/,,"[morta] planilha: Modeler | data na planilha July 16, 2026. Character Modeling Artist, Stim Studio (Tenerife): 404. Era a unica das quatro que seria de personagem."
tinyurl.com/Animation-VFX-Game-job-studios -> planilha Google 1eR2oAXOuflr8CZeGoz3JTrsgNj3KuefbdXJOmNtjEVM,Knifewing Entertainment,United States,Gallup,,nao,sim,https://www.linkedin.com/feed/update/urn:li:activity:7482340253815701504/,,"[viva] planilha: Character Designer | data na planilha July 16, 2026. Character Designer na Knifewing Entertainment (Gallup, Novo Mexico), post de LinkedIn. FORA DA DISCIPLINA: design 2D de personagem. ESTUDIO seria NOVO."
tinyurl.com/Animation-VFX-Game-job-studios -> planilha Google 1eR2oAXOuflr8CZeGoz3JTrsgNj3KuefbdXJOmNtjEVM,Techland,Poland,Warsaw,,sim,sim,https://jobs.smartrecruiters.com/TechlandSA/744000137670539-character-artist,,"[viva] planilha: Character Artist | data na planilha July 15, 2026. Character Artist, Techland, Varsovia. Anuncio integral no SmartRecruiters: nenhum veto."
tinyurl.com/Animation-VFX-Game-job-studios -> planilha Google 1eR2oAXOuflr8CZeGoz3JTrsgNj3KuefbdXJOmNtjEVM,Techland,Poland,Wrocław,,sim,sim,https://jobs.smartrecruiters.com/TechlandSA/744000145235194-character-artist,,"[viva] planilha: Character Artist | data na planilha July 15, 2026. Character Artist, Techland, Wroclaw. Requisicao diferente da anterior (744000145235194 x 744000137670539), mesmo texto. Nenhum veto."
tinyurl.com/Animation-VFX-Game-job-studios -> planilha Google 1eR2oAXOuflr8CZeGoz3JTrsgNj3KuefbdXJOmNtjEVM,Wargaming,Cyprus,Nicosia,,sim,nao - anuncio caiu,https://job-boards.greenhouse.io/wargamingen/jobs/7768186,,"[morta] planilha: Character Artist | data na planilha July 15, 2026. Character Artist Wargaming (requisicao 7768186): redireciona para o quadro geral ""Jobs at Wargaming"". Requisicao encerrada."
tinyurl.com/Animation-VFX-Game-job-studios -> planilha Google 1eR2oAXOuflr8CZeGoz3JTrsgNj3KuefbdXJOmNtjEVM,Wargaming,Serbia,Belgrade,,sim,nao - anuncio caiu,https://job-boards.greenhouse.io/wargamingen/jobs/7768181,,"[morta] planilha: Character Artist | data na planilha July 15, 2026. Character Artist Wargaming (7768181): idem, redireciona para o quadro."
tinyurl.com/Animation-VFX-Game-job-studios -> planilha Google 1eR2oAXOuflr8CZeGoz3JTrsgNj3KuefbdXJOmNtjEVM,Skydance Animation Madrid,Spain,Madrid,,sim,sim,https://jobs.lever.co/skydance/ebbcdae8-e70b-48c3-ba2e-021ff7451fe1/,,"[viva] planilha: Modeler | data na planilha July 15, 2026. Environment Modeling Artist, Skydance Madrid, full time, hibrido. Ambiente - disciplina media."
tinyurl.com/Animation-VFX-Game-job-studios -> planilha Google 1eR2oAXOuflr8CZeGoz3JTrsgNj3KuefbdXJOmNtjEVM,Skydance Animation Madrid,Spain,Madrid,,sim,sim,https://jobs.lever.co/skydance/f3ee86d4-f002-49c6-a032-95d2efadfb58/,,"[viva] planilha: Surfacing Artist | data na planilha July 15, 2026. Environment Surfacing Lead Artist, Skydance Madrid, hibrido. Ambiente - disciplina media."
tinyurl.com/Animation-VFX-Game-job-studios -> planilha Google 1eR2oAXOuflr8CZeGoz3JTrsgNj3KuefbdXJOmNtjEVM,Atomic Cartoons,Canada,Vancouver,,sim,nao - anuncio caiu,https://job-boards.greenhouse.io/atomiccartoons/jobs/7803235003,,"[morta] planilha: Modeler | data na planilha July 14, 2026. Modeler na Atomic Cartoons (Vancouver, requisicao 7803235003): redireciona para ""Current Openings At Atomic Cartoons""."
tinyurl.com/Animation-VFX-Game-job-studios -> planilha Google 1eR2oAXOuflr8CZeGoz3JTrsgNj3KuefbdXJOmNtjEVM,Tonic DNA,Canada,Montreal,,sim,sim,https://www.linkedin.com/feed/update/urn:li:activity:7481355249929068545/,Must be Quebec residents,"[viva] planilha: Character Designer | data na planilha July 13, 2026. Character Designer na Tonic DNA (Montreal), post de LinkedIn. Duplo problema: VETO ESCRITO de residencia no Quebec e disciplina errada (design 2D)."
tinyurl.com/Animation-VFX-Game-job-studios -> planilha Google 1eR2oAXOuflr8CZeGoz3JTrsgNj3KuefbdXJOmNtjEVM,Offworld Industries,Canada,New Westminster,,sim,sim,https://owi.bamboohr.com/careers/199,,"[viva] planilha: Character Artist | data na planilha July 13, 2026. 3D Character Artist, Offworld Industries, New Westminster (Columbia Britanica), full-time, aberta em 10/07/2026. Lida pela API JSON do BambooHR. Busca literal de veto no texto integral: NENHUM - so aparece ""citizenship"" dentro do paragrafo padrao de igualdade de oportunidades."
tinyurl.com/Animation-VFX-Game-job-studios -> planilha Google 1eR2oAXOuflr8CZeGoz3JTrsgNj3KuefbdXJOmNtjEVM,Behaviour Interactive,Canada,Montreal,,sim,sim,https://jobs.lever.co/bhvr/18024240-e637-409f-a647-b422541e2dc7,,"[viva] planilha: Character Artist | data na planilha July 13, 2026. Senior 3D Character Artist - Dead by Daylight, Behaviour Interactive, Montreal, permanente full-time, hibrido. Anuncio integral: nenhum veto de autorizacao."
tinyurl.com/Animation-VFX-Game-job-studios -> planilha Google 1eR2oAXOuflr8CZeGoz3JTrsgNj3KuefbdXJOmNtjEVM,RocketBrush Studio,Cyprus,Limassol,,sim,sim,https://www.linkedin.com/feed/update/urn:li:activity:7479897459117330432/,,"[viva] planilha: Character Artist | data na planilha July 13, 2026. 3D Character Artists, RocketBrush Studio (Limassol, Chipre), post aberto de LinkedIn pedindo ciclo completo de producao de personagem. Nenhum veto no texto do post."
tinyurl.com/Animation-VFX-Game-job-studios -> planilha Google 1eR2oAXOuflr8CZeGoz3JTrsgNj3KuefbdXJOmNtjEVM,teamLFG,United States,Bellevue,,sim,nao - anuncio caiu,https://job-boards.greenhouse.io/teamlfg/jobs/5984590004,,"[morta] planilha: Character Artist | data na planilha July 13, 2026. Character Artist na teamLFG (Bellevue): a requisicao 5984590004 redireciona para o quadro, que hoje tem 10 vagas remotas nos EUA e NENHUMA de arte."
tinyurl.com/Animation-VFX-Game-job-studios -> planilha Google 1eR2oAXOuflr8CZeGoz3JTrsgNj3KuefbdXJOmNtjEVM,Wargaming,Cyprus,Nicosia,,sim,nao - anuncio caiu,https://job-boards.greenhouse.io/wargamingen/jobs/8038068,,"[morta] planilha: Character Artist | data na planilha July 10, 2026. Character Artist Wargaming (8038068): redireciona para o quadro geral."
tinyurl.com/Animation-VFX-Game-job-studios -> planilha Google 1eR2oAXOuflr8CZeGoz3JTrsgNj3KuefbdXJOmNtjEVM,Wargaming,Lithuania,Vilnius,,sim,nao - anuncio caiu,https://job-boards.greenhouse.io/wargamingen/jobs/8038073,,"[morta] planilha: Character Artist | data na planilha July 10, 2026. Character Artist Wargaming (8038073): redireciona para o quadro geral."
tinyurl.com/Animation-VFX-Game-job-studios -> planilha Google 1eR2oAXOuflr8CZeGoz3JTrsgNj3KuefbdXJOmNtjEVM,Wargaming,Serbia,Belgrade,,sim,nao - anuncio caiu,https://job-boards.greenhouse.io/wargamingen/jobs/8038063,,"[morta] planilha: Character Artist | data na planilha July 10, 2026. Character Artist Wargaming (8038063): redireciona para o quadro geral."
tinyurl.com/Animation-VFX-Game-job-studios -> planilha Google 1eR2oAXOuflr8CZeGoz3JTrsgNj3KuefbdXJOmNtjEVM,RISE | Visual Effects Studios,England,London,,nao,nao,,,"ESTUDIO NOVO em escopo, sem vaga da disciplina do Vini no momento. 6 vaga(s) na planilha, de outras areas: Animator, 3D; HR Assistant; Producer; Production Coordinator; Recruiter. Anuncios NAO baixados nem verificados - a checagem de veto so foi feita nas vagas da disciplina."
tinyurl.com/Animation-VFX-Game-job-studios -> planilha Google 1eR2oAXOuflr8CZeGoz3JTrsgNj3KuefbdXJOmNtjEVM,BREJX,United States,,,nao,nao,,,"ESTUDIO NOVO em escopo, sem vaga da disciplina do Vini no momento. 2 vaga(s) na planilha, de outras areas: Colorist/Animator, 2D; Storyboard Artist/Animator, 2D. Anuncios NAO baixados nem verificados - a checagem de veto so foi feita nas vagas da disciplina."
tinyurl.com/Animation-VFX-Game-job-studios -> planilha Google 1eR2oAXOuflr8CZeGoz3JTrsgNj3KuefbdXJOmNtjEVM,Glitch Productions,Australia,Sydney,,nao,nao,,,"ESTUDIO NOVO em escopo, sem vaga da disciplina do Vini no momento. 17 vaga(s) na planilha, de outras areas: Animation Director, 2D; Color Artist; Desktop Support Specialist; Editor; General Counsel; Head of Consumer Product. Anuncios NAO baixados nem verificados - a checagem de veto so foi feita nas vagas da disciplina."
tinyurl.com/Animation-VFX-Game-job-studios -> planilha Google 1eR2oAXOuflr8CZeGoz3JTrsgNj3KuefbdXJOmNtjEVM,Allstory Pictures,Australia,Brisbane,,nao,nao,,,"ESTUDIO NOVO em escopo, sem vaga da disciplina do Vini no momento. 1 vaga(s) na planilha, de outras areas: Animator, 2D. Anuncios NAO baixados nem verificados - a checagem de veto so foi feita nas vagas da disciplina."
tinyurl.com/Animation-VFX-Game-job-studios -> planilha Google 1eR2oAXOuflr8CZeGoz3JTrsgNj3KuefbdXJOmNtjEVM,Crystal Dragon Interactive,Singapore,Singapore,,nao,nao,,,"ESTUDIO NOVO em escopo, sem vaga da disciplina do Vini no momento. 1 vaga(s) na planilha, de outras areas: Project Manager. Anuncios NAO baixados nem verificados - a checagem de veto so foi feita nas vagas da disciplina."
tinyurl.com/Animation-VFX-Game-job-studios -> planilha Google 1eR2oAXOuflr8CZeGoz3JTrsgNj3KuefbdXJOmNtjEVM,BBC Studios,England,Bristol,,nao,nao,,,"ESTUDIO NOVO em escopo, sem vaga da disciplina do Vini no momento. 1 vaga(s) na planilha, de outras areas: Production Coordinator. Anuncios NAO baixados nem verificados - a checagem de veto so foi feita nas vagas da disciplina."
tinyurl.com/Animation-VFX-Game-job-studios -> planilha Google 1eR2oAXOuflr8CZeGoz3JTrsgNj3KuefbdXJOmNtjEVM,The Good Evil,Germany,Cologne,,nao,nao,,,"ESTUDIO NOVO em escopo, sem vaga da disciplina do Vini no momento. 1 vaga(s) na planilha, de outras areas: Game Programmer. Anuncios NAO baixados nem verificados - a checagem de veto so foi feita nas vagas da disciplina."
tinyurl.com/Animation-VFX-Game-job-studios -> planilha Google 1eR2oAXOuflr8CZeGoz3JTrsgNj3KuefbdXJOmNtjEVM,Stingbot Games,United States,San Francisco,,nao,nao,,,"ESTUDIO NOVO em escopo, sem vaga da disciplina do Vini no momento. 1 vaga(s) na planilha, de outras areas: Environment Artist. Anuncios NAO baixados nem verificados - a checagem de veto so foi feita nas vagas da disciplina."
tinyurl.com/Animation-VFX-Game-job-studios -> planilha Google 1eR2oAXOuflr8CZeGoz3JTrsgNj3KuefbdXJOmNtjEVM,HexNest Games,Australia,Melbourne,,nao,nao,,,"ESTUDIO NOVO em escopo, sem vaga da disciplina do Vini no momento. 1 vaga(s) na planilha, de outras areas: Community Manager. Anuncios NAO baixados nem verificados - a checagem de veto so foi feita nas vagas da disciplina."
tinyurl.com/Animation-VFX-Game-job-studios -> planilha Google 1eR2oAXOuflr8CZeGoz3JTrsgNj3KuefbdXJOmNtjEVM,Unknown Studio (LinkedIn Lead),England,London,,nao,nao,,,"ESTUDIO NOVO em escopo, sem vaga da disciplina do Vini no momento. 6 vaga(s) na planilha, de outras areas: Animator, 3D; Art Director; CG Supervisor. Anuncios NAO baixados nem verificados - a checagem de veto so foi feita nas vagas da disciplina."
tinyurl.com/Animation-VFX-Game-job-studios -> planilha Google 1eR2oAXOuflr8CZeGoz3JTrsgNj3KuefbdXJOmNtjEVM,League of Geeks,Australia,Melbourne,,nao,nao,,,"ESTUDIO NOVO em escopo, sem vaga da disciplina do Vini no momento. 1 vaga(s) na planilha, de outras areas: 2D Artist. Anuncios NAO baixados nem verificados - a checagem de veto so foi feita nas vagas da disciplina."
tinyurl.com/Animation-VFX-Game-job-studios -> planilha Google 1eR2oAXOuflr8CZeGoz3JTrsgNj3KuefbdXJOmNtjEVM,ScapeWorld Entertainment,Sweden,Stockholm,,nao,nao,,,"ESTUDIO NOVO em escopo, sem vaga da disciplina do Vini no momento. 1 vaga(s) na planilha, de outras areas: Producer. Anuncios NAO baixados nem verificados - a checagem de veto so foi feita nas vagas da disciplina."
tinyurl.com/Animation-VFX-Game-job-studios -> planilha Google 1eR2oAXOuflr8CZeGoz3JTrsgNj3KuefbdXJOmNtjEVM,Mad Head Games,Serbia,Belgrade,,nao,nao,,,"ESTUDIO NOVO em escopo, sem vaga da disciplina do Vini no momento. 2 vaga(s) na planilha, de outras areas: UI Programmer. Anuncios NAO baixados nem verificados - a checagem de veto so foi feita nas vagas da disciplina."
tinyurl.com/Animation-VFX-Game-job-studios -> planilha Google 1eR2oAXOuflr8CZeGoz3JTrsgNj3KuefbdXJOmNtjEVM,Black Lab Films,Wales,Cardiff,,nao,nao,,,"ESTUDIO NOVO em escopo, sem vaga da disciplina do Vini no momento. 1 vaga(s) na planilha, de outras areas: Production Manager. Anuncios NAO baixados nem verificados - a checagem de veto so foi feita nas vagas da disciplina."
tinyurl.com/Animation-VFX-Game-job-studios -> planilha Google 1eR2oAXOuflr8CZeGoz3JTrsgNj3KuefbdXJOmNtjEVM,Creative Assembly,England,Horsham,,nao,nao,,,"ESTUDIO NOVO em escopo, sem vaga da disciplina do Vini no momento. 8 vaga(s) na planilha, de outras areas: Animator, 3D; Build Tools Engineer; Design Director; Engine QA Analyst; Game Designer; Head of UI/UX. Anuncios NAO baixados nem verificados - a checagem de veto so foi feita nas vagas da disciplina."
tinyurl.com/Animation-VFX-Game-job-studios -> planilha Google 1eR2oAXOuflr8CZeGoz3JTrsgNj3KuefbdXJOmNtjEVM,Sports Interactive,England,London,,nao,nao,,,"ESTUDIO NOVO em escopo, sem vaga da disciplina do Vini no momento. 6 vaga(s) na planilha, de outras areas: Animator, 3D; Game Designer; Production Director; Software Engineer; Technical Artist. Anuncios NAO baixados nem verificados - a checagem de veto so foi feita nas vagas da disciplina."
tinyurl.com/Animation-VFX-Game-job-studios -> planilha Google 1eR2oAXOuflr8CZeGoz3JTrsgNj3KuefbdXJOmNtjEVM,Tripledot Group,Poland,Warsaw,,nao,nao,,,"ESTUDIO NOVO em escopo, sem vaga da disciplina do Vini no momento. 1 vaga(s) na planilha, de outras areas: Talent Acquisition Partner. Anuncios NAO baixados nem verificados - a checagem de veto so foi feita nas vagas da disciplina."
tinyurl.com/Animation-VFX-Game-job-studios -> planilha Google 1eR2oAXOuflr8CZeGoz3JTrsgNj3KuefbdXJOmNtjEVM,Miniclip,England,London,,nao,nao,,,"ESTUDIO NOVO em escopo, sem vaga da disciplina do Vini no momento. 7 vaga(s) na planilha, de outras areas: 2D Artist; Backend Developer; Game Designer; Producer; QA Tester; User Acquisition Specialist. Anuncios NAO baixados nem verificados - a checagem de veto so foi feita nas vagas da disciplina."
tinyurl.com/Animation-VFX-Game-job-studios -> planilha Google 1eR2oAXOuflr8CZeGoz3JTrsgNj3KuefbdXJOmNtjEVM,MK Studios,Poland,Warsaw,,nao,nao,,,"ESTUDIO NOVO em escopo, sem vaga da disciplina do Vini no momento. 2 vaga(s) na planilha, de outras areas: 3D Artist; Unreal Developer. Anuncios NAO baixados nem verificados - a checagem de veto so foi feita nas vagas da disciplina."
tinyurl.com/Animation-VFX-Game-job-studios -> planilha Google 1eR2oAXOuflr8CZeGoz3JTrsgNj3KuefbdXJOmNtjEVM,The Coalition,Canada,Vancouver,,nao,nao,,,"ESTUDIO NOVO em escopo, sem vaga da disciplina do Vini no momento. 1 vaga(s) na planilha, de outras areas: Level Designer. Anuncios NAO baixados nem verificados - a checagem de veto so foi feita nas vagas da disciplina."
tinyurl.com/Animation-VFX-Game-job-studios -> planilha Google 1eR2oAXOuflr8CZeGoz3JTrsgNj3KuefbdXJOmNtjEVM,Princess Bento Studio,Australia,Melbourne,,nao,nao,,,"ESTUDIO NOVO em escopo, sem vaga da disciplina do Vini no momento. 1 vaga(s) na planilha, de outras areas: Animator, 2D. Anuncios NAO baixados nem verificados - a checagem de veto so foi feita nas vagas da disciplina."
tinyurl.com/Animation-VFX-Game-job-studios -> planilha Google 1eR2oAXOuflr8CZeGoz3JTrsgNj3KuefbdXJOmNtjEVM,Sony Interactive Entertainment,England,London,,nao,nao,,,"ESTUDIO NOVO em escopo, sem vaga da disciplina do Vini no momento. 35 vaga(s) na planilha, de outras areas: Analytics Engineer; Brand Manager; Character Tools Engineer; Cloud Infrastructure & Platform Engineer; Concept Artist; Data Engineer. Anuncios NAO baixados nem verificados - a checagem de veto so foi feita nas vagas da disciplina."
tinyurl.com/Animation-VFX-Game-job-studios -> planilha Google 1eR2oAXOuflr8CZeGoz3JTrsgNj3KuefbdXJOmNtjEVM,Red Kite Games,England,Leeds,,nao,nao,,,"ESTUDIO NOVO em escopo, sem vaga da disciplina do Vini no momento. 4 vaga(s) na planilha, de outras areas: Level Designer; Technical Animator; Technical Designer. Anuncios NAO baixados nem verificados - a checagem de veto so foi feita nas vagas da disciplina."
tinyurl.com/Animation-VFX-Game-job-studios -> planilha Google 1eR2oAXOuflr8CZeGoz3JTrsgNj3KuefbdXJOmNtjEVM,Socialpoint,Spain,Barcelona,,nao,nao,,,"ESTUDIO NOVO em escopo, sem vaga da disciplina do Vini no momento. 2 vaga(s) na planilha, de outras areas: Game Data Analyst; UA Manager. Anuncios NAO baixados nem verificados - a checagem de veto so foi feita nas vagas da disciplina."
tinyurl.com/Animation-VFX-Game-job-studios -> planilha Google 1eR2oAXOuflr8CZeGoz3JTrsgNj3KuefbdXJOmNtjEVM,Elsewhere Entertainment,Poland,Warsaw,,nao,nao,,,"ESTUDIO NOVO em escopo, sem vaga da disciplina do Vini no momento. 15 vaga(s) na planilha, de outras areas: Animator, 3D; Audio Designer; Environment Artist; Gameplay Animator, 3D; Producer; Quest Designer. Anuncios NAO baixados nem verificados - a checagem de veto so foi feita nas vagas da disciplina."
tinyurl.com/Animation-VFX-Game-job-studios -> planilha Google 1eR2oAXOuflr8CZeGoz3JTrsgNj3KuefbdXJOmNtjEVM,Voodoo,France,Paris,,nao,nao,,,"ESTUDIO NOVO em escopo, sem vaga da disciplina do Vini no momento. 5 vaga(s) na planilha, de outras areas: Game Designer; Level Designer; Product Manager; Project Manager. Anuncios NAO baixados nem verificados - a checagem de veto so foi feita nas vagas da disciplina."
tinyurl.com/Animation-VFX-Game-job-studios -> planilha Google 1eR2oAXOuflr8CZeGoz3JTrsgNj3KuefbdXJOmNtjEVM,dupe vfx,England,London,,nao,nao,,,"ESTUDIO NOVO em escopo, sem vaga da disciplina do Vini no momento. 1 vaga(s) na planilha, de outras areas: Compositor. Anuncios NAO baixados nem verificados - a checagem de veto so foi feita nas vagas da disciplina."
tinyurl.com/Animation-VFX-Game-job-studios -> planilha Google 1eR2oAXOuflr8CZeGoz3JTrsgNj3KuefbdXJOmNtjEVM,InnoGames,Germany,Hamburg,,nao,nao,,,"ESTUDIO NOVO em escopo, sem vaga da disciplina do Vini no momento. 1 vaga(s) na planilha, de outras areas: VFX Artist. Anuncios NAO baixados nem verificados - a checagem de veto so foi feita nas vagas da disciplina."
tinyurl.com/Animation-VFX-Game-job-studios -> planilha Google 1eR2oAXOuflr8CZeGoz3JTrsgNj3KuefbdXJOmNtjEVM,Magnopus,England,St Albans,,nao,nao,,,"ESTUDIO NOVO em escopo, sem vaga da disciplina do Vini no momento. 1 vaga(s) na planilha, de outras areas: Technical Artist. Anuncios NAO baixados nem verificados - a checagem de veto so foi feita nas vagas da disciplina."
tinyurl.com/Animation-VFX-Game-job-studios -> planilha Google 1eR2oAXOuflr8CZeGoz3JTrsgNj3KuefbdXJOmNtjEVM,Treyarch,Canada,Vancouver,,nao,nao,,,"ESTUDIO NOVO em escopo, sem vaga da disciplina do Vini no momento. 7 vaga(s) na planilha, de outras areas: Cinematic Animator, 3D; Engine Engineer; Game Engineer; IT Technician; Technical Designer. Anuncios NAO baixados nem verificados - a checagem de veto so foi feita nas vagas da disciplina."
tinyurl.com/Animation-VFX-Game-job-studios -> planilha Google 1eR2oAXOuflr8CZeGoz3JTrsgNj3KuefbdXJOmNtjEVM,Beenox,Canada,Montreal,,nao,nao,,,"ESTUDIO NOVO em escopo, sem vaga da disciplina do Vini no momento. 10 vaga(s) na planilha, de outras areas: Engine Programmer; FX Artist; Gameplay Programmer; Graphics Programmer; Lighting Artist; Producer. Anuncios NAO baixados nem verificados - a checagem de veto so foi feita nas vagas da disciplina."
tinyurl.com/Animation-VFX-Game-job-studios -> planilha Google 1eR2oAXOuflr8CZeGoz3JTrsgNj3KuefbdXJOmNtjEVM,Drama Studios,France,Rennes,,nao,nao,,,"ESTUDIO NOVO em escopo, sem vaga da disciplina do Vini no momento. 1 vaga(s) na planilha, de outras areas: Game Designer. Anuncios NAO baixados nem verificados - a checagem de veto so foi feita nas vagas da disciplina."
tinyurl.com/Animation-VFX-Game-job-studios -> planilha Google 1eR2oAXOuflr8CZeGoz3JTrsgNj3KuefbdXJOmNtjEVM,LOC studios,England,London,,nao,nao,,,"ESTUDIO NOVO em escopo, sem vaga da disciplina do Vini no momento. 3 vaga(s) na planilha, de outras areas: Compositor; Generalist, 3D; VFX Editor. Anuncios NAO baixados nem verificados - a checagem de veto so foi feita nas vagas da disciplina."
tinyurl.com/Animation-VFX-Game-job-studios -> planilha Google 1eR2oAXOuflr8CZeGoz3JTrsgNj3KuefbdXJOmNtjEVM,Zynga,Spain,Barcelona,,nao,nao,,,"ESTUDIO NOVO em escopo, sem vaga da disciplina do Vini no momento. 27 vaga(s) na planilha, de outras areas: Ad Operations Manager; Coordinator, Talent Management & Development; Data Analyst; Director of Product; Game Designer; Marketing Data Analyst. Anuncios NAO baixados nem verificados - a checagem de veto so foi feita nas vagas da disciplina."
tinyurl.com/Animation-VFX-Game-job-studios -> planilha Google 1eR2oAXOuflr8CZeGoz3JTrsgNj3KuefbdXJOmNtjEVM,Arcade Edit,United States,Los Angeles,,nao,nao,,,"ESTUDIO NOVO em escopo, sem vaga da disciplina do Vini no momento. 2 vaga(s) na planilha, de outras areas: Offline Editor; Producer. Anuncios NAO baixados nem verificados - a checagem de veto so foi feita nas vagas da disciplina."
tinyurl.com/Animation-VFX-Game-job-studios -> planilha Google 1eR2oAXOuflr8CZeGoz3JTrsgNj3KuefbdXJOmNtjEVM,Thought Pennies,United States,Los Angeles,,nao,nao,,,"ESTUDIO NOVO em escopo, sem vaga da disciplina do Vini no momento. 1 vaga(s) na planilha, de outras areas: VFX Artist. Anuncios NAO baixados nem verificados - a checagem de veto so foi feita nas vagas da disciplina."
tinyurl.com/Animation-VFX-Game-job-studios -> planilha Google 1eR2oAXOuflr8CZeGoz3JTrsgNj3KuefbdXJOmNtjEVM,Imagine Create Media,Canada,Vancouver,,nao,nao,,,"ESTUDIO NOVO em escopo, sem vaga da disciplina do Vini no momento. 2 vaga(s) na planilha, de outras areas: Editor; Stop Motion Animator. Anuncios NAO baixados nem verificados - a checagem de veto so foi feita nas vagas da disciplina."
tinyurl.com/Animation-VFX-Game-job-studios -> planilha Google 1eR2oAXOuflr8CZeGoz3JTrsgNj3KuefbdXJOmNtjEVM,CBS Sports,United States,New York City,,nao,nao,,,"ESTUDIO NOVO em escopo, sem vaga da disciplina do Vini no momento. 1 vaga(s) na planilha, de outras areas: Art Director. Anuncios NAO baixados nem verificados - a checagem de veto so foi feita nas vagas da disciplina."
tinyurl.com/Animation-VFX-Game-job-studios -> planilha Google 1eR2oAXOuflr8CZeGoz3JTrsgNj3KuefbdXJOmNtjEVM,Ludia,Canada,"MONTRÉAL, Quebec",,nao,nao,,,"ESTUDIO NOVO em escopo, sem vaga da disciplina do Vini no momento. 1 vaga(s) na planilha, de outras areas: QA Lead. Anuncios NAO baixados nem verificados - a checagem de veto so foi feita nas vagas da disciplina."
tinyurl.com/Animation-VFX-Game-job-studios -> planilha Google 1eR2oAXOuflr8CZeGoz3JTrsgNj3KuefbdXJOmNtjEVM,Retro Studios,United States,Austin,,nao,nao,,,"ESTUDIO NOVO em escopo, sem vaga da disciplina do Vini no momento. 2 vaga(s) na planilha, de outras areas: Producer. Anuncios NAO baixados nem verificados - a checagem de veto so foi feita nas vagas da disciplina."
tinyurl.com/Animation-VFX-Game-job-studios -> planilha Google 1eR2oAXOuflr8CZeGoz3JTrsgNj3KuefbdXJOmNtjEVM,Pocket Sized Hands,Scotland,Dundee,,nao,nao,,,"ESTUDIO NOVO em escopo, sem vaga da disciplina do Vini no momento. 1 vaga(s) na planilha, de outras areas: Producer. Anuncios NAO baixados nem verificados - a checagem de veto so foi feita nas vagas da disciplina."
tinyurl.com/Animation-VFX-Game-job-studios -> planilha Google 1eR2oAXOuflr8CZeGoz3JTrsgNj3KuefbdXJOmNtjEVM,The Pokémon Company,England,London,,nao,nao,,,"ESTUDIO NOVO em escopo, sem vaga da disciplina do Vini no momento. 1 vaga(s) na planilha, de outras areas: Project Manager. Anuncios NAO baixados nem verificados - a checagem de veto so foi feita nas vagas da disciplina."
tinyurl.com/Animation-VFX-Game-job-studios -> planilha Google 1eR2oAXOuflr8CZeGoz3JTrsgNj3KuefbdXJOmNtjEVM,Escape Velocity Entertainment,United States,Orlando,,nao,nao,,,"ESTUDIO NOVO em escopo, sem vaga da disciplina do Vini no momento. 2 vaga(s) na planilha, de outras areas: Level Designer; Technical Designer. Anuncios NAO baixados nem verificados - a checagem de veto so foi feita nas vagas da disciplina."
tinyurl.com/Animation-VFX-Game-job-studios -> planilha Google 1eR2oAXOuflr8CZeGoz3JTrsgNj3KuefbdXJOmNtjEVM,IMPRNT STUDIOS,England,London,,nao,nao,,,"ESTUDIO NOVO em escopo, sem vaga da disciplina do Vini no momento. 1 vaga(s) na planilha, de outras areas: Environment Artist. Anuncios NAO baixados nem verificados - a checagem de veto so foi feita nas vagas da disciplina."
tinyurl.com/Animation-VFX-Game-job-studios -> planilha Google 1eR2oAXOuflr8CZeGoz3JTrsgNj3KuefbdXJOmNtjEVM,Windy Games,United States,New York City,,nao,nao,,,"ESTUDIO NOVO em escopo, sem vaga da disciplina do Vini no momento. 1 vaga(s) na planilha, de outras areas: Unreal Programmer. Anuncios NAO baixados nem verificados - a checagem de veto so foi feita nas vagas da disciplina."
tinyurl.com/Animation-VFX-Game-job-studios -> planilha Google 1eR2oAXOuflr8CZeGoz3JTrsgNj3KuefbdXJOmNtjEVM,Uni Dreams,United States,Boca Raton,,nao,nao,,,"ESTUDIO NOVO em escopo, sem vaga da disciplina do Vini no momento. 1 vaga(s) na planilha, de outras areas: VFX Artist, 2D. Anuncios NAO baixados nem verificados - a checagem de veto so foi feita nas vagas da disciplina."
tinyurl.com/Animation-VFX-Game-job-studios -> planilha Google 1eR2oAXOuflr8CZeGoz3JTrsgNj3KuefbdXJOmNtjEVM,Sad Owl Studios,Scotland,Dundee,,nao,nao,,,"ESTUDIO NOVO em escopo, sem vaga da disciplina do Vini no momento. 1 vaga(s) na planilha, de outras areas: Environment Artist. Anuncios NAO baixados nem verificados - a checagem de veto so foi feita nas vagas da disciplina."
tinyurl.com/Animation-VFX-Game-job-studios -> planilha Google 1eR2oAXOuflr8CZeGoz3JTrsgNj3KuefbdXJOmNtjEVM,Wickworks,United States,Portland,,nao,nao,,,"ESTUDIO NOVO em escopo, sem vaga da disciplina do Vini no momento. 1 vaga(s) na planilha, de outras areas: Multiplayer Programmer. Anuncios NAO baixados nem verificados - a checagem de veto so foi feita nas vagas da disciplina."
tinyurl.com/Animation-VFX-Game-job-studios -> planilha Google 1eR2oAXOuflr8CZeGoz3JTrsgNj3KuefbdXJOmNtjEVM,Mini Pepper Games,United States,,,nao,nao,,,"ESTUDIO NOVO em escopo, sem vaga da disciplina do Vini no momento. 2 vaga(s) na planilha, de outras areas: Level Designer; Sound Designer. Anuncios NAO baixados nem verificados - a checagem de veto so foi feita nas vagas da disciplina."
tinyurl.com/Animation-VFX-Game-job-studios -> planilha Google 1eR2oAXOuflr8CZeGoz3JTrsgNj3KuefbdXJOmNtjEVM,Eyeline,Canada,Vancouver,,nao,nao,,,"ESTUDIO NOVO em escopo, sem vaga da disciplina do Vini no momento. 3 vaga(s) na planilha, de outras areas: Line Producer; Software Engineer; Software Engineer, Finance Systems. Anuncios NAO baixados nem verificados - a checagem de veto so foi feita nas vagas da disciplina."
tinyurl.com/Animation-VFX-Game-job-studios -> planilha Google 1eR2oAXOuflr8CZeGoz3JTrsgNj3KuefbdXJOmNtjEVM,Gearbox Entertainment Company,United States,Frisco,,nao,nao,,,"ESTUDIO NOVO em escopo, sem vaga da disciplina do Vini no momento. 5 vaga(s) na planilha, de outras areas: Design Director; Level Designer; UX Designer. Anuncios NAO baixados nem verificados - a checagem de veto so foi feita nas vagas da disciplina."
tinyurl.com/Animation-VFX-Game-job-studios -> planilha Google 1eR2oAXOuflr8CZeGoz3JTrsgNj3KuefbdXJOmNtjEVM,Volmi Games,Ukraine,Kyiv,,nao,nao,,,"ESTUDIO NOVO em escopo, sem vaga da disciplina do Vini no momento. 10 vaga(s) na planilha, de outras areas: Environment Artist; Level Artist; Level Designer; Materials Artist; Technical Artist; Tools Developer. Anuncios NAO baixados nem verificados - a checagem de veto so foi feita nas vagas da disciplina."
tinyurl.com/Animation-VFX-Game-job-studios -> planilha Google 1eR2oAXOuflr8CZeGoz3JTrsgNj3KuefbdXJOmNtjEVM,Demonware,Canada,Vancouver,,nao,nao,,,"ESTUDIO NOVO em escopo, sem vaga da disciplina do Vini no momento. 1 vaga(s) na planilha, de outras areas: Data Analyst. Anuncios NAO baixados nem verificados - a checagem de veto so foi feita nas vagas da disciplina."
tinyurl.com/Animation-VFX-Game-job-studios -> planilha Google 1eR2oAXOuflr8CZeGoz3JTrsgNj3KuefbdXJOmNtjEVM,Rouge Studios,United States,Los Angeles,,nao,nao,,,"ESTUDIO NOVO em escopo, sem vaga da disciplina do Vini no momento. 3 vaga(s) na planilha, de outras areas: Cinematic Animator, 3D; Cinematic Designer; Layout Artist, 3D. Anuncios NAO baixados nem verificados - a checagem de veto so foi feita nas vagas da disciplina."
tinyurl.com/Animation-VFX-Game-job-studios -> planilha Google 1eR2oAXOuflr8CZeGoz3JTrsgNj3KuefbdXJOmNtjEVM,314 Arts,Germany,Coesfeld,,nao,nao,,,"ESTUDIO NOVO em escopo, sem vaga da disciplina do Vini no momento. 2 vaga(s) na planilha, de outras areas: Environment Artist; Level Designer. Anuncios NAO baixados nem verificados - a checagem de veto so foi feita nas vagas da disciplina."
tinyurl.com/Animation-VFX-Game-job-studios -> planilha Google 1eR2oAXOuflr8CZeGoz3JTrsgNj3KuefbdXJOmNtjEVM,22DOGS,Italy,Milan,,nao,nao,,,"ESTUDIO NOVO em escopo, sem vaga da disciplina do Vini no momento. 2 vaga(s) na planilha, de outras areas: Compositing Supervisor; Recruiter. Anuncios NAO baixados nem verificados - a checagem de veto so foi feita nas vagas da disciplina."
tinyurl.com/Animation-VFX-Game-job-studios -> planilha Google 1eR2oAXOuflr8CZeGoz3JTrsgNj3KuefbdXJOmNtjEVM,LIMESTONE MEDIA & ENTERTAINMENT,Canada,Kingston,,nao,nao,,,"ESTUDIO NOVO em escopo, sem vaga da disciplina do Vini no momento. 1 vaga(s) na planilha, de outras areas: Technical Director. Anuncios NAO baixados nem verificados - a checagem de veto so foi feita nas vagas da disciplina."
tinyurl.com/Animation-VFX-Game-job-studios -> planilha Google 1eR2oAXOuflr8CZeGoz3JTrsgNj3KuefbdXJOmNtjEVM,Take-Two Interactive,United States,Austin,,nao,nao,,,"ESTUDIO NOVO em escopo, sem vaga da disciplina do Vini no momento. 1 vaga(s) na planilha, de outras areas: Talent Acquisition Partner. Anuncios NAO baixados nem verificados - a checagem de veto so foi feita nas vagas da disciplina."
tinyurl.com/Animation-VFX-Game-job-studios -> planilha Google 1eR2oAXOuflr8CZeGoz3JTrsgNj3KuefbdXJOmNtjEVM,Vertpaint Studios,England,Northampton,,nao,nao,,,"ESTUDIO NOVO em escopo, sem vaga da disciplina do Vini no momento. 2 vaga(s) na planilha, de outras areas: Producer. Anuncios NAO baixados nem verificados - a checagem de veto so foi feita nas vagas da disciplina."
tinyurl.com/Animation-VFX-Game-job-studios -> planilha Google 1eR2oAXOuflr8CZeGoz3JTrsgNj3KuefbdXJOmNtjEVM,Mojang Studios,United States,Redmon,,nao,nao,,,"ESTUDIO NOVO em escopo, sem vaga da disciplina do Vini no momento. 1 vaga(s) na planilha, de outras areas: Product Manager. Anuncios NAO baixados nem verificados - a checagem de veto so foi feita nas vagas da disciplina."
tinyurl.com/Animation-VFX-Game-job-studios -> planilha Google 1eR2oAXOuflr8CZeGoz3JTrsgNj3KuefbdXJOmNtjEVM,2K,Canada,Vancouver,,nao,nao,,,"ESTUDIO NOVO em escopo, sem vaga da disciplina do Vini no momento. 10 vaga(s) na planilha, de outras areas: Art Director; Marketing Manager; Producer; Software Engineer; Technical Director; Technical Test Analyst. Anuncios NAO baixados nem verificados - a checagem de veto so foi feita nas vagas da disciplina."
tinyurl.com/Animation-VFX-Game-job-studios -> planilha Google 1eR2oAXOuflr8CZeGoz3JTrsgNj3KuefbdXJOmNtjEVM,Pipeworks Studios,United States,Eugene,,nao,nao,,,"ESTUDIO NOVO em escopo, sem vaga da disciplina do Vini no momento. 4 vaga(s) na planilha, de outras areas: Art Director; Community Manager; Producer; Technical Artist. Anuncios NAO baixados nem verificados - a checagem de veto so foi feita nas vagas da disciplina."
tinyurl.com/Animation-VFX-Game-job-studios -> planilha Google 1eR2oAXOuflr8CZeGoz3JTrsgNj3KuefbdXJOmNtjEVM,attn:,United States,Los Angeles,,nao,nao,,,"ESTUDIO NOVO em escopo, sem vaga da disciplina do Vini no momento. 1 vaga(s) na planilha, de outras areas: Community Manager. Anuncios NAO baixados nem verificados - a checagem de veto so foi feita nas vagas da disciplina."
tinyurl.com/Animation-VFX-Game-job-studios -> planilha Google 1eR2oAXOuflr8CZeGoz3JTrsgNj3KuefbdXJOmNtjEVM,Singing Frog Studio,Canada,Montreal,,nao,nao,,,"ESTUDIO NOVO em escopo, sem vaga da disciplina do Vini no momento. 3 vaga(s) na planilha, de outras areas: FX Artist; Lighting Artist; Technical Artist. Anuncios NAO baixados nem verificados - a checagem de veto so foi feita nas vagas da disciplina."
tinyurl.com/Animation-VFX-Game-job-studios -> planilha Google 1eR2oAXOuflr8CZeGoz3JTrsgNj3KuefbdXJOmNtjEVM,Secret Level Studios,England,Letchworth,,nao,nao,,,"ESTUDIO NOVO em escopo, sem vaga da disciplina do Vini no momento. 3 vaga(s) na planilha, de outras areas: Art Director; Producer; Technical Artist. Anuncios NAO baixados nem verificados - a checagem de veto so foi feita nas vagas da disciplina."
tinyurl.com/Animation-VFX-Game-job-studios -> planilha Google 1eR2oAXOuflr8CZeGoz3JTrsgNj3KuefbdXJOmNtjEVM,Lightcatcher Media,Canada,Vancouver,,nao,nao,,,"ESTUDIO NOVO em escopo, sem vaga da disciplina do Vini no momento. 2 vaga(s) na planilha, de outras areas: Animator, 3D; Lighting/Compositing Artist. Anuncios NAO baixados nem verificados - a checagem de veto so foi feita nas vagas da disciplina."
tinyurl.com/Animation-VFX-Game-job-studios -> planilha Google 1eR2oAXOuflr8CZeGoz3JTrsgNj3KuefbdXJOmNtjEVM,Dark Alley Games,England,London,,nao,nao,,,"ESTUDIO NOVO em escopo, sem vaga da disciplina do Vini no momento. 3 vaga(s) na planilha, de outras areas: Animator, 3D; Art Director; Producer. Anuncios NAO baixados nem verificados - a checagem de veto so foi feita nas vagas da disciplina."
tinyurl.com/Animation-VFX-Game-job-studios -> planilha Google 1eR2oAXOuflr8CZeGoz3JTrsgNj3KuefbdXJOmNtjEVM,Torn Banner Studios,Canada,Toronto,,nao,nao,,,"ESTUDIO NOVO em escopo, sem vaga da disciplina do Vini no momento. 3 vaga(s) na planilha, de outras areas: Lighting Artist; Producer; Technical Artist. Anuncios NAO baixados nem verificados - a checagem de veto so foi feita nas vagas da disciplina."
tinyurl.com/Animation-VFX-Game-job-studios -> planilha Google 1eR2oAXOuflr8CZeGoz3JTrsgNj3KuefbdXJOmNtjEVM,Wanderlust Videos,United States,Katy,,nao,nao,,,"ESTUDIO NOVO em escopo, sem vaga da disciplina do Vini no momento. 1 vaga(s) na planilha, de outras areas: Video Editor. Anuncios NAO baixados nem verificados - a checagem de veto so foi feita nas vagas da disciplina."
tinyurl.com/Animation-VFX-Game-job-studios -> planilha Google 1eR2oAXOuflr8CZeGoz3JTrsgNj3KuefbdXJOmNtjEVM,Sphere Animation,Canada,Montreal,,nao,nao,,,"ESTUDIO NOVO em escopo, sem vaga da disciplina do Vini no momento. 1 vaga(s) na planilha, de outras areas: Producer. Anuncios NAO baixados nem verificados - a checagem de veto so foi feita nas vagas da disciplina."
tinyurl.com/Animation-VFX-Game-job-studios -> planilha Google 1eR2oAXOuflr8CZeGoz3JTrsgNj3KuefbdXJOmNtjEVM,Wylie Co.,Canada,Vancouver,,nao,nao,,,"ESTUDIO NOVO em escopo, sem vaga da disciplina do Vini no momento. 1 vaga(s) na planilha, de outras areas: Compositor. Anuncios NAO baixados nem verificados - a checagem de veto so foi feita nas vagas da disciplina."
tinyurl.com/Animation-VFX-Game-job-studios -> planilha Google 1eR2oAXOuflr8CZeGoz3JTrsgNj3KuefbdXJOmNtjEVM,FIN VFX,Australia,Sydney,,nao,nao,,,"ESTUDIO NOVO em escopo, sem vaga da disciplina do Vini no momento. 5 vaga(s) na planilha, de outras areas: CG Supervisor; Matte Painter; Pipeline TD; Production Coordinator. Anuncios NAO baixados nem verificados - a checagem de veto so foi feita nas vagas da disciplina."
tinyurl.com/Animation-VFX-Game-job-studios -> planilha Google 1eR2oAXOuflr8CZeGoz3JTrsgNj3KuefbdXJOmNtjEVM,Riyo Games,Canada,Toronto,,nao,nao,,,"ESTUDIO NOVO em escopo, sem vaga da disciplina do Vini no momento. 3 vaga(s) na planilha, de outras areas: Game Designer; Narrative Designer; Sound Designer. Anuncios NAO baixados nem verificados - a checagem de veto so foi feita nas vagas da disciplina."
tinyurl.com/Animation-VFX-Game-job-studios -> planilha Google 1eR2oAXOuflr8CZeGoz3JTrsgNj3KuefbdXJOmNtjEVM,Sphere Entertainment,United States,Burbank,,nao,nao,,,"ESTUDIO NOVO em escopo, sem vaga da disciplina do Vini no momento. 1 vaga(s) na planilha, de outras areas: Real-Time Artist. Anuncios NAO baixados nem verificados - a checagem de veto so foi feita nas vagas da disciplina."
tinyurl.com/Animation-VFX-Game-job-studios -> planilha Google 1eR2oAXOuflr8CZeGoz3JTrsgNj3KuefbdXJOmNtjEVM,Newscape Studios,United States,Austin,,nao,nao,,,"ESTUDIO NOVO em escopo, sem vaga da disciplina do Vini no momento. 1 vaga(s) na planilha, de outras areas: Background Artist. Anuncios NAO baixados nem verificados - a checagem de veto so foi feita nas vagas da disciplina."
tinyurl.com/Animation-VFX-Game-job-studios -> planilha Google 1eR2oAXOuflr8CZeGoz3JTrsgNj3KuefbdXJOmNtjEVM,PFX,Slovakia,Bratislava,,nao,nao,,,"ESTUDIO NOVO em escopo, sem vaga da disciplina do Vini no momento. 2 vaga(s) na planilha, de outras areas: Compositor; Marketing & Communications Manager. Anuncios NAO baixados nem verificados - a checagem de veto so foi feita nas vagas da disciplina."
tinyurl.com/Animation-VFX-Game-job-studios -> planilha Google 1eR2oAXOuflr8CZeGoz3JTrsgNj3KuefbdXJOmNtjEVM,MikeTeevee,United States,New York City,,nao,nao,,,"ESTUDIO NOVO em escopo, sem vaga da disciplina do Vini no momento. 1 vaga(s) na planilha, de outras areas: Producer. Anuncios NAO baixados nem verificados - a checagem de veto so foi feita nas vagas da disciplina."
tinyurl.com/Animation-VFX-Game-job-studios -> planilha Google 1eR2oAXOuflr8CZeGoz3JTrsgNj3KuefbdXJOmNtjEVM,Fishing Cactus,Belgium,Mons,,nao,nao,,,"ESTUDIO NOVO em escopo, sem vaga da disciplina do Vini no momento. 1 vaga(s) na planilha, de outras areas: Art Internship. Anuncios NAO baixados nem verificados - a checagem de veto so foi feita nas vagas da disciplina."
tinyurl.com/Animation-VFX-Game-job-studios -> planilha Google 1eR2oAXOuflr8CZeGoz3JTrsgNj3KuefbdXJOmNtjEVM,LEGO Digital Play,England,London,,nao,nao,,,"ESTUDIO NOVO em escopo, sem vaga da disciplina do Vini no momento. 16 vaga(s) na planilha, de outras areas: Backend Engineer; Creative Technologist; Director of Product; Director of Production; Head of Infrastructure; Pipeline Engineer. Anuncios NAO baixados nem verificados - a checagem de veto so foi feita nas vagas da disciplina."
tinyurl.com/Animation-VFX-Game-job-studios -> planilha Google 1eR2oAXOuflr8CZeGoz3JTrsgNj3KuefbdXJOmNtjEVM,Happy Flamingos,France,Paris,,nao,nao,,,"ESTUDIO NOVO em escopo, sem vaga da disciplina do Vini no momento. 1 vaga(s) na planilha, de outras areas: Motion Designer. Anuncios NAO baixados nem verificados - a checagem de veto so foi feita nas vagas da disciplina."
tinyurl.com/Animation-VFX-Game-job-studios -> planilha Google 1eR2oAXOuflr8CZeGoz3JTrsgNj3KuefbdXJOmNtjEVM,Raven Software,United States,Middleton,,nao,nao,,,"ESTUDIO NOVO em escopo, sem vaga da disciplina do Vini no momento. 7 vaga(s) na planilha, de outras areas: Gameplay Engineer; Gameplay Systems Engineer; Lighting Artist; Producer; VFX Artist. Anuncios NAO baixados nem verificados - a checagem de veto so foi feita nas vagas da disciplina."
tinyurl.com/Animation-VFX-Game-job-studios -> planilha Google 1eR2oAXOuflr8CZeGoz3JTrsgNj3KuefbdXJOmNtjEVM,Tripledot Studios,England,London,,nao,nao,,,"ESTUDIO NOVO em escopo, sem vaga da disciplina do Vini no momento. 4 vaga(s) na planilha, de outras areas: Data Engineer; Producer; User Acquisition Manager. Anuncios NAO baixados nem verificados - a checagem de veto so foi feita nas vagas da disciplina."
tinyurl.com/Animation-VFX-Game-job-studios -> planilha Google 1eR2oAXOuflr8CZeGoz3JTrsgNj3KuefbdXJOmNtjEVM,High Moon Studios,United States,Carlsbad,,nao,nao,,,"ESTUDIO NOVO em escopo, sem vaga da disciplina do Vini no momento. 2 vaga(s) na planilha, de outras areas: Level Designer; Writer. Anuncios NAO baixados nem verificados - a checagem de veto so foi feita nas vagas da disciplina."
tinyurl.com/Animation-VFX-Game-job-studios -> planilha Google 1eR2oAXOuflr8CZeGoz3JTrsgNj3KuefbdXJOmNtjEVM,Lion Studios,United States,San Francisco,,nao,nao,,,"ESTUDIO NOVO em escopo, sem vaga da disciplina do Vini no momento. 5 vaga(s) na planilha, de outras areas: Game Designer; Product Manager; Studio Management Director. Anuncios NAO baixados nem verificados - a checagem de veto so foi feita nas vagas da disciplina."
tinyurl.com/Animation-VFX-Game-job-studios -> planilha Google 1eR2oAXOuflr8CZeGoz3JTrsgNj3KuefbdXJOmNtjEVM,Final Key Interactive,Sweden,Stockholm,,nao,nao,,,"ESTUDIO NOVO em escopo, sem vaga da disciplina do Vini no momento. 4 vaga(s) na planilha, de outras areas: Animator, 3D; Environment Artist; Gameplay Programmer; Narrative Designer. Anuncios NAO baixados nem verificados - a checagem de veto so foi feita nas vagas da disciplina."
tinyurl.com/Animation-VFX-Game-job-studios -> planilha Google 1eR2oAXOuflr8CZeGoz3JTrsgNj3KuefbdXJOmNtjEVM,BANDAI NAMCO Europe,France,Lyon,,nao,nao,,,"ESTUDIO NOVO em escopo, sem vaga da disciplina do Vini no momento. 1 vaga(s) na planilha, de outras areas: Producer. Anuncios NAO baixados nem verificados - a checagem de veto so foi feita nas vagas da disciplina."
tinyurl.com/Animation-VFX-Game-job-studios -> planilha Google 1eR2oAXOuflr8CZeGoz3JTrsgNj3KuefbdXJOmNtjEVM,Saber Interactive Porto,Portugal,Porto,,nao,nao,,,"ESTUDIO NOVO em escopo, sem vaga da disciplina do Vini no momento. 2 vaga(s) na planilha, de outras areas: Environment Artist. Anuncios NAO baixados nem verificados - a checagem de veto so foi feita nas vagas da disciplina."
tinyurl.com/Animation-VFX-Game-job-studios -> planilha Google 1eR2oAXOuflr8CZeGoz3JTrsgNj3KuefbdXJOmNtjEVM,Touché Videoagentur,Austria,Vienna,,nao,nao,,,"ESTUDIO NOVO em escopo, sem vaga da disciplina do Vini no momento. 1 vaga(s) na planilha, de outras areas: Motion Designer. Anuncios NAO baixados nem verificados - a checagem de veto so foi feita nas vagas da disciplina."
tinyurl.com/Animation-VFX-Game-job-studios -> planilha Google 1eR2oAXOuflr8CZeGoz3JTrsgNj3KuefbdXJOmNtjEVM,Titmouse,Canada,Vancouver,,nao,nao,,,"ESTUDIO NOVO em escopo, sem vaga da disciplina do Vini no momento. 9 vaga(s) na planilha, de outras areas: Animator, 2D; Background Designer; Generalist, 3D; Layout Artist, 2D; Line Producer; Paint Artist. Anuncios NAO baixados nem verificados - a checagem de veto so foi feita nas vagas da disciplina."
tinyurl.com/Animation-VFX-Game-job-studios -> planilha Google 1eR2oAXOuflr8CZeGoz3JTrsgNj3KuefbdXJOmNtjEVM,Demiurge Studios,United States,Cambridge,,nao,nao,,,"ESTUDIO NOVO em escopo, sem vaga da disciplina do Vini no momento. 1 vaga(s) na planilha, de outras areas: Quest Designer. Anuncios NAO baixados nem verificados - a checagem de veto so foi feita nas vagas da disciplina."
tinyurl.com/Animation-VFX-Game-job-studios -> planilha Google 1eR2oAXOuflr8CZeGoz3JTrsgNj3KuefbdXJOmNtjEVM,Genius,United States,Los Angeles,,nao,nao,,,"ESTUDIO NOVO em escopo, sem vaga da disciplina do Vini no momento. 2 vaga(s) na planilha, de outras areas: Backend Engineer; Full Stack Engineer. Anuncios NAO baixados nem verificados - a checagem de veto so foi feita nas vagas da disciplina."
tinyurl.com/Animation-VFX-Game-job-studios -> planilha Google 1eR2oAXOuflr8CZeGoz3JTrsgNj3KuefbdXJOmNtjEVM,"Maya, Blender, 3ds Max",Finland,Helsinki,,nao,nao,,,"ESTUDIO NOVO em escopo, sem vaga da disciplina do Vini no momento. 1 vaga(s) na planilha, de outras areas: Performance Capture Artist. Anuncios NAO baixados nem verificados - a checagem de veto so foi feita nas vagas da disciplina."
tinyurl.com/Animation-VFX-Game-job-studios -> planilha Google 1eR2oAXOuflr8CZeGoz3JTrsgNj3KuefbdXJOmNtjEVM,The Line Animation Studio,England,London,,nao,nao,,,"ESTUDIO NOVO em escopo, sem vaga da disciplina do Vini no momento. 1 vaga(s) na planilha, de outras areas: Unreal Artist. Anuncios NAO baixados nem verificados - a checagem de veto so foi feita nas vagas da disciplina."
tinyurl.com/Animation-VFX-Game-job-studios -> planilha Google 1eR2oAXOuflr8CZeGoz3JTrsgNj3KuefbdXJOmNtjEVM,Marvel Studios,United States,Burbank,,nao,nao,,,"ESTUDIO NOVO em escopo, sem vaga da disciplina do Vini no momento. 1 vaga(s) na planilha, de outras areas: Production Assistant. Anuncios NAO baixados nem verificados - a checagem de veto so foi feita nas vagas da disciplina."
tinyurl.com/Animation-VFX-Game-job-studios -> planilha Google 1eR2oAXOuflr8CZeGoz3JTrsgNj3KuefbdXJOmNtjEVM,Art&Graft,England,London,,nao,nao,,,"ESTUDIO NOVO em escopo, sem vaga da disciplina do Vini no momento. 4 vaga(s) na planilha, de outras areas: Motion Designer. Anuncios NAO baixados nem verificados - a checagem de veto so foi feita nas vagas da disciplina."
tinyurl.com/Animation-VFX-Game-job-studios -> planilha Google 1eR2oAXOuflr8CZeGoz3JTrsgNj3KuefbdXJOmNtjEVM,Bardel Entertainment,Canada,Vancouver,,nao,nao,,,"ESTUDIO NOVO em escopo, sem vaga da disciplina do Vini no momento. 18 vaga(s) na planilha, de outras areas: Animation Director, 2D; Animator, 2D; Animator, 3D; CFX Artist; Compositor; Layout Artist, 2D. Anuncios NAO baixados nem verificados - a checagem de veto so foi feita nas vagas da disciplina."
tinyurl.com/Animation-VFX-Game-job-studios -> planilha Google 1eR2oAXOuflr8CZeGoz3JTrsgNj3KuefbdXJOmNtjEVM,SuperPlay,Romania,Bucharest,,nao,nao,,,"ESTUDIO NOVO em escopo, sem vaga da disciplina do Vini no momento. 2 vaga(s) na planilha, de outras areas: Level Designer; Technical Artist. Anuncios NAO baixados nem verificados - a checagem de veto so foi feita nas vagas da disciplina."
tinyurl.com/Animation-VFX-Game-job-studios -> planilha Google 1eR2oAXOuflr8CZeGoz3JTrsgNj3KuefbdXJOmNtjEVM,Ludios,Australia,Melbourne,,nao,nao,,,"ESTUDIO NOVO em escopo, sem vaga da disciplina do Vini no momento. 1 vaga(s) na planilha, de outras areas: Lead Creative Strategist. Anuncios NAO baixados nem verificados - a checagem de veto so foi feita nas vagas da disciplina."
tinyurl.com/Animation-VFX-Game-job-studios -> planilha Google 1eR2oAXOuflr8CZeGoz3JTrsgNj3KuefbdXJOmNtjEVM,AMC Studio,Romania,Bucharest,,nao,nao,,,"ESTUDIO NOVO em escopo, sem vaga da disciplina do Vini no momento. 2 vaga(s) na planilha, de outras areas: Material Artist. Anuncios NAO baixados nem verificados - a checagem de veto so foi feita nas vagas da disciplina."
tinyurl.com/Animation-VFX-Game-job-studios -> planilha Google 1eR2oAXOuflr8CZeGoz3JTrsgNj3KuefbdXJOmNtjEVM,Couch Heroes,England,London,,nao,nao,,,"ESTUDIO NOVO em escopo, sem vaga da disciplina do Vini no momento. 1 vaga(s) na planilha, de outras areas: Animator, 3D. Anuncios NAO baixados nem verificados - a checagem de veto so foi feita nas vagas da disciplina."
tinyurl.com/Animation-VFX-Game-job-studios -> planilha Google 1eR2oAXOuflr8CZeGoz3JTrsgNj3KuefbdXJOmNtjEVM,Skydance Games,United States,Los Angeles,,nao,nao,,,"ESTUDIO NOVO em escopo, sem vaga da disciplina do Vini no momento. 3 vaga(s) na planilha, de outras areas: Gameplay Engineer; Producer; Release Manager. Anuncios NAO baixados nem verificados - a checagem de veto so foi feita nas vagas da disciplina."
tinyurl.com/Animation-VFX-Game-job-studios -> planilha Google 1eR2oAXOuflr8CZeGoz3JTrsgNj3KuefbdXJOmNtjEVM,Cinnamon,England,London,,nao,nao,,,"ESTUDIO NOVO em escopo, sem vaga da disciplina do Vini no momento. 3 vaga(s) na planilha, de outras areas: Producer; VFX Artist; Video Editor. Anuncios NAO baixados nem verificados - a checagem de veto so foi feita nas vagas da disciplina."
tinyurl.com/Animation-VFX-Game-job-studios -> planilha Google 1eR2oAXOuflr8CZeGoz3JTrsgNj3KuefbdXJOmNtjEVM,Rabbit's Foot Studios,Sweden,Stockholm,,nao,nao,,,"ESTUDIO NOVO em escopo, sem vaga da disciplina do Vini no momento. 1 vaga(s) na planilha, de outras areas: Unreal Artist. Anuncios NAO baixados nem verificados - a checagem de veto so foi feita nas vagas da disciplina."
tinyurl.com/Animation-VFX-Game-job-studios -> planilha Google 1eR2oAXOuflr8CZeGoz3JTrsgNj3KuefbdXJOmNtjEVM,Original Force,Germany,Mainz,,nao,nao,,,"ESTUDIO NOVO em escopo, sem vaga da disciplina do Vini no momento. 1 vaga(s) na planilha, de outras areas: Unreal Programmer. Anuncios NAO baixados nem verificados - a checagem de veto so foi feita nas vagas da disciplina."
tinyurl.com/Animation-VFX-Game-job-studios -> planilha Google 1eR2oAXOuflr8CZeGoz3JTrsgNj3KuefbdXJOmNtjEVM,Miyu Productions,Belgium,Brussels,,nao,nao,,,"ESTUDIO NOVO em escopo, sem vaga da disciplina do Vini no momento. 2 vaga(s) na planilha, de outras areas: Layout Supervisor, 2D; Production Assistant. Anuncios NAO baixados nem verificados - a checagem de veto so foi feita nas vagas da disciplina."
tinyurl.com/Animation-VFX-Game-job-studios -> planilha Google 1eR2oAXOuflr8CZeGoz3JTrsgNj3KuefbdXJOmNtjEVM,Belka Games,Cyprus,Limassol,,nao,nao,,,"ESTUDIO NOVO em escopo, sem vaga da disciplina do Vini no momento. 2 vaga(s) na planilha, de outras areas: Producer. Anuncios NAO baixados nem verificados - a checagem de veto so foi feita nas vagas da disciplina."
tinyurl.com/Animation-VFX-Game-job-studios -> planilha Google 1eR2oAXOuflr8CZeGoz3JTrsgNj3KuefbdXJOmNtjEVM,Crytek,Germany,Frankfurt,,nao,nao,,,"ESTUDIO NOVO em escopo, sem vaga da disciplina do Vini no momento. 4 vaga(s) na planilha, de outras areas: Community Manager; Head of Commercial and Insights; Publishing Product Director; QA Tester. Anuncios NAO baixados nem verificados - a checagem de veto so foi feita nas vagas da disciplina."
tinyurl.com/Animation-VFX-Game-job-studios -> planilha Google 1eR2oAXOuflr8CZeGoz3JTrsgNj3KuefbdXJOmNtjEVM,Inflexion Games,Canada,Edmonton,,nao,nao,,,"ESTUDIO NOVO em escopo, sem vaga da disciplina do Vini no momento. 1 vaga(s) na planilha, de outras areas: Technical Animator. Anuncios NAO baixados nem verificados - a checagem de veto so foi feita nas vagas da disciplina."
tinyurl.com/Animation-VFX-Game-job-studios -> planilha Google 1eR2oAXOuflr8CZeGoz3JTrsgNj3KuefbdXJOmNtjEVM,PUBG Seattle,United States,Bellevue,,nao,nao,,,"ESTUDIO NOVO em escopo, sem vaga da disciplina do Vini no momento. 2 vaga(s) na planilha, de outras areas: Environment Artist; HR & Operations Manager. Anuncios NAO baixados nem verificados - a checagem de veto so foi feita nas vagas da disciplina."
tinyurl.com/Animation-VFX-Game-job-studios -> planilha Google 1eR2oAXOuflr8CZeGoz3JTrsgNj3KuefbdXJOmNtjEVM,MIghty Canvas,Canada,Vancouver,,nao,nao,,,"ESTUDIO NOVO em escopo, sem vaga da disciplina do Vini no momento. 1 vaga(s) na planilha, de outras areas: Environment Artist. Anuncios NAO baixados nem verificados - a checagem de veto so foi feita nas vagas da disciplina."
tinyurl.com/Animation-VFX-Game-job-studios -> planilha Google 1eR2oAXOuflr8CZeGoz3JTrsgNj3KuefbdXJOmNtjEVM,Sledgehammer Games,Australia,Melbourne,,nao,nao,,,"ESTUDIO NOVO em escopo, sem vaga da disciplina do Vini no momento. 8 vaga(s) na planilha, de outras areas: Animation Director; Dialogue Designer; Level Designer; Lighting Artist; Sound Designer; Technical Animator. Anuncios NAO baixados nem verificados - a checagem de veto so foi feita nas vagas da disciplina."
tinyurl.com/Animation-VFX-Game-job-studios -> planilha Google 1eR2oAXOuflr8CZeGoz3JTrsgNj3KuefbdXJOmNtjEVM,Skybound Entertainment,United States,Los Angeles,,nao,nao,,,"ESTUDIO NOVO em escopo, sem vaga da disciplina do Vini no momento. 1 vaga(s) na planilha, de outras areas: Production Artist. Anuncios NAO baixados nem verificados - a checagem de veto so foi feita nas vagas da disciplina."
tinyurl.com/Animation-VFX-Game-job-studios -> planilha Google 1eR2oAXOuflr8CZeGoz3JTrsgNj3KuefbdXJOmNtjEVM,Fenris Creations,England,London,,nao,nao,,,"ESTUDIO NOVO em escopo, sem vaga da disciplina do Vini no momento. 2 vaga(s) na planilha, de outras areas: Live Ops Manager; Technical Director. Anuncios NAO baixados nem verificados - a checagem de veto so foi feita nas vagas da disciplina."
tinyurl.com/Animation-VFX-Game-job-studios -> planilha Google 1eR2oAXOuflr8CZeGoz3JTrsgNj3KuefbdXJOmNtjEVM,Level Infinite,England,London,,nao,nao,,,"ESTUDIO NOVO em escopo, sem vaga da disciplina do Vini no momento. 1 vaga(s) na planilha, de outras areas: 3D Artist. Anuncios NAO baixados nem verificados - a checagem de veto so foi feita nas vagas da disciplina."
tinyurl.com/Animation-VFX-Game-job-studios -> planilha Google 1eR2oAXOuflr8CZeGoz3JTrsgNj3KuefbdXJOmNtjEVM,Condé Nast,Italy,Milan,,nao,nao,,,"ESTUDIO NOVO em escopo, sem vaga da disciplina do Vini no momento. 1 vaga(s) na planilha, de outras areas: Producer. Anuncios NAO baixados nem verificados - a checagem de veto so foi feita nas vagas da disciplina."
tinyurl.com/Animation-VFX-Game-job-studios -> planilha Google 1eR2oAXOuflr8CZeGoz3JTrsgNj3KuefbdXJOmNtjEVM,Razorhead Entertainment,Croatia,Zagreb,,nao,nao,,,"ESTUDIO NOVO em escopo, sem vaga da disciplina do Vini no momento. 1 vaga(s) na planilha, de outras areas: 2D Artist. Anuncios NAO baixados nem verificados - a checagem de veto so foi feita nas vagas da disciplina."
tinyurl.com/Animation-VFX-Game-job-studios -> planilha Google 1eR2oAXOuflr8CZeGoz3JTrsgNj3KuefbdXJOmNtjEVM,Stencil VR,United States,Seattle,,nao,nao,,,"ESTUDIO NOVO em escopo, sem vaga da disciplina do Vini no momento. 1 vaga(s) na planilha, de outras areas: Unity XR Developer. Anuncios NAO baixados nem verificados - a checagem de veto so foi feita nas vagas da disciplina."
tinyurl.com/Animation-VFX-Game-job-studios -> planilha Google 1eR2oAXOuflr8CZeGoz3JTrsgNj3KuefbdXJOmNtjEVM,Muffin Games,United States,San Francisco,,nao,nao,,,"ESTUDIO NOVO em escopo, sem vaga da disciplina do Vini no momento. 2 vaga(s) na planilha, de outras areas: Combat Designer; Narrative Designer. Anuncios NAO baixados nem verificados - a checagem de veto so foi feita nas vagas da disciplina."
tinyurl.com/Animation-VFX-Game-job-studios -> planilha Google 1eR2oAXOuflr8CZeGoz3JTrsgNj3KuefbdXJOmNtjEVM,Believer Entertainment,United States,Los Angeles,,nao,nao,,,"ESTUDIO NOVO em escopo, sem vaga da disciplina do Vini no momento. 1 vaga(s) na planilha, de outras areas: VFX Artist. Anuncios NAO baixados nem verificados - a checagem de veto so foi feita nas vagas da disciplina."
tinyurl.com/Animation-VFX-Game-job-studios -> planilha Google 1eR2oAXOuflr8CZeGoz3JTrsgNj3KuefbdXJOmNtjEVM,Visual Concepts,United States,Novato,,nao,nao,,,"ESTUDIO NOVO em escopo, sem vaga da disciplina do Vini no momento. 1 vaga(s) na planilha, de outras areas: Rigging Artist. Anuncios NAO baixados nem verificados - a checagem de veto so foi feita nas vagas da disciplina."
tinyurl.com/Animation-VFX-Game-job-studios -> planilha Google 1eR2oAXOuflr8CZeGoz3JTrsgNj3KuefbdXJOmNtjEVM,LAIKA,United States,Hillsboro,,nao,nao,,,"ESTUDIO NOVO em escopo, sem vaga da disciplina do Vini no momento. 5 vaga(s) na planilha, de outras areas: Assistant to the Head of Television; Business Systems Software Engineer; Health & Environmental Program Manager; Marketing Coordinator; Rapid Prototype Production Supervisor. Anuncios NAO baixados nem verificados - a checagem de veto so foi feita nas vagas da disciplina."
tinyurl.com/Animation-VFX-Game-job-studios -> planilha Google 1eR2oAXOuflr8CZeGoz3JTrsgNj3KuefbdXJOmNtjEVM,Thea Energy,United States,Kearny,,nao,nao,,,"ESTUDIO NOVO em escopo, sem vaga da disciplina do Vini no momento. 1 vaga(s) na planilha, de outras areas: VFX Network Engineer. Anuncios NAO baixados nem verificados - a checagem de veto so foi feita nas vagas da disciplina."
tinyurl.com/Animation-VFX-Game-job-studios -> planilha Google 1eR2oAXOuflr8CZeGoz3JTrsgNj3KuefbdXJOmNtjEVM,The Chinese Room,England,Brighton,,nao,nao,,,"ESTUDIO NOVO em escopo, sem vaga da disciplina do Vini no momento. 2 vaga(s) na planilha, de outras areas: Concept/UI Artist; Level Designer. Anuncios NAO baixados nem verificados - a checagem de veto so foi feita nas vagas da disciplina."
tinyurl.com/Animation-VFX-Game-job-studios -> planilha Google 1eR2oAXOuflr8CZeGoz3JTrsgNj3KuefbdXJOmNtjEVM,Od Studios,Canada,Vancouver,,nao,nao,,,"ESTUDIO NOVO em escopo, sem vaga da disciplina do Vini no momento. 1 vaga(s) na planilha, de outras areas: Rigging Artist. Anuncios NAO baixados nem verificados - a checagem de veto so foi feita nas vagas da disciplina."
tinyurl.com/Animation-VFX-Game-job-studios -> planilha Google 1eR2oAXOuflr8CZeGoz3JTrsgNj3KuefbdXJOmNtjEVM,Spellwork,Germany,Berlin,,nao,nao,,,"ESTUDIO NOVO em escopo, sem vaga da disciplina do Vini no momento. 1 vaga(s) na planilha, de outras areas: VFX Editor. Anuncios NAO baixados nem verificados - a checagem de veto so foi feita nas vagas da disciplina."
tinyurl.com/Animation-VFX-Game-job-studios -> planilha Google 1eR2oAXOuflr8CZeGoz3JTrsgNj3KuefbdXJOmNtjEVM,Whisper,Wales,Cardiff,,nao,nao,,,"ESTUDIO NOVO em escopo, sem vaga da disciplina do Vini no momento. 1 vaga(s) na planilha, de outras areas: Production Manager. Anuncios NAO baixados nem verificados - a checagem de veto so foi feita nas vagas da disciplina."
tinyurl.com/Animation-VFX-Game-job-studios -> planilha Google 1eR2oAXOuflr8CZeGoz3JTrsgNj3KuefbdXJOmNtjEVM,BulletFarm,United States,Los Angeles,,nao,nao,,,"ESTUDIO NOVO em escopo, sem vaga da disciplina do Vini no momento. 3 vaga(s) na planilha, de outras areas: Gameplay Designer; Lighting Artist; Technical Artist. Anuncios NAO baixados nem verificados - a checagem de veto so foi feita nas vagas da disciplina."
tinyurl.com/Animation-VFX-Game-job-studios -> planilha Google 1eR2oAXOuflr8CZeGoz3JTrsgNj3KuefbdXJOmNtjEVM,Eleventh Hour Games,United States,Dallas,,nao,nao,,,"ESTUDIO NOVO em escopo, sem vaga da disciplina do Vini no momento. 5 vaga(s) na planilha, de outras areas: Backend Engineer; Community Manager; Environment Artist; Gameplay Engineer; VFX Artist. Anuncios NAO baixados nem verificados - a checagem de veto so foi feita nas vagas da disciplina."
tinyurl.com/Animation-VFX-Game-job-studios -> planilha Google 1eR2oAXOuflr8CZeGoz3JTrsgNj3KuefbdXJOmNtjEVM,Certain Affinity,Canada,Toronto,,nao,nao,,,"ESTUDIO NOVO em escopo, sem vaga da disciplina do Vini no momento. 2 vaga(s) na planilha, de outras areas: Materials Artist; Production Director. Anuncios NAO baixados nem verificados - a checagem de veto so foi feita nas vagas da disciplina."
tinyurl.com/Animation-VFX-Game-job-studios -> planilha Google 1eR2oAXOuflr8CZeGoz3JTrsgNj3KuefbdXJOmNtjEVM,ILM,United States,San Francisco,,nao,nao,,,"ESTUDIO NOVO em escopo, sem vaga da disciplina do Vini no momento. 3 vaga(s) na planilha, de outras areas: Environment Artist; QA Analyst; Technical Artist. Anuncios NAO baixados nem verificados - a checagem de veto so foi feita nas vagas da disciplina."
tinyurl.com/Animation-VFX-Game-job-studios -> planilha Google 1eR2oAXOuflr8CZeGoz3JTrsgNj3KuefbdXJOmNtjEVM,Lanning Animation,United States,Madison,,nao,nao,,,"ESTUDIO NOVO em escopo, sem vaga da disciplina do Vini no momento. 1 vaga(s) na planilha, de outras areas: Animator, 3D. Anuncios NAO baixados nem verificados - a checagem de veto so foi feita nas vagas da disciplina."
tinyurl.com/Animation-VFX-Game-job-studios -> planilha Google 1eR2oAXOuflr8CZeGoz3JTrsgNj3KuefbdXJOmNtjEVM,Hooligan Animation,Australia,Brisbane,,nao,nao,,,"ESTUDIO NOVO em escopo, sem vaga da disciplina do Vini no momento. 1 vaga(s) na planilha, de outras areas: Animator, 2D. Anuncios NAO baixados nem verificados - a checagem de veto so foi feita nas vagas da disciplina."
tinyurl.com/Animation-VFX-Game-job-studios -> planilha Google 1eR2oAXOuflr8CZeGoz3JTrsgNj3KuefbdXJOmNtjEVM,Red Barrels,Canada,Montreal,,nao,nao,,,"ESTUDIO NOVO em escopo, sem vaga da disciplina do Vini no momento. 1 vaga(s) na planilha, de outras areas: Gameplay Animator, 3D. Anuncios NAO baixados nem verificados - a checagem de veto so foi feita nas vagas da disciplina."
tinyurl.com/Animation-VFX-Game-job-studios -> planilha Google 1eR2oAXOuflr8CZeGoz3JTrsgNj3KuefbdXJOmNtjEVM,Basic Fun!,United States,Boca Raton,,nao,nao,,,"ESTUDIO NOVO em escopo, sem vaga da disciplina do Vini no momento. 1 vaga(s) na planilha, de outras areas: Motion Graphics Editor/Production Assistant. Anuncios NAO baixados nem verificados - a checagem de veto so foi feita nas vagas da disciplina."
tinyurl.com/Animation-VFX-Game-job-studios -> planilha Google 1eR2oAXOuflr8CZeGoz3JTrsgNj3KuefbdXJOmNtjEVM,Sadfish,Canada,,,nao,nao,,,"ESTUDIO NOVO em escopo, sem vaga da disciplina do Vini no momento. 1 vaga(s) na planilha, de outras areas: Concept Artist. Anuncios NAO baixados nem verificados - a checagem de veto so foi feita nas vagas da disciplina."
tinyurl.com/Animation-VFX-Game-job-studios -> planilha Google 1eR2oAXOuflr8CZeGoz3JTrsgNj3KuefbdXJOmNtjEVM,EDI,Italy,Milan,,nao,nao,,,"ESTUDIO NOVO em escopo, sem vaga da disciplina do Vini no momento. 4 vaga(s) na planilha, de outras areas: Conforming Artist; Delivery Artist; Finishing Artist; Production Coordinator. Anuncios NAO baixados nem verificados - a checagem de veto so foi feita nas vagas da disciplina."
tinyurl.com/Animation-VFX-Game-job-studios -> planilha Google 1eR2oAXOuflr8CZeGoz3JTrsgNj3KuefbdXJOmNtjEVM,MY.GAMES,Netherlands,Amsterdam,,nao,nao,,,"ESTUDIO NOVO em escopo, sem vaga da disciplina do Vini no momento. 2 vaga(s) na planilha, de outras areas: Game Designer; Project Manager. Anuncios NAO baixados nem verificados - a checagem de veto so foi feita nas vagas da disciplina."
tinyurl.com/Animation-VFX-Game-job-studios -> planilha Google 1eR2oAXOuflr8CZeGoz3JTrsgNj3KuefbdXJOmNtjEVM,Homa Games,France,Paris,,nao,nao,,,"ESTUDIO NOVO em escopo, sem vaga da disciplina do Vini no momento. 2 vaga(s) na planilha, de outras areas: Economy Designer; Gameplay Artist. Anuncios NAO baixados nem verificados - a checagem de veto so foi feita nas vagas da disciplina."
tinyurl.com/Animation-VFX-Game-job-studios -> planilha Google 1eR2oAXOuflr8CZeGoz3JTrsgNj3KuefbdXJOmNtjEVM,Nekki,Cyprus,Limassol,,nao,nao,,,"ESTUDIO NOVO em escopo, sem vaga da disciplina do Vini no momento. 3 vaga(s) na planilha, de outras areas: Animator, 3D; Game Designer; Producer. Anuncios NAO baixados nem verificados - a checagem de veto so foi feita nas vagas da disciplina."
tinyurl.com/Animation-VFX-Game-job-studios -> planilha Google 1eR2oAXOuflr8CZeGoz3JTrsgNj3KuefbdXJOmNtjEVM,Maxis,England,Guildford,,nao,nao,,,"ESTUDIO NOVO em escopo, sem vaga da disciplina do Vini no momento. 1 vaga(s) na planilha, de outras areas: Development Director. Anuncios NAO baixados nem verificados - a checagem de veto so foi feita nas vagas da disciplina."
tinyurl.com/Animation-VFX-Game-job-studios -> planilha Google 1eR2oAXOuflr8CZeGoz3JTrsgNj3KuefbdXJOmNtjEVM,Sixteen Tons Entertainment,Germany,Berlin,,nao,nao,,,"ESTUDIO NOVO em escopo, sem vaga da disciplina do Vini no momento. 2 vaga(s) na planilha, de outras areas: 2D/3D Artist; Engineer. Anuncios NAO baixados nem verificados - a checagem de veto so foi feita nas vagas da disciplina."
tinyurl.com/Animation-VFX-Game-job-studios -> planilha Google 1eR2oAXOuflr8CZeGoz3JTrsgNj3KuefbdXJOmNtjEVM,Finitude,Germany,Berlin,,nao,nao,,,"ESTUDIO NOVO em escopo, sem vaga da disciplina do Vini no momento. 3 vaga(s) na planilha, de outras areas: Narrative Designer; Programmer; Unity Developer. Anuncios NAO baixados nem verificados - a checagem de veto so foi feita nas vagas da disciplina."
tinyurl.com/Animation-VFX-Game-job-studios -> planilha Google 1eR2oAXOuflr8CZeGoz3JTrsgNj3KuefbdXJOmNtjEVM,Torpor Games,Germany,Berlin,,nao,nao,,,"ESTUDIO NOVO em escopo, sem vaga da disciplina do Vini no momento. 5 vaga(s) na planilha, de outras areas: Game Designer; Gameplay Programmer; Marketing/Community Manager; Producer; Tools Programmer. Anuncios NAO baixados nem verificados - a checagem de veto so foi feita nas vagas da disciplina."
tinyurl.com/Animation-VFX-Game-job-studios -> planilha Google 1eR2oAXOuflr8CZeGoz3JTrsgNj3KuefbdXJOmNtjEVM,Ink and Light,Ireland,Dublin,,nao,nao,,,"ESTUDIO NOVO em escopo, sem vaga da disciplina do Vini no momento. 1 vaga(s) na planilha, de outras areas: Animator, 2D. Anuncios NAO baixados nem verificados - a checagem de veto so foi feita nas vagas da disciplina."
tinyurl.com/Animation-VFX-Game-job-studios -> planilha Google 1eR2oAXOuflr8CZeGoz3JTrsgNj3KuefbdXJOmNtjEVM,Super Spline Studios,England,Leamington Spa,,nao,nao,,,"ESTUDIO NOVO em escopo, sem vaga da disciplina do Vini no momento. 1 vaga(s) na planilha, de outras areas: Gameplay Animator, 3D. Anuncios NAO baixados nem verificados - a checagem de veto so foi feita nas vagas da disciplina."
tinyurl.com/Animation-VFX-Game-job-studios -> planilha Google 1eR2oAXOuflr8CZeGoz3JTrsgNj3KuefbdXJOmNtjEVM,UFX Studios,Belgium,Brussels,,nao,nao,,,"ESTUDIO NOVO em escopo, sem vaga da disciplina do Vini no momento. 3 vaga(s) na planilha, de outras areas: Compositor; Environment Artist; Production Assistant. Anuncios NAO baixados nem verificados - a checagem de veto so foi feita nas vagas da disciplina."
tinyurl.com/Animation-VFX-Game-job-studios -> planilha Google 1eR2oAXOuflr8CZeGoz3JTrsgNj3KuefbdXJOmNtjEVM,46 Entertainment,United States,Gallatin,,nao,nao,,,"ESTUDIO NOVO em escopo, sem vaga da disciplina do Vini no momento. 1 vaga(s) na planilha, de outras areas: Audio Department Head. Anuncios NAO baixados nem verificados - a checagem de veto so foi feita nas vagas da disciplina."
tinyurl.com/Animation-VFX-Game-job-studios -> planilha Google 1eR2oAXOuflr8CZeGoz3JTrsgNj3KuefbdXJOmNtjEVM,ATTN:,United States,Los Angeles,,nao,nao,,,"ESTUDIO NOVO em escopo, sem vaga da disciplina do Vini no momento. 3 vaga(s) na planilha, de outras areas: Editor; Recruiter. Anuncios NAO baixados nem verificados - a checagem de veto so foi feita nas vagas da disciplina."
tinyurl.com/Animation-VFX-Game-job-studios -> planilha Google 1eR2oAXOuflr8CZeGoz3JTrsgNj3KuefbdXJOmNtjEVM,Hyper Luminal Games,Scotland,Dundee,,nao,nao,,,"ESTUDIO NOVO em escopo, sem vaga da disciplina do Vini no momento. 2 vaga(s) na planilha, de outras areas: Game Designer; Programmer. Anuncios NAO baixados nem verificados - a checagem de veto so foi feita nas vagas da disciplina."
tinyurl.com/Animation-VFX-Game-job-studios -> planilha Google 1eR2oAXOuflr8CZeGoz3JTrsgNj3KuefbdXJOmNtjEVM,three bohemians,Czech Republic,Prague,,nao,nao,,,"ESTUDIO NOVO em escopo, sem vaga da disciplina do Vini no momento. 4 vaga(s) na planilha, de outras areas: Animator, 3D; FX Artist; Lighting Artist; Technical Animator. Anuncios NAO baixados nem verificados - a checagem de veto so foi feita nas vagas da disciplina."
tinyurl.com/Animation-VFX-Game-job-studios -> planilha Google 1eR2oAXOuflr8CZeGoz3JTrsgNj3KuefbdXJOmNtjEVM,Hand Rock Studio,Malta,Żejtun,,nao,nao,,,"ESTUDIO NOVO em escopo, sem vaga da disciplina do Vini no momento. 1 vaga(s) na planilha, de outras areas: Animator, 2D. Anuncios NAO baixados nem verificados - a checagem de veto so foi feita nas vagas da disciplina."
tinyurl.com/Animation-VFX-Game-job-studios -> planilha Google 1eR2oAXOuflr8CZeGoz3JTrsgNj3KuefbdXJOmNtjEVM,Salt Productions,United States,Los Angeles,,nao,nao,,,"ESTUDIO NOVO em escopo, sem vaga da disciplina do Vini no momento. 4 vaga(s) na planilha, de outras areas: Producer. Anuncios NAO baixados nem verificados - a checagem de veto so foi feita nas vagas da disciplina."
tinyurl.com/Animation-VFX-Game-job-studios -> planilha Google 1eR2oAXOuflr8CZeGoz3JTrsgNj3KuefbdXJOmNtjEVM,Illusorium Animation Studios,Spain,Madrid,,nao,nao,,,"ESTUDIO NOVO em escopo, sem vaga da disciplina do Vini no momento. 2 vaga(s) na planilha, de outras areas: FX Artist; Line Producer. Anuncios NAO baixados nem verificados - a checagem de veto so foi feita nas vagas da disciplina."
tinyurl.com/Animation-VFX-Game-job-studios -> planilha Google 1eR2oAXOuflr8CZeGoz3JTrsgNj3KuefbdXJOmNtjEVM,Aristocrat,Bulgaria,Sofia,,nao,nao,,,"ESTUDIO NOVO em escopo, sem vaga da disciplina do Vini no momento. 3 vaga(s) na planilha, de outras areas: 2D Artist; 2D/3D Artist. Anuncios NAO baixados nem verificados - a checagem de veto so foi feita nas vagas da disciplina."
tinyurl.com/Animation-VFX-Game-job-studios -> planilha Google 1eR2oAXOuflr8CZeGoz3JTrsgNj3KuefbdXJOmNtjEVM,d3t,England,Daresbury,,nao,nao,,,"ESTUDIO NOVO em escopo, sem vaga da disciplina do Vini no momento. 2 vaga(s) na planilha, de outras areas: Technical Artist. Anuncios NAO baixados nem verificados - a checagem de veto so foi feita nas vagas da disciplina."
tinyurl.com/Animation-VFX-Game-job-studios -> planilha Google 1eR2oAXOuflr8CZeGoz3JTrsgNj3KuefbdXJOmNtjEVM,Atomhawk,England,Newcastle,,nao,nao,,,"ESTUDIO NOVO em escopo, sem vaga da disciplina do Vini no momento. 1 vaga(s) na planilha, de outras areas: UI/UX Artist. Anuncios NAO baixados nem verificados - a checagem de veto so foi feita nas vagas da disciplina."
tinyurl.com/Animation-VFX-Game-job-studios -> planilha Google 1eR2oAXOuflr8CZeGoz3JTrsgNj3KuefbdXJOmNtjEVM,Easybrain,Cyprus,Limassol,,nao,nao,,,"ESTUDIO NOVO em escopo, sem vaga da disciplina do Vini no momento. 1 vaga(s) na planilha, de outras areas: Animator, 2D. Anuncios NAO baixados nem verificados - a checagem de veto so foi feita nas vagas da disciplina."
tinyurl.com/Animation-VFX-Game-job-studios -> planilha Google 1eR2oAXOuflr8CZeGoz3JTrsgNj3KuefbdXJOmNtjEVM,Unfold Games,United States,Los Angeles,,nao,nao,,,"ESTUDIO NOVO em escopo, sem vaga da disciplina do Vini no momento. 1 vaga(s) na planilha, de outras areas: Animator, 3D. Anuncios NAO baixados nem verificados - a checagem de veto so foi feita nas vagas da disciplina."
tinyurl.com/Animation-VFX-Game-job-studios -> planilha Google 1eR2oAXOuflr8CZeGoz3JTrsgNj3KuefbdXJOmNtjEVM,Seismic Squirrel,United States,Austin,,nao,nao,,,"ESTUDIO NOVO em escopo, sem vaga da disciplina do Vini no momento. 2 vaga(s) na planilha, de outras areas: Game Tester; Technical Artist. Anuncios NAO baixados nem verificados - a checagem de veto so foi feita nas vagas da disciplina."
tinyurl.com/Animation-VFX-Game-job-studios -> planilha Google 1eR2oAXOuflr8CZeGoz3JTrsgNj3KuefbdXJOmNtjEVM,Telescope Games,United States,Manchester,,nao,nao,,,"ESTUDIO NOVO em escopo, sem vaga da disciplina do Vini no momento. 2 vaga(s) na planilha, de outras areas: Engineer; Producer. Anuncios NAO baixados nem verificados - a checagem de veto so foi feita nas vagas da disciplina."
tinyurl.com/Animation-VFX-Game-job-studios -> planilha Google 1eR2oAXOuflr8CZeGoz3JTrsgNj3KuefbdXJOmNtjEVM,10:10 Games,England,Warrington,,nao,nao,,,"ESTUDIO NOVO em escopo, sem vaga da disciplina do Vini no momento. 1 vaga(s) na planilha, de outras areas: Executive Producer. Anuncios NAO baixados nem verificados - a checagem de veto so foi feita nas vagas da disciplina."
tinyurl.com/Animation-VFX-Game-job-studios -> planilha Google 1eR2oAXOuflr8CZeGoz3JTrsgNj3KuefbdXJOmNtjEVM,Moon Active,England,London,,nao,nao,,,"ESTUDIO NOVO em escopo, sem vaga da disciplina do Vini no momento. 1 vaga(s) na planilha, de outras areas: Level Designer. Anuncios NAO baixados nem verificados - a checagem de veto so foi feita nas vagas da disciplina."
tinyurl.com/Animation-VFX-Game-job-studios -> planilha Google 1eR2oAXOuflr8CZeGoz3JTrsgNj3KuefbdXJOmNtjEVM,Koffeecup,England,London,,nao,nao,,,"ESTUDIO NOVO em escopo, sem vaga da disciplina do Vini no momento. 1 vaga(s) na planilha, de outras areas: UI Designer. Anuncios NAO baixados nem verificados - a checagem de veto so foi feita nas vagas da disciplina."
tinyurl.com/Animation-VFX-Game-job-studios -> planilha Google 1eR2oAXOuflr8CZeGoz3JTrsgNj3KuefbdXJOmNtjEVM,A+C Studios,England,London,,nao,nao,,,"ESTUDIO NOVO em escopo, sem vaga da disciplina do Vini no momento. 8 vaga(s) na planilha, de outras areas: Animation Director; Compositor; Editor; Stop Motion 1st A.D.; Stop Motion Camera Operator; Stop Motion Gaffer. Anuncios NAO baixados nem verificados - a checagem de veto so foi feita nas vagas da disciplina."
tinyurl.com/Animation-VFX-Game-job-studios -> planilha Google 1eR2oAXOuflr8CZeGoz3JTrsgNj3KuefbdXJOmNtjEVM,Nixxes,Netherlands,Utrecht,,nao,nao,,,"ESTUDIO NOVO em escopo, sem vaga da disciplina do Vini no momento. 2 vaga(s) na planilha, de outras areas: Graphics Programmer; Optimization Programmer. Anuncios NAO baixados nem verificados - a checagem de veto so foi feita nas vagas da disciplina."
tinyurl.com/Animation-VFX-Game-job-studios -> planilha Google 1eR2oAXOuflr8CZeGoz3JTrsgNj3KuefbdXJOmNtjEVM,Uppercut,United States,Los Angeles,,nao,nao,,,"ESTUDIO NOVO em escopo, sem vaga da disciplina do Vini no momento. 3 vaga(s) na planilha, de outras areas: Editor; Motion Designer; VFX Assistant. Anuncios NAO baixados nem verificados - a checagem de veto so foi feita nas vagas da disciplina."
tinyurl.com/Animation-VFX-Game-job-studios -> planilha Google 1eR2oAXOuflr8CZeGoz3JTrsgNj3KuefbdXJOmNtjEVM,Gram Games,England,London,,nao,nao,,,"ESTUDIO NOVO em escopo, sem vaga da disciplina do Vini no momento. 2 vaga(s) na planilha, de outras areas: Associate Director UA; VFX Artist. Anuncios NAO baixados nem verificados - a checagem de veto so foi feita nas vagas da disciplina."
tinyurl.com/Animation-VFX-Game-job-studios -> planilha Google 1eR2oAXOuflr8CZeGoz3JTrsgNj3KuefbdXJOmNtjEVM,Roarty Digital Inc,Canada,Vancouver,,nao,nao,,,"ESTUDIO NOVO em escopo, sem vaga da disciplina do Vini no momento. 2 vaga(s) na planilha, de outras areas: Lighting Artist; VFX Artist. Anuncios NAO baixados nem verificados - a checagem de veto so foi feita nas vagas da disciplina."
tinyurl.com/Animation-VFX-Game-job-studios -> planilha Google 1eR2oAXOuflr8CZeGoz3JTrsgNj3KuefbdXJOmNtjEVM,Midas VFX,England,London,,nao,nao,,,"ESTUDIO NOVO em escopo, sem vaga da disciplina do Vini no momento. 2 vaga(s) na planilha, de outras areas: Generalist, 3D; Matte Painter. Anuncios NAO baixados nem verificados - a checagem de veto so foi feita nas vagas da disciplina."
tinyurl.com/Animation-VFX-Game-job-studios -> planilha Google 1eR2oAXOuflr8CZeGoz3JTrsgNj3KuefbdXJOmNtjEVM,University of Hawaii at Manoa,United States,Honolulu,,nao,nao,,,"ESTUDIO NOVO em escopo, sem vaga da disciplina do Vini no momento. 1 vaga(s) na planilha, de outras areas: Assistant Professor in 3D Animation. Anuncios NAO baixados nem verificados - a checagem de veto so foi feita nas vagas da disciplina."
tinyurl.com/Animation-VFX-Game-job-studios -> planilha Google 1eR2oAXOuflr8CZeGoz3JTrsgNj3KuefbdXJOmNtjEVM,Legendary Entertainment,United States,Burbank,,nao,nao,,,"ESTUDIO NOVO em escopo, sem vaga da disciplina do Vini no momento. 1 vaga(s) na planilha, de outras areas: Compositor. Anuncios NAO baixados nem verificados - a checagem de veto so foi feita nas vagas da disciplina."
tinyurl.com/Animation-VFX-Game-job-studios -> planilha Google 1eR2oAXOuflr8CZeGoz3JTrsgNj3KuefbdXJOmNtjEVM,Picture Shop,United States,Burbank,,nao,nao,,,"ESTUDIO NOVO em escopo, sem vaga da disciplina do Vini no momento. 3 vaga(s) na planilha, de outras areas: Colorist; Data I/O Operator; Producer. Anuncios NAO baixados nem verificados - a checagem de veto so foi feita nas vagas da disciplina."
tinyurl.com/Animation-VFX-Game-job-studios -> planilha Google 1eR2oAXOuflr8CZeGoz3JTrsgNj3KuefbdXJOmNtjEVM,Fuse Games,England,Guildford,,nao,nao,,,"ESTUDIO NOVO em escopo, sem vaga da disciplina do Vini no momento. 3 vaga(s) na planilha, de outras areas: Cinematic Artist; Producer. Anuncios NAO baixados nem verificados - a checagem de veto so foi feita nas vagas da disciplina."
tinyurl.com/Animation-VFX-Game-job-studios -> planilha Google 1eR2oAXOuflr8CZeGoz3JTrsgNj3KuefbdXJOmNtjEVM,La Cabane Productions,France,Paris,,nao,nao,,,"ESTUDIO NOVO em escopo, sem vaga da disciplina do Vini no momento. 1 vaga(s) na planilha, de outras areas: Editor. Anuncios NAO baixados nem verificados - a checagem de veto so foi feita nas vagas da disciplina."
tinyurl.com/Animation-VFX-Game-job-studios -> planilha Google 1eR2oAXOuflr8CZeGoz3JTrsgNj3KuefbdXJOmNtjEVM,The Creative Store,New Zealand,Auckland,,nao,nao,,,"ESTUDIO NOVO em escopo, sem vaga da disciplina do Vini no momento. 2 vaga(s) na planilha, de outras areas: Graphic Designer; Motion Designer. Anuncios NAO baixados nem verificados - a checagem de veto so foi feita nas vagas da disciplina."
tinyurl.com/Animation-VFX-Game-job-studios -> planilha Google 1eR2oAXOuflr8CZeGoz3JTrsgNj3KuefbdXJOmNtjEVM,Redly Games,Finland,Helsinki,,nao,nao,,,"ESTUDIO NOVO em escopo, sem vaga da disciplina do Vini no momento. 1 vaga(s) na planilha, de outras areas: Game Engineer. Anuncios NAO baixados nem verificados - a checagem de veto so foi feita nas vagas da disciplina."
tinyurl.com/Animation-VFX-Game-job-studios -> planilha Google 1eR2oAXOuflr8CZeGoz3JTrsgNj3KuefbdXJOmNtjEVM,Secret Mode,England,Sheffield,,nao,nao,,,"ESTUDIO NOVO em escopo, sem vaga da disciplina do Vini no momento. 3 vaga(s) na planilha, de outras areas: QA Tester; Technical Designer. Anuncios NAO baixados nem verificados - a checagem de veto so foi feita nas vagas da disciplina."
tinyurl.com/Animation-VFX-Game-job-studios -> planilha Google 1eR2oAXOuflr8CZeGoz3JTrsgNj3KuefbdXJOmNtjEVM,Wolcen Studio,France,Nice,,nao,nao,,,"ESTUDIO NOVO em escopo, sem vaga da disciplina do Vini no momento. 1 vaga(s) na planilha, de outras areas: Environment Artist. Anuncios NAO baixados nem verificados - a checagem de veto so foi feita nas vagas da disciplina."
tinyurl.com/Animation-VFX-Game-job-studios -> planilha Google 1eR2oAXOuflr8CZeGoz3JTrsgNj3KuefbdXJOmNtjEVM,Pretty Cool Games,England,Knottingley,,nao,nao,,,"ESTUDIO NOVO em escopo, sem vaga da disciplina do Vini no momento. 4 vaga(s) na planilha, de outras areas: Concept Artist; Environment Artist; Game Designer; Level Designer. Anuncios NAO baixados nem verificados - a checagem de veto so foi feita nas vagas da disciplina."
tinyurl.com/Animation-VFX-Game-job-studios -> planilha Google 1eR2oAXOuflr8CZeGoz3JTrsgNj3KuefbdXJOmNtjEVM,Target Creative,United States,Minneapolis,,nao,nao,,,"ESTUDIO NOVO em escopo, sem vaga da disciplina do Vini no momento. 3 vaga(s) na planilha, de outras areas: Producer; Production Manager. Anuncios NAO baixados nem verificados - a checagem de veto so foi feita nas vagas da disciplina."
tinyurl.com/Animation-VFX-Game-job-studios -> planilha Google 1eR2oAXOuflr8CZeGoz3JTrsgNj3KuefbdXJOmNtjEVM,Mosaic Studios,United States,New York City,,nao,nao,,,"ESTUDIO NOVO em escopo, sem vaga da disciplina do Vini no momento. 2 vaga(s) na planilha, de outras areas: Compositor; Production Coordinator. Anuncios NAO baixados nem verificados - a checagem de veto so foi feita nas vagas da disciplina."
tinyurl.com/Animation-VFX-Game-job-studios -> planilha Google 1eR2oAXOuflr8CZeGoz3JTrsgNj3KuefbdXJOmNtjEVM,Imagic TV,Spain,Barcelona,,nao,nao,,,"ESTUDIO NOVO em escopo, sem vaga da disciplina do Vini no momento. 1 vaga(s) na planilha, de outras areas: Animator, 3D. Anuncios NAO baixados nem verificados - a checagem de veto so foi feita nas vagas da disciplina."
tinyurl.com/Animation-VFX-Game-job-studios -> planilha Google 1eR2oAXOuflr8CZeGoz3JTrsgNj3KuefbdXJOmNtjEVM,"The Third Floor, Inc.",United States,Los Angeles,,nao,nao,,,"ESTUDIO NOVO em escopo, sem vaga da disciplina do Vini no momento. 1 vaga(s) na planilha, de outras areas: Production Coordinator. Anuncios NAO baixados nem verificados - a checagem de veto so foi feita nas vagas da disciplina."
tinyurl.com/Animation-VFX-Game-job-studios -> planilha Google 1eR2oAXOuflr8CZeGoz3JTrsgNj3KuefbdXJOmNtjEVM,DLVR,United States,New York City,,nao,nao,,,"ESTUDIO NOVO em escopo, sem vaga da disciplina do Vini no momento. 1 vaga(s) na planilha, de outras areas: 3D Artist. Anuncios NAO baixados nem verificados - a checagem de veto so foi feita nas vagas da disciplina."
tinyurl.com/Animation-VFX-Game-job-studios -> planilha Google 1eR2oAXOuflr8CZeGoz3JTrsgNj3KuefbdXJOmNtjEVM,Guerrilla Games,Netherlands,Amsterdam,,nao,nao,,,"ESTUDIO NOVO em escopo, sem vaga da disciplina do Vini no momento. 1 vaga(s) na planilha, de outras areas: Technical Director. Anuncios NAO baixados nem verificados - a checagem de veto so foi feita nas vagas da disciplina."
tinyurl.com/Animation-VFX-Game-job-studios -> planilha Google 1eR2oAXOuflr8CZeGoz3JTrsgNj3KuefbdXJOmNtjEVM,Topdeck Productions,England,London,,nao,nao,,,"ESTUDIO NOVO em escopo, sem vaga da disciplina do Vini no momento. 1 vaga(s) na planilha, de outras areas: Art Director. Anuncios NAO baixados nem verificados - a checagem de veto so foi feita nas vagas da disciplina."
tinyurl.com/Animation-VFX-Game-job-studios -> planilha Google 1eR2oAXOuflr8CZeGoz3JTrsgNj3KuefbdXJOmNtjEVM,Fellow Traveller,Australia,Melbourne,,nao,nao,,,"ESTUDIO NOVO em escopo, sem vaga da disciplina do Vini no momento. 1 vaga(s) na planilha, de outras areas: Product Manager. Anuncios NAO baixados nem verificados - a checagem de veto so foi feita nas vagas da disciplina."
tinyurl.com/Animation-VFX-Game-job-studios -> planilha Google 1eR2oAXOuflr8CZeGoz3JTrsgNj3KuefbdXJOmNtjEVM,Playcademy,United States,Austin,,nao,nao,,,"ESTUDIO NOVO em escopo, sem vaga da disciplina do Vini no momento. 2 vaga(s) na planilha, de outras areas: Producer; Software Engineer. Anuncios NAO baixados nem verificados - a checagem de veto so foi feita nas vagas da disciplina."
tinyurl.com/Animation-VFX-Game-job-studios -> planilha Google 1eR2oAXOuflr8CZeGoz3JTrsgNj3KuefbdXJOmNtjEVM,KERO Animation,United States,Brooklyn,,nao,nao,,,"ESTUDIO NOVO em escopo, sem vaga da disciplina do Vini no momento. 1 vaga(s) na planilha, de outras areas: Illustrator. Anuncios NAO baixados nem verificados - a checagem de veto so foi feita nas vagas da disciplina."
tinyurl.com/Animation-VFX-Game-job-studios -> planilha Google 1eR2oAXOuflr8CZeGoz3JTrsgNj3KuefbdXJOmNtjEVM,Minimin,United States,,,nao,nao,,,"ESTUDIO NOVO em escopo, sem vaga da disciplina do Vini no momento. 1 vaga(s) na planilha, de outras areas: Level Designer. Anuncios NAO baixados nem verificados - a checagem de veto so foi feita nas vagas da disciplina."
tinyurl.com/Animation-VFX-Game-job-studios -> planilha Google 1eR2oAXOuflr8CZeGoz3JTrsgNj3KuefbdXJOmNtjEVM,Mighty Yeti Studios,United States,Burbank,,nao,nao,,,"ESTUDIO NOVO em escopo, sem vaga da disciplina do Vini no momento. 1 vaga(s) na planilha, de outras areas: Visual Designer. Anuncios NAO baixados nem verificados - a checagem de veto so foi feita nas vagas da disciplina."
tinyurl.com/Animation-VFX-Game-job-studios -> planilha Google 1eR2oAXOuflr8CZeGoz3JTrsgNj3KuefbdXJOmNtjEVM,Last Arrow Games,England,Gateshead,,nao,nao,,,"ESTUDIO NOVO em escopo, sem vaga da disciplina do Vini no momento. 1 vaga(s) na planilha, de outras areas: Animator, 3D. Anuncios NAO baixados nem verificados - a checagem de veto so foi feita nas vagas da disciplina."
tinyurl.com/Animation-VFX-Game-job-studios -> planilha Google 1eR2oAXOuflr8CZeGoz3JTrsgNj3KuefbdXJOmNtjEVM,Bungie,United States,Bellevue,,nao,nao,,,"ESTUDIO NOVO em escopo, sem vaga da disciplina do Vini no momento. 1 vaga(s) na planilha, de outras areas: Producer. Anuncios NAO baixados nem verificados - a checagem de veto so foi feita nas vagas da disciplina."
tinyurl.com/Animation-VFX-Game-job-studios -> planilha Google 1eR2oAXOuflr8CZeGoz3JTrsgNj3KuefbdXJOmNtjEVM,Algorithm,Ireland,Dublin,,nao,nao,,,"ESTUDIO NOVO em escopo, sem vaga da disciplina do Vini no momento. 5 vaga(s) na planilha, de outras areas: Compositor; Digital Imaging Supervisor; Generalist, 3D; Technical Director; VFX Artist. Anuncios NAO baixados nem verificados - a checagem de veto so foi feita nas vagas da disciplina."
tinyurl.com/Animation-VFX-Game-job-studios -> planilha Google 1eR2oAXOuflr8CZeGoz3JTrsgNj3KuefbdXJOmNtjEVM,Kiagu Studios,South Korea,Seoul,,nao,nao,,,"ESTUDIO NOVO em escopo, sem vaga da disciplina do Vini no momento. 2 vaga(s) na planilha, de outras areas: Animator, 3D; VFX Artist. Anuncios NAO baixados nem verificados - a checagem de veto so foi feita nas vagas da disciplina."
tinyurl.com/Animation-VFX-Game-job-studios -> planilha Google 1eR2oAXOuflr8CZeGoz3JTrsgNj3KuefbdXJOmNtjEVM,Rotor Studios,Australia,Sydney,,nao,nao,,,"ESTUDIO NOVO em escopo, sem vaga da disciplina do Vini no momento. 2 vaga(s) na planilha, de outras areas: Full Stack Developer; Pipeline Developer. Anuncios NAO baixados nem verificados - a checagem de veto so foi feita nas vagas da disciplina."
tinyurl.com/Animation-VFX-Game-job-studios -> planilha Google 1eR2oAXOuflr8CZeGoz3JTrsgNj3KuefbdXJOmNtjEVM,Squeeze Studio Animation,Canada,Montreal,,nao,nao,,,"ESTUDIO NOVO em escopo, sem vaga da disciplina do Vini no momento. 2 vaga(s) na planilha, de outras areas: Animator, 3D; Systems Administrator. Anuncios NAO baixados nem verificados - a checagem de veto so foi feita nas vagas da disciplina."
tinyurl.com/Animation-VFX-Game-job-studios -> planilha Google 1eR2oAXOuflr8CZeGoz3JTrsgNj3KuefbdXJOmNtjEVM,Lumiere,Poland,Warsaw,,nao,nao,,,"ESTUDIO NOVO em escopo, sem vaga da disciplina do Vini no momento. 2 vaga(s) na planilha, de outras areas: Asset Artist; Asset Supervisor. Anuncios NAO baixados nem verificados - a checagem de veto so foi feita nas vagas da disciplina."
tinyurl.com/Animation-VFX-Game-job-studios -> planilha Google 1eR2oAXOuflr8CZeGoz3JTrsgNj3KuefbdXJOmNtjEVM,Atlantis Animation,Spain,Santa Cruz de Tenerife,,nao,nao,,,"ESTUDIO NOVO em escopo, sem vaga da disciplina do Vini no momento. 5 vaga(s) na planilha, de outras areas: Animation Supervisor; Animator, 3D; Crowd Artist; Lighting TD; Production Assistant. Anuncios NAO baixados nem verificados - a checagem de veto so foi feita nas vagas da disciplina."
tinyurl.com/Animation-VFX-Game-job-studios -> planilha Google 1eR2oAXOuflr8CZeGoz3JTrsgNj3KuefbdXJOmNtjEVM,Bearded Kitten,England,London,,nao,nao,,,"ESTUDIO NOVO em escopo, sem vaga da disciplina do Vini no momento. 2 vaga(s) na planilha, de outras areas: Producer; Production Manager. Anuncios NAO baixados nem verificados - a checagem de veto so foi feita nas vagas da disciplina."
tinyurl.com/Animation-VFX-Game-job-studios -> planilha Google 1eR2oAXOuflr8CZeGoz3JTrsgNj3KuefbdXJOmNtjEVM,Lumatic Animation & VFX,Germany,Berlin,,nao,nao,,,"ESTUDIO NOVO em escopo, sem vaga da disciplina do Vini no momento. 1 vaga(s) na planilha, de outras areas: Production Manager. Anuncios NAO baixados nem verificados - a checagem de veto so foi feita nas vagas da disciplina."
tinyurl.com/Animation-VFX-Game-job-studios -> planilha Google 1eR2oAXOuflr8CZeGoz3JTrsgNj3KuefbdXJOmNtjEVM,Immersive Octopus,England,London,,nao,nao,,,"ESTUDIO NOVO em escopo, sem vaga da disciplina do Vini no momento. 1 vaga(s) na planilha, de outras areas: Producer. Anuncios NAO baixados nem verificados - a checagem de veto so foi feita nas vagas da disciplina."
tinyurl.com/Animation-VFX-Game-job-studios -> planilha Google 1eR2oAXOuflr8CZeGoz3JTrsgNj3KuefbdXJOmNtjEVM,Cahoots Studios,Scotland,Edinburgh,,nao,nao,,,"ESTUDIO NOVO em escopo, sem vaga da disciplina do Vini no momento. 2 vaga(s) na planilha, de outras areas: Producer; Production Coordinator. Anuncios NAO baixados nem verificados - a checagem de veto so foi feita nas vagas da disciplina."
tinyurl.com/Animation-VFX-Game-job-studios -> planilha Google 1eR2oAXOuflr8CZeGoz3JTrsgNj3KuefbdXJOmNtjEVM,Gimmick Studio,Canada,Montreal,,nao,nao,,,"ESTUDIO NOVO em escopo, sem vaga da disciplina do Vini no momento. 1 vaga(s) na planilha, de outras areas: Illustrator. Anuncios NAO baixados nem verificados - a checagem de veto so foi feita nas vagas da disciplina."
tinyurl.com/Animation-VFX-Game-job-studios -> planilha Google 1eR2oAXOuflr8CZeGoz3JTrsgNj3KuefbdXJOmNtjEVM,CLOSER,England,London,,nao,nao,,,"ESTUDIO NOVO em escopo, sem vaga da disciplina do Vini no momento. 2 vaga(s) na planilha, de outras areas: Resource Manager; Talent Manager. Anuncios NAO baixados nem verificados - a checagem de veto so foi feita nas vagas da disciplina."
tinyurl.com/Animation-VFX-Game-job-studios -> planilha Google 1eR2oAXOuflr8CZeGoz3JTrsgNj3KuefbdXJOmNtjEVM,Goalhanger,England,London,,nao,nao,,,"ESTUDIO NOVO em escopo, sem vaga da disciplina do Vini no momento. 1 vaga(s) na planilha, de outras areas: Producer. Anuncios NAO baixados nem verificados - a checagem de veto so foi feita nas vagas da disciplina."
tinyurl.com/Animation-VFX-Game-job-studios -> planilha Google 1eR2oAXOuflr8CZeGoz3JTrsgNj3KuefbdXJOmNtjEVM,OOOLALA,France,Bourg-lès-Valence,,nao,nao,,,"ESTUDIO NOVO em escopo, sem vaga da disciplina do Vini no momento. 2 vaga(s) na planilha, de outras areas: Compositor; Rigging Artist, 2D. Anuncios NAO baixados nem verificados - a checagem de veto so foi feita nas vagas da disciplina."
tinyurl.com/Animation-VFX-Game-job-studios -> planilha Google 1eR2oAXOuflr8CZeGoz3JTrsgNj3KuefbdXJOmNtjEVM,HundredStar Games,England,London,,nao,nao,,,"ESTUDIO NOVO em escopo, sem vaga da disciplina do Vini no momento. 1 vaga(s) na planilha, de outras areas: Level Designer. Anuncios NAO baixados nem verificados - a checagem de veto so foi feita nas vagas da disciplina."
tinyurl.com/Animation-VFX-Game-job-studios -> planilha Google 1eR2oAXOuflr8CZeGoz3JTrsgNj3KuefbdXJOmNtjEVM,Wooster Games,United States,Brooklyn,,nao,nao,,,"ESTUDIO NOVO em escopo, sem vaga da disciplina do Vini no momento. 1 vaga(s) na planilha, de outras areas: Environment Artist. Anuncios NAO baixados nem verificados - a checagem de veto so foi feita nas vagas da disciplina."
tinyurl.com/Animation-VFX-Game-job-studios -> planilha Google 1eR2oAXOuflr8CZeGoz3JTrsgNj3KuefbdXJOmNtjEVM,Fusebox Games,England,London,,nao,nao,,,"ESTUDIO NOVO em escopo, sem vaga da disciplina do Vini no momento. 1 vaga(s) na planilha, de outras areas: Writer. Anuncios NAO baixados nem verificados - a checagem de veto so foi feita nas vagas da disciplina."
tinyurl.com/Animation-VFX-Game-job-studios -> planilha Google 1eR2oAXOuflr8CZeGoz3JTrsgNj3KuefbdXJOmNtjEVM,agora.studio,Canada,Montreal,,nao,nao,,,"ESTUDIO NOVO em escopo, sem vaga da disciplina do Vini no momento. 1 vaga(s) na planilha, de outras areas: Social Media/Community Manager. Anuncios NAO baixados nem verificados - a checagem de veto so foi feita nas vagas da disciplina."
tinyurl.com/Animation-VFX-Game-job-studios -> planilha Google 1eR2oAXOuflr8CZeGoz3JTrsgNj3KuefbdXJOmNtjEVM,Qloud Games,Australia,Sydney,,nao,nao,,,"ESTUDIO NOVO em escopo, sem vaga da disciplina do Vini no momento. 1 vaga(s) na planilha, de outras areas: Trailer Editor/Capture Artist. Anuncios NAO baixados nem verificados - a checagem de veto so foi feita nas vagas da disciplina."
tinyurl.com/Animation-VFX-Game-job-studios -> planilha Google 1eR2oAXOuflr8CZeGoz3JTrsgNj3KuefbdXJOmNtjEVM,The Leyva Group,United States,Vancouver,,nao,nao,,,"ESTUDIO NOVO em escopo, sem vaga da disciplina do Vini no momento. 1 vaga(s) na planilha, de outras areas: Illustrator. Anuncios NAO baixados nem verificados - a checagem de veto so foi feita nas vagas da disciplina."
tinyurl.com/Animation-VFX-Game-job-studios -> planilha Google 1eR2oAXOuflr8CZeGoz3JTrsgNj3KuefbdXJOmNtjEVM,Viridian,Ireland,Dublin,,nao,nao,,,"ESTUDIO NOVO em escopo, sem vaga da disciplina do Vini no momento. 2 vaga(s) na planilha, de outras areas: Programmer; UI/UX Designer. Anuncios NAO baixados nem verificados - a checagem de veto so foi feita nas vagas da disciplina."
tinyurl.com/Animation-VFX-Game-job-studios -> planilha Google 1eR2oAXOuflr8CZeGoz3JTrsgNj3KuefbdXJOmNtjEVM,Primary Visual Effects,England,Bristol,,nao,nao,,,"ESTUDIO NOVO em escopo, sem vaga da disciplina do Vini no momento. 1 vaga(s) na planilha, de outras areas: Compositor. Anuncios NAO baixados nem verificados - a checagem de veto so foi feita nas vagas da disciplina."
tinyurl.com/Animation-VFX-Game-job-studios -> planilha Google 1eR2oAXOuflr8CZeGoz3JTrsgNj3KuefbdXJOmNtjEVM,Shifty Eye,Canada,Calgary,,nao,nao,,,"ESTUDIO NOVO em escopo, sem vaga da disciplina do Vini no momento. 2 vaga(s) na planilha, de outras areas: Animator, 3D; Environment Artist. Anuncios NAO baixados nem verificados - a checagem de veto so foi feita nas vagas da disciplina."
tinyurl.com/Animation-VFX-Game-job-studios -> planilha Google 1eR2oAXOuflr8CZeGoz3JTrsgNj3KuefbdXJOmNtjEVM,FLY MOUSTACHE,Portugal,Faro,,nao,nao,,,"ESTUDIO NOVO em escopo, sem vaga da disciplina do Vini no momento. 1 vaga(s) na planilha, de outras areas: Animation Supervisor, 2D. Anuncios NAO baixados nem verificados - a checagem de veto so foi feita nas vagas da disciplina."
tinyurl.com/Animation-VFX-Game-job-studios -> planilha Google 1eR2oAXOuflr8CZeGoz3JTrsgNj3KuefbdXJOmNtjEVM,A Productions Ltd,England,Bristol,,nao,nao,,,"ESTUDIO NOVO em escopo, sem vaga da disciplina do Vini no momento. 3 vaga(s) na planilha, de outras areas: Animatic Editor; Line Producer; Storyboard Artist. Anuncios NAO baixados nem verificados - a checagem de veto so foi feita nas vagas da disciplina."
tinyurl.com/Animation-VFX-Game-job-studios -> planilha Google 1eR2oAXOuflr8CZeGoz3JTrsgNj3KuefbdXJOmNtjEVM,Zero VFX,Canada,Montreal,,nao,nao,,,"ESTUDIO NOVO em escopo, sem vaga da disciplina do Vini no momento. 3 vaga(s) na planilha, de outras areas: Animator, 3D; Compositor; Producer. Anuncios NAO baixados nem verificados - a checagem de veto so foi feita nas vagas da disciplina."
tinyurl.com/Animation-VFX-Game-job-studios -> planilha Google 1eR2oAXOuflr8CZeGoz3JTrsgNj3KuefbdXJOmNtjEVM,Nexters,Cyprus,Larnaca,,nao,nao,,,"ESTUDIO NOVO em escopo, sem vaga da disciplina do Vini no momento. 4 vaga(s) na planilha, de outras areas: Combat Designer; Community Manager; Technical Artist; UI/UX Designer. Anuncios NAO baixados nem verificados - a checagem de veto so foi feita nas vagas da disciplina."
tinyurl.com/Animation-VFX-Game-job-studios -> planilha Google 1eR2oAXOuflr8CZeGoz3JTrsgNj3KuefbdXJOmNtjEVM,Pixel Toys,England,Leamington Spa,,nao,nao,,,"ESTUDIO NOVO em escopo, sem vaga da disciplina do Vini no momento. 1 vaga(s) na planilha, de outras areas: QA Manager. Anuncios NAO baixados nem verificados - a checagem de veto so foi feita nas vagas da disciplina."
tinyurl.com/Animation-VFX-Game-job-studios -> planilha Google 1eR2oAXOuflr8CZeGoz3JTrsgNj3KuefbdXJOmNtjEVM,Gears for Breakfast,Denmark,Copenhagen,,nao,nao,,,"ESTUDIO NOVO em escopo, sem vaga da disciplina do Vini no momento. 1 vaga(s) na planilha, de outras areas: Gameplay Designer. Anuncios NAO baixados nem verificados - a checagem de veto so foi feita nas vagas da disciplina."
tinyurl.com/Animation-VFX-Game-job-studios -> planilha Google 1eR2oAXOuflr8CZeGoz3JTrsgNj3KuefbdXJOmNtjEVM,Absurd Ventures,United States,Santa Monica,,nao,nao,,,"ESTUDIO NOVO em escopo, sem vaga da disciplina do Vini no momento. 2 vaga(s) na planilha, de outras areas: Gameplay Animator, 3D; Mission Designer. Anuncios NAO baixados nem verificados - a checagem de veto so foi feita nas vagas da disciplina."
tinyurl.com/Animation-VFX-Game-job-studios -> planilha Google 1eR2oAXOuflr8CZeGoz3JTrsgNj3KuefbdXJOmNtjEVM,Scape,Sweden,Stockholm,,nao,nao,,,"ESTUDIO NOVO em escopo, sem vaga da disciplina do Vini no momento. 2 vaga(s) na planilha, de outras areas: Community Manager; Gameplay Animator, 3D. Anuncios NAO baixados nem verificados - a checagem de veto so foi feita nas vagas da disciplina."
tinyurl.com/Animation-VFX-Game-job-studios -> planilha Google 1eR2oAXOuflr8CZeGoz3JTrsgNj3KuefbdXJOmNtjEVM,Sidekick Publishing,Germany,Berlin,,nao,nao,,,"ESTUDIO NOVO em escopo, sem vaga da disciplina do Vini no momento. 1 vaga(s) na planilha, de outras areas: Release Manager. Anuncios NAO baixados nem verificados - a checagem de veto so foi feita nas vagas da disciplina."
tinyurl.com/Animation-VFX-Game-job-studios -> planilha Google 1eR2oAXOuflr8CZeGoz3JTrsgNj3KuefbdXJOmNtjEVM,West Pier Studio,England,Brighton,,nao,nao,,,"ESTUDIO NOVO em escopo, sem vaga da disciplina do Vini no momento. 2 vaga(s) na planilha, de outras areas: 2D Artist; Animator, 2D. Anuncios NAO baixados nem verificados - a checagem de veto so foi feita nas vagas da disciplina."
tinyurl.com/Animation-VFX-Game-job-studios -> planilha Google 1eR2oAXOuflr8CZeGoz3JTrsgNj3KuefbdXJOmNtjEVM,Stormteller Games,Sweden,Gothenburg,,nao,nao,,,"ESTUDIO NOVO em escopo, sem vaga da disciplina do Vini no momento. 1 vaga(s) na planilha, de outras areas: Game DevOps Engineer. Anuncios NAO baixados nem verificados - a checagem de veto so foi feita nas vagas da disciplina."
tinyurl.com/Animation-VFX-Game-job-studios -> planilha Google 1eR2oAXOuflr8CZeGoz3JTrsgNj3KuefbdXJOmNtjEVM,Pure Imagination Studios,United States,Sherman Oaks,,nao,nao,,,"ESTUDIO NOVO em escopo, sem vaga da disciplina do Vini no momento. 1 vaga(s) na planilha, de outras areas: Unreal Artist. Anuncios NAO baixados nem verificados - a checagem de veto so foi feita nas vagas da disciplina."
tinyurl.com/Animation-VFX-Game-job-studios -> planilha Google 1eR2oAXOuflr8CZeGoz3JTrsgNj3KuefbdXJOmNtjEVM,Nori Productions,United States,Burbank,,nao,nao,,,"ESTUDIO NOVO em escopo, sem vaga da disciplina do Vini no momento. 1 vaga(s) na planilha, de outras areas: Animator, 2D. Anuncios NAO baixados nem verificados - a checagem de veto so foi feita nas vagas da disciplina."
tinyurl.com/Animation-VFX-Game-job-studios -> planilha Google 1eR2oAXOuflr8CZeGoz3JTrsgNj3KuefbdXJOmNtjEVM,Playdemic,England,Manchester,,nao,nao,,,"ESTUDIO NOVO em escopo, sem vaga da disciplina do Vini no momento. 1 vaga(s) na planilha, de outras areas: Development Director. Anuncios NAO baixados nem verificados - a checagem de veto so foi feita nas vagas da disciplina."
tinyurl.com/Animation-VFX-Game-job-studios -> planilha Google 1eR2oAXOuflr8CZeGoz3JTrsgNj3KuefbdXJOmNtjEVM,Coop Touski Animation,Canada,Quebec City,,nao,nao,,,"ESTUDIO NOVO em escopo, sem vaga da disciplina do Vini no momento. 2 vaga(s) na planilha, de outras areas: Animator, 2D; Rigging Artist, 2D. Anuncios NAO baixados nem verificados - a checagem de veto so foi feita nas vagas da disciplina."
tinyurl.com/Animation-VFX-Game-job-studios -> planilha Google 1eR2oAXOuflr8CZeGoz3JTrsgNj3KuefbdXJOmNtjEVM,Marvel Games,United States,Burbank,,nao,nao,,,"ESTUDIO NOVO em escopo, sem vaga da disciplina do Vini no momento. 1 vaga(s) na planilha, de outras areas: Product Development Manager. Anuncios NAO baixados nem verificados - a checagem de veto so foi feita nas vagas da disciplina."
tinyurl.com/Animation-VFX-Game-job-studios -> planilha Google 1eR2oAXOuflr8CZeGoz3JTrsgNj3KuefbdXJOmNtjEVM,Inferno Studios,England,London,,nao,nao,,,"ESTUDIO NOVO em escopo, sem vaga da disciplina do Vini no momento. 1 vaga(s) na planilha, de outras areas: VFX Artist. Anuncios NAO baixados nem verificados - a checagem de veto so foi feita nas vagas da disciplina."
tinyurl.com/Animation-VFX-Game-job-studios -> planilha Google 1eR2oAXOuflr8CZeGoz3JTrsgNj3KuefbdXJOmNtjEVM,NOOW,Netherlands,Amsterdam,,nao,nao,,,"ESTUDIO NOVO em escopo, sem vaga da disciplina do Vini no momento. 1 vaga(s) na planilha, de outras areas: Producer. Anuncios NAO baixados nem verificados - a checagem de veto so foi feita nas vagas da disciplina."
tinyurl.com/Animation-VFX-Game-job-studios -> planilha Google 1eR2oAXOuflr8CZeGoz3JTrsgNj3KuefbdXJOmNtjEVM,Articy Software,Germany,Bochum,,nao,nao,,,"ESTUDIO NOVO em escopo, sem vaga da disciplina do Vini no momento. 1 vaga(s) na planilha, de outras areas: Frontend Developer. Anuncios NAO baixados nem verificados - a checagem de veto so foi feita nas vagas da disciplina."
tinyurl.com/Animation-VFX-Game-job-studios -> planilha Google 1eR2oAXOuflr8CZeGoz3JTrsgNj3KuefbdXJOmNtjEVM,FutuRats,Italy,Turin,,nao,nao,,,"ESTUDIO NOVO em escopo, sem vaga da disciplina do Vini no momento. 3 vaga(s) na planilha, de outras areas: Game Designer; Programmer. Anuncios NAO baixados nem verificados - a checagem de veto so foi feita nas vagas da disciplina."
tinyurl.com/Animation-VFX-Game-job-studios -> planilha Google 1eR2oAXOuflr8CZeGoz3JTrsgNj3KuefbdXJOmNtjEVM,Treehouse,England,Bournemouth,,nao,nao,,,"ESTUDIO NOVO em escopo, sem vaga da disciplina do Vini no momento. 1 vaga(s) na planilha, de outras areas: Compositor. Anuncios NAO baixados nem verificados - a checagem de veto so foi feita nas vagas da disciplina."
tinyurl.com/Animation-VFX-Game-job-studios -> planilha Google 1eR2oAXOuflr8CZeGoz3JTrsgNj3KuefbdXJOmNtjEVM,Entain,England,London,,nao,nao,,,"ESTUDIO NOVO em escopo, sem vaga da disciplina do Vini no momento. 1 vaga(s) na planilha, de outras areas: Producer. Anuncios NAO baixados nem verificados - a checagem de veto so foi feita nas vagas da disciplina."
tinyurl.com/Animation-VFX-Game-job-studios -> planilha Google 1eR2oAXOuflr8CZeGoz3JTrsgNj3KuefbdXJOmNtjEVM,Avantis Education,England,Gloucester,,nao,nao,,,"ESTUDIO NOVO em escopo, sem vaga da disciplina do Vini no momento. 1 vaga(s) na planilha, de outras areas: Producer. Anuncios NAO baixados nem verificados - a checagem de veto so foi feita nas vagas da disciplina."
tinyurl.com/Animation-VFX-Game-job-studios -> planilha Google 1eR2oAXOuflr8CZeGoz3JTrsgNj3KuefbdXJOmNtjEVM,CarouselStudio,Spain,Las Palmas de Gran Canaria,,nao,nao,,,"ESTUDIO NOVO em escopo, sem vaga da disciplina do Vini no momento. 1 vaga(s) na planilha, de outras areas: Producer. Anuncios NAO baixados nem verificados - a checagem de veto so foi feita nas vagas da disciplina."
tinyurl.com/Animation-VFX-Game-job-studios -> planilha Google 1eR2oAXOuflr8CZeGoz3JTrsgNj3KuefbdXJOmNtjEVM,Softgames,Germany,Berlin,,nao,nao,,,"ESTUDIO NOVO em escopo, sem vaga da disciplina do Vini no momento. 5 vaga(s) na planilha, de outras areas: Content Designer; Game Designer; Producer. Anuncios NAO baixados nem verificados - a checagem de veto so foi feita nas vagas da disciplina."
tinyurl.com/Animation-VFX-Game-job-studios -> planilha Google 1eR2oAXOuflr8CZeGoz3JTrsgNj3KuefbdXJOmNtjEVM,El Guiri Studios,Spain,Madrid,,nao,nao,,,"ESTUDIO NOVO em escopo, sem vaga da disciplina do Vini no momento. 1 vaga(s) na planilha, de outras areas: Storyboard Artist. Anuncios NAO baixados nem verificados - a checagem de veto so foi feita nas vagas da disciplina."
tinyurl.com/Animation-VFX-Game-job-studios -> planilha Google 1eR2oAXOuflr8CZeGoz3JTrsgNj3KuefbdXJOmNtjEVM,welevel,Germany,Munich,,nao,nao,,,"ESTUDIO NOVO em escopo, sem vaga da disciplina do Vini no momento. 2 vaga(s) na planilha, de outras areas: Foliage Artist; Sound Designer. Anuncios NAO baixados nem verificados - a checagem de veto so foi feita nas vagas da disciplina."
tinyurl.com/Animation-VFX-Game-job-studios -> planilha Google 1eR2oAXOuflr8CZeGoz3JTrsgNj3KuefbdXJOmNtjEVM,Lionsgate,United States,Santa Monica,,nao,nao,,,"ESTUDIO NOVO em escopo, sem vaga da disciplina do Vini no momento. 1 vaga(s) na planilha, de outras areas: HR Coordinator. Anuncios NAO baixados nem verificados - a checagem de veto so foi feita nas vagas da disciplina."
tinyurl.com/Animation-VFX-Game-job-studios -> planilha Google 1eR2oAXOuflr8CZeGoz3JTrsgNj3KuefbdXJOmNtjEVM,Critical Path Games,Canada,Burnaby,,nao,nao,,,"ESTUDIO NOVO em escopo, sem vaga da disciplina do Vini no momento. 1 vaga(s) na planilha, de outras areas: Animator, 3D. Anuncios NAO baixados nem verificados - a checagem de veto so foi feita nas vagas da disciplina."
tinyurl.com/Animation-VFX-Game-job-studios -> planilha Google 1eR2oAXOuflr8CZeGoz3JTrsgNj3KuefbdXJOmNtjEVM,Baleuko,Spain,Durango,,nao,nao,,,"ESTUDIO NOVO em escopo, sem vaga da disciplina do Vini no momento. 1 vaga(s) na planilha, de outras areas: Animator, 2D. Anuncios NAO baixados nem verificados - a checagem de veto so foi feita nas vagas da disciplina."
tinyurl.com/Animation-VFX-Game-job-studios -> planilha Google 1eR2oAXOuflr8CZeGoz3JTrsgNj3KuefbdXJOmNtjEVM,Motive,Canada,Montreal,,nao,nao,,,"ESTUDIO NOVO em escopo, sem vaga da disciplina do Vini no momento. 1 vaga(s) na planilha, de outras areas: Game Designer. Anuncios NAO baixados nem verificados - a checagem de veto so foi feita nas vagas da disciplina."
tinyurl.com/Animation-VFX-Game-job-studios -> planilha Google 1eR2oAXOuflr8CZeGoz3JTrsgNj3KuefbdXJOmNtjEVM,New Moon Production,Germany,Hamburg,,nao,nao,,,"ESTUDIO NOVO em escopo, sem vaga da disciplina do Vini no momento. 1 vaga(s) na planilha, de outras areas: Product Manager. Anuncios NAO baixados nem verificados - a checagem de veto so foi feita nas vagas da disciplina."
tinyurl.com/Animation-VFX-Game-job-studios -> planilha Google 1eR2oAXOuflr8CZeGoz3JTrsgNj3KuefbdXJOmNtjEVM,SPIN VFX,Canada,Toronto,,nao,nao,,,"ESTUDIO NOVO em escopo, sem vaga da disciplina do Vini no momento. 1 vaga(s) na planilha, de outras areas: HR Manager. Anuncios NAO baixados nem verificados - a checagem de veto so foi feita nas vagas da disciplina."
tinyurl.com/Animation-VFX-Game-job-studios -> planilha Google 1eR2oAXOuflr8CZeGoz3JTrsgNj3KuefbdXJOmNtjEVM,Good Karma Entertainment,Italy,Milan,,nao,nao,,,"ESTUDIO NOVO em escopo, sem vaga da disciplina do Vini no momento. 1 vaga(s) na planilha, de outras areas: Production Assistant. Anuncios NAO baixados nem verificados - a checagem de veto so foi feita nas vagas da disciplina."
tinyurl.com/Animation-VFX-Game-job-studios -> planilha Google 1eR2oAXOuflr8CZeGoz3JTrsgNj3KuefbdXJOmNtjEVM,Astrid Entertainment,England,London,,nao,nao,,,"ESTUDIO NOVO em escopo, sem vaga da disciplina do Vini no momento. 2 vaga(s) na planilha, de outras areas: Gameplay Engineer; UI/UX Designer. Anuncios NAO baixados nem verificados - a checagem de veto so foi feita nas vagas da disciplina."
tinyurl.com/Animation-VFX-Game-job-studios -> planilha Google 1eR2oAXOuflr8CZeGoz3JTrsgNj3KuefbdXJOmNtjEVM,The Sweetspot,Germany,Hamburg,,nao,nao,,,"ESTUDIO NOVO em escopo, sem vaga da disciplina do Vini no momento. 3 vaga(s) na planilha, de outras areas: Art Director; Producer. Anuncios NAO baixados nem verificados - a checagem de veto so foi feita nas vagas da disciplina."
tinyurl.com/Animation-VFX-Game-job-studios -> planilha Google 1eR2oAXOuflr8CZeGoz3JTrsgNj3KuefbdXJOmNtjEVM,Halon,Scotland,Glasgow,,nao,nao,,,"ESTUDIO NOVO em escopo, sem vaga da disciplina do Vini no momento. 1 vaga(s) na planilha, de outras areas: Technical Artist. Anuncios NAO baixados nem verificados - a checagem de veto so foi feita nas vagas da disciplina."
tinyurl.com/Animation-VFX-Game-job-studios -> planilha Google 1eR2oAXOuflr8CZeGoz3JTrsgNj3KuefbdXJOmNtjEVM,Snap Finger Click,England,Brighton,,nao,nao,,,"ESTUDIO NOVO em escopo, sem vaga da disciplina do Vini no momento. 1 vaga(s) na planilha, de outras areas: Producer. Anuncios NAO baixados nem verificados - a checagem de veto so foi feita nas vagas da disciplina."
tinyurl.com/Animation-VFX-Game-job-studios -> planilha Google 1eR2oAXOuflr8CZeGoz3JTrsgNj3KuefbdXJOmNtjEVM,Los York,United States,Santa Monica,,nao,nao,,,"ESTUDIO NOVO em escopo, sem vaga da disciplina do Vini no momento. 1 vaga(s) na planilha, de outras areas: Head of Production. Anuncios NAO baixados nem verificados - a checagem de veto so foi feita nas vagas da disciplina."
tinyurl.com/Animation-VFX-Game-job-studios -> planilha Google 1eR2oAXOuflr8CZeGoz3JTrsgNj3KuefbdXJOmNtjEVM,High Palma Studios,Ukraine,,,nao,nao,,,"ESTUDIO NOVO em escopo, sem vaga da disciplina do Vini no momento. 1 vaga(s) na planilha, de outras areas: Animator, 2D. Anuncios NAO baixados nem verificados - a checagem de veto so foi feita nas vagas da disciplina."
tinyurl.com/Animation-VFX-Game-job-studios -> planilha Google 1eR2oAXOuflr8CZeGoz3JTrsgNj3KuefbdXJOmNtjEVM,Digital Sun Games,Spain,Valencia,,nao,nao,,,"ESTUDIO NOVO em escopo, sem vaga da disciplina do Vini no momento. 2 vaga(s) na planilha, de outras areas: Rigging Artist; VFX Artist. Anuncios NAO baixados nem verificados - a checagem de veto so foi feita nas vagas da disciplina."
tinyurl.com/Animation-VFX-Game-job-studios -> planilha Google 1eR2oAXOuflr8CZeGoz3JTrsgNj3KuefbdXJOmNtjEVM,Here Now Films,England,London,,nao,nao,,,"ESTUDIO NOVO em escopo, sem vaga da disciplina do Vini no momento. 1 vaga(s) na planilha, de outras areas: Film Editor. Anuncios NAO baixados nem verificados - a checagem de veto so foi feita nas vagas da disciplina."
tinyurl.com/Animation-VFX-Game-job-studios -> planilha Google 1eR2oAXOuflr8CZeGoz3JTrsgNj3KuefbdXJOmNtjEVM,Swift Games,Germany,Berlin,,nao,nao,,,"ESTUDIO NOVO em escopo, sem vaga da disciplina do Vini no momento. 1 vaga(s) na planilha, de outras areas: QA Tester. Anuncios NAO baixados nem verificados - a checagem de veto so foi feita nas vagas da disciplina."
tinyurl.com/Animation-VFX-Game-job-studios -> planilha Google 1eR2oAXOuflr8CZeGoz3JTrsgNj3KuefbdXJOmNtjEVM,Evil Empire,France,Bordeaux,,nao,nao,,,"ESTUDIO NOVO em escopo, sem vaga da disciplina do Vini no momento. 3 vaga(s) na planilha, de outras areas: 3D Artist; Game Director; Programmer. Anuncios NAO baixados nem verificados - a checagem de veto so foi feita nas vagas da disciplina."
tinyurl.com/Animation-VFX-Game-job-studios -> planilha Google 1eR2oAXOuflr8CZeGoz3JTrsgNj3KuefbdXJOmNtjEVM,Ricochet TV Production,England,Brighton,,nao,nao,,,"ESTUDIO NOVO em escopo, sem vaga da disciplina do Vini no momento. 1 vaga(s) na planilha, de outras areas: Offline Editor. Anuncios NAO baixados nem verificados - a checagem de veto so foi feita nas vagas da disciplina."
tinyurl.com/Animation-VFX-Game-job-studios -> planilha Google 1eR2oAXOuflr8CZeGoz3JTrsgNj3KuefbdXJOmNtjEVM,Blump Studio,France,Paris,,nao,nao,,,"ESTUDIO NOVO em escopo, sem vaga da disciplina do Vini no momento. 2 vaga(s) na planilha, de outras areas: 2D/3D Artist; Matte Painter/Concept Artist. Anuncios NAO baixados nem verificados - a checagem de veto so foi feita nas vagas da disciplina."
tinyurl.com/Animation-VFX-Game-job-studios -> planilha Google 1eR2oAXOuflr8CZeGoz3JTrsgNj3KuefbdXJOmNtjEVM,Factory Studios,England,London,,nao,nao,,,"ESTUDIO NOVO em escopo, sem vaga da disciplina do Vini no momento. 1 vaga(s) na planilha, de outras areas: Producer. Anuncios NAO baixados nem verificados - a checagem de veto so foi feita nas vagas da disciplina."
tinyurl.com/Animation-VFX-Game-job-studios -> planilha Google 1eR2oAXOuflr8CZeGoz3JTrsgNj3KuefbdXJOmNtjEVM,Nordeus,Serbia,Belgrade,,nao,nao,,,"ESTUDIO NOVO em escopo, sem vaga da disciplina do Vini no momento. 1 vaga(s) na planilha, de outras areas: Marketing Artist. Anuncios NAO baixados nem verificados - a checagem de veto so foi feita nas vagas da disciplina."
tinyurl.com/Animation-VFX-Game-job-studios -> planilha Google 1eR2oAXOuflr8CZeGoz3JTrsgNj3KuefbdXJOmNtjEVM,Firefly Studios,England,London,,nao,nao,,,"ESTUDIO NOVO em escopo, sem vaga da disciplina do Vini no momento. 1 vaga(s) na planilha, de outras areas: Cinematic Designer. Anuncios NAO baixados nem verificados - a checagem de veto so foi feita nas vagas da disciplina."
tinyurl.com/Animation-VFX-Game-job-studios -> planilha Google 1eR2oAXOuflr8CZeGoz3JTrsgNj3KuefbdXJOmNtjEVM,Second Star Games,England,Warrington,,nao,nao,,,"ESTUDIO NOVO em escopo, sem vaga da disciplina do Vini no momento. 4 vaga(s) na planilha, de outras areas: Animator, 3D; Background Artist; Cutscene Director; Technical Designer. Anuncios NAO baixados nem verificados - a checagem de veto so foi feita nas vagas da disciplina."
tinyurl.com/Animation-VFX-Game-job-studios -> planilha Google 1eR2oAXOuflr8CZeGoz3JTrsgNj3KuefbdXJOmNtjEVM,Titanium Clad Studios,United States,,,nao,nao,,,"ESTUDIO NOVO em escopo, sem vaga da disciplina do Vini no momento. 1 vaga(s) na planilha, de outras areas: Animator, 2D. Anuncios NAO baixados nem verificados - a checagem de veto so foi feita nas vagas da disciplina."
tinyurl.com/Animation-VFX-Game-job-studios -> planilha Google 1eR2oAXOuflr8CZeGoz3JTrsgNj3KuefbdXJOmNtjEVM,UPP,Czech Republic,Prague,,nao,nao,,,"ESTUDIO NOVO em escopo, sem vaga da disciplina do Vini no momento. 3 vaga(s) na planilha, de outras areas: Motion Designer; Project Coordinator. Anuncios NAO baixados nem verificados - a checagem de veto so foi feita nas vagas da disciplina."
tinyurl.com/Animation-VFX-Game-job-studios -> planilha Google 1eR2oAXOuflr8CZeGoz3JTrsgNj3KuefbdXJOmNtjEVM,Studio Wildcard,United States,Bellevue,,nao,nao,,,"ESTUDIO NOVO em escopo, sem vaga da disciplina do Vini no momento. 1 vaga(s) na planilha, de outras areas: Technical Animator. Anuncios NAO baixados nem verificados - a checagem de veto so foi feita nas vagas da disciplina."
tinyurl.com/Animation-VFX-Game-job-studios -> planilha Google 1eR2oAXOuflr8CZeGoz3JTrsgNj3KuefbdXJOmNtjEVM,JAM Media,Northern Ireland,Belfast,,nao,nao,,,"ESTUDIO NOVO em escopo, sem vaga da disciplina do Vini no momento. 1 vaga(s) na planilha, de outras areas: Animator, 2D. Anuncios NAO baixados nem verificados - a checagem de veto so foi feita nas vagas da disciplina."
tinyurl.com/Animation-VFX-Game-job-studios -> planilha Google 1eR2oAXOuflr8CZeGoz3JTrsgNj3KuefbdXJOmNtjEVM,Spinny Hat Studios,Canada,Calgary,,nao,nao,,,"ESTUDIO NOVO em escopo, sem vaga da disciplina do Vini no momento. 2 vaga(s) na planilha, de outras areas: Lighting Artist; Technical Animator. Anuncios NAO baixados nem verificados - a checagem de veto so foi feita nas vagas da disciplina."
tinyurl.com/Animation-VFX-Game-job-studios -> planilha Google 1eR2oAXOuflr8CZeGoz3JTrsgNj3KuefbdXJOmNtjEVM,GrandSon Creative,United States,Culver City,,nao,nao,,,"ESTUDIO NOVO em escopo, sem vaga da disciplina do Vini no momento. 2 vaga(s) na planilha, de outras areas: Art Director; Production Artist. Anuncios NAO baixados nem verificados - a checagem de veto so foi feita nas vagas da disciplina."
tinyurl.com/Animation-VFX-Game-job-studios -> planilha Google 1eR2oAXOuflr8CZeGoz3JTrsgNj3KuefbdXJOmNtjEVM,Flow Postproduction,Belgium,Antwerp,,nao,nao,,,"ESTUDIO NOVO em escopo, sem vaga da disciplina do Vini no momento. 2 vaga(s) na planilha, de outras areas: Producer; VFX Supervisor. Anuncios NAO baixados nem verificados - a checagem de veto so foi feita nas vagas da disciplina."
tinyurl.com/Animation-VFX-Game-job-studios -> planilha Google 1eR2oAXOuflr8CZeGoz3JTrsgNj3KuefbdXJOmNtjEVM,Elephant Goldfish,Ireland,Dublin,,nao,nao,,,"ESTUDIO NOVO em escopo, sem vaga da disciplina do Vini no momento. 1 vaga(s) na planilha, de outras areas: Compositing Supervisor. Anuncios NAO baixados nem verificados - a checagem de veto so foi feita nas vagas da disciplina."
tinyurl.com/Animation-VFX-Game-job-studios -> planilha Google 1eR2oAXOuflr8CZeGoz3JTrsgNj3KuefbdXJOmNtjEVM,The Heist,Canada,Toronto,,nao,nao,,,"ESTUDIO NOVO em escopo, sem vaga da disciplina do Vini no momento. 6 vaga(s) na planilha, de outras areas: Art Director; Motion Designer. Anuncios NAO baixados nem verificados - a checagem de veto so foi feita nas vagas da disciplina."
tinyurl.com/Animation-VFX-Game-job-studios -> planilha Google 1eR2oAXOuflr8CZeGoz3JTrsgNj3KuefbdXJOmNtjEVM,Broadwick Studio,England,London,,nao,nao,,,"ESTUDIO NOVO em escopo, sem vaga da disciplina do Vini no momento. 2 vaga(s) na planilha, de outras areas: Design Director; Retail Designer. Anuncios NAO baixados nem verificados - a checagem de veto so foi feita nas vagas da disciplina."
tinyurl.com/Animation-VFX-Game-job-studios -> planilha Google 1eR2oAXOuflr8CZeGoz3JTrsgNj3KuefbdXJOmNtjEVM,Minetta Interactive,United States,New York City,,nao,nao,,,"ESTUDIO NOVO em escopo, sem vaga da disciplina do Vini no momento. 2 vaga(s) na planilha, de outras areas: UI/UX Designer; Unity Developer. Anuncios NAO baixados nem verificados - a checagem de veto so foi feita nas vagas da disciplina."
tinyurl.com/Animation-VFX-Game-job-studios -> planilha Google 1eR2oAXOuflr8CZeGoz3JTrsgNj3KuefbdXJOmNtjEVM,Land & Sea,England,London,,nao,nao,,,"ESTUDIO NOVO em escopo, sem vaga da disciplina do Vini no momento. 1 vaga(s) na planilha, de outras areas: Programmer. Anuncios NAO baixados nem verificados - a checagem de veto so foi feita nas vagas da disciplina."
tinyurl.com/Animation-VFX-Game-job-studios -> planilha Google 1eR2oAXOuflr8CZeGoz3JTrsgNj3KuefbdXJOmNtjEVM,Coal Car Studio,Canada,Vancouver,,nao,nao,,,"ESTUDIO NOVO em escopo, sem vaga da disciplina do Vini no momento. 1 vaga(s) na planilha, de outras areas: Producer. Anuncios NAO baixados nem verificados - a checagem de veto so foi feita nas vagas da disciplina."
tinyurl.com/Animation-VFX-Game-job-studios -> planilha Google 1eR2oAXOuflr8CZeGoz3JTrsgNj3KuefbdXJOmNtjEVM,The Kobold Collective,Canada,Toronto,,nao,nao,,,"ESTUDIO NOVO em escopo, sem vaga da disciplina do Vini no momento. 1 vaga(s) na planilha, de outras areas: Gameplay Developer. Anuncios NAO baixados nem verificados - a checagem de veto so foi feita nas vagas da disciplina."
tinyurl.com/Animation-VFX-Game-job-studios -> planilha Google 1eR2oAXOuflr8CZeGoz3JTrsgNj3KuefbdXJOmNtjEVM,Skymap Games,Canada,,,nao,nao,,,"ESTUDIO NOVO em escopo, sem vaga da disciplina do Vini no momento. 1 vaga(s) na planilha, de outras areas: Engineer. Anuncios NAO baixados nem verificados - a checagem de veto so foi feita nas vagas da disciplina."
tinyurl.com/Animation-VFX-Game-job-studios -> planilha Google 1eR2oAXOuflr8CZeGoz3JTrsgNj3KuefbdXJOmNtjEVM,Headland Archaeology,England,Cleckheaton,,nao,nao,,,"ESTUDIO NOVO em escopo, sem vaga da disciplina do Vini no momento. 4 vaga(s) na planilha, de outras areas: Illustrator. Anuncios NAO baixados nem verificados - a checagem de veto so foi feita nas vagas da disciplina."
tinyurl.com/Animation-VFX-Game-job-studios -> planilha Google 1eR2oAXOuflr8CZeGoz3JTrsgNj3KuefbdXJOmNtjEVM,Weta Workshop,New Zealand,Wellington,,nao,nao,,,"ESTUDIO NOVO em escopo, sem vaga da disciplina do Vini no momento. 2 vaga(s) na planilha, de outras areas: Art Director; Concept Designer. Anuncios NAO baixados nem verificados - a checagem de veto so foi feita nas vagas da disciplina."
tinyurl.com/Animation-VFX-Game-job-studios -> planilha Google 1eR2oAXOuflr8CZeGoz3JTrsgNj3KuefbdXJOmNtjEVM,EA Create,Canada,Edmonton,,nao,nao,,,"ESTUDIO NOVO em escopo, sem vaga da disciplina do Vini no momento. 4 vaga(s) na planilha, de outras areas: Animator, 3D. Anuncios NAO baixados nem verificados - a checagem de veto so foi feita nas vagas da disciplina."
tinyurl.com/Animation-VFX-Game-job-studios -> planilha Google 1eR2oAXOuflr8CZeGoz3JTrsgNj3KuefbdXJOmNtjEVM,Hardsuit Labs,Canada,,,nao,nao,,,"ESTUDIO NOVO em escopo, sem vaga da disciplina do Vini no momento. 4 vaga(s) na planilha, de outras areas: Level Designer; Technical Artist. Anuncios NAO baixados nem verificados - a checagem de veto so foi feita nas vagas da disciplina."
tinyurl.com/Animation-VFX-Game-job-studios -> planilha Google 1eR2oAXOuflr8CZeGoz3JTrsgNj3KuefbdXJOmNtjEVM,Brain Jar Games,United States,San Francisco,,nao,nao,,,"ESTUDIO NOVO em escopo, sem vaga da disciplina do Vini no momento. 1 vaga(s) na planilha, de outras areas: Sound Designer. Anuncios NAO baixados nem verificados - a checagem de veto so foi feita nas vagas da disciplina."
tinyurl.com/Animation-VFX-Game-job-studios -> planilha Google 1eR2oAXOuflr8CZeGoz3JTrsgNj3KuefbdXJOmNtjEVM,Turnip & Duck,Ireland,Dublin,,nao,nao,,,"ESTUDIO NOVO em escopo, sem vaga da disciplina do Vini no momento. 2 vaga(s) na planilha, de outras areas: Audio Assistant Trainee; Production & Digital Assistant Trainee. Anuncios NAO baixados nem verificados - a checagem de veto so foi feita nas vagas da disciplina."
tinyurl.com/Animation-VFX-Game-job-studios -> planilha Google 1eR2oAXOuflr8CZeGoz3JTrsgNj3KuefbdXJOmNtjEVM,Six Studios,United States,Los Angeles,,nao,nao,,,"ESTUDIO NOVO em escopo, sem vaga da disciplina do Vini no momento. 1 vaga(s) na planilha, de outras areas: Production Coordinator. Anuncios NAO baixados nem verificados - a checagem de veto so foi feita nas vagas da disciplina."
tinyurl.com/Animation-VFX-Game-job-studios -> planilha Google 1eR2oAXOuflr8CZeGoz3JTrsgNj3KuefbdXJOmNtjEVM,Together,England,London,,nao,nao,,,"ESTUDIO NOVO em escopo, sem vaga da disciplina do Vini no momento. 1 vaga(s) na planilha, de outras areas: Motion Designer. Anuncios NAO baixados nem verificados - a checagem de veto so foi feita nas vagas da disciplina."
tinyurl.com/Animation-VFX-Game-job-studios -> planilha Google 1eR2oAXOuflr8CZeGoz3JTrsgNj3KuefbdXJOmNtjEVM,Unorthodox,England,London,,nao,nao,,,"ESTUDIO NOVO em escopo, sem vaga da disciplina do Vini no momento. 1 vaga(s) na planilha, de outras areas: 3D Artist. Anuncios NAO baixados nem verificados - a checagem de veto so foi feita nas vagas da disciplina."
tinyurl.com/Animation-VFX-Game-job-studios -> planilha Google 1eR2oAXOuflr8CZeGoz3JTrsgNj3KuefbdXJOmNtjEVM,The Charactershop,England,Worcester,,nao,nao,,,"ESTUDIO NOVO em escopo, sem vaga da disciplina do Vini no momento. 1 vaga(s) na planilha, de outras areas: Production Coordinator. Anuncios NAO baixados nem verificados - a checagem de veto so foi feita nas vagas da disciplina."
tinyurl.com/Animation-VFX-Game-job-studios -> planilha Google 1eR2oAXOuflr8CZeGoz3JTrsgNj3KuefbdXJOmNtjEVM,Coffee Stain Studios,Sweden,Stockholm,,nao,nao,,,"ESTUDIO NOVO em escopo, sem vaga da disciplina do Vini no momento. 1 vaga(s) na planilha, de outras areas: Art Director. Anuncios NAO baixados nem verificados - a checagem de veto so foi feita nas vagas da disciplina."
tinyurl.com/Animation-VFX-Game-job-studios -> planilha Google 1eR2oAXOuflr8CZeGoz3JTrsgNj3KuefbdXJOmNtjEVM,The Three Thousands,Australia,Melbourne,,nao,nao,,,"ESTUDIO NOVO em escopo, sem vaga da disciplina do Vini no momento. 2 vaga(s) na planilha, de outras areas: Software Engineer. Anuncios NAO baixados nem verificados - a checagem de veto so foi feita nas vagas da disciplina."
tinyurl.com/Animation-VFX-Game-job-studios -> planilha Google 1eR2oAXOuflr8CZeGoz3JTrsgNj3KuefbdXJOmNtjEVM,Scholar,United States,Los Angeles,,nao,nao,,,"ESTUDIO NOVO em escopo, sem vaga da disciplina do Vini no momento. 1 vaga(s) na planilha, de outras areas: Compositor. Anuncios NAO baixados nem verificados - a checagem de veto so foi feita nas vagas da disciplina."
tinyurl.com/Animation-VFX-Game-job-studios -> planilha Google 1eR2oAXOuflr8CZeGoz3JTrsgNj3KuefbdXJOmNtjEVM,Magic Beans Studios,United States,Los Angeles,,nao,nao,,,"ESTUDIO NOVO em escopo, sem vaga da disciplina do Vini no momento. 1 vaga(s) na planilha, de outras areas: Storyboard Artist. Anuncios NAO baixados nem verificados - a checagem de veto so foi feita nas vagas da disciplina."
tinyurl.com/Animation-VFX-Game-job-studios -> planilha Google 1eR2oAXOuflr8CZeGoz3JTrsgNj3KuefbdXJOmNtjEVM,KOTOC,Spain,Barcelona,,nao,nao,,,"ESTUDIO NOVO em escopo, sem vaga da disciplina do Vini no momento. 2 vaga(s) na planilha, de outras areas: 3D Artist; Animator, 3D. Anuncios NAO baixados nem verificados - a checagem de veto so foi feita nas vagas da disciplina."
tinyurl.com/Animation-VFX-Game-job-studios -> planilha Google 1eR2oAXOuflr8CZeGoz3JTrsgNj3KuefbdXJOmNtjEVM,Media Molecule,England,Guildford,,nao,nao,,,"ESTUDIO NOVO em escopo, sem vaga da disciplina do Vini no momento. 1 vaga(s) na planilha, de outras areas: UI Artist. Anuncios NAO baixados nem verificados - a checagem de veto so foi feita nas vagas da disciplina."
tinyurl.com/Animation-VFX-Game-job-studios -> planilha Google 1eR2oAXOuflr8CZeGoz3JTrsgNj3KuefbdXJOmNtjEVM,Lightspeed Studios,United States,Los Angeles,,nao,nao,,,"ESTUDIO NOVO em escopo, sem vaga da disciplina do Vini no momento. 2 vaga(s) na planilha, de outras areas: Technical Animator; Technical Artist. Anuncios NAO baixados nem verificados - a checagem de veto so foi feita nas vagas da disciplina."
tinyurl.com/Animation-VFX-Game-job-studios -> planilha Google 1eR2oAXOuflr8CZeGoz3JTrsgNj3KuefbdXJOmNtjEVM,Firesprite,England,Liverpool,,nao,nao,,,"ESTUDIO NOVO em escopo, sem vaga da disciplina do Vini no momento. 1 vaga(s) na planilha, de outras areas: Producer. Anuncios NAO baixados nem verificados - a checagem de veto so foi feita nas vagas da disciplina."
tinyurl.com/Animation-VFX-Game-job-studios -> planilha Google 1eR2oAXOuflr8CZeGoz3JTrsgNj3KuefbdXJOmNtjEVM,Alane Adams Studios,United States,Orange County,,nao,nao,,,"ESTUDIO NOVO em escopo, sem vaga da disciplina do Vini no momento. 1 vaga(s) na planilha, de outras areas: Screenwriter. Anuncios NAO baixados nem verificados - a checagem de veto so foi feita nas vagas da disciplina."
tinyurl.com/Animation-VFX-Game-job-studios -> planilha Google 1eR2oAXOuflr8CZeGoz3JTrsgNj3KuefbdXJOmNtjEVM,Fathom VFX,New Zealand,Auckland,,nao,nao,,,"ESTUDIO NOVO em escopo, sem vaga da disciplina do Vini no momento. 1 vaga(s) na planilha, de outras areas: Compositor. Anuncios NAO baixados nem verificados - a checagem de veto so foi feita nas vagas da disciplina."
tinyurl.com/Animation-VFX-Game-job-studios -> planilha Google 1eR2oAXOuflr8CZeGoz3JTrsgNj3KuefbdXJOmNtjEVM,Ironbelly Studios,Canada,Montreal,,nao,nao,,,"ESTUDIO NOVO em escopo, sem vaga da disciplina do Vini no momento. 2 vaga(s) na planilha, de outras areas: Backend Engineer; Gameplay Developer. Anuncios NAO baixados nem verificados - a checagem de veto so foi feita nas vagas da disciplina."
tinyurl.com/Animation-VFX-Game-job-studios -> planilha Google 1eR2oAXOuflr8CZeGoz3JTrsgNj3KuefbdXJOmNtjEVM,SHARKBYTE,United States,,,nao,nao,,,"ESTUDIO NOVO em escopo, sem vaga da disciplina do Vini no momento. 2 vaga(s) na planilha, de outras areas: Storyboard Artist; Writer. Anuncios NAO baixados nem verificados - a checagem de veto so foi feita nas vagas da disciplina."
tinyurl.com/Animation-VFX-Game-job-studios -> planilha Google 1eR2oAXOuflr8CZeGoz3JTrsgNj3KuefbdXJOmNtjEVM,Chess.com,United States,Orem,,nao,nao,,,"ESTUDIO NOVO em escopo, sem vaga da disciplina do Vini no momento. 2 vaga(s) na planilha, de outras areas: Product Manager; UI/UX Designer. Anuncios NAO baixados nem verificados - a checagem de veto so foi feita nas vagas da disciplina."
tinyurl.com/Animation-VFX-Game-job-studios -> planilha Google 1eR2oAXOuflr8CZeGoz3JTrsgNj3KuefbdXJOmNtjEVM,Nethertales LLC,United States,Philadelphia,,nao,nao,,,"ESTUDIO NOVO em escopo, sem vaga da disciplina do Vini no momento. 1 vaga(s) na planilha, de outras areas: Animator, 2D. Anuncios NAO baixados nem verificados - a checagem de veto so foi feita nas vagas da disciplina."
tinyurl.com/Animation-VFX-Game-job-studios -> planilha Google 1eR2oAXOuflr8CZeGoz3JTrsgNj3KuefbdXJOmNtjEVM,Adam's Animation Academy,England,Manchester,,nao,nao,,,"ESTUDIO NOVO em escopo, sem vaga da disciplina do Vini no momento. 1 vaga(s) na planilha, de outras areas: Rigging Artist, 2D. Anuncios NAO baixados nem verificados - a checagem de veto so foi feita nas vagas da disciplina."
tinyurl.com/Animation-VFX-Game-job-studios -> planilha Google 1eR2oAXOuflr8CZeGoz3JTrsgNj3KuefbdXJOmNtjEVM,Gismart,England,London,,nao,nao,,,"ESTUDIO NOVO em escopo, sem vaga da disciplina do Vini no momento. 1 vaga(s) na planilha, de outras areas: Producer. Anuncios NAO baixados nem verificados - a checagem de veto so foi feita nas vagas da disciplina."
tinyurl.com/Animation-VFX-Game-job-studios -> planilha Google 1eR2oAXOuflr8CZeGoz3JTrsgNj3KuefbdXJOmNtjEVM,Apparent,Australia,Sydney,,nao,nao,,,"ESTUDIO NOVO em escopo, sem vaga da disciplina do Vini no momento. 2 vaga(s) na planilha, de outras areas: Design Manager; Designer. Anuncios NAO baixados nem verificados - a checagem de veto so foi feita nas vagas da disciplina."
tinyurl.com/Animation-VFX-Game-job-studios -> planilha Google 1eR2oAXOuflr8CZeGoz3JTrsgNj3KuefbdXJOmNtjEVM,Little Zoo Studio,United States,,,nao,nao,,,"ESTUDIO NOVO em escopo, sem vaga da disciplina do Vini no momento. 1 vaga(s) na planilha, de outras areas: Animator, 3D. Anuncios NAO baixados nem verificados - a checagem de veto so foi feita nas vagas da disciplina."
tinyurl.com/Animation-VFX-Game-job-studios -> planilha Google 1eR2oAXOuflr8CZeGoz3JTrsgNj3KuefbdXJOmNtjEVM,ORAGE Studio,France,Paris,,nao,nao,,,"ESTUDIO NOVO em escopo, sem vaga da disciplina do Vini no momento. 2 vaga(s) na planilha, de outras areas: Production Assistant; Production Manager. Anuncios NAO baixados nem verificados - a checagem de veto so foi feita nas vagas da disciplina."
tinyurl.com/Animation-VFX-Game-job-studios -> planilha Google 1eR2oAXOuflr8CZeGoz3JTrsgNj3KuefbdXJOmNtjEVM,WB Games,Canada,Montreal,,nao,nao,,,"ESTUDIO NOVO em escopo, sem vaga da disciplina do Vini no momento. 5 vaga(s) na planilha, de outras areas: Level Artist; Producer; Technical Animator; Technical Designer; VFX Artist. Anuncios NAO baixados nem verificados - a checagem de veto so foi feita nas vagas da disciplina."
tinyurl.com/Animation-VFX-Game-job-studios -> planilha Google 1eR2oAXOuflr8CZeGoz3JTrsgNj3KuefbdXJOmNtjEVM,Lightfox Games,Canada,Vancouver,,nao,nao,,,"ESTUDIO NOVO em escopo, sem vaga da disciplina do Vini no momento. 3 vaga(s) na planilha, de outras areas: 3D Artist; Level Designer; VFX Artist. Anuncios NAO baixados nem verificados - a checagem de veto so foi feita nas vagas da disciplina."
tinyurl.com/Animation-VFX-Game-job-studios -> planilha Google 1eR2oAXOuflr8CZeGoz3JTrsgNj3KuefbdXJOmNtjEVM,Mr. Wolf,Canada,Vancouver,,nao,nao,,,"ESTUDIO NOVO em escopo, sem vaga da disciplina do Vini no momento. 1 vaga(s) na planilha, de outras areas: FX Artist. Anuncios NAO baixados nem verificados - a checagem de veto so foi feita nas vagas da disciplina."
tinyurl.com/Animation-VFX-Game-job-studios -> planilha Google 1eR2oAXOuflr8CZeGoz3JTrsgNj3KuefbdXJOmNtjEVM,Red Hook Studios,Canada,Vancouver,,nao,nao,,,"ESTUDIO NOVO em escopo, sem vaga da disciplina do Vini no momento. 2 vaga(s) na planilha, de outras areas: Backend Engineer; Technical Artist. Anuncios NAO baixados nem verificados - a checagem de veto so foi feita nas vagas da disciplina."
tinyurl.com/Animation-VFX-Game-job-studios -> planilha Google 1eR2oAXOuflr8CZeGoz3JTrsgNj3KuefbdXJOmNtjEVM,Sony Pictures Entertainment,United States,Culver City,,nao,nao,,,"ESTUDIO NOVO em escopo, sem vaga da disciplina do Vini no momento. 1 vaga(s) na planilha, de outras areas: Coordinator, Post-Production Operations. Anuncios NAO baixados nem verificados - a checagem de veto so foi feita nas vagas da disciplina."
tinyurl.com/Animation-VFX-Game-job-studios -> planilha Google 1eR2oAXOuflr8CZeGoz3JTrsgNj3KuefbdXJOmNtjEVM,Skybound Animation,United States,North Hollywood,,nao,nao,,,"ESTUDIO NOVO em escopo, sem vaga da disciplina do Vini no momento. 1 vaga(s) na planilha, de outras areas: Production Assistant. Anuncios NAO baixados nem verificados - a checagem de veto so foi feita nas vagas da disciplina."
tinyurl.com/Animation-VFX-Game-job-studios -> planilha Google 1eR2oAXOuflr8CZeGoz3JTrsgNj3KuefbdXJOmNtjEVM,GameDuell,Germany,Berlin,,nao,nao,,,"ESTUDIO NOVO em escopo, sem vaga da disciplina do Vini no momento. 2 vaga(s) na planilha, de outras areas: Game Designer; UI Artist. Anuncios NAO baixados nem verificados - a checagem de veto so foi feita nas vagas da disciplina."
tinyurl.com/Animation-VFX-Game-job-studios -> planilha Google 1eR2oAXOuflr8CZeGoz3JTrsgNj3KuefbdXJOmNtjEVM,CipSoft,Germany,Regensburg,,nao,nao,,,"ESTUDIO NOVO em escopo, sem vaga da disciplina do Vini no momento. 2 vaga(s) na planilha, de outras areas: Community Manager; Game Content Designer. Anuncios NAO baixados nem verificados - a checagem de veto so foi feita nas vagas da disciplina."
tinyurl.com/Animation-VFX-Game-job-studios -> planilha Google 1eR2oAXOuflr8CZeGoz3JTrsgNj3KuefbdXJOmNtjEVM,Ghost Story Games,United States,Boston,,nao,nao,,,"ESTUDIO NOVO em escopo, sem vaga da disciplina do Vini no momento. 1 vaga(s) na planilha, de outras areas: Game Designer. Anuncios NAO baixados nem verificados - a checagem de veto so foi feita nas vagas da disciplina."
tinyurl.com/Animation-VFX-Game-job-studios -> planilha Google 1eR2oAXOuflr8CZeGoz3JTrsgNj3KuefbdXJOmNtjEVM,tobspr Games,Germany,Munich,,nao,nao,,,"ESTUDIO NOVO em escopo, sem vaga da disciplina do Vini no momento. 1 vaga(s) na planilha, de outras areas: Game Designer. Anuncios NAO baixados nem verificados - a checagem de veto so foi feita nas vagas da disciplina."
tinyurl.com/Animation-VFX-Game-job-studios -> planilha Google 1eR2oAXOuflr8CZeGoz3JTrsgNj3KuefbdXJOmNtjEVM,MobilityWare,United States,Irvine,,nao,nao,,,"ESTUDIO NOVO em escopo, sem vaga da disciplina do Vini no momento. 1 vaga(s) na planilha, de outras areas: Illustrator. Anuncios NAO baixados nem verificados - a checagem de veto so foi feita nas vagas da disciplina."
tinyurl.com/Animation-VFX-Game-job-studios -> planilha Google 1eR2oAXOuflr8CZeGoz3JTrsgNj3KuefbdXJOmNtjEVM,Goodname Studio,Lithuania,Vilnius,,nao,nao,,,"ESTUDIO NOVO em escopo, sem vaga da disciplina do Vini no momento. 1 vaga(s) na planilha, de outras areas: Concept Artist. Anuncios NAO baixados nem verificados - a checagem de veto so foi feita nas vagas da disciplina."
tinyurl.com/Animation-VFX-Game-job-studios -> planilha Google 1eR2oAXOuflr8CZeGoz3JTrsgNj3KuefbdXJOmNtjEVM,Troll VFX,Finland,Tampere,,nao,nao,,,"ESTUDIO NOVO em escopo, sem vaga da disciplina do Vini no momento. 1 vaga(s) na planilha, de outras areas: Production Finance Manager. Anuncios NAO baixados nem verificados - a checagem de veto so foi feita nas vagas da disciplina."
tinyurl.com/Animation-VFX-Game-job-studios -> planilha Google 1eR2oAXOuflr8CZeGoz3JTrsgNj3KuefbdXJOmNtjEVM,Skywalker Sound Development Group,United States,Nicasio,,nao,nao,,,"ESTUDIO NOVO em escopo, sem vaga da disciplina do Vini no momento. 1 vaga(s) na planilha, de outras areas: Software Engineer. Anuncios NAO baixados nem verificados - a checagem de veto so foi feita nas vagas da disciplina."
tinyurl.com/Animation-VFX-Game-job-studios -> planilha Google 1eR2oAXOuflr8CZeGoz3JTrsgNj3KuefbdXJOmNtjEVM,MAD Entertainment,Italy,Naples,,nao,nao,,,"ESTUDIO NOVO em escopo, sem vaga da disciplina do Vini no momento. 2 vaga(s) na planilha, de outras areas: Animator, 2D; Animator, 3D. Anuncios NAO baixados nem verificados - a checagem de veto so foi feita nas vagas da disciplina."
tinyurl.com/Animation-VFX-Game-job-studios -> planilha Google 1eR2oAXOuflr8CZeGoz3JTrsgNj3KuefbdXJOmNtjEVM,The Vigilante Group,England,London,,nao,nao,,,"ESTUDIO NOVO em escopo, sem vaga da disciplina do Vini no momento. 1 vaga(s) na planilha, de outras areas: Production Assistant. Anuncios NAO baixados nem verificados - a checagem de veto so foi feita nas vagas da disciplina."
tinyurl.com/Animation-VFX-Game-job-studios -> planilha Google 1eR2oAXOuflr8CZeGoz3JTrsgNj3KuefbdXJOmNtjEVM,Room 8 Group,Canada,Montreal,,nao,nao,,,"ESTUDIO NOVO em escopo, sem vaga da disciplina do Vini no momento. 1 vaga(s) na planilha, de outras areas: Game Designer. Anuncios NAO baixados nem verificados - a checagem de veto so foi feita nas vagas da disciplina."
tinyurl.com/Animation-VFX-Game-job-studios -> planilha Google 1eR2oAXOuflr8CZeGoz3JTrsgNj3KuefbdXJOmNtjEVM,PUBG Studios,South Korea,Seoul,,nao,nao,,,"ESTUDIO NOVO em escopo, sem vaga da disciplina do Vini no momento. 1 vaga(s) na planilha, de outras areas: Technical Artist. Anuncios NAO baixados nem verificados - a checagem de veto so foi feita nas vagas da disciplina."
tinyurl.com/Animation-VFX-Game-job-studios -> planilha Google 1eR2oAXOuflr8CZeGoz3JTrsgNj3KuefbdXJOmNtjEVM,Sportradar,Austria,Vienna,,nao,nao,,,"ESTUDIO NOVO em escopo, sem vaga da disciplina do Vini no momento. 1 vaga(s) na planilha, de outras areas: Game Designer. Anuncios NAO baixados nem verificados - a checagem de veto so foi feita nas vagas da disciplina."
tinyurl.com/Animation-VFX-Game-job-studios -> planilha Google 1eR2oAXOuflr8CZeGoz3JTrsgNj3KuefbdXJOmNtjEVM,Goliath,Poland,Kraków,,nao,nao,,,"ESTUDIO NOVO em escopo, sem vaga da disciplina do Vini no momento. 3 vaga(s) na planilha, de outras areas: Animator, 2D; QA Specialist. Anuncios NAO baixados nem verificados - a checagem de veto so foi feita nas vagas da disciplina."
tinyurl.com/Animation-VFX-Game-job-studios -> planilha Google 1eR2oAXOuflr8CZeGoz3JTrsgNj3KuefbdXJOmNtjEVM,Residence Pictures,England,London,,nao,nao,,,"ESTUDIO NOVO em escopo, sem vaga da disciplina do Vini no momento. 1 vaga(s) na planilha, de outras areas: Conform Assistant. Anuncios NAO baixados nem verificados - a checagem de veto so foi feita nas vagas da disciplina."
tinyurl.com/Animation-VFX-Game-job-studios -> planilha Google 1eR2oAXOuflr8CZeGoz3JTrsgNj3KuefbdXJOmNtjEVM,Treehouse Ninjas,Hungary,Budapest,,nao,nao,,,"ESTUDIO NOVO em escopo, sem vaga da disciplina do Vini no momento. 1 vaga(s) na planilha, de outras areas: Production Coordinator. Anuncios NAO baixados nem verificados - a checagem de veto so foi feita nas vagas da disciplina."
tinyurl.com/Animation-VFX-Game-job-studios -> planilha Google 1eR2oAXOuflr8CZeGoz3JTrsgNj3KuefbdXJOmNtjEVM,Dark Shadow VFX,Canada,Vancouver,,nao,nao,,,"ESTUDIO NOVO em escopo, sem vaga da disciplina do Vini no momento. 1 vaga(s) na planilha, de outras areas: Compositor. Anuncios NAO baixados nem verificados - a checagem de veto so foi feita nas vagas da disciplina."
tinyurl.com/Animation-VFX-Game-job-studios -> planilha Google 1eR2oAXOuflr8CZeGoz3JTrsgNj3KuefbdXJOmNtjEVM,CarpeDiem,Canada,Montreal,,nao,nao,,,"ESTUDIO NOVO em escopo, sem vaga da disciplina do Vini no momento. 1 vaga(s) na planilha, de outras areas: Animator, 3D. Anuncios NAO baixados nem verificados - a checagem de veto so foi feita nas vagas da disciplina."
tinyurl.com/Animation-VFX-Game-job-studios -> planilha Google 1eR2oAXOuflr8CZeGoz3JTrsgNj3KuefbdXJOmNtjEVM,GRIP Studios,Czech Republic,Prague,,nao,nao,,,"ESTUDIO NOVO em escopo, sem vaga da disciplina do Vini no momento. 1 vaga(s) na planilha, de outras areas: Concept Artist. Anuncios NAO baixados nem verificados - a checagem de veto so foi feita nas vagas da disciplina."
tinyurl.com/Animation-VFX-Game-job-studios -> planilha Google 1eR2oAXOuflr8CZeGoz3JTrsgNj3KuefbdXJOmNtjEVM,NFB,Canada,Montreal,,nao,nao,,,"ESTUDIO NOVO em escopo, sem vaga da disciplina do Vini no momento. 1 vaga(s) na planilha, de outras areas: Line Producer. Anuncios NAO baixados nem verificados - a checagem de veto so foi feita nas vagas da disciplina."
tinyurl.com/Animation-VFX-Game-job-studios -> planilha Google 1eR2oAXOuflr8CZeGoz3JTrsgNj3KuefbdXJOmNtjEVM,Territory Studio,United States,San Francisco,,nao,nao,,,"ESTUDIO NOVO em escopo, sem vaga da disciplina do Vini no momento. 1 vaga(s) na planilha, de outras areas: Studio Ops & Resource Coordinator. Anuncios NAO baixados nem verificados - a checagem de veto so foi feita nas vagas da disciplina."
tinyurl.com/Animation-VFX-Game-job-studios -> planilha Google 1eR2oAXOuflr8CZeGoz3JTrsgNj3KuefbdXJOmNtjEVM,Mana Animation Studio,United States,Los Angeles,,nao,nao,,,"ESTUDIO NOVO em escopo, sem vaga da disciplina do Vini no momento. 1 vaga(s) na planilha, de outras areas: Layout Artist, 3D. Anuncios NAO baixados nem verificados - a checagem de veto so foi feita nas vagas da disciplina."
tinyurl.com/Animation-VFX-Game-job-studios -> planilha Google 1eR2oAXOuflr8CZeGoz3JTrsgNj3KuefbdXJOmNtjEVM,Double Eleven,England,Middlesbrough,,nao,nao,,,"ESTUDIO NOVO em escopo, sem vaga da disciplina do Vini no momento. 1 vaga(s) na planilha, de outras areas: 3D Artist. Anuncios NAO baixados nem verificados - a checagem de veto so foi feita nas vagas da disciplina."
tinyurl.com/Animation-VFX-Game-job-studios -> planilha Google 1eR2oAXOuflr8CZeGoz3JTrsgNj3KuefbdXJOmNtjEVM,Bloxd,England,London,,nao,nao,,,"ESTUDIO NOVO em escopo, sem vaga da disciplina do Vini no momento. 1 vaga(s) na planilha, de outras areas: Environment Artist. Anuncios NAO baixados nem verificados - a checagem de veto so foi feita nas vagas da disciplina."
tinyurl.com/Animation-VFX-Game-job-studios -> planilha Google 1eR2oAXOuflr8CZeGoz3JTrsgNj3KuefbdXJOmNtjEVM,Digital Eclipse,United States,Emeryville,,nao,nao,,,"ESTUDIO NOVO em escopo, sem vaga da disciplina do Vini no momento. 2 vaga(s) na planilha, de outras areas: Concept Designer; Producer. Anuncios NAO baixados nem verificados - a checagem de veto so foi feita nas vagas da disciplina."
tinyurl.com/Animation-VFX-Game-job-studios -> planilha Google 1eR2oAXOuflr8CZeGoz3JTrsgNj3KuefbdXJOmNtjEVM,Studio MDHR,Canada,Toronto,,nao,nao,,,"ESTUDIO NOVO em escopo, sem vaga da disciplina do Vini no momento. 1 vaga(s) na planilha, de outras areas: Technical Artist / Art Implementer. Anuncios NAO baixados nem verificados - a checagem de veto so foi feita nas vagas da disciplina."
tinyurl.com/Animation-VFX-Game-job-studios -> planilha Google 1eR2oAXOuflr8CZeGoz3JTrsgNj3KuefbdXJOmNtjEVM,Hypixel Studios,Northern Ireland,Londonderry,,nao,nao,,,"ESTUDIO NOVO em escopo, sem vaga da disciplina do Vini no momento. 3 vaga(s) na planilha, de outras areas: Combat Designer; NPC Developer; World Designer. Anuncios NAO baixados nem verificados - a checagem de veto so foi feita nas vagas da disciplina."
tinyurl.com/Animation-VFX-Game-job-studios -> planilha Google 1eR2oAXOuflr8CZeGoz3JTrsgNj3KuefbdXJOmNtjEVM,Chrome Productions,England,London,,nao,nao,,,"ESTUDIO NOVO em escopo, sem vaga da disciplina do Vini no momento. 5 vaga(s) na planilha, de outras areas: Animator, 2D; Background Artist; Compositor; FX Artist, 2D; Layout Artist, 2D. Anuncios NAO baixados nem verificados - a checagem de veto so foi feita nas vagas da disciplina."
games-career.com,Nintendo of Europe SE,Alemanha,Frankfurt,https://www.games-career.com/TopEmployer/11298_Nintendo-of-Europe-SE,nao,nao,,,"Empregador anunciante do games-career.com. As 44 vagas do portal foram varridas categoria por categoria e NENHUMA e de personagem 3D, texturizacao, look dev, grooming ou visual development."
games-career.com,InnoGames GmbH,Alemanha,Hamburgo,https://www.games-career.com/TopEmployer/2702_InnoGames-GmbH,nao,nao,,,"Empregador anunciante do games-career.com. As 44 vagas do portal foram varridas categoria por categoria e NENHUMA e de personagem 3D, texturizacao, look dev, grooming ou visual development."
games-career.com,Lotum media GmbH,Alemanha,Bad Nauheim,https://www.games-career.com/TopEmployer/1187_Lotum,nao,nao,,,"Empregador anunciante do games-career.com. As 44 vagas do portal foram varridas categoria por categoria e NENHUMA e de personagem 3D, texturizacao, look dev, grooming ou visual development."
games-career.com,XYRALITY GmbH,Alemanha,Hamburgo,https://www.games-career.com/TopEmployer/151_XYRALITY-GMBH,nao,nao,,,"Empregador anunciante do games-career.com. As 44 vagas do portal foram varridas categoria por categoria e NENHUMA e de personagem 3D, texturizacao, look dev, grooming ou visual development."
games-career.com,Com2uS Europe GmbH,Alemanha,Frankfurt,https://www.games-career.com/TopEmployer/2338_Com2uS-Europe-GmbH,nao,nao,,,"Empregador anunciante do games-career.com. As 44 vagas do portal foram varridas categoria por categoria e NENHUMA e de personagem 3D, texturizacao, look dev, grooming ou visual development."
games-career.com,upjers GmbH,Alemanha,Bamberg,https://www.games-career.com/TopEmployer/6_upjers-GmbH,nao,nao,,,"Empregador anunciante do games-career.com. As 44 vagas do portal foram varridas categoria por categoria e NENHUMA e de personagem 3D, texturizacao, look dev, grooming ou visual development."
games-career.com,Travian Games GmbH,Alemanha,Munique,https://www.games-career.com/TopEmployer/7_Travian-Games-GmbH,nao,nao,,,"Empregador anunciante do games-career.com. As 44 vagas do portal foram varridas categoria por categoria e NENHUMA e de personagem 3D, texturizacao, look dev, grooming ou visual development."
games-career.com,Spiele-Palast GmbH,Alemanha,,,nao,nao,,,"Empregador anunciante do games-career.com. As 44 vagas do portal foram varridas categoria por categoria e NENHUMA e de personagem 3D, texturizacao, look dev, grooming ou visual development."
games-career.com,Thera Bytes GmbH,Alemanha,Schaftlarn,,nao,nao,,,"Empregador anunciante do games-career.com. As 44 vagas do portal foram varridas categoria por categoria e NENHUMA e de personagem 3D, texturizacao, look dev, grooming ou visual development."
games-career.com,gameXcite GmbH,Alemanha,,,nao,nao,,,"Empregador anunciante do games-career.com. As 44 vagas do portal foram varridas categoria por categoria e NENHUMA e de personagem 3D, texturizacao, look dev, grooming ou visual development."
games-career.com,Articy Software GmbH,Alemanha,,,nao,nao,,,"Empregador anunciante do games-career.com. As 44 vagas do portal foram varridas categoria por categoria e NENHUMA e de personagem 3D, texturizacao, look dev, grooming ou visual development."
games-career.com,Mi'pu'mi Games GmbH,Austria,Viena,,nao,nao,,,"Empregador anunciante do games-career.com. As 44 vagas do portal foram varridas categoria por categoria e NENHUMA e de personagem 3D, texturizacao, look dev, grooming ou visual development."
games-career.com,8Bit sp. z o.o. (recrutadora),Polonia,Gdansk,,nao,nao,,,"Empregador anunciante do games-career.com. As 44 vagas do portal foram varridas categoria por categoria e NENHUMA e de personagem 3D, texturizacao, look dev, grooming ou visual development."
games-career.com,Drafted.GG Inc,,,,nao,nao,,,"Empregador anunciante do games-career.com. As 44 vagas do portal foram varridas categoria por categoria e NENHUMA e de personagem 3D, texturizacao, look dev, grooming ou visual development."
games-career.com,8Bit sp. z o.o. (recrutadora) - cliente: estudio de Shapez,Alemanha,,https://www.games-career.com/Joboffer/33661_Senior-Environment-Artist_8Bit-sp-zoo,nao,media - ambiente,https://www.games-career.com/Joboffer/33661_Senior-Environment-Artist_8Bit-sp-zoo,This position is open to candidates based in Germany,"Senior/Lead Environment Artist, remoto integral, publicada 19/03/2026. Vaga MAIS PROXIMA da disciplina em todo o portal e ainda assim e AMBIENTE (media). Tem VETO ESCRITO de base na Alemanha."
games-career.com,Thera Bytes GmbH,Alemanha,Schaftlarn,https://www.games-career.com/Joboffer/33663_Technical-Artist--3D-Generalist-wmd_Thera-Bytes-GmbH,nao,media - generalista,https://www.games-career.com/Joboffer/33663_Technical-Artist--3D-Generalist-wmd_Thera-Bytes-GmbH,,"Technical Artist / 3D Generalist, remoto, Alemanha, publicada 20/03/2026, FPS tatico em Unreal 5. Busca literal de veto: nenhum. Disciplina limitrofe: e tech art e game design, nao personagem."
